{"type": "FeatureCollection", "features": [{"type": "Feature", "geometry": {"type": "MultiPolygon", "coordinates": [[[[-122.40982108609664, 37.80949400814038], [-122.40981970628437, 37.809491689494635], [-122.40982143554129, 37.80949189531265], [-122.40982108609664, 37.80949400814038]]], [[[-122.4163534372134, 37.8085158944199], [-122.41634920884334, 37.8085142031417], [-122.41720007960573, 37.80852794273569], [-122.41719643693725, 37.80854251483602], [-122.4163534372134, 37.8085158944199]]], [[[-122.41974901508844, 37.809127075690405], [-122.41910943796233, 37.80910089409248], [-122.41910854683358, 37.80911069462722], [-122.4189463658905, 37.80910654559949], [-122.41891343814378, 37.80909389411531], [-122.41838543806415, 37.80907889345226], [-122.41837765955212, 37.80909203180756], [-122.4183580098036, 37.8090920325173], [-122.41830641326861, 37.80919445582455], [-122.4179234381068, 37.80903889427155], [-122.41796643866283, 37.80894989443755], [-122.41797343833552, 37.80887989378305], [-122.41801343762017, 37.80887889378335], [-122.41801153319179, 37.808863653899934], [-122.41885334803779, 37.808846306844885], [-122.41886814508716, 37.80884621671002], [-122.41892193440971, 37.80890400306889], [-122.41995701909417, 37.808915033579105], [-122.41996868281981, 37.80902605186067], [-122.41996843847805, 37.809030893581124], [-122.41996456314591, 37.80913258879988], [-122.41974901508844, 37.809127075690405]]], [[[-122.42037943928011, 37.811519894018375], [-122.42002843965082, 37.81129089411614], [-122.41996956316878, 37.811305613288745], [-122.41984002251155, 37.811233069172324], [-122.41977493328102, 37.81120089986712], [-122.41975043891817, 37.811144893817016], [-122.41960343860508, 37.81107589450363], [-122.41924143910514, 37.810903893795135], [-122.4192124378945, 37.8109348936388], [-122.41912443892926, 37.81092489391962], [-122.41901443842612, 37.810844893987905], [-122.41899921288035, 37.810858948966555], [-122.41893797832073, 37.81081706222677], [-122.41888299154385, 37.810860017071], [-122.4191393644377, 37.811044172951995], [-122.41907543762717, 37.811103894366525], [-122.41909136026557, 37.8111148911921], [-122.419077038425, 37.81112793905307], [-122.41935599137186, 37.81131095448826], [-122.4194350458118, 37.81137897987504], [-122.41945903801643, 37.81142239001882], [-122.41937743775095, 37.81149689484435], [-122.41900313043332, 37.811486517641946], [-122.4189849449387, 37.81146706198034], [-122.41886456619905, 37.81147765919185], [-122.41685743790185, 37.810142894649346], [-122.41553521751663, 37.809273933061895], [-122.41537493471375, 37.80916607411786], [-122.41535742654888, 37.80917063336048], [-122.41521743758655, 37.80916889454602], [-122.41523043710706, 37.8092018943991], [-122.4152267495228, 37.809204660177436], [-122.41520996809497, 37.80920902992249], [-122.415193924184, 37.80922607810038], [-122.41519460331035, 37.80922877006698], [-122.41517843812682, 37.80924089420646], [-122.41519843731997, 37.80925389413765], [-122.41520759923756, 37.80924752156697], [-122.41541504628782, 37.809366975060904], [-122.41542496638351, 37.80938770309073], [-122.4153964376867, 37.80941689450027], [-122.41516843718276, 37.80927489402166], [-122.41505643702975, 37.809199894408415], [-122.41492843788158, 37.80924589418025], [-122.41496892944298, 37.8092707748114], [-122.41491187025277, 37.80929037370528], [-122.41487243690676, 37.80926689477628], [-122.4148064367845, 37.809290894639034], [-122.41480443084649, 37.80932741180348], [-122.41479396277848, 37.809331038465864], [-122.4147760791178, 37.80940792295674], [-122.41531493084604, 37.80976693572733], [-122.4152830074158, 37.8098269385119], [-122.41527007257399, 37.809830773095875], [-122.41477404623032, 37.809643569508474], [-122.41459506768973, 37.80956001960641], [-122.4143279823861, 37.809521075325506], [-122.41411103834666, 37.80947093381503], [-122.41396997320263, 37.80943800860251], [-122.41352231035721, 37.80927541566532], [-122.41344643595338, 37.80924589418025], [-122.41344552146843, 37.80924752511557], [-122.41344399073917, 37.809246969405244], [-122.41342670176321, 37.809281073546394], [-122.41340043592263, 37.80932789441222], [-122.41340222446834, 37.80932935359381], [-122.41337095052005, 37.809391043024064], [-122.41368600585987, 37.8095770662838], [-122.41392520116891, 37.809693005444906], [-122.41430836407858, 37.80995584444146], [-122.41430833802745, 37.80995598780341], [-122.41427032671453, 37.80999165156475], [-122.4142160001994, 37.81001195926969], [-122.41403565262632, 37.810132191499285], [-122.41381355674875, 37.80992358231708], [-122.41386801890948, 37.809874070595725], [-122.41386385072654, 37.809871409880046], [-122.41388343579638, 37.809855894832594], [-122.41264343641247, 37.809088895550644], [-122.41263100372895, 37.809087537144684], [-122.41250500962045, 37.8090609453139], [-122.41239001897588, 37.80911793803699], [-122.4123900198742, 37.80914200750079], [-122.4123530811497, 37.80917092221662], [-122.41231898379648, 37.80915905498442], [-122.41210505001155, 37.80927404590725], [-122.41210504911325, 37.80929794711678], [-122.41203200889412, 37.809336054047414], [-122.41200192431526, 37.80933103988533], [-122.41191100133379, 37.80938402320227], [-122.41192273692465, 37.80939816788344], [-122.41192143616412, 37.809398896054105], [-122.41198962637903, 37.80947879322403], [-122.4128560002666, 37.8105230666082], [-122.41280803112873, 37.81055398783432], [-122.41273267774777, 37.810595328959], [-122.41273143627603, 37.810593895351865], [-122.4127156995889, 37.81060250763988], [-122.41269718531086, 37.81058080836269], [-122.41271343673269, 37.8105718958662], [-122.4117524352114, 37.80943723642973], [-122.41175305594726, 37.809437004352105], [-122.41172652690031, 37.809406644754816], [-122.41147943539994, 37.80911489546431], [-122.41147453688669, 37.80911726096346], [-122.41140206619944, 37.80903503906448], [-122.41137948345154, 37.80904821220395], [-122.41127543608374, 37.80892989516986], [-122.41118643639528, 37.80891689589131], [-122.41112547133021, 37.80891689589131], [-122.41111108121767, 37.808915032869365], [-122.41106798094867, 37.80891203429113], [-122.41105743562554, 37.808899895903224], [-122.41105474427293, 37.80891111307109], [-122.41103904441673, 37.8089100208079], [-122.41097914295695, 37.80890066879135], [-122.41098043563264, 37.8088898951987], [-122.41076343589768, 37.80885589520617], [-122.41076080293558, 37.80886773906621], [-122.4106770440185, 37.80885741685274], [-122.41067843640717, 37.808844895914945], [-122.41057243610194, 37.80882889520094], [-122.41056930277826, 37.80884413934988], [-122.41056002767296, 37.808842996695326], [-122.41052521526073, 37.80905864297815], [-122.41046843544657, 37.80933489578661], [-122.41043643565952, 37.809299895295304], [-122.41052543534798, 37.80882189519798], [-122.41049943540871, 37.80881389590352], [-122.41041043482194, 37.809290895348774], [-122.41063129821094, 37.80968081395668], [-122.41074204072255, 37.80990098008523], [-122.4113230108612, 37.81095795969997], [-122.41125097406024, 37.81112091868669], [-122.41094193743282, 37.81123106284934], [-122.4109300697896, 37.81126900200285], [-122.4106852689932, 37.811372125602105], [-122.41064043587403, 37.81136289596566], [-122.41063755677355, 37.81136388954442], [-122.41058994336854, 37.81134104006836], [-122.41043300140018, 37.81141307664417], [-122.41042747316791, 37.81141062250627], [-122.41043243635986, 37.81140889580942], [-122.41042043576599, 37.811386895856856], [-122.41036243693799, 37.81137689619884], [-122.41033202357573, 37.81136823858044], [-122.41020430470188, 37.81131152508679], [-122.41002843612883, 37.81100989574807], [-122.41004143654762, 37.8109438955141], [-122.41006243646402, 37.81092589602069], [-122.41007243561144, 37.810878895903414], [-122.40999606174431, 37.810868598810714], [-122.41000128993926, 37.810846484434784], [-122.4100774356343, 37.81085589652973], [-122.4100834354821, 37.81082789586313], [-122.41006943613671, 37.81080489647356], [-122.41008043510905, 37.810748895800764], [-122.4101044362968, 37.81073389547392], [-122.41012143601523, 37.81063289584345], [-122.41010843559644, 37.81060689575457], [-122.4101184356422, 37.81055589623613], [-122.41014343665486, 37.810536895961235], [-122.41016243602313, 37.81043289612536], [-122.41014643612961, 37.81041089588201], [-122.4101524359774, 37.81038189577703], [-122.41011243669273, 37.81037689588016], [-122.4100894362282, 37.81048189577285], [-122.41008754617285, 37.81048164950433], [-122.41011751127577, 37.810354906265715], [-122.41016143619821, 37.81036089620784], [-122.4101814362897, 37.81034089590281], [-122.41020243620608, 37.81024289567851], [-122.41018443576445, 37.81021989610674], [-122.41020543657916, 37.810111895892504], [-122.41010343647191, 37.809929895213536], [-122.41007943618244, 37.80992689525711], [-122.41007929694358, 37.8099276610373], [-122.4100583518244, 37.80989248481806], [-122.41008443530701, 37.80989589569987], [-122.4098154356935, 37.809420895179585], [-122.40978523343534, 37.80943379429916], [-122.40976994949908, 37.80940812380692], [-122.4098014363481, 37.809396896068755], [-122.40978543555626, 37.8093688955586], [-122.40967243557836, 37.80909889622826], [-122.40960943582917, 37.809074895593355], [-122.40956959374971, 37.80907162945676], [-122.40955874838927, 37.809053415880825], [-122.40958943573769, 37.809056895644346], [-122.4095764353189, 37.80903589640806], [-122.4095764353189, 37.80900689505332], [-122.4094134360106, 37.80872989580708], [-122.40934143604056, 37.80870289575582], [-122.40932415964102, 37.8087362144834], [-122.40929727486119, 37.808721042704036], [-122.40930843642862, 37.8086998957495], [-122.40927743556817, 37.808685895718455], [-122.40926760440568, 37.80870429817178], [-122.4092425027817, 37.80869013348539], [-122.40925043490564, 37.80867489569218], [-122.40922543568962, 37.80866489566688], [-122.409219328044, 37.80867740882823], [-122.40919635632555, 37.80866520865564], [-122.40919943575035, 37.808658895651064], [-122.409174435636, 37.80864989562641], [-122.40917298395848, 37.80865279698294], [-122.4090039740226, 37.80856304153511], [-122.40878201468895, 37.808492007861545], [-122.40871699822195, 37.80847696591204], [-122.40835497716245, 37.80836698868551], [-122.40834664888146, 37.80835286864735], [-122.4083334337653, 37.8083168953626], [-122.4083228659843, 37.80831255253447], [-122.40831603339824, 37.808300969055715], [-122.40793596248976, 37.80814603231201], [-122.40786894008473, 37.80818597732722], [-122.40761706415717, 37.80824397499234], [-122.40754954228882, 37.80816734976036], [-122.40753343459747, 37.808124895838766], [-122.40757443370704, 37.80811589574902], [-122.40756343383639, 37.808081896109854], [-122.4074894333182, 37.808052895799854], [-122.40747243449809, 37.808016896108995], [-122.40751343450599, 37.80793989590289], [-122.40745843425441, 37.80791389628526], [-122.40738254457918, 37.80805680357827], [-122.40728853049482, 37.8080287124241], [-122.40667043388379, 37.80782789513722], [-122.4066717391359, 37.80784441275369], [-122.40666705172673, 37.807843011740886], [-122.4065540670202, 37.80789098044621], [-122.40647500988531, 37.80805694694396], [-122.40680973204165, 37.810027212400655], [-122.40620694272307, 37.81007876798837], [-122.40597593735448, 37.80725201261895], [-122.40593429145791, 37.80722095586944], [-122.40593043319377, 37.807169895813736], [-122.40534843448413, 37.806876896346765], [-122.40533924112549, 37.806896685377126], [-122.40531306781139, 37.80688297174005], [-122.40445808725657, 37.808793308237874], [-122.40442343294787, 37.80886789591503], [-122.4044014341049, 37.808880895911884], [-122.40437143396765, 37.808880896621616], [-122.40434343348024, 37.80882889591067], [-122.40399402566564, 37.80877486393305], [-122.40459896824596, 37.80729215542495], [-122.40474343351332, 37.80698089622283], [-122.40398243380521, 37.806588895870966], [-122.40397199268666, 37.806601439903126], [-122.40395507381662, 37.8065919846812], [-122.40311712711622, 37.80762857342564], [-122.40278643390393, 37.80802589621081], [-122.40275643376673, 37.80803389630037], [-122.40273043382743, 37.808026896222], [-122.40237843257661, 37.80784589609551], [-122.40236643198271, 37.80781889572103], [-122.40237243272882, 37.80778989601748], [-122.40344843297953, 37.80648089602404], [-122.40283043248823, 37.80603289586615], [-122.40096643186696, 37.807648895975134], [-122.40093843227785, 37.807648895975134], [-122.40042543226687, 37.807271896653766], [-122.40061543223767, 37.80603189653762], [-122.40181343178878, 37.8053238958702], [-122.40229643256085, 37.8051368952044], [-122.40318143301583, 37.805131896371876], [-122.40352143277445, 37.8050988961195], [-122.40520043344779, 37.804772895844955], [-122.40598043342249, 37.80467389598187], [-122.40628243264796, 37.80461589551288], [-122.40665143451554, 37.804544895659944], [-122.4067264339603, 37.804504895442875], [-122.40677643418901, 37.804464895913874], [-122.4075574339886, 37.80447589514771], [-122.40835843387968, 37.804376894176706], [-122.40935143518799, 37.804252894357695], [-122.40996243420996, 37.804177894612224], [-122.41160743454813, 37.80397289411503], [-122.41179243539437, 37.8049058938534], [-122.41188443545589, 37.805370893845236], [-122.41197643551739, 37.80583489441702], [-122.41363043607639, 37.80562789417335], [-122.41526743691698, 37.80542689433817], [-122.41691443600665, 37.805221893759075], [-122.41725243701376, 37.80517989380912], [-122.41840743780547, 37.805986894092776], [-122.41874443808936, 37.8059418937498], [-122.41880843766347, 37.806250893944096], [-122.41893443806016, 37.806872893400424], [-122.41911243833539, 37.80781289350724], [-122.41923643818394, 37.80839789449083], [-122.41924718832296, 37.808447807488065], [-122.41923533505278, 37.80844920636029], [-122.41903408368306, 37.8084729531163], [-122.41899112804282, 37.80848348404325], [-122.41890415046205, 37.808504603380435], [-122.41791243823614, 37.80862489413274], [-122.4179131694648, 37.80862878058914], [-122.41791091649006, 37.808629060930656], [-122.41793298001176, 37.80880706268417], [-122.41797089430662, 37.80884369080476], [-122.41795043787099, 37.80883789449404], [-122.41787043750503, 37.80883989449453], [-122.41783743789308, 37.808656894226246], [-122.41779871511446, 37.80865643858273], [-122.41779692746702, 37.80864895027246], [-122.41773308240315, 37.80836197445767], [-122.41769169252645, 37.80836492266756], [-122.41768043753426, 37.80830189383201], [-122.41753043774641, 37.808319894674746], [-122.4174359574364, 37.80833096643646], [-122.41737276544774, 37.80815877338459], [-122.41737143773776, 37.808150894672366], [-122.41736993844953, 37.8081510728146], [-122.41736404100972, 37.80813500168698], [-122.41705971424935, 37.80818802773618], [-122.41637243837826, 37.80826989429436], [-122.41638143770079, 37.8083388941007], [-122.41633143747208, 37.80834489485225], [-122.41634740951784, 37.80841113232915], [-122.41631491655568, 37.80847796804635], [-122.41632093347147, 37.808499027768136], [-122.41633197556293, 37.80850730956785], [-122.41630843790584, 37.80849789433462], [-122.41617643766138, 37.80851289440602], [-122.41617043691528, 37.80854989385925], [-122.41623343756278, 37.808553893875775], [-122.41621343747131, 37.80886389449608], [-122.41624472669098, 37.808865734808165], [-122.41628499996179, 37.80890600732595], [-122.41689756025572, 37.80890413862596], [-122.41745443757846, 37.80893689445284], [-122.41743943750981, 37.80917589380635], [-122.41744947258985, 37.80918250484917], [-122.41744794455556, 37.809197998036794], [-122.41862422643635, 37.8099563171101], [-122.4193174383748, 37.81041289371079], [-122.41932328730563, 37.81040753186474], [-122.41985133769087, 37.81075154441986], [-122.41983443858376, 37.81076389399541], [-122.42014660763655, 37.81096738029713], [-122.42058678571905, 37.811311691156504], [-122.42037943928011, 37.811519894018375]]]]}, "properties": {"tract_fips": "06075010101", "fema_risk_rating": "Very High", "fema_risk_score": 98.7834897078}}, {"type": "Feature", "geometry": {"type": "MultiPolygon", "coordinates": [[[[-122.41160743454813, 37.80397289411503], [-122.41287643514266, 37.80381689427982], [-122.41324943630991, 37.803770893965236], [-122.41374443587921, 37.8037048943587], [-122.41490343597059, 37.80355189346322], [-122.41547243515973, 37.803946894520244], [-122.41607743613054, 37.80436589421834], [-122.41684443568643, 37.80489689408111], [-122.41691443600665, 37.805221893759075], [-122.41526743691698, 37.80542689433817], [-122.41363043607639, 37.80562789417335], [-122.41197643551739, 37.80583489441702], [-122.41188443545589, 37.805370893845236], [-122.41179243539437, 37.8049058938534], [-122.41160743454813, 37.80397289411503]]]]}, "properties": {"tract_fips": "06075010102", "fema_risk_rating": "Relatively High", "fema_risk_score": 92.1063584365}}, {"type": "Feature", "geometry": {"type": "MultiPolygon", "coordinates": [[[[-122.41817743585506, 37.803144893625095], [-122.41808643651679, 37.80268889314615], [-122.41799243590715, 37.8022108935535], [-122.4179034362187, 37.80171689287113], [-122.41782543550256, 37.801276893027435], [-122.4177284363165, 37.80085389240684], [-122.41761343579046, 37.80035089296929], [-122.41925943595355, 37.80014389226091], [-122.42033143600626, 37.80000789241589], [-122.42079543651177, 37.799948892420886], [-122.4209094363146, 37.79991189149771], [-122.42255143717803, 37.799703891564604], [-122.42411343857383, 37.79950489218597], [-122.4243014379965, 37.79948189139927], [-122.42431843771493, 37.799574891789526], [-122.42446943822598, 37.800321891752844], [-122.42449043814239, 37.80041189216211], [-122.42462743840971, 37.80127089241136], [-122.4246334373592, 37.801309891438585], [-122.42466043802169, 37.801366892273066], [-122.42469443745858, 37.801435891431176], [-122.42482443805322, 37.80210089208976], [-122.42484143866996, 37.802184891918884], [-122.42486143786314, 37.80227789174501], [-122.42467943828827, 37.802300892370845], [-122.42311443831605, 37.80249989202425], [-122.42255343772617, 37.80257089242354], [-122.42231943737444, 37.80260089213192], [-122.4222174372672, 37.802613891812435], [-122.422190437503, 37.80262589211613], [-122.42179443766787, 37.802659892137896], [-122.42177743794944, 37.802661892305714], [-122.42150643688949, 37.802704892351365], [-122.41982343781478, 37.802936892859265], [-122.41907643565544, 37.80303089323698], [-122.41866443592677, 37.803082893772036], [-122.41817743585506, 37.803144893625095]]]]}, "properties": {"tract_fips": "06075010201", "fema_risk_rating": "Relatively High", "fema_risk_score": 97.0568299383}}, {"type": "Feature", "geometry": {"type": "MultiPolygon", "coordinates": [[[[-122.41924718832296, 37.808447807488065], [-122.41923643818394, 37.80839789449083], [-122.41911243833539, 37.80781289350724], [-122.41893443806016, 37.806872893400424], [-122.41880843766347, 37.806250893944096], [-122.41874443808936, 37.8059418937498], [-122.41863143811149, 37.80538289441068], [-122.41855743759332, 37.805008893614065], [-122.41847143737958, 37.80458989401516], [-122.41843943669421, 37.804434893413834], [-122.41836743672418, 37.804079894016226], [-122.41830743644972, 37.80403289380012], [-122.41824243705072, 37.803696893090425], [-122.41828243633536, 37.803659894044735], [-122.41817743585506, 37.803144893625095], [-122.41866443592677, 37.803082893772036], [-122.41907643565544, 37.80303089323698], [-122.41982343781478, 37.802936892859265], [-122.42150643688949, 37.802704892351365], [-122.42177743794944, 37.802661892305714], [-122.42179443766787, 37.802659892137896], [-122.422190437503, 37.80262589211613], [-122.4222174372672, 37.802613891812435], [-122.42231943737444, 37.80260089213192], [-122.42255343772617, 37.80257089242354], [-122.42311443831605, 37.80249989202425], [-122.42467943828827, 37.802300892370845], [-122.42486143786314, 37.80227789174501], [-122.42487943740649, 37.80237089216382], [-122.42503043791756, 37.80311689216391], [-122.42504343923466, 37.80320389248678], [-122.42506843845072, 37.80330289219108], [-122.42508943926543, 37.80340889227939], [-122.42515843886238, 37.80374789166787], [-122.4252174384136, 37.80403689193198], [-122.42523543795694, 37.80414289238641], [-122.4252574385966, 37.80423589258613], [-122.42540843910764, 37.80498089214982], [-122.4253254401653, 37.80508789201011], [-122.42551443941285, 37.806019892528866], [-122.42565444005324, 37.806465891991195], [-122.42580643949087, 37.80672489282493], [-122.42628343951688, 37.80719489212212], [-122.4265154402188, 37.80766189263797], [-122.4266084401052, 37.80803389275171], [-122.4266234401738, 37.808094892696424], [-122.42650525691673, 37.808081549051565], [-122.42649342969769, 37.80803882467306], [-122.42649143992935, 37.80802489194114], [-122.42644744044671, 37.807841892492], [-122.42641091494725, 37.807740743410314], [-122.42638731171317, 37.80765548302366], [-122.42635204655008, 37.807527957063456], [-122.42635171327508, 37.807527622068065], [-122.42613980698778, 37.80736670132442], [-122.4261574409168, 37.80736189214274], [-122.42596943969752, 37.80721189250274], [-122.4257704395059, 37.80707889296923], [-122.42555743996886, 37.806959892847416], [-122.42533143911474, 37.80685589294177], [-122.42509543911319, 37.80676789263426], [-122.4248284400478, 37.80669089183555], [-122.4246584401685, 37.80665089278077], [-122.42445543977891, 37.80662289264881], [-122.42427943915351, 37.80661489311614], [-122.4241034394264, 37.80662089258833], [-122.42401843903758, 37.80663089289038], [-122.4239284386259, 37.806640892481376], [-122.42388576056508, 37.806649307921525], [-122.42386804309272, 37.80665098504757], [-122.42383929071542, 37.80665847143117], [-122.42378643923402, 37.80666889260652], [-122.42373243970565, 37.8066828937297], [-122.4237099908067, 37.80669213672654], [-122.42370692216167, 37.806692935898326], [-122.4236499294468, 37.806707978211186], [-122.42346891801873, 37.80678001504853], [-122.42326300529099, 37.80688497747141], [-122.4232347883096, 37.8069023633133], [-122.42318243898642, 37.80692789414778], [-122.42283443883187, 37.807127893422944], [-122.42243743917184, 37.807391893453655], [-122.42238543749667, 37.80742889417835], [-122.42233171554773, 37.807467228479474], [-122.42214502047885, 37.80758996454063], [-122.42151892077699, 37.808068982559476], [-122.4214990320766, 37.80808803527978], [-122.42147997791109, 37.80810491622006], [-122.42146393310182, 37.80812296750166], [-122.42138103297411, 37.80818798444268], [-122.42132203342288, 37.80826302908691], [-122.42130899527487, 37.80828108032993], [-122.42129696323997, 37.808296958379586], [-122.42128392509191, 37.808312001075436], [-122.42121004943958, 37.80840693429093], [-122.42109004619573, 37.80854900102375], [-122.42109157692497, 37.80856839428867], [-122.42108743928478, 37.8085728939512], [-122.42109243840932, 37.80862789414206], [-122.42109891616084, 37.80866136265549], [-122.42110007408924, 37.808676026993766], [-122.42112297124751, 37.80881207688184], [-122.42123896620859, 37.80894294554609], [-122.42135195091514, 37.809062950276385], [-122.42144504692128, 37.8091209472527], [-122.42150690850501, 37.809152168567984], [-122.42147443889905, 37.80917289452897], [-122.42284622293177, 37.81018026872268], [-122.42280084902679, 37.81021433694728], [-122.42139243798498, 37.80917089453749], [-122.42132608572314, 37.80918322947336], [-122.421319024965, 37.809177942058625], [-122.42129218959252, 37.80918952965814], [-122.42123643834935, 37.80919989369869], [-122.4210624382721, 37.8089668937044], [-122.42098677137909, 37.80897511867393], [-122.42095996115943, 37.8089229249848], [-122.42093743770032, 37.808806894479666], [-122.42088443799686, 37.80880589376924], [-122.42086118690236, 37.80882304353064], [-122.4207390555496, 37.80883698108007], [-122.42074567523493, 37.80890824295252], [-122.42074343753156, 37.80890989376749], [-122.42074742155982, 37.80892702931031], [-122.42076284832821, 37.809093107034805], [-122.42072043796534, 37.809089894128086], [-122.4207034382469, 37.809031893578755], [-122.42067613575047, 37.80903178924973], [-122.42066802126851, 37.80901799084255], [-122.4204242607212, 37.80902527542528], [-122.42038743877772, 37.809013894329006], [-122.42040452024284, 37.80896407184912], [-122.4205219435252, 37.808969019322234], [-122.42058294811615, 37.80896099662285], [-122.4205856655199, 37.808958670153444], [-122.42069443892437, 37.808967893702906], [-122.4206614384141, 37.80876589444064], [-122.42061077882195, 37.808772900126755], [-122.42060701757588, 37.80876394127994], [-122.42056328848616, 37.808754752481484], [-122.4205344390908, 37.80858689329398], [-122.42048843816175, 37.8083128939138], [-122.42044249562318, 37.80831846031369], [-122.4204320248602, 37.80830798969016], [-122.41924718832296, 37.808447807488065]]]]}, "properties": {"tract_fips": "06075010202", "fema_risk_rating": "Very High", "fema_risk_score": 99.203263054}}, {"type": "Feature", "geometry": {"type": "MultiPolygon", "coordinates": [[[[-122.41691443600665, 37.805221893759075], [-122.41684443568643, 37.80489689408111], [-122.41607743613054, 37.80436589421834], [-122.41547243515973, 37.803946894520244], [-122.41490343597059, 37.80355189346322], [-122.41374543570413, 37.80275289420505], [-122.41293443486899, 37.80219389344125], [-122.41287543441943, 37.80190289358482], [-122.41278043488322, 37.80143989396235], [-122.41268643427355, 37.800974894063366], [-122.41255643457723, 37.80033289373309], [-122.41249743412767, 37.800041893642806], [-122.41244443442422, 37.79977489394179], [-122.41243443437848, 37.799727893825406], [-122.41230943380668, 37.799105893817895], [-122.41296143373486, 37.799023893592775], [-122.41395743361959, 37.798897893034784], [-122.41459943440032, 37.79881589328859], [-122.41559843375981, 37.798689892375805], [-122.41585743422588, 37.79865689208435], [-122.4172444348212, 37.79848189184098], [-122.41733843543086, 37.79895189248901], [-122.41737543524079, 37.79913689293577], [-122.41741443649714, 37.79932689285472], [-122.41741143612408, 37.79942389253152], [-122.41751943518082, 37.79991589269189], [-122.41761343579046, 37.80035089296929], [-122.4177284363165, 37.80085389240684], [-122.41782543550256, 37.801276893027435], [-122.4179034362187, 37.80171689287113], [-122.41799243590715, 37.8022108935535], [-122.41808643651679, 37.80268889314615], [-122.41817743585506, 37.803144893625095], [-122.41828243633536, 37.803659894044735], [-122.41824243705072, 37.803696893090425], [-122.41830743644972, 37.80403289380012], [-122.41836743672418, 37.804079894016226], [-122.41843943669421, 37.804434893413834], [-122.41847143737958, 37.80458989401516], [-122.41855743759332, 37.805008893614065], [-122.41863143811149, 37.80538289441068], [-122.41874443808936, 37.8059418937498], [-122.41840743780547, 37.805986894092776], [-122.41725243701376, 37.80517989380912], [-122.41691443600665, 37.805221893759075]]]]}, "properties": {"tract_fips": "06075010300", "fema_risk_rating": "Very High", "fema_risk_score": 99.0367807071}}, {"type": "Feature", "geometry": {"type": "MultiPolygon", "coordinates": [[[[-122.41160743454813, 37.80397289411503], [-122.40996243420996, 37.804177894612224], [-122.40935143518799, 37.804252894357695], [-122.40835843387968, 37.804376894176706], [-122.40827143384102, 37.803935894497876], [-122.40817243410683, 37.80344289407003], [-122.40810143396172, 37.80309489399953], [-122.40805543393098, 37.802872894089134], [-122.40798243413604, 37.802514894023716], [-122.40792643405955, 37.80223289482027], [-122.40792243296326, 37.80221289444322], [-122.40779643436319, 37.80158089379293], [-122.40815943368804, 37.80153489421511], [-122.40857843308939, 37.80148289400969], [-122.40895543445457, 37.80143589427035], [-122.4093954337723, 37.80138089440143], [-122.41104543413336, 37.801179894364374], [-122.4114024336104, 37.80113489393158], [-122.41256743444785, 37.8019408943141], [-122.41293443486899, 37.80219389344125], [-122.41374543570413, 37.80275289420505], [-122.41490343597059, 37.80355189346322], [-122.41374443587921, 37.8037048943587], [-122.41324943630991, 37.803770893965236], [-122.41287643514266, 37.80381689427982], [-122.41160743454813, 37.80397289411503]]]]}, "properties": {"tract_fips": "06075010401", "fema_risk_rating": "Relatively High", "fema_risk_score": 97.1626651445}}, {"type": "Feature", "geometry": {"type": "MultiPolygon", "coordinates": [[[[-122.40520043344779, 37.804772895844955], [-122.40501243222852, 37.8038428953399], [-122.40482443190753, 37.80291089573893], [-122.40354743181541, 37.803064895201636], [-122.40318643214039, 37.80310789572246], [-122.40300043146924, 37.80217689545443], [-122.4029074315828, 37.8017078955494], [-122.40281643134622, 37.80125189542574], [-122.40263043157337, 37.800316895433646], [-122.40244743037697, 37.79939189411575], [-122.4032794320268, 37.79928389439151], [-122.40367143166397, 37.79923389428167], [-122.4037164318698, 37.79922789491928], [-122.40407943209297, 37.79918189458581], [-122.40465943115278, 37.799107894791725], [-122.40567143182938, 37.79897889397585], [-122.40576943263697, 37.79946389479062], [-122.40582343126702, 37.799730894196145], [-122.40586043287358, 37.799910894215806], [-122.40605043194604, 37.80084489427016], [-122.40622543274655, 37.80172989483663], [-122.4062434322899, 37.801757893984565], [-122.40627343242714, 37.80176689413936], [-122.4063134317118, 37.80177589429307], [-122.40655343280963, 37.80174489415334], [-122.40701443204374, 37.8016838946418], [-122.40748743277007, 37.80162089417413], [-122.40779643436319, 37.80158089379293], [-122.40792243296326, 37.80221289444322], [-122.40792643405955, 37.80223289482027], [-122.40798243413604, 37.802514894023716], [-122.40805543393098, 37.802872894089134], [-122.40810143396172, 37.80309489399953], [-122.40817243410683, 37.80344289407003], [-122.40827143384102, 37.803935894497876], [-122.40835843387968, 37.804376894176706], [-122.4075574339886, 37.80447589514771], [-122.40677643418901, 37.804464895913874], [-122.4067264339603, 37.804504895442875], [-122.40665143451554, 37.804544895659944], [-122.40628243264796, 37.80461589551288], [-122.40598043342249, 37.80467389598187], [-122.40520043344779, 37.804772895844955]]]]}, "properties": {"tract_fips": "06075010402", "fema_risk_rating": "Relatively High", "fema_risk_score": 95.3979522671}}, {"type": "Feature", "geometry": {"type": "MultiPolygon", "coordinates": [[[[-122.3920084264638, 37.793881895273636], [-122.39220742665545, 37.793937895959004], [-122.39244042628394, 37.79382089636748], [-122.39260842651345, 37.79371389580218], [-122.39320742673816, 37.793239895766575], [-122.39384542732091, 37.79374789566688], [-122.39477442725851, 37.79448989608314], [-122.39488642741149, 37.79446889554436], [-122.39568142835313, 37.793840894047676], [-122.39573142768353, 37.79380289412046], [-122.39634142777888, 37.7933468948887], [-122.39641642812194, 37.79367389468863], [-122.39661242883885, 37.794597894297915], [-122.39782242898383, 37.79444389421908], [-122.39899642914382, 37.79429389389818], [-122.40017542932667, 37.79414389398261], [-122.40026542973835, 37.79458489462635], [-122.40035543015001, 37.79502289420534], [-122.4004394298156, 37.795457894192644], [-122.40051242961056, 37.795884894473005], [-122.40070742960421, 37.796786894070344], [-122.40088943007743, 37.797663894485886], [-122.40206743043535, 37.797514894468], [-122.40221843004808, 37.798259894391535], [-122.40225543075634, 37.79843989373679], [-122.40244743037697, 37.79939189411575], [-122.40263043157337, 37.800316895433646], [-122.40281643134622, 37.80125189542574], [-122.4029074315828, 37.8017078955494], [-122.40300043146924, 37.80217689545443], [-122.40318643214039, 37.80310789572246], [-122.40354743181541, 37.803064895201636], [-122.40482443190753, 37.80291089573893], [-122.40501243222852, 37.8038428953399], [-122.40520043344779, 37.804772895844955], [-122.40352143277445, 37.8050988961195], [-122.40318143301583, 37.805131896371876], [-122.40229643256085, 37.8051368952044], [-122.40181343178878, 37.8053238958702], [-122.40061543223767, 37.80603189653762], [-122.40099043215638, 37.803573895750084], [-122.40086943088424, 37.80343889590601], [-122.40050643066111, 37.803475895772145], [-122.3985694320415, 37.80461589622265], [-122.39853743135612, 37.804606896415024], [-122.39858543193502, 37.80453589655344], [-122.39825796277628, 37.80429054041387], [-122.39993808185218, 37.8032829893432], [-122.39993093665241, 37.80327459055411], [-122.39999843157128, 37.80323489627276], [-122.39962843077713, 37.80281789600007], [-122.39784043032381, 37.80382389617678], [-122.39781742985929, 37.803819896613824], [-122.3975484095845, 37.80350844817221], [-122.39963907132167, 37.80230406369554], [-122.39967867265263, 37.80225632488102], [-122.39975043007756, 37.80218589626792], [-122.39943542953495, 37.801834895667874], [-122.39932943012808, 37.80184989567306], [-122.39921942962488, 37.80188189586312], [-122.39917842961701, 37.801898895337445], [-122.39713343014408, 37.803033896312726], [-122.39711042967954, 37.803030896076095], [-122.39616943004637, 37.80196489584804], [-122.39617490707467, 37.80195014997089], [-122.39840007805087, 37.800719930289276], [-122.3983816428246, 37.800699008180054], [-122.39841042933787, 37.80068289568185], [-122.39801543022601, 37.80023989571684], [-122.39578342935869, 37.801485896438564], [-122.39576042979247, 37.80148189603924], [-122.39546642916629, 37.80116989616338], [-122.3954675655351, 37.80116477994581], [-122.39751491679746, 37.80002697702779], [-122.39766701145652, 37.79989995250646], [-122.39764935057805, 37.79988003738467], [-122.39766842899806, 37.79985189556298], [-122.39740842960536, 37.79955889545537], [-122.3973894302371, 37.79956989612961], [-122.39732842923944, 37.79950189606489], [-122.3972834299319, 37.79945189610261], [-122.39727439827003, 37.79945723815956], [-122.39724828604136, 37.79942779366838], [-122.39727743008412, 37.799410896548416], [-122.39676742954786, 37.798843895670565], [-122.39672843008812, 37.79886589652065], [-122.39669642940275, 37.79883189617207], [-122.39664542934912, 37.798858895573325], [-122.39662142905966, 37.79885789543795], [-122.39660543006445, 37.7988428962448], [-122.39658741884301, 37.798853280192695], [-122.3965799475548, 37.79885199754916], [-122.39571099909564, 37.79933803481671], [-122.39570097120213, 37.79940004278197], [-122.3955797300798, 37.79946982954083], [-122.39551970105924, 37.79947185250908], [-122.39549605829929, 37.79946806778391], [-122.39465639761333, 37.79996750076646], [-122.39449742814739, 37.800058895670006], [-122.39449949606917, 37.80006082563726], [-122.39449908014922, 37.80006107265036], [-122.39450055787785, 37.800097154298285], [-122.39448942864978, 37.80011989652356], [-122.39450202033512, 37.800132868958315], [-122.39450292583693, 37.80015500499756], [-122.39442102912741, 37.800180075370754], [-122.39440630394328, 37.80017804745328], [-122.39436442897632, 37.800167895798374], [-122.39429335157607, 37.80009847099095], [-122.39427544545752, 37.80005406968686], [-122.39427042836668, 37.800003896195335], [-122.39433242829095, 37.79996589659891], [-122.39436642862614, 37.79999689606569], [-122.39443242874837, 37.799993895705704], [-122.39444842774358, 37.80000689655492], [-122.39547042846593, 37.79941789602377], [-122.39548742818437, 37.799358896267336], [-122.39559142794144, 37.799296896075475], [-122.39567742815515, 37.799293896396925], [-122.3961644300235, 37.79902089603252], [-122.39655242946272, 37.798787895154945], [-122.39653342919614, 37.79876389613775], [-122.39654042976714, 37.79874589580507], [-122.39658842944772, 37.79871889565267], [-122.39655542983574, 37.79868489594627], [-122.39660043004159, 37.79865989604776], [-122.39652542969853, 37.79857789603733], [-122.39649342991147, 37.798595895701176], [-122.39638342850999, 37.7984818953901], [-122.396419428495, 37.798461896126824], [-122.39588742821743, 37.797880896532675], [-122.39576442819379, 37.797899895804896], [-122.39567899122373, 37.79792430609333], [-122.3956550080023, 37.797922042450914], [-122.39557713664358, 37.79796603901502], [-122.39556342835233, 37.79797189509468], [-122.39537066606202, 37.79808269345459], [-122.39383926847134, 37.798947904019364], [-122.39383442834857, 37.79894689536737], [-122.39357942808044, 37.79866189632384], [-122.39358542792823, 37.79864389667614], [-122.39548142833655, 37.797558895533555], [-122.39551942797141, 37.79747989547302], [-122.3954494285495, 37.797402895638214], [-122.39533042782553, 37.79740389579331], [-122.3951584291947, 37.797504895770864], [-122.39502242785395, 37.79735089607306], [-122.3952034276039, 37.79724589525622], [-122.3952304282664, 37.79716289564736], [-122.39520142885237, 37.797130895542324], [-122.39504242794544, 37.79713389601861], [-122.39486842786815, 37.797237896127534], [-122.39489734463714, 37.79726268142739], [-122.39403476882661, 37.79778349022679], [-122.393230428101, 37.79826089595464], [-122.39320742853477, 37.798257896234034], [-122.39295836343574, 37.79799356400519], [-122.39296845870291, 37.797943300385555], [-122.39304942745272, 37.79790189610156], [-122.39344442746291, 37.79767389600081], [-122.39364242782963, 37.79750289617324], [-122.393884427679, 37.79730389583405], [-122.39402061137774, 37.79722283059078], [-122.39477402391493, 37.79677798416813], [-122.39475828902441, 37.79675765152884], [-122.39482342766233, 37.79671889570274], [-122.39470742820968, 37.79659189601595], [-122.3941760324983, 37.796900510845255], [-122.39414845062583, 37.79687579143884], [-122.3941534281908, 37.79687289600819], [-122.39395842819714, 37.79665889646479], [-122.39393512410204, 37.79666997920259], [-122.39382089702546, 37.79655953506417], [-122.39390742814349, 37.79651689558977], [-122.39362442738798, 37.79620789584166], [-122.39355609074767, 37.7962439105168], [-122.3934373855694, 37.796101163505995], [-122.39350842793533, 37.79606689640245], [-122.39328942675392, 37.79584089524974], [-122.39324106325564, 37.795865077647456], [-122.39306250692326, 37.795650355396624], [-122.39308142813807, 37.79563789539642], [-122.39302442823667, 37.79557089615111], [-122.39161642772495, 37.79621489633042], [-122.39123489705412, 37.79580237887151], [-122.39203217073342, 37.795149769525345], [-122.39243742680921, 37.79482989613383], [-122.39229342597085, 37.794677895502815], [-122.39201293151494, 37.7948379324358], [-122.39194603307745, 37.79484140293117], [-122.39168495211315, 37.794566912441546], [-122.39176355110725, 37.79450667933124], [-122.3918544255797, 37.79445489565503], [-122.39184473814767, 37.794444462818305], [-122.39193401721221, 37.79437604489558], [-122.39192855455694, 37.794369877611054], [-122.39197242647877, 37.79434489541856], [-122.39181642594487, 37.79418089637522], [-122.39177974773182, 37.79420185511392], [-122.39171558376604, 37.794129407064545], [-122.39174842707112, 37.79411089520969], [-122.39169842684241, 37.79405789596648], [-122.39185614854843, 37.79396835064853], [-122.39197998041202, 37.79390605488696], [-122.39197457974053, 37.79390111066395], [-122.3920084264638, 37.793881895273636]]]]}, "properties": {"tract_fips": "06075010500", "fema_risk_rating": "Very High", "fema_risk_score": 99.7859512682}}, {"type": "Feature", "geometry": {"type": "MultiPolygon", "coordinates": [[[[-122.40779643436319, 37.80158089379293], [-122.40748743277007, 37.80162089417413], [-122.40701443204374, 37.8016838946418], [-122.40655343280963, 37.80174489415334], [-122.4063134317118, 37.80177589429307], [-122.40627343242714, 37.80176689413936], [-122.4062434322899, 37.801757893984565], [-122.40622543274655, 37.80172989483663], [-122.40605043194604, 37.80084489427016], [-122.40586043287358, 37.799910894215806], [-122.40582343126702, 37.799730894196145], [-122.40576943263697, 37.79946389479062], [-122.40567143182938, 37.79897889397585], [-122.40465943115278, 37.799107894791725], [-122.40407943209297, 37.79918189458581], [-122.4037164318698, 37.79922789491928], [-122.40367143166397, 37.79923389428167], [-122.4032794320268, 37.79928389439151], [-122.40244743037697, 37.79939189411575], [-122.40225543075634, 37.79843989373679], [-122.40221843004808, 37.798259894391535], [-122.40206743043535, 37.797514894468], [-122.40291343053227, 37.79740589397392], [-122.40370243072779, 37.79730789433016], [-122.40408443121753, 37.79725989390675], [-122.40479643231845, 37.79716989391607], [-122.40534443159123, 37.79709989416299], [-122.4055394315849, 37.79707489443787], [-122.40625243251074, 37.79756889422338], [-122.4066944314783, 37.79787489422104], [-122.40710943158001, 37.79816189375126], [-122.40789543230078, 37.798706894004376], [-122.40904043214842, 37.79949989368209], [-122.4102334334733, 37.800324894228915], [-122.410980433836, 37.80084289405315], [-122.4114024336104, 37.80113489393158], [-122.41104543413336, 37.801179894364374], [-122.4093954337723, 37.80138089440143], [-122.40895543445457, 37.80143589427035], [-122.40857843308939, 37.80148289400969], [-122.40815943368804, 37.80153489421511], [-122.40779643436319, 37.80158089379293]]]]}, "properties": {"tract_fips": "06075010600", "fema_risk_rating": "Very High", "fema_risk_score": 99.557632621}}, {"type": "Feature", "geometry": {"type": "MultiPolygon", "coordinates": [[[[-122.40789543230078, 37.798706894004376], [-122.40710943158001, 37.79816189375126], [-122.4066944314783, 37.79787489422104], [-122.40625243251074, 37.79756889422338], [-122.4055394315849, 37.79707489443787], [-122.406553431013, 37.79695389349106], [-122.40685443131186, 37.796911893808286], [-122.40750743286156, 37.79683089414983], [-122.40764643188045, 37.7968138935092], [-122.40775943185832, 37.7967998940643], [-122.40845743271557, 37.79671389346112], [-122.40878043185742, 37.79667189435176], [-122.40887543139367, 37.79665989379059], [-122.40927743197489, 37.7966088931585], [-122.41010243215541, 37.79650289395903], [-122.41053743234858, 37.79645289338652], [-122.41091843301342, 37.79640489382721], [-122.41174543374208, 37.79630089325543], [-122.41188243311112, 37.796981893029674], [-122.4118884338572, 37.797010893427945], [-122.4119094337736, 37.79711489371004], [-122.41192443294392, 37.79718689376493], [-122.41193743426099, 37.79725489383125], [-122.41195643362929, 37.79735289354532], [-122.41210043446763, 37.79806689341935], [-122.41212243331061, 37.798174893503244], [-122.41178143372709, 37.798217893321834], [-122.41048243299534, 37.7983828934829], [-122.40990543341024, 37.79845189400881], [-122.40966543231241, 37.79848089453977], [-122.40883443228411, 37.79858089361555], [-122.40797143157042, 37.79869689404898], [-122.40789543230078, 37.798706894004376]]]]}, "properties": {"tract_fips": "06075010701", "fema_risk_rating": "Very High", "fema_risk_score": 99.7074667333}}, {"type": "Feature", "geometry": {"type": "MultiPolygon", "coordinates": [[[[-122.4114024336104, 37.80113489393158], [-122.410980433836, 37.80084289405315], [-122.4102334334733, 37.800324894228915], [-122.40904043214842, 37.79949989368209], [-122.40789543230078, 37.798706894004376], [-122.40797143157042, 37.79869689404898], [-122.40883443228411, 37.79858089361555], [-122.40966543231241, 37.79848089453977], [-122.40990543341024, 37.79845189400881], [-122.41048243299534, 37.7983828934829], [-122.41178143372709, 37.798217893321834], [-122.41212243331061, 37.798174893503244], [-122.41230943380668, 37.799105893817895], [-122.41243443437848, 37.799727893825406], [-122.41244443442422, 37.79977489394179], [-122.41249743412767, 37.800041893642806], [-122.41255643457723, 37.80033289373309], [-122.41268643427355, 37.800974894063366], [-122.41278043488322, 37.80143989396235], [-122.41287543441943, 37.80190289358482], [-122.41293443486899, 37.80219389344125], [-122.41256743444785, 37.8019408943141], [-122.4114024336104, 37.80113489393158]]]]}, "properties": {"tract_fips": "06075010702", "fema_risk_rating": "Very High", "fema_risk_score": 97.5669794156}}, {"type": "Feature", "geometry": {"type": "MultiPolygon", "coordinates": [[[[-122.41230943380668, 37.799105893817895], [-122.41212243331061, 37.798174893503244], [-122.41210043446763, 37.79806689341935], [-122.41195643362929, 37.79735289354532], [-122.41193743426099, 37.79725489383125], [-122.41192443294392, 37.79718689376493], [-122.4119094337736, 37.79711489371004], [-122.4118884338572, 37.797010893427945], [-122.41188243311112, 37.796981893029674], [-122.41174543374208, 37.79630089325543], [-122.41165643225698, 37.79586089238317], [-122.41156843149513, 37.79541889278558], [-122.41154343317739, 37.795295892308346], [-122.41149843207323, 37.795070891823094], [-122.41139043211822, 37.7945368924336], [-122.41168943276726, 37.7944998923489], [-122.41303743210621, 37.79433089266634], [-122.41411643452658, 37.79419189217148], [-122.41450243341762, 37.79414189216443], [-122.4146744338451, 37.79411989203701], [-122.41524443375748, 37.79403889144695], [-122.41570043386706, 37.79398089185506], [-122.41631843435835, 37.79390189151761], [-122.4164994341083, 37.794786892213594], [-122.41667943403337, 37.79567989225422], [-122.416730434087, 37.795934892590566], [-122.41676743479522, 37.79611989207493], [-122.41684043459014, 37.79648289203044], [-122.41684543371473, 37.79650889212307], [-122.4168514344608, 37.79653789199717], [-122.4168654338062, 37.79660589195104], [-122.41695743386771, 37.79706089291294], [-122.41696243478889, 37.79708489248335], [-122.41705643450024, 37.79755089217981], [-122.41714943528498, 37.79801389204532], [-122.4172444348212, 37.79848189184098], [-122.41585743422588, 37.79865689208435], [-122.41559843375981, 37.798689892375805], [-122.41459943440032, 37.79881589328859], [-122.41395743361959, 37.798897893034784], [-122.41296143373486, 37.799023893592775], [-122.41230943380668, 37.799105893817895]]]]}, "properties": {"tract_fips": "06075010800", "fema_risk_rating": "Very High", "fema_risk_score": 99.2318028849}}, {"type": "Feature", "geometry": {"type": "MultiPolygon", "coordinates": [[[[-122.41761343579046, 37.80035089296929], [-122.41751943518082, 37.79991589269189], [-122.41741143612408, 37.79942389253152], [-122.41741443649714, 37.79932689285472], [-122.41737543524079, 37.79913689293577], [-122.41733843543086, 37.79895189248901], [-122.4172444348212, 37.79848189184098], [-122.41714943528498, 37.79801389204532], [-122.41705643450024, 37.79755089217981], [-122.41696243478889, 37.79708489248335], [-122.41695743386771, 37.79706089291294], [-122.4168654338062, 37.79660589195104], [-122.41721343485906, 37.79656989164923], [-122.4185154359639, 37.79643089252762], [-122.41877543535658, 37.79639989227419], [-122.41995443643773, 37.79623689228469], [-122.42014943643142, 37.796166892357384], [-122.42015943468049, 37.796215891532654], [-122.42034343570185, 37.79711889150653], [-122.42052743582484, 37.79804289203846], [-122.42065943696764, 37.79870289203488], [-122.4207154352475, 37.79898089211391], [-122.4209094363146, 37.79991189149771], [-122.42079543651177, 37.799948892420886], [-122.42033143600626, 37.80000789241589], [-122.41925943595355, 37.80014389226091], [-122.41761343579046, 37.80035089296929]]]]}, "properties": {"tract_fips": "06075010901", "fema_risk_rating": "Relatively High", "fema_risk_score": 92.1777080137}}, {"type": "Feature", "geometry": {"type": "MultiPolygon", "coordinates": [[[[-122.4209094363146, 37.79991189149771], [-122.4207154352475, 37.79898089211391], [-122.42065943696764, 37.79870289203488], [-122.42052743582484, 37.79804289203846], [-122.42034343570185, 37.79711889150653], [-122.42015943468049, 37.796215891532654], [-122.42014943643142, 37.796166892357384], [-122.42090843648968, 37.796034891563615], [-122.42162543671515, 37.79596989160766], [-122.42179443587125, 37.795954891828124], [-122.42333043642945, 37.795760891754924], [-122.42350743598148, 37.79574889175562], [-122.42356543660614, 37.795847891514164], [-122.42364043694919, 37.7962228920206], [-122.4236774358608, 37.7964058918663], [-122.42371543639393, 37.79658989213454], [-122.42373143628747, 37.796687891311144], [-122.42375243620388, 37.79677589227175], [-122.42383143674489, 37.79716589115346], [-122.42390343671492, 37.79751989168651], [-122.42392043822997, 37.797613891859854], [-122.42394043742316, 37.797706891762616], [-122.4239704375604, 37.79785489195412], [-122.42409243775911, 37.798455891732935], [-122.42410843765265, 37.798548891995324], [-122.42413043739394, 37.798642891569045], [-122.42414743711238, 37.7987288913462], [-122.42422643765342, 37.79911989140617], [-122.42428043718179, 37.799387891473536], [-122.4243014379965, 37.79948189139927], [-122.42411343857383, 37.79950489218597], [-122.42255143717803, 37.799703891564604], [-122.4209094363146, 37.79991189149771]]]]}, "properties": {"tract_fips": "06075010902", "fema_risk_rating": "Very High", "fema_risk_score": 97.6086000024}}, {"type": "Feature", "geometry": {"type": "MultiPolygon", "coordinates": [[[[-122.4164994341083, 37.794786892213594], [-122.41631843435835, 37.79390189151761], [-122.41613943335989, 37.79302389165964], [-122.41646943397109, 37.79298189187223], [-122.41778543352298, 37.79281389177407], [-122.41888643388803, 37.79267289224618], [-122.41942843421131, 37.79260289178149], [-122.42107943439727, 37.792392891409214], [-122.42261043583093, 37.792198889791266], [-122.42282743646423, 37.79217089056951], [-122.42284243563452, 37.79226488974024], [-122.42298143555169, 37.7929538908176], [-122.42299943599336, 37.79304689090766], [-122.42301943518655, 37.79313989088072], [-122.42315943672526, 37.79383889080159], [-122.423169436771, 37.79393289068963], [-122.42299943599336, 37.79395389209065], [-122.42143043582318, 37.79415389171488], [-122.41977943563722, 37.79436389205087], [-122.41895343383517, 37.794470892384616], [-122.41813843459872, 37.79457689237008], [-122.41754643494498, 37.79465289211869], [-122.41697943360901, 37.79472589192507], [-122.4164994341083, 37.794786892213594]]]]}, "properties": {"tract_fips": "06075011001", "fema_risk_rating": "Very High", "fema_risk_score": 98.397012831}}, {"type": "Feature", "geometry": {"type": "MultiPolygon", "coordinates": [[[[-122.42014943643142, 37.796166892357384], [-122.41995443643773, 37.79623689228469], [-122.41877543535658, 37.79639989227419], [-122.4185154359639, 37.79643089252762], [-122.41721343485906, 37.79656989164923], [-122.4168654338062, 37.79660589195104], [-122.4168514344608, 37.79653789199717], [-122.41684543371473, 37.79650889212307], [-122.41684043459014, 37.79648289203044], [-122.41676743479522, 37.79611989207493], [-122.416730434087, 37.795934892590566], [-122.41667943403337, 37.79567989225422], [-122.4164994341083, 37.794786892213594], [-122.41697943360901, 37.79472589192507], [-122.41754643494498, 37.79465289211869], [-122.41813843459872, 37.79457689237008], [-122.41895343383517, 37.794470892384616], [-122.41977943563722, 37.79436389205087], [-122.42143043582318, 37.79415389171488], [-122.42299943599336, 37.79395389209065], [-122.423169436771, 37.79393289068963], [-122.42330943561474, 37.79481989139444], [-122.42350743598148, 37.79574889175562], [-122.42333043642945, 37.795760891754924], [-122.42179443587125, 37.795954891828124], [-122.42162543671515, 37.79596989160766], [-122.42090843648968, 37.796034891563615], [-122.42014943643142, 37.796166892357384]]]]}, "properties": {"tract_fips": "06075011002", "fema_risk_rating": "Very High", "fema_risk_score": 97.8143246168}}, {"type": "Feature", "geometry": {"type": "MultiPolygon", "coordinates": [[[[-122.41613943335989, 37.79302389165964], [-122.41596243380786, 37.792142892047046], [-122.41591043303102, 37.791881892151174], [-122.41584443290878, 37.791551892235866], [-122.41577643403504, 37.791215891543565], [-122.41612643383941, 37.791165891652184], [-122.41653543409333, 37.79110789193462], [-122.41741743327695, 37.790982891605125], [-122.4190624345134, 37.79079789132573], [-122.42071343380105, 37.790587890082705], [-122.42223043499101, 37.79039489036455], [-122.4224464349011, 37.79036788999961], [-122.42248143506119, 37.79048189005346], [-122.42262543500122, 37.791192890305766], [-122.42263743649343, 37.79128689072066], [-122.42266243570948, 37.79137888983284], [-122.4228044351014, 37.792077890796534], [-122.42282743646423, 37.79217089056951], [-122.42261043583093, 37.792198889791266], [-122.42107943439727, 37.792392891409214], [-122.41942843421131, 37.79260289178149], [-122.41888643388803, 37.79267289224618], [-122.41778543352298, 37.79281389177407], [-122.41646943397109, 37.79298189187223], [-122.41613943335989, 37.79302389165964]]]]}, "properties": {"tract_fips": "06075011101", "fema_risk_rating": "Very High", "fema_risk_score": 99.1105086036}}, {"type": "Feature", "geometry": {"type": "MultiPolygon", "coordinates": [[[[-122.41577643403504, 37.791215891543565], [-122.41569743259569, 37.79082189222084], [-122.41558543154439, 37.79026389157806], [-122.41539843194664, 37.789329891207224], [-122.41579043248211, 37.78927989145947], [-122.41603843217923, 37.78924789148956], [-122.4162114324316, 37.78922589132475], [-122.41634043320134, 37.7892088917737], [-122.41704343228481, 37.789119890761455], [-122.41767243354508, 37.789042890732446], [-122.41868243367348, 37.78891989028917], [-122.42033343385945, 37.788708889825294], [-122.42187243389243, 37.7885128900524], [-122.42210343476943, 37.78848388986805], [-122.42217143364316, 37.788952889960704], [-122.42224543416133, 37.78931588963427], [-122.42226343460298, 37.78940889004399], [-122.42228343379617, 37.78950189033666], [-122.4224344343072, 37.790250890434], [-122.4224464349011, 37.79036788999961], [-122.42223043499101, 37.79039489036455], [-122.42071343380105, 37.790587890082705], [-122.4190624345134, 37.79079789132573], [-122.41741743327695, 37.790982891605125], [-122.41653543409333, 37.79110789193462], [-122.41612643383941, 37.791165891652184], [-122.41577643403504, 37.791215891543565]]]]}, "properties": {"tract_fips": "06075011102", "fema_risk_rating": "Very High", "fema_risk_score": 99.479148086}}, {"type": "Feature", "geometry": {"type": "MultiPolygon", "coordinates": [[[[-122.41139043211822, 37.7945368924336], [-122.41056443211279, 37.79464089264929], [-122.41009943178238, 37.7946998933345], [-122.4097484321531, 37.79474689381054], [-122.4095674315048, 37.793861892635434], [-122.40956243238024, 37.79378689298703], [-122.40951443180134, 37.79356589228369], [-122.40938743247804, 37.79298089236716], [-122.40928443074925, 37.79247889278316], [-122.40919743160896, 37.79205289221158], [-122.41084443159694, 37.79184489286644], [-122.41112843217738, 37.79180889237428], [-122.41173843137443, 37.79173189159799], [-122.41248743138698, 37.79163689222592], [-122.41413343155006, 37.79142589171166], [-122.41577643403504, 37.791215891543565], [-122.41584443290878, 37.791551892235866], [-122.41591043303102, 37.791881892151174], [-122.41596243380786, 37.792142892047046], [-122.41613943335989, 37.79302389165964], [-122.41631843435835, 37.79390189151761], [-122.41570043386706, 37.79398089185506], [-122.41524443375748, 37.79403889144695], [-122.4146744338451, 37.79411989203701], [-122.41450243341762, 37.79414189216443], [-122.41411643452658, 37.79419189217148], [-122.41303743210621, 37.79433089266634], [-122.41168943276726, 37.7944998923489], [-122.41139043211822, 37.7945368924336]]]]}, "properties": {"tract_fips": "06075011200", "fema_risk_rating": "Very High", "fema_risk_score": 99.5588217806}}, {"type": "Feature", "geometry": {"type": "MultiPolygon", "coordinates": [[[[-122.40845743271557, 37.79671389346112], [-122.40827943244034, 37.79583389401573], [-122.40810543146472, 37.794950893461035], [-122.40792943173763, 37.79406989340099], [-122.40775343201054, 37.79318789327124], [-122.40767143199479, 37.792786893712865], [-122.40756243041822, 37.79225889265137], [-122.40811543151048, 37.792188892504335], [-122.40839043097176, 37.7921508924373], [-122.40889043236062, 37.792089892811894], [-122.40919743160896, 37.79205289221158], [-122.40928443074925, 37.79247889278316], [-122.40938743247804, 37.79298089236716], [-122.40951443180134, 37.79356589228369], [-122.40956243238024, 37.79378689298703], [-122.4095674315048, 37.793861892635434], [-122.4097484321531, 37.79474689381054], [-122.41009943178238, 37.7946998933345], [-122.41056443211279, 37.79464089264929], [-122.41139043211822, 37.7945368924336], [-122.41149843207323, 37.795070891823094], [-122.41154343317739, 37.795295892308346], [-122.41156843149513, 37.79541889278558], [-122.41165643225698, 37.79586089238317], [-122.41174543374208, 37.79630089325543], [-122.41091843301342, 37.79640489382721], [-122.41053743234858, 37.79645289338652], [-122.41010243215541, 37.79650289395903], [-122.40927743197489, 37.7966088931585], [-122.40887543139367, 37.79665989379059], [-122.40878043185742, 37.79667189435176], [-122.40845743271557, 37.79671389346112]]]]}, "properties": {"tract_fips": "06075011300", "fema_risk_rating": "Very High", "fema_risk_score": 99.2900717063}}, {"type": "Feature", "geometry": {"type": "MultiPolygon", "coordinates": [[[[-122.40017542932667, 37.79414389398261], [-122.39899642914382, 37.79429389389818], [-122.39782242898383, 37.79444389421908], [-122.39661242883885, 37.794597894297915], [-122.39641642812194, 37.79367389468863], [-122.39634142777888, 37.7933468948887], [-122.39657242775756, 37.79313689450149], [-122.39663842698145, 37.793088894207486], [-122.3973854273442, 37.79249989459749], [-122.39745442783949, 37.79245189388965], [-122.39751642686545, 37.79239689372055], [-122.39826142847666, 37.79180989402491], [-122.39832842842382, 37.7917558943193], [-122.39839542837096, 37.791704894561164], [-122.39914942750806, 37.79111089407528], [-122.3992214283764, 37.7910678943794], [-122.39928142865087, 37.7910068938599], [-122.3995314279978, 37.790814894060645], [-122.39992242870835, 37.79050289385524], [-122.4001784288014, 37.79029989424281], [-122.40137442780438, 37.78935789434517], [-122.40142842823101, 37.78930689364176], [-122.40150542732563, 37.78925389379218], [-122.40155442862773, 37.789214893369625], [-122.40177542766236, 37.78903889391874], [-122.40196542853148, 37.78888789371295], [-122.40200042869157, 37.78884489414329], [-122.40209242875306, 37.78873089369363], [-122.4028334283697, 37.788206893163505], [-122.40294042849982, 37.788121892067494], [-122.40348242882314, 37.78778589210636], [-122.40476942896103, 37.78678789172473], [-122.40608842888594, 37.785766891977055], [-122.40631742831648, 37.785517891811274], [-122.4074774300294, 37.784613891713356], [-122.4077244290033, 37.7847088915949], [-122.40787942971231, 37.7855018924334], [-122.4080624300104, 37.78641989160302], [-122.40825342980612, 37.78736889265429], [-122.4084284297083, 37.788302892254286], [-122.40862143005215, 37.789235891852215], [-122.40871943085976, 37.78971889222082], [-122.40874943009865, 37.78986289247819], [-122.40881243074617, 37.79016989199141], [-122.40799642988816, 37.790272892423346], [-122.40789542960583, 37.7902848926022], [-122.40752642953488, 37.79033189233732], [-122.40717543080392, 37.79037589200183], [-122.40723543018005, 37.79066789208023], [-122.40736643059964, 37.791305892398555], [-122.40744343059251, 37.79167789254527], [-122.40756243041822, 37.79225889265137], [-122.407539430852, 37.792261892615635], [-122.4067444308087, 37.79236189372069], [-122.4059644299357, 37.79246089304867], [-122.4056804302536, 37.79249689393305], [-122.40444443016932, 37.79264889337212], [-122.40463943016299, 37.79357489343661], [-122.4040424295881, 37.7936558938255], [-122.40298342995416, 37.793789893599126], [-122.40218643026105, 37.79388989405578], [-122.40134142998905, 37.793996894366174], [-122.40017542932667, 37.79414389398261]]]]}, "properties": {"tract_fips": "06075011700", "fema_risk_rating": "Very High", "fema_risk_score": 99.9976216808}}, {"type": "Feature", "geometry": {"type": "MultiPolygon", "coordinates": [[[[-122.40633143035683, 37.79427389421097], [-122.40568942957609, 37.79435489454338], [-122.40482243046111, 37.79446289366537], [-122.40473743007229, 37.79403089339077], [-122.40463943016299, 37.79357489343661], [-122.40444443016932, 37.79264889337212], [-122.4056804302536, 37.79249689393305], [-122.4059644299357, 37.79246089304867], [-122.4067444308087, 37.79236189372069], [-122.407539430852, 37.792261892615635], [-122.40756243041822, 37.79225889265137], [-122.40767143199479, 37.792786893712865], [-122.40775343201054, 37.79318789327124], [-122.40792943173763, 37.79406989340099], [-122.40732043146718, 37.7941478940695], [-122.40684743163918, 37.794207893217155], [-122.40633143035683, 37.79427389421097]]]]}, "properties": {"tract_fips": "06075011800", "fema_risk_rating": "Very High", "fema_risk_score": 99.6943859774}}, {"type": "Feature", "geometry": {"type": "MultiPolygon", "coordinates": [[[[-122.41248743138698, 37.79163689222592], [-122.41229243139331, 37.79068289222326], [-122.41218043124033, 37.79013389210298], [-122.41210243232082, 37.789749891728064], [-122.41221243192567, 37.78973589165454], [-122.41375443143336, 37.7895388915045], [-122.41452043206266, 37.78944189162685], [-122.4149374318142, 37.78938889116418], [-122.41509843237097, 37.78936789201514], [-122.41539843194664, 37.789329891207224], [-122.41558543154439, 37.79026389157806], [-122.41569743259569, 37.79082189222084], [-122.41577643403504, 37.791215891543565], [-122.41413343155006, 37.79142589171166], [-122.41248743138698, 37.79163689222592]]]]}, "properties": {"tract_fips": "06075011901", "fema_risk_rating": "Very High", "fema_risk_score": 98.9190539046}}, {"type": "Feature", "geometry": {"type": "MultiPolygon", "coordinates": [[[[-122.40919743160896, 37.79205289221158], [-122.40889043236062, 37.792089892811894], [-122.40839043097176, 37.7921508924373], [-122.40811543151048, 37.792188892504335], [-122.40756243041822, 37.79225889265137], [-122.40744343059251, 37.79167789254527], [-122.40736643059964, 37.791305892398555], [-122.40723543018005, 37.79066789208023], [-122.40717543080392, 37.79037589200183], [-122.40752642953488, 37.79033189233732], [-122.40789542960583, 37.7902848926022], [-122.40799642988816, 37.790272892423346], [-122.40881243074617, 37.79016989199141], [-122.41045943163249, 37.78996089205905], [-122.41210243232082, 37.789749891728064], [-122.41218043124033, 37.79013389210298], [-122.41229243139331, 37.79068289222326], [-122.41248743138698, 37.79163689222592], [-122.41173843137443, 37.79173189159799], [-122.41112843217738, 37.79180889237428], [-122.41084443159694, 37.79184489286644], [-122.40919743160896, 37.79205289221158]]]]}, "properties": {"tract_fips": "06075011902", "fema_risk_rating": "Very High", "fema_risk_score": 99.3875827952}}, {"type": "Feature", "geometry": {"type": "MultiPolygon", "coordinates": [[[[-122.41539843194664, 37.789329891207224], [-122.4152114323489, 37.788397890943344], [-122.41656143223597, 37.78822489109461], [-122.41685343231401, 37.78818788997875], [-122.41803943306786, 37.78803489030985], [-122.41849143297948, 37.787975890691634], [-122.42014243406375, 37.787766890233165], [-122.42168643411961, 37.78756988980335], [-122.42188443358799, 37.78754488969325], [-122.4219054344027, 37.7876378902021], [-122.4219814345707, 37.788010889929375], [-122.42210343476943, 37.78848388986805], [-122.42187243389243, 37.7885128900524], [-122.42033343385945, 37.788708889825294], [-122.41868243367348, 37.78891989028917], [-122.41767243354508, 37.789042890732446], [-122.41704343228481, 37.789119890761455], [-122.41634043320134, 37.7892088917737], [-122.4162114324316, 37.78922589132475], [-122.41603843217923, 37.78924789148956], [-122.41579043248211, 37.78927989145947], [-122.41539843194664, 37.789329891207224]]]]}, "properties": {"tract_fips": "06075012001", "fema_risk_rating": "Very High", "fema_risk_score": 99.2151546502}}, {"type": "Feature", "geometry": {"type": "MultiPolygon", "coordinates": [[[[-122.4152114323489, 37.788397890943344], [-122.41502143147977, 37.78746389183412], [-122.41666543289134, 37.787254890637534], [-122.41701643162232, 37.78721089053447], [-122.41829743281072, 37.78704789015033], [-122.41995443284445, 37.78683789031889], [-122.42148743392795, 37.786641889843054], [-122.42170143418821, 37.78661489023665], [-122.42171543353358, 37.7866988899264], [-122.42179143370159, 37.787071890133674], [-122.42186843369446, 37.78745188977731], [-122.42188443358799, 37.78754488969325], [-122.42168643411961, 37.78756988980335], [-122.42014243406375, 37.787766890233165], [-122.41849143297948, 37.787975890691634], [-122.41803943306786, 37.78803489030985], [-122.41685343231401, 37.78818788997875], [-122.41656143223597, 37.78822489109461], [-122.4152114323489, 37.788397890943344]]]]}, "properties": {"tract_fips": "06075012002", "fema_risk_rating": "Very High", "fema_risk_score": 98.7097618113}}, {"type": "Feature", "geometry": {"type": "MultiPolygon", "coordinates": [[[[-122.41210243232082, 37.789749891728064], [-122.41045943163249, 37.78996089205905], [-122.40881243074617, 37.79016989199141], [-122.40874943009865, 37.78986289247819], [-122.40871943085976, 37.78971889222082], [-122.40862143005215, 37.789235891852215], [-122.4084284297083, 37.788302892254286], [-122.4100834300922, 37.78809189215844], [-122.41172543185398, 37.787881892454], [-122.41237043210943, 37.78779989183946], [-122.41255743170717, 37.78777689095814], [-122.41276243174659, 37.78775089134224], [-122.41338043223786, 37.787673892016485], [-122.41502143147977, 37.78746389183412], [-122.4152114323489, 37.788397890943344], [-122.41539843194664, 37.789329891207224], [-122.41509843237097, 37.78936789201514], [-122.4149374318142, 37.78938889116418], [-122.41452043206266, 37.78944189162685], [-122.41375443143336, 37.7895388915045], [-122.41221243192567, 37.78973589165454], [-122.41210243232082, 37.789749891728064]]]]}, "properties": {"tract_fips": "06075012100", "fema_risk_rating": "Very High", "fema_risk_score": 99.9191371458}}, {"type": "Feature", "geometry": {"type": "MultiPolygon", "coordinates": [[[[-122.41829743281072, 37.78704789015033], [-122.41820543274922, 37.78657589055109], [-122.41811443251262, 37.78611089009322], [-122.41802243245112, 37.78565189001465], [-122.41792743201657, 37.78517689047682], [-122.4178324324803, 37.784719890220636], [-122.41773343274613, 37.784245889995624], [-122.41939043277985, 37.78403888959973], [-122.42095243237905, 37.78384388913893], [-122.42109543249417, 37.78382588943089], [-122.42112443280648, 37.78392488954571], [-122.42119743349973, 37.78429288931197], [-122.42126943436807, 37.78464488981235], [-122.42128243388855, 37.78475489029046], [-122.42130343380494, 37.78486688983459], [-122.42138643364564, 37.78522388991109], [-122.42146843455969, 37.78557689055213], [-122.42149843379862, 37.785685890039346], [-122.42170143418821, 37.78661489023665], [-122.42148743392795, 37.786641889843054], [-122.41995443284445, 37.78683789031889], [-122.41829743281072, 37.78704789015033]]]]}, "properties": {"tract_fips": "06075012202", "fema_risk_rating": "Very High", "fema_risk_score": 99.6658461465}}, {"type": "Feature", "geometry": {"type": "MultiPolygon", "coordinates": [[[[-122.41666543289134, 37.787254890637534], [-122.41647543202225, 37.78631989097552], [-122.41635743202146, 37.7857368896921], [-122.41628643187636, 37.78538589045082], [-122.4160984324537, 37.78445889037398], [-122.41773343274613, 37.784245889995624], [-122.4178324324803, 37.784719890220636], [-122.41792743201657, 37.78517689047682], [-122.41802243245112, 37.78565189001465], [-122.41811443251262, 37.78611089009322], [-122.41820543274922, 37.78657589055109], [-122.41829743281072, 37.78704789015033], [-122.41701643162232, 37.78721089053447], [-122.41666543289134, 37.787254890637534]]]]}, "properties": {"tract_fips": "06075012203", "fema_risk_rating": "Very High", "fema_risk_score": 98.4196068638}}, {"type": "Feature", "geometry": {"type": "MultiPolygon", "coordinates": [[[[-122.41502143147977, 37.78746389183412], [-122.41490243165408, 37.78687389181307], [-122.41483343205711, 37.78652989014919], [-122.41473643197273, 37.78605089075995], [-122.41464343118798, 37.78559189101869], [-122.41459243203269, 37.78534289097325], [-122.41454743182685, 37.785114890452434], [-122.41445643159024, 37.784666890631016], [-122.41480443084649, 37.78462289111699], [-122.4160984324537, 37.78445889037398], [-122.41628643187636, 37.78538589045082], [-122.41635743202146, 37.7857368896921], [-122.41647543202225, 37.78631989097552], [-122.41666543289134, 37.787254890637534], [-122.41502143147977, 37.78746389183412]]]]}, "properties": {"tract_fips": "06075012204", "fema_risk_rating": "Very High", "fema_risk_score": 99.2936391852}}, {"type": "Feature", "geometry": {"type": "MultiPolygon", "coordinates": [[[[-122.40825342980612, 37.78736889265429], [-122.4080624300104, 37.78641989160302], [-122.40787942971231, 37.7855018924334], [-122.40869342912384, 37.78539789142325], [-122.4088084296499, 37.78538289162727], [-122.40952443005048, 37.78529289207755], [-122.4111664300156, 37.7850848914525], [-122.41186643052265, 37.78499489224985], [-122.41224043061646, 37.784947891250084], [-122.41280843087904, 37.7848758913373], [-122.41293043017946, 37.78485189064079], [-122.4133934299617, 37.78479289061126], [-122.4137744297282, 37.784743890250056], [-122.41396643204381, 37.784719890220636], [-122.41432943136864, 37.78467389008336], [-122.41445643159024, 37.784666890631016], [-122.41454743182685, 37.785114890452434], [-122.41459243203269, 37.78534289097325], [-122.41464343118798, 37.78559189101869], [-122.41429543103345, 37.78563489035139], [-122.41358843175203, 37.78572489161444], [-122.41299643030167, 37.78579989234663], [-122.41217443049422, 37.7859028917704], [-122.41135243068675, 37.78600589176051], [-122.41154242975924, 37.78694989238575], [-122.41106943082954, 37.78700989169902], [-122.41026343001727, 37.7871128922761], [-122.4099004297941, 37.7871588923151], [-122.40825342980612, 37.78736889265429]]]]}, "properties": {"tract_fips": "06075012301", "fema_risk_rating": "Very High", "fema_risk_score": 99.7288716064}}, {"type": "Feature", "geometry": {"type": "MultiPolygon", "coordinates": [[[[-122.4084284297083, 37.788302892254286], [-122.40825342980612, 37.78736889265429], [-122.4099004297941, 37.7871588923151], [-122.41026343001727, 37.7871128922761], [-122.41106943082954, 37.78700989169902], [-122.41154242975924, 37.78694989238575], [-122.41135243068675, 37.78600589176051], [-122.41217443049422, 37.7859028917704], [-122.41299643030167, 37.78579989234663], [-122.41358843175203, 37.78572489161444], [-122.41429543103345, 37.78563489035139], [-122.41464343118798, 37.78559189101869], [-122.41473643197273, 37.78605089075995], [-122.41483343205711, 37.78652989014919], [-122.41490243165408, 37.78687389181307], [-122.41502143147977, 37.78746389183412], [-122.41338043223786, 37.787673892016485], [-122.41276243174659, 37.78775089134224], [-122.41255743170717, 37.78777689095814], [-122.41237043210943, 37.78779989183946], [-122.41172543185398, 37.787881892454], [-122.4100834300922, 37.78809189215844], [-122.4084284297083, 37.788302892254286]]]]}, "properties": {"tract_fips": "06075012302", "fema_risk_rating": "Very High", "fema_risk_score": 99.7003317755}}, {"type": "Feature", "geometry": {"type": "MultiPolygon", "coordinates": [[[[-122.4160984324537, 37.78445889037398], [-122.41590943140949, 37.78352589010176], [-122.41587143087634, 37.783339890687174], [-122.4157204312636, 37.78259489012227], [-122.4155314311177, 37.78166388977543], [-122.41611443055056, 37.781589889475086], [-122.41636743206722, 37.7815588900948], [-122.4168254318266, 37.78150088993676], [-122.41717243125792, 37.78145688995789], [-122.41736543160177, 37.78238889043055], [-122.41745143181551, 37.782809889574274], [-122.41752043231077, 37.783148889774395], [-122.41755543157257, 37.78332089051067], [-122.41764543108594, 37.78378789003284], [-122.41773343274613, 37.784245889995624], [-122.4160984324537, 37.78445889037398]]]]}, "properties": {"tract_fips": "06075012403", "fema_risk_rating": "Very High", "fema_risk_score": 99.0141866743}}, {"type": "Feature", "geometry": {"type": "MultiPolygon", "coordinates": [[[[-122.41445643159024, 37.784666890631016], [-122.41437143209976, 37.784248890285205], [-122.41426843126928, 37.78373389085469], [-122.41408043004996, 37.782803890298126], [-122.413892429729, 37.78187289045386], [-122.41470943041193, 37.78176889001689], [-122.4155314311177, 37.78166388977543], [-122.4157204312636, 37.78259489012227], [-122.41587143087634, 37.783339890687174], [-122.41590943140949, 37.78352589010176], [-122.4160984324537, 37.78445889037398], [-122.41480443084649, 37.78462289111699], [-122.41445643159024, 37.784666890631016]]]]}, "properties": {"tract_fips": "06075012404", "fema_risk_rating": "Very High", "fema_risk_score": 98.8429476889}}, {"type": "Feature", "geometry": {"type": "MultiPolygon", "coordinates": [[[[-122.41736543160177, 37.78238889043055], [-122.41717243125792, 37.78145688995789], [-122.4168254318266, 37.78150088993676], [-122.41636743206722, 37.7815588900948], [-122.41611443055056, 37.781589889475086], [-122.4155314311177, 37.78166388977543], [-122.41470943041193, 37.78176889001689], [-122.413892429729, 37.78187289045386], [-122.4137024297582, 37.7809368897729], [-122.41351342961232, 37.78000188969985], [-122.41339142941358, 37.77987189063255], [-122.41474743004676, 37.77880089003699], [-122.41480843014612, 37.778753890068465], [-122.41486142984958, 37.77871088957255], [-122.41603543090787, 37.777782889848474], [-122.41628742990463, 37.77758188951343], [-122.41631842986676, 37.77750388910901], [-122.41764142998964, 37.776609888373144], [-122.41873043065915, 37.77565488848612], [-122.41924542942164, 37.77532588827847], [-122.41933642965824, 37.77524288818902], [-122.41936042994767, 37.77521988766014], [-122.41938543096036, 37.77544188829865], [-122.41945843075528, 37.77591788836099], [-122.41956842946182, 37.77637388792714], [-122.41979143084123, 37.77730088858101], [-122.41981443130575, 37.777396889057584], [-122.41988343180105, 37.777741888210215], [-122.41996043179392, 37.778129888741695], [-122.41996943201477, 37.77824788874105], [-122.42038443211645, 37.78008188966759], [-122.42056843223949, 37.78102788932388], [-122.42071543165424, 37.781964889926584], [-122.42056743241457, 37.78198288937786], [-122.41901943216078, 37.78217888943001], [-122.41736543160177, 37.78238889043055]]]]}, "properties": {"tract_fips": "06075012405", "fema_risk_rating": "Very High", "fema_risk_score": 99.7907079067}}, {"type": "Feature", "geometry": {"type": "MultiPolygon", "coordinates": [[[[-122.41773343274613, 37.784245889995624], [-122.41764543108594, 37.78378789003284], [-122.41755543157257, 37.78332089051067], [-122.41752043231077, 37.783148889774395], [-122.41745143181551, 37.782809889574274], [-122.41736543160177, 37.78238889043055], [-122.41901943216078, 37.78217888943001], [-122.42056743241457, 37.78198288937786], [-122.42071543165424, 37.781964889926584], [-122.42076443295637, 37.7820628900415], [-122.4208364320281, 37.78242688983783], [-122.42093243318587, 37.78289289039741], [-122.42100343243266, 37.78336188905445], [-122.42107643222758, 37.783721889612], [-122.42109543249417, 37.78382588943089], [-122.42095243237905, 37.78384388913893], [-122.41939043277985, 37.78403888959973], [-122.41773343274613, 37.784245889995624]]]]}, "properties": {"tract_fips": "06075012406", "fema_risk_rating": "Very High", "fema_risk_score": 98.5801434127}}, {"type": "Feature", "geometry": {"type": "MultiPolygon", "coordinates": [[[[-122.4111664300156, 37.7850848914525], [-122.41097842969461, 37.78415089164885], [-122.41088943000615, 37.78371189117819], [-122.41088342926008, 37.783679891637036], [-122.41079143009686, 37.78322389170081], [-122.41243843008488, 37.78301389094281], [-122.41302942991365, 37.782937889872315], [-122.41408043004996, 37.782803890298126], [-122.41426843126928, 37.78373389085469], [-122.41437143209976, 37.784248890285205], [-122.41445643159024, 37.784666890631016], [-122.41432943136864, 37.78467389008336], [-122.41396643204381, 37.784719890220636], [-122.4137744297282, 37.784743890250056], [-122.4133934299617, 37.78479289061126], [-122.41293043017946, 37.78485189064079], [-122.41280843087904, 37.7848758913373], [-122.41224043061646, 37.784947891250084], [-122.41186643052265, 37.78499489224985], [-122.4111664300156, 37.7850848914525]]]]}, "properties": {"tract_fips": "06075012502", "fema_risk_rating": "Very High", "fema_risk_score": 99.6277930387}}, {"type": "Feature", "geometry": {"type": "MultiPolygon", "coordinates": [[[[-122.40787942971231, 37.7855018924334], [-122.4077244290033, 37.7847088915949], [-122.4074774300294, 37.784613891713356], [-122.40813042978246, 37.78402989154494], [-122.40818642896065, 37.78398289206134], [-122.40871442904023, 37.78356589173926], [-122.4089574296128, 37.7833738917755], [-122.40900842876812, 37.78333389145405], [-122.40902842975791, 37.78331789160337], [-122.40907942891323, 37.783277891251615], [-122.4092104293328, 37.78317389208159], [-122.41007843006933, 37.782488891407226], [-122.41029742945412, 37.78231589050536], [-122.41036242975146, 37.78225489057098], [-122.41041743000306, 37.78222089038781], [-122.41148342930967, 37.781378890092384], [-122.41172642988224, 37.78118689012731], [-122.4120114293893, 37.780961889988404], [-122.41205042974734, 37.78114589037707], [-122.41205643049345, 37.78117289056149], [-122.41224742939083, 37.78208289019389], [-122.413892429729, 37.78187289045386], [-122.41408043004996, 37.782803890298126], [-122.41302942991365, 37.782937889872315], [-122.41243843008488, 37.78301389094281], [-122.41079143009686, 37.78322389170081], [-122.41088342926008, 37.783679891637036], [-122.41088943000615, 37.78371189117819], [-122.41097842969461, 37.78415089164885], [-122.4111664300156, 37.7850848914525], [-122.40952443005048, 37.78529289207755], [-122.4088084296499, 37.78538289162727], [-122.40869342912384, 37.78539789142325], [-122.40787942971231, 37.7855018924334]]]]}, "properties": {"tract_fips": "06075012503", "fema_risk_rating": "Very High", "fema_risk_score": 99.6444412734}}, {"type": "Feature", "geometry": {"type": "MultiPolygon", "coordinates": [[[[-122.4120114293893, 37.780961889988404], [-122.4125184304508, 37.780561890495875], [-122.41257442962896, 37.78051789066806], [-122.41263542972834, 37.78046888960259], [-122.41339142941358, 37.77987189063255], [-122.41351342961232, 37.78000188969985], [-122.4137024297582, 37.7809368897729], [-122.413892429729, 37.78187289045386], [-122.41224742939083, 37.78208289019389], [-122.41205643049345, 37.78117289056149], [-122.41205042974734, 37.78114589037707], [-122.4120114293893, 37.780961889988404]]]]}, "properties": {"tract_fips": "06075012504", "fema_risk_rating": "Relatively High", "fema_risk_score": 93.1088199969}}, {"type": "Feature", "geometry": {"type": "MultiPolygon", "coordinates": [[[[-122.43682544156555, 37.80272489046586], [-122.43679044230376, 37.80253489006031], [-122.43640744109081, 37.80090489010817], [-122.436300441859, 37.800823889859494], [-122.43732644188096, 37.80069388980053], [-122.43791544205995, 37.80061888998999], [-122.43953044226087, 37.800412889437254], [-122.44033644217481, 37.80031088977097], [-122.44120344218815, 37.80019988961914], [-122.44139444378048, 37.80113588977735], [-122.44158544357622, 37.802059889747184], [-122.44168144383563, 37.802519889484444], [-122.44178044356988, 37.80299489038814], [-122.4419314440809, 37.80375389066318], [-122.44105844421983, 37.80386788922554], [-122.44022144344542, 37.80397288985639], [-122.4392814445355, 37.80409089046834], [-122.4380314424109, 37.804247890496946], [-122.43716444149928, 37.804361890426115], [-122.43700944168856, 37.80360888972836], [-122.43698844267048, 37.80350988972444], [-122.43684144145908, 37.802786889909655], [-122.43682544156555, 37.80272489046586]]]]}, "properties": {"tract_fips": "06075012601", "fema_risk_rating": "Very High", "fema_risk_score": 98.3411223289}}, {"type": "Feature", "geometry": {"type": "MultiPolygon", "coordinates": [[[[-122.4266084401052, 37.80803389275171], [-122.4265154402188, 37.80766189263797], [-122.42628343951688, 37.80719489212212], [-122.42580643949087, 37.80672489282493], [-122.42565444005324, 37.806465891991195], [-122.42551443941285, 37.806019892528866], [-122.4253254401653, 37.80508789201011], [-122.42540843910764, 37.80498089214982], [-122.4252574385966, 37.80423589258613], [-122.42523543795694, 37.80414289238641], [-122.42567243959658, 37.80408789169421], [-122.42678243928415, 37.80394589232444], [-122.4277134406682, 37.80382789219061], [-122.4284264397974, 37.803736892325595], [-122.43007144013558, 37.80352789173527], [-122.4317054406031, 37.80327689165068], [-122.43335444203755, 37.803066891099796], [-122.43499944147742, 37.80285789003305], [-122.43664644236372, 37.80268288980562], [-122.43682544156555, 37.80272489046586], [-122.43684144145908, 37.802786889909655], [-122.43698844267048, 37.80350988972444], [-122.43700944168856, 37.80360888972836], [-122.43716444149928, 37.804361890426115], [-122.4380314424109, 37.804247890496946], [-122.4392814445355, 37.80409089046834], [-122.44022144344542, 37.80397288985639], [-122.44105844421983, 37.80386788922554], [-122.4419314440809, 37.80375389066318], [-122.44196644334271, 37.80392689034874], [-122.4420934435643, 37.80456588978549], [-122.44215244401386, 37.80485988995856], [-122.44221444393813, 37.805478889637435], [-122.44221444393813, 37.805746890053804], [-122.44223644457776, 37.80579588997182], [-122.44237744414474, 37.806532890581224], [-122.44217744412823, 37.80655789065401], [-122.44214744399099, 37.806561890068636], [-122.43926444391873, 37.80692889062518], [-122.43929944407884, 37.807148890362875], [-122.43913044312612, 37.807161890662364], [-122.43879344374054, 37.80721089035125], [-122.4379874438266, 37.80730689171868], [-122.43740244384558, 37.807403890851795], [-122.43728544456803, 37.807417891835634], [-122.43717244369181, 37.80742189191344], [-122.43705844388899, 37.807442890899026], [-122.43702604345334, 37.807451323991174], [-122.43607609210838, 37.80756741624409], [-122.43600844267925, 37.80756689174948], [-122.4358624430894, 37.80757889124838], [-122.43586575158459, 37.807593120733834], [-122.43584095089622, 37.80759615059399], [-122.43583744207672, 37.80758289131746], [-122.43582128767297, 37.807580689008326], [-122.43563304480686, 37.80687795812114], [-122.43440307690976, 37.806989939745115], [-122.43430596992584, 37.80699896552278], [-122.43420802750873, 37.806970050666216], [-122.43412997379201, 37.806822968692515], [-122.43392406016595, 37.80576899743997], [-122.43387118083675, 37.80572110400959], [-122.4338364420864, 37.80567789208407], [-122.43377944218498, 37.805636891727296], [-122.43371244223785, 37.80560989125487], [-122.43368692828713, 37.805605181324445], [-122.43365095704824, 37.805588990403976], [-122.43358651550301, 37.805597891436065], [-122.4335764417954, 37.805597892145784], [-122.43351473472191, 37.80560780670616], [-122.43263692977234, 37.80572905182712], [-122.43253497817413, 37.80591708226239], [-122.432195019738, 37.806011013549906], [-122.43220538899133, 37.806069046281465], [-122.43219144084989, 37.80610989167292], [-122.43220644181685, 37.80615489191357], [-122.43222144547872, 37.80615889276955], [-122.43222894910626, 37.80620088293606], [-122.43223602872904, 37.8062405805915], [-122.43222944138306, 37.80624689238335], [-122.43223244175611, 37.80630089214276], [-122.43224744182471, 37.80634789162525], [-122.43233344114014, 37.80681489181955], [-122.43235019651682, 37.80688080915559], [-122.43239892562941, 37.807154069332704], [-122.43245966611565, 37.80749360796333], [-122.43259144178131, 37.808489892166165], [-122.4326389123542, 37.80849558843273], [-122.43263977563517, 37.808500414573984], [-122.43263444233732, 37.80851489228611], [-122.43261044204787, 37.808524892331725], [-122.43236844219857, 37.80852589233622], [-122.43210544243284, 37.80723289225779], [-122.43202644099347, 37.80718789196427], [-122.43146944149987, 37.8072608921584], [-122.43141244159847, 37.80732389207351], [-122.43175444190523, 37.80903389215453], [-122.43136744139262, 37.80906689206795], [-122.43108623726766, 37.80769257304279], [-122.43102705985001, 37.80739508230325], [-122.43102540605157, 37.80739526754465], [-122.43102144178623, 37.8073758917151], [-122.43094244124518, 37.807329891488045], [-122.43038744140142, 37.80740289225155], [-122.43032944077676, 37.807466892064355], [-122.4306484415173, 37.80917689238256], [-122.43020425605033, 37.80921837267362], [-122.4299369874904, 37.80787292910789], [-122.42987023188499, 37.807879648856385], [-122.42986144186993, 37.807834892395476], [-122.42928943961276, 37.807912892014116], [-122.42929255497017, 37.807942701473515], [-122.42909895724667, 37.807986916343935], [-122.42894385233309, 37.80801365973429], [-122.42890106647441, 37.808021013969714], [-122.42875799629067, 37.80813500168698], [-122.42860406278022, 37.808222079846445], [-122.4284609916982, 37.808308991826756], [-122.42835001292967, 37.80835194742029], [-122.42820894868397, 37.80837300575853], [-122.42803997198578, 37.80833005159673], [-122.42790208328462, 37.80827305684606], [-122.42778057446432, 37.80825467202847], [-122.42762897926856, 37.80823194082477], [-122.42738529238311, 37.80818263591995], [-122.42719391888826, 37.80814402732464], [-122.42709631154274, 37.80813466669434], [-122.42709093871905, 37.80813415143026], [-122.42702744040486, 37.80811889223042], [-122.42702579558959, 37.80812941752997], [-122.42701692113289, 37.80812898459457], [-122.42701057004382, 37.80813817701955], [-122.42700505438798, 37.80814603231201], [-122.42700505438798, 37.808163080735326], [-122.42703597529837, 37.80819801221202], [-122.42750797170821, 37.80863006377264], [-122.4275270258737, 37.808642097165574], [-122.42754708255907, 37.80865496732251], [-122.4275759966331, 37.80865998082077], [-122.42772892942033, 37.80864493961522], [-122.42799400968426, 37.808609004088275], [-122.42802793905254, 37.80861702753558], [-122.42805201030889, 37.80871755795663], [-122.42756463743635, 37.80879209744906], [-122.42755995182382, 37.808775306800804], [-122.42754407320285, 37.808717978823275], [-122.42751043488872, 37.808688809848626], [-122.4275164401264, 37.80868789217444], [-122.42693644016825, 37.808160892638064], [-122.42686544002314, 37.808122892270255], [-122.42683801984741, 37.80813558224623], [-122.42683758146957, 37.80813567025278], [-122.42674017624499, 37.80815520912087], [-122.42672644010597, 37.808078892529636], [-122.4266084401052, 37.80803389275171]]]]}, "properties": {"tract_fips": "06075012602", "fema_risk_rating": "Relatively High", "fema_risk_score": 96.1970675324}}, {"type": "Feature", "geometry": {"type": "MultiPolygon", "coordinates": [[[[-122.4438762643317, 37.8065416566479], [-122.44387544596646, 37.80653789002867], [-122.44391210172164, 37.80653438388583], [-122.4438762643317, 37.8065416566479]]], [[[-122.44240619562375, 37.80767013904488], [-122.44241019402506, 37.807667325656794], [-122.44242788364963, 37.807664424261546], [-122.44244044389393, 37.807738889585224], [-122.44241785306116, 37.80778095763372], [-122.4424149973169, 37.807753593142024], [-122.44240619562375, 37.80767013904488]]], [[[-122.44416239122442, 37.80768837070531], [-122.44370496638679, 37.807725012865696], [-122.44274593037935, 37.807958001874226], [-122.44251093469428, 37.808012991167395], [-122.4423590044269, 37.80804792271504], [-122.44223303367461, 37.808067014476], [-122.4415634447332, 37.808136889569106], [-122.44097744492727, 37.80820589020946], [-122.44067944410314, 37.80829789025317], [-122.4405784438208, 37.80835488995276], [-122.44048744448253, 37.80842189037765], [-122.44040944466471, 37.8084978900763], [-122.44024844410791, 37.80868089073864], [-122.44012346060411, 37.80878745514534], [-122.4400550107761, 37.80882093494199], [-122.4400128923657, 37.80877296684078], [-122.4399846637062, 37.808740798592915], [-122.44019718174621, 37.80840259217777], [-122.44022381948933, 37.80837400860399], [-122.44041001150164, 37.80817394527943], [-122.44090290092836, 37.808102576948464], [-122.44100301726849, 37.80808803527978], [-122.44100649644356, 37.80808583795379], [-122.44170950630681, 37.80800910822726], [-122.44175597346151, 37.80800697335529], [-122.44196756893176, 37.807981903509734], [-122.44198611644742, 37.80797969553459], [-122.44234744400752, 37.80794189024987], [-122.44240344408404, 37.807927890075064], [-122.4424494450131, 37.807889890297105], [-122.4424804440769, 37.8078258901412], [-122.44247544495235, 37.80780488984505], [-122.44242132774471, 37.8078142569048], [-122.44241897685362, 37.80779173919526], [-122.44248344444996, 37.80778189022362], [-122.44245348204198, 37.80766022618087], [-122.44268007668249, 37.80762305878438], [-122.44273205769642, 37.807795043714094], [-122.44274008055024, 37.80781994612608], [-122.44278383119949, 37.807817093708465], [-122.44278944477172, 37.80781889004317], [-122.44278982026749, 37.80781670335521], [-122.44299897771006, 37.807803065830406], [-122.44313248263262, 37.80775694024662], [-122.44315444464469, 37.807753889810755], [-122.44324245618634, 37.807727886578995], [-122.44335859847112, 37.80770098694361], [-122.44346044586477, 37.807681890119895], [-122.44369844641444, 37.80760789032504], [-122.44369444531819, 37.80757789052131], [-122.4436824456226, 37.8074958897655], [-122.44372144508236, 37.80748089019731], [-122.44389844553267, 37.80745089034199], [-122.44389475076191, 37.80744158924174], [-122.44414905214076, 37.8074159734164], [-122.4443029856512, 37.80738706014262], [-122.44747091606021, 37.806460949318584], [-122.4474959880398, 37.806310023047324], [-122.44738801593253, 37.805881982915096], [-122.44728004652025, 37.80557695651351], [-122.44718193521983, 37.80540196343865], [-122.44680943531256, 37.8054501466564], [-122.44679744549846, 37.805415890277644], [-122.44602944521935, 37.805512889765296], [-122.44603639817966, 37.80555013629691], [-122.44305098747006, 37.80593624342007], [-122.44304544486477, 37.805896889830585], [-122.4425424440012, 37.80596089023876], [-122.44250161557153, 37.80600728593993], [-122.44249605859318, 37.80600800491728], [-122.44249496444517, 37.80601484407358], [-122.44245444413764, 37.80606088983401], [-122.44247309136632, 37.806151549704644], [-122.44246998499207, 37.80617096489165], [-122.44251695161007, 37.806525966303404], [-122.44260403070045, 37.80659098181154], [-122.44355303881437, 37.80648902758399], [-122.44392893255677, 37.80646395651329], [-122.44400297439745, 37.80645693783275], [-122.44403519606837, 37.806464696778576], [-122.44401044568568, 37.80646789063642], [-122.44401744625668, 37.80649288931164], [-122.44401798075428, 37.80650894802126], [-122.4439904455942, 37.80651558272443], [-122.4439904455942, 37.80649589011739], [-122.44398044554843, 37.806471890055974], [-122.44388144581424, 37.80648388973275], [-122.44388744566204, 37.80650988985387], [-122.44360444490651, 37.806563890130775], [-122.44361057770494, 37.80659557811988], [-122.44357393093293, 37.806603015536716], [-122.44291735947827, 37.80669926042685], [-122.44291044514554, 37.8066548900612], [-122.44289144487897, 37.806665890388324], [-122.4427114440556, 37.80669189044538], [-122.44264644375826, 37.80670088999891], [-122.44256144426778, 37.80673388953548], [-122.44254044435137, 37.806747889936595], [-122.44253668310527, 37.8067550604746], [-122.44251695250836, 37.80675795267892], [-122.44251695161007, 37.806792673316835], [-122.44250844456433, 37.80680889023391], [-122.44251695161007, 37.80681006343887], [-122.44251695161007, 37.806847156011855], [-122.44250844546262, 37.806846890568146], [-122.44251695161007, 37.806860448068605], [-122.44251695161007, 37.806923207013114], [-122.4424234441755, 37.806831890158385], [-122.44250365564554, 37.807113541062826], [-122.4424927393182, 37.80711669585688], [-122.44247098841022, 37.80712298131345], [-122.44242201675252, 37.80710994552009], [-122.44238591525787, 37.80703790900458], [-122.4423821782663, 37.807030432595774], [-122.44234744400752, 37.80684089040462], [-122.44232144406824, 37.80680688946865], [-122.44229044500445, 37.80678488956447], [-122.44228981348877, 37.80681014647882], [-122.44227643487926, 37.806811378592414], [-122.44221593693815, 37.806816952202944], [-122.44144491921799, 37.80691120811743], [-122.44144244435938, 37.80689389041291], [-122.4413324438562, 37.806892890386315], [-122.44130144479237, 37.80690989083646], [-122.44126844338379, 37.80690589002117], [-122.44122044460153, 37.80692688986318], [-122.44106944409049, 37.806935890807594], [-122.44094744389174, 37.80695389056386], [-122.44070544494073, 37.80696688947822], [-122.44057344379793, 37.80697789046862], [-122.44049444505353, 37.80699889029021], [-122.44016144406926, 37.80702689027956], [-122.43992344351959, 37.80705989038015], [-122.43969844428699, 37.80709788987552], [-122.4395644443927, 37.80712589053713], [-122.43943644434619, 37.807139890154176], [-122.43929944407884, 37.807148890362875], [-122.43926444391873, 37.80692889062518], [-122.44214744399099, 37.806561890068636], [-122.44217744412823, 37.80655789065401], [-122.44237744414474, 37.806532890581224], [-122.44223644457776, 37.80579588997182], [-122.44221444393813, 37.805746890053804], [-122.44221444393813, 37.805478889637435], [-122.44215244401386, 37.80485988995856], [-122.4420934435643, 37.80456588978549], [-122.44196644334271, 37.80392689034874], [-122.4419314440809, 37.80375389066318], [-122.44178044356988, 37.80299489038814], [-122.44168144383563, 37.802519889484444], [-122.44158544357622, 37.802059889747184], [-122.44139444378048, 37.80113588977735], [-122.44120344218815, 37.80019988961914], [-122.44287244371407, 37.79998788930694], [-122.44454244326829, 37.799774888263315], [-122.44587644416016, 37.79960488774605], [-122.44606844378077, 37.79958088828453], [-122.44618744360646, 37.79956588781855], [-122.44749244418601, 37.799399888042466], [-122.44763944360078, 37.80033388817008], [-122.44768244415681, 37.800690888049274], [-122.44785244493443, 37.800927887612524], [-122.44780144398251, 37.80101688859687], [-122.44779444430979, 37.80119988792322], [-122.44784644598498, 37.80164288780896], [-122.44796844528538, 37.80156388785734], [-122.4484114458745, 37.80157488823303], [-122.4486314450842, 37.80167188850673], [-122.44882944545093, 37.80178188847999], [-122.44920544519455, 37.802083888403246], [-122.44936944612441, 37.80225188800463], [-122.44948644540194, 37.80246388891661], [-122.44959144588225, 37.802800888219906], [-122.44963044624032, 37.80301788795159], [-122.44961044614882, 37.80316288862715], [-122.44952244628529, 37.80347988825597], [-122.44941444543191, 37.8037208883755], [-122.44915044584128, 37.80401788856013], [-122.4488414460448, 37.80423888851518], [-122.44826744683276, 37.8044878894707], [-122.44828444565289, 37.8045998889142], [-122.44830144626962, 37.804710889551195], [-122.44830544556928, 37.80473388941931], [-122.44831644633825, 37.80480288969055], [-122.44834744630039, 37.805003889804574], [-122.44851844600461, 37.80609788980608], [-122.44841244569939, 37.80622988965129], [-122.44821044603303, 37.80634888953], [-122.44817244639819, 37.806359889902716], [-122.44740844631706, 37.80703788913182], [-122.44705447595912, 37.807495678264104], [-122.44701054205353, 37.807504404471274], [-122.4467125124833, 37.807530656189336], [-122.44660684635136, 37.80753202810892], [-122.44650344666891, 37.807526890330244], [-122.4464176063553, 37.80753448450494], [-122.44614802104022, 37.80753798492242], [-122.4459097608774, 37.8075794171624], [-122.4452714458843, 37.80763589008346], [-122.44502144653735, 37.80762589062721], [-122.44485944525732, 37.807613890426246], [-122.4442944453678, 37.807672890685915], [-122.44416239122442, 37.80768837070531]]]]}, "properties": {"tract_fips": "06075012700", "fema_risk_rating": "Relatively High", "fema_risk_score": 97.3113100972}}, {"type": "Feature", "geometry": {"type": "MultiPolygon", "coordinates": [[[[-122.44120344218815, 37.80019988961914], [-122.44102144171497, 37.79930588943203], [-122.44099644160059, 37.799184889300264], [-122.44082444207145, 37.79833389006638], [-122.44063644175048, 37.797403890114595], [-122.4404484414295, 37.79647088859922], [-122.44026044200685, 37.79554288826931], [-122.44192844191123, 37.79533088807895], [-122.443599443087, 37.795117888513836], [-122.44525044327295, 37.79490788819149], [-122.44675444314579, 37.794715887881424], [-122.44680244282638, 37.79502888823039], [-122.44689744415926, 37.79565088778418], [-122.4470414440993, 37.79658888770942], [-122.44718444421443, 37.7975248881949], [-122.4473294439794, 37.798468888593895], [-122.44736744451255, 37.798562887559655], [-122.44749244418601, 37.799399888042466], [-122.44618744360646, 37.79956588781855], [-122.44606844378077, 37.79958088828453], [-122.44587644416016, 37.79960488774605], [-122.44454244326829, 37.799774888263315], [-122.44287244371407, 37.79998788930694], [-122.44120344218815, 37.80019988961914]]]]}, "properties": {"tract_fips": "06075012801", "fema_risk_rating": "Very High", "fema_risk_score": 98.6384122341}}, {"type": "Feature", "geometry": {"type": "MultiPolygon", "coordinates": [[[[-122.436300441859, 37.800823889859494], [-122.43625144145518, 37.8007318897322], [-122.4360844410506, 37.799913890320305], [-122.43606144148438, 37.79979789037837], [-122.43598744186454, 37.79942889033073], [-122.43589244053166, 37.79896189028046], [-122.43579843992202, 37.798496889687804], [-122.43570444110902, 37.79803089028032], [-122.43735244182024, 37.79782088972057], [-122.43716444060094, 37.796888890084695], [-122.43697644027998, 37.79595888968744], [-122.43861744042017, 37.79575088927119], [-122.44026044200685, 37.79554288826931], [-122.4404484414295, 37.79647088859922], [-122.44063644175048, 37.797403890114595], [-122.44082444207145, 37.79833389006638], [-122.44099644160059, 37.799184889300264], [-122.44102144171497, 37.79930588943203], [-122.44120344218815, 37.80019988961914], [-122.44033644217481, 37.80031088977097], [-122.43953044226087, 37.800412889437254], [-122.43791544205995, 37.80061888998999], [-122.43732644188096, 37.80069388980053], [-122.436300441859, 37.800823889859494]]]]}, "properties": {"tract_fips": "06075012802", "fema_risk_rating": "Relatively High", "fema_risk_score": 93.7961542578}}, {"type": "Feature", "geometry": {"type": "MultiPolygon", "coordinates": [[[[-122.42523543795694, 37.80414289238641], [-122.4252174384136, 37.80403689193198], [-122.42515843886238, 37.80374789166787], [-122.42508943926543, 37.80340889227939], [-122.42506843845072, 37.80330289219108], [-122.42504343923466, 37.80320389248678], [-122.42503043791756, 37.80311689216391], [-122.42487943740649, 37.80237089216382], [-122.42486143786314, 37.80227789174501], [-122.42484143866996, 37.802184891918884], [-122.42482443805322, 37.80210089208976], [-122.42469443745858, 37.801435891431176], [-122.42466043802169, 37.801366892273066], [-122.4246334373592, 37.801309891438585], [-122.42462743840971, 37.80127089241136], [-122.42449043814239, 37.80041189216211], [-122.42506843755237, 37.800337891470846], [-122.42602743762721, 37.80021589220277], [-122.42652043844501, 37.8001528911928], [-122.4268144381729, 37.80011589179139], [-122.42767143903878, 37.800006891586285], [-122.42931644027526, 37.799797891797965], [-122.42949043945423, 37.80065489186763], [-122.42951244009386, 37.800762891006904], [-122.42969344074213, 37.801663891986685], [-122.4298814392665, 37.80259289145379], [-122.43007144013558, 37.80352789173527], [-122.4284264397974, 37.803736892325595], [-122.4277134406682, 37.80382789219061], [-122.42678243928415, 37.80394589232444], [-122.42567243959658, 37.80408789169421], [-122.42523543795694, 37.80414289238641]]]]}, "properties": {"tract_fips": "06075012901", "fema_risk_rating": "Relatively High", "fema_risk_score": 95.4823826002}}, {"type": "Feature", "geometry": {"type": "MultiPolygon", "coordinates": [[[[-122.43007144013558, 37.80352789173527], [-122.4298814392665, 37.80259289145379], [-122.42969344074213, 37.801663891986685], [-122.42951244009386, 37.800762891006904], [-122.42949043945423, 37.80065489186763], [-122.42931644027526, 37.799797891797965], [-122.42767143903878, 37.800006891586285], [-122.4268144381729, 37.80011589179139], [-122.42652043844501, 37.8001528911928], [-122.42602743762721, 37.80021589220277], [-122.42506843755237, 37.800337891470846], [-122.42449043814239, 37.80041189216211], [-122.42446943822598, 37.800321891752844], [-122.42431843771493, 37.799574891789526], [-122.4243014379965, 37.79948189139927], [-122.42584043892778, 37.799285891811486], [-122.42665743871235, 37.799181891036774], [-122.4274834378195, 37.79907689211264], [-122.42912843815765, 37.79886789040283], [-122.43077344029247, 37.79865789009301], [-122.43241943955722, 37.79844889074676], [-122.43406244024558, 37.79823988938956], [-122.43570444110902, 37.79803089028032], [-122.43579843992202, 37.798496889687804], [-122.43589244053166, 37.79896189028046], [-122.43598744186454, 37.79942889033073], [-122.43606144148438, 37.79979789037837], [-122.4360844410506, 37.799913890320305], [-122.43625144145518, 37.8007318897322], [-122.436300441859, 37.800823889859494], [-122.43640744109081, 37.80090489010817], [-122.43679044230376, 37.80253489006031], [-122.43682544156555, 37.80272489046586], [-122.43664644236372, 37.80268288980562], [-122.43499944147742, 37.80285789003305], [-122.43335444203755, 37.803066891099796], [-122.4317054406031, 37.80327689165068], [-122.43007144013558, 37.80352789173527]]]]}, "properties": {"tract_fips": "06075012902", "fema_risk_rating": "Relatively High", "fema_risk_score": 96.4681959259}}, {"type": "Feature", "geometry": {"type": "MultiPolygon", "coordinates": [[[[-122.4243014379965, 37.79948189139927], [-122.42428043718179, 37.799387891473536], [-122.42422643765342, 37.79911989140617], [-122.42414743711238, 37.7987288913462], [-122.42413043739394, 37.798642891569045], [-122.42410843765265, 37.798548891995324], [-122.42409243775911, 37.798455891732935], [-122.4239704375604, 37.79785489195412], [-122.42394043742316, 37.797706891762616], [-122.42392043822997, 37.797613891859854], [-122.42390343671492, 37.79751989168651], [-122.42383143674489, 37.79716589115346], [-122.42375243620388, 37.79677589227175], [-122.42373143628747, 37.796687891311144], [-122.42427043623773, 37.79661789181118], [-122.42450643623928, 37.79658789180235], [-122.42527643796484, 37.79649089124089], [-122.42691943775488, 37.79628189073259], [-122.42753743734787, 37.796202890726065], [-122.42794243830214, 37.79615189048833], [-122.42856443809305, 37.796072890342806], [-122.42862743784224, 37.79606389020407], [-122.42960043816076, 37.79594089009092], [-122.43020943753291, 37.795863890071644], [-122.43039743875221, 37.79679289079163], [-122.4305854399715, 37.79772589036975], [-122.43077344029247, 37.79865789009301], [-122.42912843815765, 37.79886789040283], [-122.4274834378195, 37.79907689211264], [-122.42665743871235, 37.799181891036774], [-122.42584043892778, 37.799285891811486], [-122.4243014379965, 37.79948189139927]]]]}, "properties": {"tract_fips": "06075013001", "fema_risk_rating": "Very High", "fema_risk_score": 98.4077152676}}, {"type": "Feature", "geometry": {"type": "MultiPolygon", "coordinates": [[[[-122.43570444110902, 37.79803089028032], [-122.43406244024558, 37.79823988938956], [-122.43241943955722, 37.79844889074676], [-122.43077344029247, 37.79865789009301], [-122.4305854399715, 37.79772589036975], [-122.43039743875221, 37.79679289079163], [-122.43020943753291, 37.795863890071644], [-122.43185443876939, 37.79565388974025], [-122.43349543890959, 37.7954448897034], [-122.43435143995058, 37.795335889704354], [-122.4351394403212, 37.795235889075265], [-122.4367874410324, 37.79502588979821], [-122.43697644027998, 37.79595888968744], [-122.43716444060094, 37.796888890084695], [-122.43735244182024, 37.79782088972057], [-122.43570444110902, 37.79803089028032]]]]}, "properties": {"tract_fips": "06075013002", "fema_risk_rating": "Relatively High", "fema_risk_score": 96.1566361053}}, {"type": "Feature", "geometry": {"type": "MultiPolygon", "coordinates": [[[[-122.42373143628747, 37.796687891311144], [-122.42371543639393, 37.79658989213454], [-122.4236774358608, 37.7964058918663], [-122.42364043694919, 37.7962228920206], [-122.42356543660614, 37.795847891514164], [-122.42350743598148, 37.79574889175562], [-122.42330943561474, 37.79481989139444], [-122.423169436771, 37.79393289068963], [-122.42315943672526, 37.79383889080159], [-122.42301943518655, 37.79313989088072], [-122.42299943599336, 37.79304689090766], [-122.42298143555169, 37.7929538908176], [-122.42284243563452, 37.79226488974024], [-122.42282743646423, 37.79217089056951], [-122.4228044351014, 37.792077890796534], [-122.42266243570948, 37.79137888983284], [-122.42263743649343, 37.79128689072066], [-122.42418743549874, 37.79109089068688], [-122.42582843653727, 37.7908838902968], [-122.42600643591418, 37.791766890476474], [-122.42618343546617, 37.79264389014502], [-122.42636143663974, 37.793526889877825], [-122.4265404376382, 37.794407890734085], [-122.42672643830934, 37.79532589000244], [-122.42682543804355, 37.79581589012964], [-122.42689843783849, 37.79618089050258], [-122.42691943775488, 37.79628189073259], [-122.42527643796484, 37.79649089124089], [-122.42450643623928, 37.79658789180235], [-122.42427043623773, 37.79661789181118], [-122.42373143628747, 37.796687891311144]]]]}, "properties": {"tract_fips": "06075013101", "fema_risk_rating": "Very High", "fema_risk_score": 99.1568858288}}, {"type": "Feature", "geometry": {"type": "MultiPolygon", "coordinates": [[[[-122.42691943775488, 37.79628189073259], [-122.42689843783849, 37.79618089050258], [-122.42682543804355, 37.79581589012964], [-122.42672643830934, 37.79532589000244], [-122.4265404376382, 37.794407890734085], [-122.42636143663974, 37.793526889877825], [-122.42618343546617, 37.79264389014502], [-122.42600643591418, 37.791766890476474], [-122.42582843653727, 37.7908838902968], [-122.42418743549874, 37.79109089068688], [-122.42263743649343, 37.79128689072066], [-122.42262543500122, 37.791192890305766], [-122.42248143506119, 37.79048189005346], [-122.4224464349011, 37.79036788999961], [-122.4240014357259, 37.79016989057164], [-122.4256424358661, 37.78996189018519], [-122.42728643637938, 37.789752890374416], [-122.42893143671755, 37.78954388926257], [-122.42911843721362, 37.790468890367535], [-122.42929643748884, 37.79134888982627], [-122.42947343793917, 37.79222689042214], [-122.42965143821439, 37.79310788974296], [-122.42983043831454, 37.79398689022386], [-122.43001543826244, 37.794904890464274], [-122.43009143843045, 37.795282890630055], [-122.43013043878851, 37.79547289052382], [-122.43016943734993, 37.795666889933585], [-122.43020943753291, 37.795863890071644], [-122.42960043816076, 37.79594089009092], [-122.42862743784224, 37.79606389020407], [-122.42856443809305, 37.796072890342806], [-122.42794243830214, 37.79615189048833], [-122.42753743734787, 37.796202890726065], [-122.42691943775488, 37.79628189073259]]]]}, "properties": {"tract_fips": "06075013102", "fema_risk_rating": "Relatively High", "fema_risk_score": 96.1958783728}}, {"type": "Feature", "geometry": {"type": "MultiPolygon", "coordinates": [[[[-122.44026044200685, 37.79554288826931], [-122.43861744042017, 37.79575088927119], [-122.43697644027998, 37.79595888968744], [-122.4367874410324, 37.79502588979821], [-122.4351394403212, 37.795235889075265], [-122.43435143995058, 37.795335889704354], [-122.43349543890959, 37.7954448897034], [-122.43185443876939, 37.79565388974025], [-122.43020943753291, 37.795863890071644], [-122.43016943734993, 37.795666889933585], [-122.43013043878851, 37.79547289052382], [-122.43009143843045, 37.795282890630055], [-122.43001543826244, 37.794904890464274], [-122.42983043831454, 37.79398689022386], [-122.42965143821439, 37.79310788974296], [-122.43128943887986, 37.7928988896024], [-122.43294443836545, 37.7926898895805], [-122.43458443868077, 37.792481889189084], [-122.43623044064047, 37.79227288869745], [-122.43787243880897, 37.79206388832456], [-122.43951444057072, 37.79185288831973], [-122.44118144065021, 37.79164088818919], [-122.44285344075257, 37.7914278879243], [-122.44450444183681, 37.79121788776188], [-122.44614344232723, 37.7910088879542], [-122.44632644262532, 37.79188888737071], [-122.44637044210793, 37.79217388840771], [-122.44647244221517, 37.79282088761525], [-122.446550442033, 37.79334688708013], [-122.44661444250539, 37.79377488769799], [-122.44667844297781, 37.79420488765301], [-122.44675444314579, 37.794715887881424], [-122.44525044327295, 37.79490788819149], [-122.443599443087, 37.795117888513836], [-122.44192844191123, 37.79533088807895], [-122.44026044200685, 37.79554288826931]]]]}, "properties": {"tract_fips": "06075013200", "fema_risk_rating": "Very High", "fema_risk_score": 99.7419523623}}, {"type": "Feature", "geometry": {"type": "MultiPolygon", "coordinates": [[[[-122.44632644262532, 37.79188888737071], [-122.44614344232723, 37.7910088879542], [-122.4459604420291, 37.79012888728575], [-122.44578444230201, 37.7892578870447], [-122.44561544134929, 37.788373886421276], [-122.44542844175155, 37.78744788648819], [-122.44681944164648, 37.78727188637849], [-122.4484944421219, 37.78705888629819], [-122.45014444248294, 37.78684788549006], [-122.45025144171477, 37.78682688561889], [-122.45178444279824, 37.78662988552295], [-122.45331344368378, 37.786437885709745], [-122.45343344333439, 37.78642788551352], [-122.4548004438382, 37.78625388571646], [-122.45507644312443, 37.78621888493664], [-122.45589144415752, 37.78611488493542], [-122.45671144431516, 37.78600988376868], [-122.4569894441495, 37.785973883983345], [-122.45808844396642, 37.785833884493876], [-122.45920544422498, 37.78569188482185], [-122.4592824460145, 37.786632884295905], [-122.45930644540563, 37.78692388395964], [-122.45935044578655, 37.787530884232424], [-122.45941444625899, 37.78841488429169], [-122.4594794465563, 37.78931088405176], [-122.45950244612251, 37.78972088493009], [-122.45905544533547, 37.78972588551542], [-122.45750644615508, 37.790035885652514], [-122.45586244474352, 37.79036488569907], [-122.45425544404016, 37.790685886572334], [-122.45276644333761, 37.79098388616798], [-122.45102144433864, 37.7913328867416], [-122.44945244327013, 37.791646886747984], [-122.44939344371892, 37.79149788595276], [-122.44804644330655, 37.79166888690189], [-122.44770544192639, 37.791712887899955], [-122.44632644262532, 37.79188888737071]]]]}, "properties": {"tract_fips": "06075013300", "fema_risk_rating": "Very High", "fema_risk_score": 99.6753594235}}, {"type": "Feature", "geometry": {"type": "MultiPolygon", "coordinates": [[[[-122.43623044064047, 37.79227288869745], [-122.43605243946693, 37.791392888885184], [-122.43587543811829, 37.79051188828232], [-122.4356994383912, 37.789638888485946], [-122.4356074383297, 37.78918188813581], [-122.43551243879345, 37.788706888569806], [-122.43715543768515, 37.78849788804905], [-122.43879943909674, 37.7882878880785], [-122.44034643952563, 37.78809188789888], [-122.44041643984583, 37.78808288749787], [-122.44046644007454, 37.78807688793981], [-122.44051443975513, 37.78807088767133], [-122.44052843999881, 37.788151886994896], [-122.44068443963444, 37.788931887848065], [-122.44069644022831, 37.788998887434545], [-122.44070744009896, 37.78907688777722], [-122.44085343968884, 37.78980688799427], [-122.44083244067073, 37.78988188742327], [-122.44101044094599, 37.79076488821876], [-122.44118144065021, 37.79164088818919], [-122.43951444057072, 37.79185288831973], [-122.43787243880897, 37.79206388832456], [-122.43623044064047, 37.79227288869745]]]]}, "properties": {"tract_fips": "06075013401", "fema_risk_rating": "Relatively High", "fema_risk_score": 92.5368342193}}, {"type": "Feature", "geometry": {"type": "MultiPolygon", "coordinates": [[[[-122.44118144065021, 37.79164088818919], [-122.44101044094599, 37.79076488821876], [-122.44083244067073, 37.78988188742327], [-122.44085343968884, 37.78980688799427], [-122.44070744009896, 37.78907688777722], [-122.44069644022831, 37.788998887434545], [-122.44068443963444, 37.788931887848065], [-122.44052843999881, 37.788151886994896], [-122.44051443975513, 37.78807088767133], [-122.44213643962875, 37.7878658871986], [-122.4437794412154, 37.787656886429], [-122.44542844175155, 37.78744788648819], [-122.44561544134929, 37.788373886421276], [-122.44578444230201, 37.7892578870447], [-122.4459604420291, 37.79012888728575], [-122.44614344232723, 37.7910088879542], [-122.44450444183681, 37.79121788776188], [-122.44285344075257, 37.7914278879243], [-122.44118144065021, 37.79164088818919]]]]}, "properties": {"tract_fips": "06075013402", "fema_risk_rating": "Very High", "fema_risk_score": 98.0271841889}}, {"type": "Feature", "geometry": {"type": "MultiPolygon", "coordinates": [[[[-122.42965143821439, 37.79310788974296], [-122.42947343793917, 37.79222689042214], [-122.42929643748884, 37.79134888982627], [-122.42911843721362, 37.790468890367535], [-122.42893143671755, 37.78954388926257], [-122.43057743777894, 37.7893338901349], [-122.43222343794203, 37.789124888547875], [-122.43304543864782, 37.789020888376875], [-122.43386643773205, 37.788915887789514], [-122.43551243879345, 37.788706888569806], [-122.4356074383297, 37.78918188813581], [-122.4356994383912, 37.789638888485946], [-122.43587543811829, 37.79051188828232], [-122.43605243946693, 37.791392888885184], [-122.43623044064047, 37.79227288869745], [-122.43458443868077, 37.792481889189084], [-122.43294443836545, 37.7926898895805], [-122.43128943887986, 37.7928988896024], [-122.42965143821439, 37.79310788974296]]]]}, "properties": {"tract_fips": "06075013500", "fema_risk_rating": "Very High", "fema_risk_score": 97.5741143734}}, {"type": "Feature", "geometry": {"type": "MultiPolygon", "coordinates": [[[[-122.4224464349011, 37.79036788999961], [-122.4224344343072, 37.790250890434], [-122.42228343379617, 37.78950189033666], [-122.42226343460298, 37.78940889004399], [-122.42224543416133, 37.78931588963427], [-122.42217143364316, 37.788952889960704], [-122.42210343476943, 37.78848388986805], [-122.4219814345707, 37.788010889929375], [-122.4219054344027, 37.7876378902021], [-122.42188443358799, 37.78754488969325], [-122.42186843369446, 37.78745188977731], [-122.42179143370159, 37.787071890133674], [-122.42171543353358, 37.7866988899264], [-122.42170143418821, 37.78661489023665], [-122.42149843379862, 37.785685890039346], [-122.42146843455969, 37.78557689055213], [-122.42138643364564, 37.78522388991109], [-122.42130343380494, 37.78486688983459], [-122.42128243388855, 37.78475489029046], [-122.4228644335792, 37.78455689002193], [-122.42306643324557, 37.784562889865704], [-122.42335143365094, 37.78462488964326], [-122.42363843370609, 37.784775890040436], [-122.42390043364692, 37.785012889543296], [-122.42419643482123, 37.785202889578436], [-122.42456443416897, 37.78528388991571], [-122.42470443480937, 37.78530088965971], [-122.42473043385033, 37.785427889586174], [-122.42488443383613, 37.78620588947037], [-122.4250734348803, 37.787139889570774], [-122.42516743548997, 37.787606889808835], [-122.42526343574941, 37.78807989020361], [-122.42535743546077, 37.78854588990569], [-122.42544943642056, 37.789004890467325], [-122.4256424358661, 37.78996189018519], [-122.4240014357259, 37.79016989057164], [-122.4224464349011, 37.79036788999961]]]]}, "properties": {"tract_fips": "06075015100", "fema_risk_rating": "Very High", "fema_risk_score": 99.3828261568}}, {"type": "Feature", "geometry": {"type": "MultiPolygon", "coordinates": [[[[-122.4256424358661, 37.78996189018519], [-122.42544943642056, 37.789004890467325], [-122.42535743546077, 37.78854588990569], [-122.42526343574941, 37.78807989020361], [-122.42516743548997, 37.787606889808835], [-122.4250734348803, 37.787139889570774], [-122.42669343600244, 37.78693489006504], [-122.42836243573174, 37.786722890023036], [-122.42855143587762, 37.78766088899686], [-122.42857943546673, 37.78780088928486], [-122.42873843637369, 37.78858688981045], [-122.42893143671755, 37.78954388926257], [-122.42728643637938, 37.789752890374416], [-122.4256424358661, 37.78996189018519]]]]}, "properties": {"tract_fips": "06075015201", "fema_risk_rating": "Very High", "fema_risk_score": 97.9546454521}}, {"type": "Feature", "geometry": {"type": "MultiPolygon", "coordinates": [[[[-122.42893143671755, 37.78954388926257], [-122.42873843637369, 37.78858688981045], [-122.42857943546673, 37.78780088928486], [-122.42855143587762, 37.78766088899686], [-122.42836243573174, 37.786722890023036], [-122.43000543552176, 37.78651388886056], [-122.43149343639942, 37.786324888241346], [-122.43157843678824, 37.78631388843457], [-122.43166143662891, 37.78630288862616], [-122.43229743576522, 37.78622188798588], [-122.43329843746947, 37.786094888003966], [-122.43494443763257, 37.78588588861515], [-122.43513243795356, 37.7868208880887], [-122.43522543783996, 37.78728488804668], [-122.4353194375513, 37.78775088850254], [-122.43551243879345, 37.788706888569806], [-122.43386643773205, 37.788915887789514], [-122.43304543864782, 37.789020888376875], [-122.43222343794203, 37.789124888547875], [-122.43057743777894, 37.7893338901349], [-122.42893143671755, 37.78954388926257]]]]}, "properties": {"tract_fips": "06075015202", "fema_risk_rating": "Relatively High", "fema_risk_score": 92.4357556515}}, {"type": "Feature", "geometry": {"type": "MultiPolygon", "coordinates": [[[[-122.44051443975513, 37.78807088767133], [-122.44046644007454, 37.78807688793981], [-122.44041643984583, 37.78808288749787], [-122.44034643952563, 37.78809188789888], [-122.43879943909674, 37.7882878880785], [-122.43715543768515, 37.78849788804905], [-122.43551243879345, 37.788706888569806], [-122.4353194375513, 37.78775088850254], [-122.43522543783996, 37.78728488804668], [-122.43513243795356, 37.7868208880887], [-122.43494443763257, 37.78588588861515], [-122.43658343812295, 37.78567788823916], [-122.43823243776076, 37.78546888767111], [-122.43977843836474, 37.785272887824156], [-122.43986143910374, 37.785262887470275], [-122.43989943873856, 37.785257888002796], [-122.43994643859422, 37.78525188750548], [-122.44156344024164, 37.78504588598989], [-122.44320943950638, 37.7848368864743], [-122.44339644000245, 37.78576888621276], [-122.44358643997325, 37.78670088626674], [-122.4437794412154, 37.787656886429], [-122.44213643962875, 37.7878658871986], [-122.44051443975513, 37.78807088767133]]]]}, "properties": {"tract_fips": "06075015300", "fema_risk_rating": "Relatively High", "fema_risk_score": 96.5145731512}}, {"type": "Feature", "geometry": {"type": "MultiPolygon", "coordinates": [[[[-122.44339644000245, 37.78576888621276], [-122.44320943950638, 37.7848368864743], [-122.44301544023595, 37.78390688630757], [-122.4428364401358, 37.78298088648934], [-122.44281944041738, 37.78289488613058], [-122.44446743933194, 37.78268788621071], [-122.44573743975141, 37.78252788614974], [-122.44582943981291, 37.78252288649724], [-122.44585244027745, 37.78252188543078], [-122.44587943914331, 37.78251988613765], [-122.44680144120483, 37.782470885689385], [-122.44732844056121, 37.78240188585801], [-122.44734444045474, 37.782441885973874], [-122.44739244013532, 37.78256488583965], [-122.44809044099256, 37.78249288502529], [-122.44901544073217, 37.78236988574969], [-122.44910544024555, 37.78232388556976], [-122.45013244188904, 37.78219888600111], [-122.45116144228409, 37.7820688844079], [-122.45125944219336, 37.78206088434612], [-122.45208744184863, 37.7819568848836], [-122.45218444103469, 37.7819358843327], [-122.45321044195501, 37.781794883927525], [-122.45421244258584, 37.78166088370104], [-122.45531644242561, 37.78153888412074], [-122.45555644262512, 37.781518884531145], [-122.45586944261957, 37.78148188360762], [-122.45608544252964, 37.78146988412926], [-122.45633044275202, 37.781458884309885], [-122.45642244281353, 37.781456884278], [-122.45665544334034, 37.78144888414994], [-122.4577854440177, 37.78141188390138], [-122.45890444482443, 37.78133588402359], [-122.459024444475, 37.78319888444075], [-122.45907144433068, 37.783836883928224], [-122.45794944404925, 37.78388388421464], [-122.45683944436166, 37.78393888433054], [-122.4557374432734, 37.78398888414221], [-122.45464444420259, 37.784039884256046], [-122.45367944248336, 37.78406388450623], [-122.45277844303315, 37.78407488606785], [-122.4525654416995, 37.78408688583326], [-122.45230244193381, 37.78410088555708], [-122.45202444209944, 37.78411588490329], [-122.45190144207581, 37.78413688554481], [-122.45157244128951, 37.78419288580636], [-122.45103844226045, 37.78428488594108], [-122.45016244292462, 37.78449088602806], [-122.44929644093959, 37.78469788586796], [-122.44764644147683, 37.78509388582914], [-122.44644844102743, 37.7853798864141], [-122.44504644126181, 37.785558886296535], [-122.44339644000245, 37.78576888621276]]]]}, "properties": {"tract_fips": "06075015401", "fema_risk_rating": "Very High", "fema_risk_score": 97.9035115884}}, {"type": "Feature", "geometry": {"type": "MultiPolygon", "coordinates": [[[[-122.44542844175155, 37.78744788648819], [-122.4437794412154, 37.787656886429], [-122.44358643997325, 37.78670088626674], [-122.44339644000245, 37.78576888621276], [-122.44504644126181, 37.785558886296535], [-122.44644844102743, 37.7853798864141], [-122.44764644147683, 37.78509388582914], [-122.44929644093959, 37.78469788586796], [-122.45016244292462, 37.78449088602806], [-122.45103844226045, 37.78428488594108], [-122.45157244128951, 37.78419288580636], [-122.45190144207581, 37.78413688554481], [-122.45202444209944, 37.78411588490329], [-122.45230244193381, 37.78410088555708], [-122.4525654416995, 37.78408688583326], [-122.45277844303315, 37.78407488606785], [-122.45367944248336, 37.78406388450623], [-122.45464444420259, 37.784039884256046], [-122.4557374432734, 37.78398888414221], [-122.45683944436166, 37.78393888433054], [-122.45794944404925, 37.78388388421464], [-122.45907144433068, 37.783836883928224], [-122.45916044401915, 37.785068884171444], [-122.45920544422498, 37.78569188482185], [-122.45808844396642, 37.785833884493876], [-122.4569894441495, 37.785973883983345], [-122.45671144431516, 37.78600988376868], [-122.45589144415752, 37.78611488493542], [-122.45507644312443, 37.78621888493664], [-122.4548004438382, 37.78625388571646], [-122.45343344333439, 37.78642788551352], [-122.45331344368378, 37.786437885709745], [-122.45178444279824, 37.78662988552295], [-122.45025144171477, 37.78682688561889], [-122.45014444248294, 37.78684788549006], [-122.4484944421219, 37.78705888629819], [-122.44681944164648, 37.78727188637849], [-122.44542844175155, 37.78744788648819]]]]}, "properties": {"tract_fips": "06075015402", "fema_risk_rating": "Relatively High", "fema_risk_score": 91.7662587849}}, {"type": "Feature", "geometry": {"type": "MultiPolygon", "coordinates": [[[[-122.43494443763257, 37.78588588861515], [-122.43329843746947, 37.786094888003966], [-122.43229743576522, 37.78622188798588], [-122.43166143662891, 37.78630288862616], [-122.43157843678824, 37.78631388843457], [-122.43149343639942, 37.786324888241346], [-122.43000543552176, 37.78651388886056], [-122.42836243573174, 37.786722890023036], [-122.42669343600244, 37.78693489006504], [-122.4250734348803, 37.787139889570774], [-122.42488443383613, 37.78620588947037], [-122.42473043385033, 37.785427889586174], [-122.42493643371465, 37.78542688926896], [-122.42569743432105, 37.78534688940672], [-122.42648243431861, 37.78525488917409], [-122.4280354354936, 37.785067888109104], [-122.42842743513076, 37.78501488876904], [-122.42954543611255, 37.78486488847505], [-122.43115443646572, 37.784650888229095], [-122.43131743577402, 37.78463088877159], [-122.43291143605855, 37.78442988788875], [-122.43294043637087, 37.78436488837283], [-122.43299643644737, 37.784419888130785], [-122.43376343600328, 37.784323887545604], [-122.43449143699772, 37.78423188816937], [-122.43458843798041, 37.78416188751779], [-122.4346854371665, 37.7842038880587], [-122.43777843819933, 37.78381188752506], [-122.4378894376291, 37.78380088734424], [-122.43803743776711, 37.78378188728624], [-122.43828143816458, 37.783724887083004], [-122.43855443797604, 37.78360688730727], [-122.43892743914326, 37.783459886607105], [-122.43932943792787, 37.78340488684473], [-122.43946543747198, 37.78339488623809], [-122.43957543797514, 37.78338688702977], [-122.4411844383283, 37.78317388640184], [-122.4428364401358, 37.78298088648934], [-122.44301544023595, 37.78390688630757], [-122.44320943950638, 37.7848368864743], [-122.44156344024164, 37.78504588598989], [-122.43994643859422, 37.78525188750548], [-122.43989943873856, 37.785257888002796], [-122.43986143910374, 37.785262887470275], [-122.43977843836474, 37.785272887824156], [-122.43823243776076, 37.78546888767111], [-122.43658343812295, 37.78567788823916], [-122.43494443763257, 37.78588588861515]]]]}, "properties": {"tract_fips": "06075015500", "fema_risk_rating": "Very High", "fema_risk_score": 99.5112553958}}, {"type": "Feature", "geometry": {"type": "MultiPolygon", "coordinates": [[[[-122.45421244258584, 37.78166088370104], [-122.454174442951, 37.78153888412074], [-122.45414244316395, 37.78144488408558], [-122.45390344189103, 37.78024888424475], [-122.45388144214971, 37.78013588441385], [-122.45386744190603, 37.77989788379027], [-122.45380844235478, 37.779611884002115], [-122.45369544237688, 37.779064884093195], [-122.45347644209376, 37.777987884208564], [-122.45341144179645, 37.777836884144044], [-122.4543574423508, 37.77772288446465], [-122.45524344263066, 37.777608883189394], [-122.45524644120711, 37.7775038841388], [-122.45515044184594, 37.77703588353423], [-122.45500444135777, 37.776331883646996], [-122.4548734418365, 37.7756948837326], [-122.45479044109751, 37.77553688363777], [-122.45470844018345, 37.77505888375756], [-122.45469444083804, 37.774974883619755], [-122.45470944090667, 37.77476488356775], [-122.45527944081906, 37.77469688339605], [-122.45631044176221, 37.774564882591754], [-122.45839744196628, 37.77431888159362], [-122.45846144243868, 37.77524988285344], [-122.45848944202778, 37.77562788273602], [-122.45853144275887, 37.776199882211735], [-122.45860744202854, 37.77726388412608], [-122.45866444282828, 37.778017883959], [-122.45875844343792, 37.77934288351177], [-122.45888744330934, 37.781212884242564], [-122.45890444482443, 37.78133588402359], [-122.4577854440177, 37.78141188390138], [-122.45665544334034, 37.78144888414994], [-122.45642244281353, 37.781456884278], [-122.45633044275202, 37.781458884309885], [-122.45608544252964, 37.78146988412926], [-122.45586944261957, 37.78148188360762], [-122.45555644262512, 37.781518884531145], [-122.45531644242561, 37.78153888412074], [-122.45421244258584, 37.78166088370104]]]]}, "properties": {"tract_fips": "06075015600", "fema_risk_rating": "Relatively High", "fema_risk_score": 94.2872771812}}, {"type": "Feature", "geometry": {"type": "MultiPolygon", "coordinates": [[[[-122.44732844056121, 37.78240188585801], [-122.44747744052414, 37.782204885326365], [-122.44766344029696, 37.78172888598689], [-122.44770544012977, 37.781519885611196], [-122.44762943996179, 37.78115088586275], [-122.44760643949725, 37.78106288546216], [-122.44742744029543, 37.780197885775046], [-122.44726043989085, 37.779391885323626], [-122.4471244394484, 37.77872488463454], [-122.44706643882374, 37.77863188427011], [-122.4468724395533, 37.77767888436695], [-122.44668643798384, 37.77675188419281], [-122.44666943826542, 37.776668884284284], [-122.44649743873627, 37.77581188433121], [-122.44746943833158, 37.775687884850065], [-122.44809443939387, 37.77560888412736], [-122.44887643991669, 37.775508884493554], [-122.44922843937087, 37.77546388475623], [-122.44973443881086, 37.77539988419901], [-122.45138444007021, 37.77518488378527], [-122.45283644096287, 37.775004883882765], [-122.45302943951008, 37.77498088353132], [-122.4536214400621, 37.77490388368242], [-122.45470944090667, 37.77476488356775], [-122.45469444083804, 37.774974883619755], [-122.45470844018345, 37.77505888375756], [-122.45479044109751, 37.77553688363777], [-122.4548734418365, 37.7756948837326], [-122.45500444135777, 37.776331883646996], [-122.45515044184594, 37.77703588353423], [-122.45524644120711, 37.7775038841388], [-122.45524344263066, 37.777608883189394], [-122.4543574423508, 37.77772288446465], [-122.45341144179645, 37.777836884144044], [-122.45347644209376, 37.777987884208564], [-122.45369544237688, 37.779064884093195], [-122.45380844235478, 37.779611884002115], [-122.45386744190603, 37.77989788379027], [-122.45388144214971, 37.78013588441385], [-122.45390344189103, 37.78024888424475], [-122.45414244316395, 37.78144488408558], [-122.454174442951, 37.78153888412074], [-122.45421244258584, 37.78166088370104], [-122.45321044195501, 37.781794883927525], [-122.45218444103469, 37.7819358843327], [-122.45208744184863, 37.7819568848836], [-122.45125944219336, 37.78206088434612], [-122.45116144228409, 37.7820688844079], [-122.45013244188904, 37.78219888600111], [-122.44910544024555, 37.78232388556976], [-122.44901544073217, 37.78236988574969], [-122.44809044099256, 37.78249288502529], [-122.44739244013532, 37.78256488583965], [-122.44734444045474, 37.782441885973874], [-122.44732844056121, 37.78240188585801]]]]}, "properties": {"tract_fips": "06075015701", "fema_risk_rating": "Very High", "fema_risk_score": 99.5172011939}}, {"type": "Feature", "geometry": {"type": "MultiPolygon", "coordinates": [[[[-122.44281944041738, 37.78289488613058], [-122.44279243885654, 37.7828318859694], [-122.44271844013502, 37.78265288658194], [-122.44184643920052, 37.78231688660479], [-122.4416984390625, 37.782243885898545], [-122.44153843833065, 37.782105885747555], [-122.4413664379032, 37.78124488627179], [-122.44117543720915, 37.780302885969064], [-122.44098443741346, 37.77937388595142], [-122.44114543886857, 37.779381886304066], [-122.44207943882901, 37.77925388623794], [-122.44189243743463, 37.77830988600566], [-122.44170443711367, 37.77738288593382], [-122.44166743820206, 37.77720088555564], [-122.44166043763106, 37.77716588616891], [-122.44151443714287, 37.7764448857427], [-122.44315843765614, 37.776235885337606], [-122.44480643746905, 37.7760268843416], [-122.44649743873627, 37.77581188433121], [-122.44666943826542, 37.776668884284284], [-122.44668643798384, 37.77675188419281], [-122.4468724395533, 37.77767888436695], [-122.44706643882374, 37.77863188427011], [-122.4471244394484, 37.77872488463454], [-122.44726043989085, 37.779391885323626], [-122.44742744029543, 37.780197885775046], [-122.44760643949725, 37.78106288546216], [-122.44762943996179, 37.78115088586275], [-122.44770544012977, 37.781519885611196], [-122.44766344029696, 37.78172888598689], [-122.44747744052414, 37.782204885326365], [-122.44732844056121, 37.78240188585801], [-122.44680144120483, 37.782470885689385], [-122.44587943914331, 37.78251988613765], [-122.44585244027745, 37.78252188543078], [-122.44582943981291, 37.78252288649724], [-122.44573743975141, 37.78252788614974], [-122.44446743933194, 37.78268788621071], [-122.44281944041738, 37.78289488613058]]]]}, "properties": {"tract_fips": "06075015702", "fema_risk_rating": "Relatively High", "fema_risk_score": 97.2149881679}}, {"type": "Feature", "geometry": {"type": "MultiPolygon", "coordinates": [[[[-122.43458843798041, 37.78416188751779], [-122.43437643647167, 37.78309288801182], [-122.43418843615072, 37.782160887186556], [-122.43399943600481, 37.78122888809885], [-122.43381143568382, 37.78029688719939], [-122.43362243553794, 37.77936488732866], [-122.43343343539206, 37.77843188594531], [-122.43389543624772, 37.77837288647107], [-122.43507843573023, 37.77822288689761], [-122.4367234360684, 37.77801588667409], [-122.4369114363894, 37.77894788651292], [-122.43700543610069, 37.77941388628596], [-122.43709843688544, 37.779876886204384], [-122.43792143741615, 37.77977488587643], [-122.43871243726147, 37.779675885882945], [-122.43881843756667, 37.77966288571617], [-122.44042343772189, 37.779448886028405], [-122.44098443741346, 37.77937388595142], [-122.44117543720915, 37.780302885969064], [-122.4413664379032, 37.78124488627179], [-122.44153843833065, 37.782105885747555], [-122.4416984390625, 37.782243885898545], [-122.44184643920052, 37.78231688660479], [-122.44271844013502, 37.78265288658194], [-122.44279243885654, 37.7828318859694], [-122.44281944041738, 37.78289488613058], [-122.4428364401358, 37.78298088648934], [-122.4411844383283, 37.78317388640184], [-122.43957543797514, 37.78338688702977], [-122.43946543747198, 37.78339488623809], [-122.43932943792787, 37.78340488684473], [-122.43892743914326, 37.783459886607105], [-122.43855443797604, 37.78360688730727], [-122.43828143816458, 37.783724887083004], [-122.43803743776711, 37.78378188728624], [-122.4378894376291, 37.78380088734424], [-122.43777843819933, 37.78381188752506], [-122.4346854371665, 37.7842038880587], [-122.43458843798041, 37.78416188751779]]]]}, "properties": {"tract_fips": "06075015801", "fema_risk_rating": "Very High", "fema_risk_score": 98.5385228259}}, {"type": "Feature", "geometry": {"type": "MultiPolygon", "coordinates": [[[[-122.44098443741346, 37.77937388595142], [-122.44042343772189, 37.779448886028405], [-122.43881843756667, 37.77966288571617], [-122.43871243726147, 37.779675885882945], [-122.43792143741615, 37.77977488587643], [-122.43709843688544, 37.779876886204384], [-122.43700543610069, 37.77941388628596], [-122.4369114363894, 37.77894788651292], [-122.4367234360684, 37.77801588667409], [-122.43507843573023, 37.77822288689761], [-122.43389543624772, 37.77837288647107], [-122.43343343539206, 37.77843188594531], [-122.43324543507107, 37.777499885991084], [-122.43489043540924, 37.777290885728426], [-122.4365334351993, 37.77707788599435], [-122.43815743651938, 37.77687188654777], [-122.43827043649729, 37.77685788616473], [-122.43987043662962, 37.77665388555694], [-122.44036643692218, 37.7765898860299], [-122.44151443714287, 37.7764448857427], [-122.44166043763106, 37.77716588616891], [-122.44166743820206, 37.77720088555564], [-122.44170443711367, 37.77738288593382], [-122.44189243743463, 37.77830988600566], [-122.44207943882901, 37.77925388623794], [-122.44114543886857, 37.779381886304066], [-122.44098443741346, 37.77937388595142]]]]}, "properties": {"tract_fips": "06075015802", "fema_risk_rating": "Very High", "fema_risk_score": 97.9320514193}}, {"type": "Feature", "geometry": {"type": "MultiPolygon", "coordinates": [[[[-122.42473043385033, 37.785427889586174], [-122.42470443480937, 37.78530088965971], [-122.42451343411535, 37.7843558896477], [-122.4243214335964, 37.78340988998741], [-122.42422843370997, 37.782951889103884], [-122.42413443399865, 37.78248688785332], [-122.42742243322854, 37.782066887942435], [-122.42906743536335, 37.781856888157], [-122.43055443551778, 37.78166588767177], [-122.43063543570862, 37.78165588824978], [-122.43072243574726, 37.78164488774813], [-122.43172243582997, 37.7815178884209], [-122.43235543549156, 37.78143788787738], [-122.43327743575645, 37.78131988800035], [-122.43399943600481, 37.78122888809885], [-122.43418843615072, 37.782160887186556], [-122.43437643647167, 37.78309288801182], [-122.43458843798041, 37.78416188751779], [-122.43449143699772, 37.78423188816937], [-122.43376343600328, 37.784323887545604], [-122.43299643644737, 37.784419888130785], [-122.43294043637087, 37.78436488837283], [-122.43291143605855, 37.78442988788875], [-122.43131743577402, 37.78463088877159], [-122.43115443646572, 37.784650888229095], [-122.42954543611255, 37.78486488847505], [-122.42842743513076, 37.78501488876904], [-122.4280354354936, 37.785067888109104], [-122.42648243431861, 37.78525488917409], [-122.42569743432105, 37.78534688940672], [-122.42493643371465, 37.78542688926896], [-122.42473043385033, 37.785427889586174]]]]}, "properties": {"tract_fips": "06075015900", "fema_risk_rating": "Very High", "fema_risk_score": 99.0403481859}}, {"type": "Feature", "geometry": {"type": "MultiPolygon", "coordinates": [[[[-122.42128243388855, 37.78475489029046], [-122.42126943436807, 37.78464488981235], [-122.42119743349973, 37.78429288931197], [-122.42112443280648, 37.78392488954571], [-122.42109543249417, 37.78382588943089], [-122.42107643222758, 37.783721889612], [-122.42100343243266, 37.78336188905445], [-122.42093243318587, 37.78289289039741], [-122.4208364320281, 37.78242688983783], [-122.42076443295637, 37.7820628900415], [-122.42071543165424, 37.781964889926584], [-122.42056843223949, 37.78102788932388], [-122.42038443211645, 37.78008188966759], [-122.42048743204862, 37.780078889918876], [-122.42191843212655, 37.77989988883437], [-122.42356743176437, 37.779683888332904], [-122.4237574335318, 37.78062188789523], [-122.42385143324313, 37.78108788847499], [-122.42394443402785, 37.7815458881292], [-122.42413443399865, 37.78248688785332], [-122.42422843370997, 37.782951889103884], [-122.4243214335964, 37.78340988998741], [-122.42451343411535, 37.7843558896477], [-122.42470443480937, 37.78530088965971], [-122.42456443416897, 37.78528388991571], [-122.42419643482123, 37.785202889578436], [-122.42390043364692, 37.785012889543296], [-122.42363843370609, 37.784775890040436], [-122.42335143365094, 37.78462488964326], [-122.42306643324557, 37.784562889865704], [-122.4228644335792, 37.78455689002193], [-122.42128243388855, 37.78475489029046]]]]}, "properties": {"tract_fips": "06075016000", "fema_risk_rating": "Very High", "fema_risk_score": 97.8939983114}}, {"type": "Feature", "geometry": {"type": "MultiPolygon", "coordinates": [[[[-122.43072243574726, 37.78164488774813], [-122.43053343470307, 37.78071488788603], [-122.4303464351053, 37.779781887922056], [-122.43014143416758, 37.7788518873405], [-122.43004443408321, 37.778365887842014], [-122.42995543439473, 37.77791888729256], [-122.43060243430004, 37.77783688769416], [-122.43075843393564, 37.77781688710292], [-122.43160143455782, 37.77770988750448], [-122.43324543507107, 37.777499885991084], [-122.43343343539206, 37.77843188594531], [-122.43362243553794, 37.77936488732866], [-122.43381143568382, 37.78029688719939], [-122.43399943600481, 37.78122888809885], [-122.43327743575645, 37.78131988800035], [-122.43235543549156, 37.78143788787738], [-122.43172243582997, 37.7815178884209], [-122.43072243574726, 37.78164488774813]]]]}, "properties": {"tract_fips": "06075016101", "fema_risk_rating": "Very High", "fema_risk_score": 97.5134672327}}, {"type": "Feature", "geometry": {"type": "MultiPolygon", "coordinates": [[[[-122.42413443399865, 37.78248688785332], [-122.42394443402785, 37.7815458881292], [-122.42385143324313, 37.78108788847499], [-122.4237574335318, 37.78062188789523], [-122.42356743176437, 37.779683888332904], [-122.42347443277626, 37.779222888008015], [-122.4233804312683, 37.778756888450914], [-122.42502443267988, 37.778547888192065], [-122.42666743426655, 37.778338888052325], [-122.42811043404005, 37.77815488777648], [-122.42893543422055, 37.77804888766439], [-122.4291784338948, 37.7780168870916], [-122.42979743421101, 37.7779388878562], [-122.4298754340288, 37.77792888793002], [-122.42995543439473, 37.77791888729256], [-122.43004443408321, 37.778365887842014], [-122.43014143416758, 37.7788518873405], [-122.4303464351053, 37.779781887922056], [-122.43053343470307, 37.78071488788603], [-122.43072243574726, 37.78164488774813], [-122.43063543570862, 37.78165588824978], [-122.43055443551778, 37.78166588767177], [-122.42906743536335, 37.781856888157], [-122.42742243322854, 37.782066887942435], [-122.42413443399865, 37.78248688785332]]]]}, "properties": {"tract_fips": "06075016102", "fema_risk_rating": "Relatively High", "fema_risk_score": 92.1337091078}}, {"type": "Feature", "geometry": {"type": "MultiPolygon", "coordinates": [[[[-122.42038443211645, 37.78008188966759], [-122.41996943201477, 37.77824788874105], [-122.41996043179392, 37.778129888741695], [-122.41988343180105, 37.777741888210215], [-122.41981443130575, 37.777396889057584], [-122.41979143084123, 37.77730088858101], [-122.41956842946182, 37.77637388792714], [-122.41945843075528, 37.77591788836099], [-122.41938543096036, 37.77544188829865], [-122.41981543023233, 37.77538288856822], [-122.42082143016283, 37.77525888836749], [-122.42098643091758, 37.77524188773397], [-122.42112343028664, 37.77522888820755], [-122.42262443158306, 37.77503088798252], [-122.4241534324686, 37.77483588789884], [-122.42427243139598, 37.7748208880896], [-122.42436943237867, 37.77480888752995], [-122.4259144322594, 37.77460888738301], [-122.426005432496, 37.77505888801782], [-122.4260964327326, 37.77553488770593], [-122.42619343281699, 37.77600688823098], [-122.42628943217815, 37.776473887811], [-122.42638543153929, 37.77693988755905], [-122.42647843322234, 37.7773978880634], [-122.4265744334818, 37.77787188818327], [-122.42666743426655, 37.778338888052325], [-122.42502443267988, 37.778547888192065], [-122.4233804312683, 37.778756888450914], [-122.42347443277626, 37.779222888008015], [-122.42356743176437, 37.779683888332904], [-122.42191843212655, 37.77989988883437], [-122.42048743204862, 37.780078889918876], [-122.42038443211645, 37.78008188966759]]]]}, "properties": {"tract_fips": "06075016200", "fema_risk_rating": "Very High", "fema_risk_score": 99.325746495}}, {"type": "Feature", "geometry": {"type": "MultiPolygon", "coordinates": [[[[-122.42995543439473, 37.77791888729256], [-122.4298754340288, 37.77792888793002], [-122.42979743421101, 37.7779388878562], [-122.4291784338948, 37.7780168870916], [-122.42893543422055, 37.77804888766439], [-122.42811043404005, 37.77815488777648], [-122.42666743426655, 37.778338888052325], [-122.4265744334818, 37.77787188818327], [-122.42647843322234, 37.7773978880634], [-122.42638543153929, 37.77693988755905], [-122.42628943217815, 37.776473887811], [-122.42619343281699, 37.77600688823098], [-122.4260964327326, 37.77553488770593], [-122.426005432496, 37.77505888801782], [-122.4259144322594, 37.77460888738301], [-122.42757243301638, 37.77439788795514], [-122.42920443383404, 37.77419088625199], [-122.43085143382206, 37.77398288633748], [-122.43237743433454, 37.77378888609461], [-122.43249343378717, 37.77376688629843], [-122.43266043329345, 37.77459488586135], [-122.43267543426037, 37.77470288617038], [-122.43268943360577, 37.77480988586068], [-122.43285643401033, 37.77563588633424], [-122.43288643414758, 37.775728886207496], [-122.43305443437706, 37.77655988641001], [-122.43324543507107, 37.777499885991084], [-122.43160143455782, 37.77770988750448], [-122.43075843393564, 37.77781688710292], [-122.43060243430004, 37.77783688769416], [-122.42995543439473, 37.77791888729256]]]]}, "properties": {"tract_fips": "06075016300", "fema_risk_rating": "Relatively High", "fema_risk_score": 97.3124992568}}, {"type": "Feature", "geometry": {"type": "MultiPolygon", "coordinates": [[[[-122.43324543507107, 37.777499885991084], [-122.43305443437706, 37.77655988641001], [-122.43288643414758, 37.775728886207496], [-122.43285643401033, 37.77563588633424], [-122.43268943360577, 37.77480988586068], [-122.43267543426037, 37.77470288617038], [-122.43266043329345, 37.77459488586135], [-122.43249343378717, 37.77376688629843], [-122.4341354337523, 37.77355888661117], [-122.43577743461573, 37.77335588590158], [-122.43732743631598, 37.77315888611416], [-122.43740943543344, 37.77314788576815], [-122.43744943561641, 37.77314288548123], [-122.43749543474885, 37.77313688613052], [-122.43911543587097, 37.772931885419865], [-122.44076143693239, 37.77272288431457], [-122.4409484356318, 37.773644885050764], [-122.44113643595279, 37.774576885321146], [-122.44132643772022, 37.775514885071836], [-122.44151443714287, 37.7764448857427], [-122.44036643692218, 37.7765898860299], [-122.43987043662962, 37.77665388555694], [-122.43827043649729, 37.77685788616473], [-122.43815743651938, 37.77687188654777], [-122.4365334351993, 37.77707788599435], [-122.43489043540924, 37.777290885728426], [-122.43324543507107, 37.777499885991084]]]]}, "properties": {"tract_fips": "06075016400", "fema_risk_rating": "Very High", "fema_risk_score": 98.9880251626}}, {"type": "Feature", "geometry": {"type": "MultiPolygon", "coordinates": [[[[-122.44649743873627, 37.77581188433121], [-122.44480643746905, 37.7760268843416], [-122.44315843765614, 37.776235885337606], [-122.44151443714287, 37.7764448857427], [-122.44132643772022, 37.775514885071836], [-122.44113643595279, 37.774576885321146], [-122.4409484356318, 37.773644885050764], [-122.44259143632017, 37.77343388500191], [-122.44424243740443, 37.77322188457858], [-122.44592843775048, 37.773004883961214], [-122.44752343875825, 37.77279988359463], [-122.44916943802302, 37.7725888832645], [-122.45081344033291, 37.772377883752405], [-122.45226843980197, 37.772190884193066], [-122.45246343979564, 37.772198883902874], [-122.45398544011017, 37.7720068821069], [-122.45410943995873, 37.77193988202854], [-122.4543114405234, 37.772904882935485], [-122.45447744020476, 37.77372088360507], [-122.45450744034197, 37.7738708830824], [-122.45456844044135, 37.774169883494785], [-122.45466844000046, 37.774655883596424], [-122.45470944090667, 37.77476488356775], [-122.4536214400621, 37.77490388368242], [-122.45302943951008, 37.77498088353132], [-122.45283644096287, 37.775004883882765], [-122.45138444007021, 37.77518488378527], [-122.44973443881086, 37.77539988419901], [-122.44922843937087, 37.77546388475623], [-122.44887643991669, 37.775508884493554], [-122.44809443939387, 37.77560888412736], [-122.44746943833158, 37.775687884850065], [-122.44649743873627, 37.77581188433121]]]]}, "properties": {"tract_fips": "06075016500", "fema_risk_rating": "Very High", "fema_risk_score": 99.0022950781}}, {"type": "Feature", "geometry": {"type": "MultiPolygon", "coordinates": [[[[-122.44076143693239, 37.77272288431457], [-122.44057243678651, 37.771788884522635], [-122.44038443646552, 37.770856883902475], [-122.4420244367808, 37.77064788474282], [-122.44333843668286, 37.77047988429014], [-122.44329143592891, 37.77018988431826], [-122.44318143632404, 37.76998188450972], [-122.4430454358816, 37.76983488369814], [-122.44279143633669, 37.76967088423029], [-122.4428694361545, 37.769614883618615], [-122.44310543615606, 37.76957488366293], [-122.44336643627197, 37.769542884392905], [-122.4434874366458, 37.76950688368865], [-122.44513243698397, 37.76929388354197], [-122.44594843694367, 37.76918888333391], [-122.44677143837266, 37.76908388368687], [-122.44759443800504, 37.768978883180615], [-122.44841643871084, 37.76887488377661], [-122.44860543885672, 37.76980788363325], [-122.44879443810429, 37.77074088378949], [-122.44898443807512, 37.77167888392107], [-122.44733843791202, 37.77188788371693], [-122.44574343780256, 37.77208988440899], [-122.44405043778382, 37.772304884592025], [-122.44240443672243, 37.77251388474868], [-122.44076143693239, 37.77272288431457]]]]}, "properties": {"tract_fips": "06075016601", "fema_risk_rating": "Relatively High", "fema_risk_score": 95.1636878218}}, {"type": "Feature", "geometry": {"type": "MultiPolygon", "coordinates": [[[[-122.44898443807512, 37.77167888392107], [-122.44879443810429, 37.77074088378949], [-122.44860543885672, 37.76980788363325], [-122.44841643871084, 37.76887488377661], [-122.44948043746933, 37.76873888389834], [-122.45054843822241, 37.76860288234964], [-122.4517024382909, 37.768455881637145], [-122.45323243900135, 37.768258882286794], [-122.45337843769292, 37.768255882058334], [-122.45356343943746, 37.769174882206094], [-122.45375244048165, 37.77010788182804], [-122.45392843931043, 37.771063882158266], [-122.45380843965984, 37.77103188211245], [-122.45226843890364, 37.77123988393806], [-122.45189743918289, 37.77130888353701], [-122.45062643804022, 37.77146988353439], [-122.44898443807512, 37.77167888392107]]]]}, "properties": {"tract_fips": "06075016602", "fema_risk_rating": "Relatively High", "fema_risk_score": 89.7292283543}}, {"type": "Feature", "geometry": {"type": "MultiPolygon", "coordinates": [[[[-122.43249343378717, 37.77376688629843], [-122.43230643418943, 37.772838886288625], [-122.43211843386847, 37.77190688612208], [-122.43202443415711, 37.77144088660396], [-122.43193043354748, 37.770973885766445], [-122.43183743366107, 37.770510886186095], [-122.4317434321531, 37.77004488639115], [-122.43159643273833, 37.7693168859144], [-122.4324904325158, 37.76925988662894], [-122.43359843345186, 37.7691878856374], [-122.43491943392496, 37.769123885328376], [-122.43582043427347, 37.769067885012525], [-122.43661443359353, 37.76901088411494], [-122.43713243362738, 37.76897288420223], [-122.43725743419915, 37.76906988466947], [-122.4375824347875, 37.769052884033115], [-122.43836443441198, 37.76901688451048], [-122.43884643446083, 37.768410884708295], [-122.43932743378646, 37.76817588420568], [-122.44016343473595, 37.76776688437844], [-122.44063043471617, 37.766964884171784], [-122.44196443470973, 37.765962883690094], [-122.44203543575314, 37.765916883952954], [-122.44219343593691, 37.765897883559184], [-122.44238743610563, 37.76589488394509], [-122.4426014354676, 37.76593788408349], [-122.44283743546914, 37.76602088325613], [-122.44303043581297, 37.76615488342635], [-122.44306843544781, 37.76622488408647], [-122.443131435197, 37.76642388432293], [-122.44355943571752, 37.76670088383556], [-122.44372143609918, 37.766963883604724], [-122.44379043569619, 37.767076883685384], [-122.44389243580343, 37.767545883268205], [-122.44338243616549, 37.76895388388349], [-122.44319343601961, 37.769046883640506], [-122.44243743633436, 37.769502884398335], [-122.44241043657019, 37.76960988380288], [-122.44253243587059, 37.76969588399513], [-122.44267343543761, 37.76969988398517], [-122.44279143633669, 37.76967088423029], [-122.4430454358816, 37.76983488369814], [-122.44318143632404, 37.76998188450972], [-122.44329143592891, 37.77018988431826], [-122.44333843668286, 37.77047988429014], [-122.4420244367808, 37.77064788474282], [-122.44038443646552, 37.770856883902475], [-122.44057243678651, 37.771788884522635], [-122.44076143693239, 37.77272288431457], [-122.43911543587097, 37.772931885419865], [-122.43749543474885, 37.77313688613052], [-122.43744943561641, 37.77314288548123], [-122.43740943543344, 37.77314788576815], [-122.43732743631598, 37.77315888611416], [-122.43577743461573, 37.77335588590158], [-122.4341354337523, 37.77355888661117], [-122.43249343378717, 37.77376688629843]]]]}, "properties": {"tract_fips": "06075016700", "fema_risk_rating": "Relatively High", "fema_risk_score": 90.2798092588}}, {"type": "Feature", "geometry": {"type": "MultiPolygon", "coordinates": [[[[-122.43085143382206, 37.77398288633748], [-122.43065543310517, 37.77304888613066], [-122.42901643261477, 37.77325788631444], [-122.42891643215737, 37.7727638858962], [-122.42888343254539, 37.77259988653401], [-122.42882843229378, 37.77232588574888], [-122.42718443267884, 37.772534886556194], [-122.42553843251578, 37.77274388748288], [-122.42534843164665, 37.771804887578796], [-122.42516243097552, 37.770878885984644], [-122.42495543128629, 37.770787886722026], [-122.426428431197, 37.76960588664843], [-122.42671043122931, 37.769543885635194], [-122.42824643088922, 37.76945088579318], [-122.42901743154137, 37.76940388627135], [-122.42915443180873, 37.76946588598174], [-122.4299324321336, 37.76941788593563], [-122.43027343261544, 37.76940188591331], [-122.431383432303, 37.769330885595096], [-122.43159643273833, 37.7693168859144], [-122.4317434321531, 37.77004488639115], [-122.43183743366107, 37.770510886186095], [-122.43193043354748, 37.770973885766445], [-122.43202443415711, 37.77144088660396], [-122.43211843386847, 37.77190688612208], [-122.43230643418943, 37.772838886288625], [-122.43249343378717, 37.77376688629843], [-122.43237743433454, 37.77378888609461], [-122.43085143382206, 37.77398288633748]]]]}, "properties": {"tract_fips": "06075016801", "fema_risk_rating": "Relatively High", "fema_risk_score": 92.3858109474}}, {"type": "Feature", "geometry": {"type": "MultiPolygon", "coordinates": [[[[-122.4259144322594, 37.77460888738301], [-122.42436943237867, 37.77480888752995], [-122.42427243139598, 37.7748208880896], [-122.4241534324686, 37.77483588789884], [-122.42262443158306, 37.77503088798252], [-122.42112343028664, 37.77522888820755], [-122.42098643091758, 37.77524188773397], [-122.42082143016283, 37.77525888836749], [-122.41981543023233, 37.77538288856822], [-122.41938543096036, 37.77544188829865], [-122.41936042994767, 37.77521988766014], [-122.4197074302773, 37.77488088801841], [-122.42020343056986, 37.774466888157384], [-122.42028042966444, 37.77436888791265], [-122.42074042997199, 37.774087888258684], [-122.421115430789, 37.773784887745904], [-122.42134642986939, 37.77360188797367], [-122.42194242972107, 37.77313288845665], [-122.42201543041428, 37.773083888176515], [-122.4222124300578, 37.77291888761746], [-122.42264643042607, 37.77251288780706], [-122.42329343033136, 37.772067888367765], [-122.42342843005056, 37.7719848881712], [-122.4235514309725, 37.77190788804245], [-122.42365843110264, 37.771816887205894], [-122.42369143071461, 37.771790887656394], [-122.42495543128629, 37.770787886722026], [-122.42516243097552, 37.770878885984644], [-122.42534843164665, 37.771804887578796], [-122.42553843251578, 37.77274388748288], [-122.42718443267884, 37.772534886556194], [-122.42882843229378, 37.77232588574888], [-122.42888343254539, 37.77259988653401], [-122.42891643215737, 37.7727638858962], [-122.42901643261477, 37.77325788631444], [-122.43065543310517, 37.77304888613066], [-122.43085143382206, 37.77398288633748], [-122.42920443383404, 37.77419088625199], [-122.42757243301638, 37.77439788795514], [-122.4259144322594, 37.77460888738301]]]]}, "properties": {"tract_fips": "06075016802", "fema_risk_rating": "Very High", "fema_risk_score": 97.7631907531}}, {"type": "Feature", "geometry": {"type": "MultiPolygon", "coordinates": [[[[-122.43159643273833, 37.7693168859144], [-122.431383432303, 37.769330885595096], [-122.43027343261544, 37.76940188591331], [-122.4299324321336, 37.76941788593563], [-122.42915443180873, 37.76946588598174], [-122.42901743154137, 37.76940388627135], [-122.42824643088922, 37.76945088579318], [-122.42671043122931, 37.769543885635194], [-122.426428431197, 37.76960588664843], [-122.42658143225617, 37.76949488652712], [-122.42697443171825, 37.769184886156694], [-122.42748843155415, 37.76877988626892], [-122.42866143188921, 37.767855885538665], [-122.42868343163053, 37.76774488563098], [-122.42897543170858, 37.767513885960696], [-122.42932543151295, 37.76728588583674], [-122.43074843119494, 37.76620788563653], [-122.43085043220053, 37.76602388570566], [-122.4310544315167, 37.76591088543628], [-122.43165643211447, 37.765463885569254], [-122.43293543185642, 37.764454883979134], [-122.4331154326798, 37.76427588412453], [-122.43348243220262, 37.764020883912785], [-122.4346104314335, 37.763186884382385], [-122.43504043250215, 37.762868884547565], [-122.4352194326023, 37.76273688393316], [-122.43522243207701, 37.762775884123066], [-122.43522643137666, 37.76281588420544], [-122.43523043247296, 37.76285888329334], [-122.43524243216851, 37.76299288351128], [-122.43528543272451, 37.76347288379412], [-122.43534343245084, 37.76411188369099], [-122.43542243209355, 37.764935884600284], [-122.43549843405819, 37.765736884212565], [-122.43557443422614, 37.76653788438127], [-122.43565043349581, 37.767337884544055], [-122.43582043427347, 37.769067885012525], [-122.43491943392496, 37.769123885328376], [-122.43359843345186, 37.7691878856374], [-122.4324904325158, 37.76925988662894], [-122.43159643273833, 37.7693168859144]]]]}, "properties": {"tract_fips": "06075016900", "fema_risk_rating": "Relatively High", "fema_risk_score": 95.2409831972}}, {"type": "Feature", "geometry": {"type": "MultiPolygon", "coordinates": [[[[-122.43582043427347, 37.769067885012525], [-122.43565043349581, 37.767337884544055], [-122.43557443422614, 37.76653788438127], [-122.43549843405819, 37.765736884212565], [-122.43542243209355, 37.764935884600284], [-122.43534343245084, 37.76411188369099], [-122.43528543272451, 37.76347288379412], [-122.43524243216851, 37.76299288351128], [-122.43523043247296, 37.76285888329334], [-122.43522643137666, 37.76281588420544], [-122.43522243207701, 37.762775884123066], [-122.4352194326023, 37.76273688393316], [-122.43554043299264, 37.762606883625075], [-122.43586343213452, 37.76249488373367], [-122.43634043216049, 37.76243288386033], [-122.43646343218413, 37.76241888429411], [-122.4373684318323, 37.762364883710426], [-122.4384444329813, 37.76230088388819], [-122.43951743465556, 37.76223688401058], [-122.44019443379976, 37.76219688361509], [-122.4429344346552, 37.762032882832685], [-122.44338543474193, 37.76200688268392], [-122.44422243461798, 37.76195688220829], [-122.44533543557694, 37.76188988225644], [-122.44618543587181, 37.7618388817755], [-122.4464104360027, 37.76182588202321], [-122.44642743572115, 37.762079882067795], [-122.44641843639862, 37.762241882194296], [-122.44631343502, 37.762319882365375], [-122.44627343573536, 37.762256882424786], [-122.44619443519431, 37.76222888251287], [-122.44595743626616, 37.76224288211506], [-122.44585243578587, 37.76227388178274], [-122.44571843589156, 37.762357882145785], [-122.44469043621977, 37.763336882503424], [-122.44443843542639, 37.76399688212646], [-122.44432743599663, 37.76431688328841], [-122.44422943608733, 37.76438088349666], [-122.44415543646748, 37.76443688381102], [-122.44409843566777, 37.76451388319754], [-122.44406343550766, 37.76460788345595], [-122.44402343622299, 37.76470588385496], [-122.44401843530181, 37.76481788323896], [-122.44407143500524, 37.76496188371944], [-122.44403943611653, 37.765034883737584], [-122.44356443574038, 37.76533288378403], [-122.4435374359762, 37.76534988314518], [-122.4426014354676, 37.76593788408349], [-122.44238743610563, 37.76589488394509], [-122.44219343593691, 37.765897883559184], [-122.44203543575314, 37.765916883952954], [-122.44196443470973, 37.765962883690094], [-122.44063043471617, 37.766964884171784], [-122.44016343473595, 37.76776688437844], [-122.43932743378646, 37.76817588420568], [-122.43884643446083, 37.768410884708295], [-122.43836443441198, 37.76901688451048], [-122.4375824347875, 37.769052884033115], [-122.43725743419915, 37.76906988466947], [-122.43713243362738, 37.76897288420223], [-122.43661443359353, 37.76901088411494], [-122.43582043427347, 37.769067885012525]]]]}, "properties": {"tract_fips": "06075017000", "fema_risk_rating": "Relatively High", "fema_risk_score": 91.0491955335}}, {"type": "Feature", "geometry": {"type": "MultiPolygon", "coordinates": [[[[-122.44279143633669, 37.76967088423029], [-122.44267343543761, 37.76969988398517], [-122.44253243587059, 37.76969588399513], [-122.44241043657019, 37.76960988380288], [-122.44243743633436, 37.769502884398335], [-122.44319343601961, 37.769046883640506], [-122.44338243616549, 37.76895388388349], [-122.44389243580343, 37.767545883268205], [-122.44379043569619, 37.767076883685384], [-122.44372143609918, 37.766963883604724], [-122.44355943571752, 37.76670088383556], [-122.443131435197, 37.76642388432293], [-122.44306843544781, 37.76622488408647], [-122.44303043581297, 37.76615488342635], [-122.44283743546914, 37.76602088325613], [-122.4426014354676, 37.76593788408349], [-122.4435374359762, 37.76534988314518], [-122.44356443574038, 37.76533288378403], [-122.44403943611653, 37.765034883737584], [-122.44407143500524, 37.76496188371944], [-122.44401843530181, 37.76481788323896], [-122.44402343622299, 37.76470588385496], [-122.44406343550766, 37.76460788345595], [-122.44409843566777, 37.76451388319754], [-122.44415543646748, 37.76443688381102], [-122.44422943608733, 37.76438088349666], [-122.44432743599663, 37.76431688328841], [-122.44443843542639, 37.76399688212646], [-122.44469043621977, 37.763336882503424], [-122.44571843589156, 37.762357882145785], [-122.44585243578587, 37.76227388178274], [-122.44595743626616, 37.76224288211506], [-122.44619443519431, 37.76222888251287], [-122.44627343573536, 37.762256882424786], [-122.44631343502, 37.762319882365375], [-122.44641843639862, 37.762241882194296], [-122.44642743572115, 37.762079882067795], [-122.4464104360027, 37.76182588202321], [-122.44680943531256, 37.7617908824604], [-122.44726143522418, 37.76176588215378], [-122.44780643592051, 37.76173588220075], [-122.44914643666019, 37.76165788212401], [-122.44932243548895, 37.76252888162617], [-122.44945943665462, 37.76320988155272], [-122.44813543670682, 37.763376882282344], [-122.44830043656326, 37.76420588232983], [-122.44846743606954, 37.765045881739816], [-122.44766143615556, 37.76514888238634], [-122.44785043630145, 37.76608188238332], [-122.44803943734566, 37.767016882394614], [-122.44841643871084, 37.76887488377661], [-122.44759443800504, 37.768978883180615], [-122.44677143837266, 37.76908388368687], [-122.44594843694367, 37.76918888333391], [-122.44513243698397, 37.76929388354197], [-122.4434874366458, 37.76950688368865], [-122.44336643627197, 37.769542884392905], [-122.44310543615606, 37.76957488366293], [-122.4428694361545, 37.769614883618615], [-122.44279143633669, 37.76967088423029]]]]}, "properties": {"tract_fips": "06075017101", "fema_risk_rating": "Relatively High", "fema_risk_score": 90.4819663943}}, {"type": "Feature", "geometry": {"type": "MultiPolygon", "coordinates": [[[[-122.44841643871084, 37.76887488377661], [-122.44803943734566, 37.767016882394614], [-122.44785043630145, 37.76608188238332], [-122.44766143615556, 37.76514888238634], [-122.44846743606954, 37.765045881739816], [-122.44830043656326, 37.76420588232983], [-122.44813543670682, 37.763376882282344], [-122.44945943665462, 37.76320988155272], [-122.44932243548895, 37.76252888162617], [-122.44914643666019, 37.76165788212401], [-122.4506064361521, 37.76157088188674], [-122.45198443832321, 37.761487881981346], [-122.45212343824038, 37.762176882343994], [-122.4522594368862, 37.76285288168798], [-122.45242643818908, 37.76367888222339], [-122.4525954382435, 37.76451888122738], [-122.45278443749105, 37.76545288194802], [-122.45297343853525, 37.766383881931056], [-122.45302243893907, 37.766485882270985], [-122.4530764375691, 37.766751881674125], [-122.45319143899346, 37.76731688197053], [-122.45337843769292, 37.768255882058334], [-122.45323243900135, 37.768258882286794], [-122.4517024382909, 37.768455881637145], [-122.45054843822241, 37.76860288234964], [-122.44948043746933, 37.76873888389834], [-122.44841643871084, 37.76887488377661]]]]}, "properties": {"tract_fips": "06075017102", "fema_risk_rating": "Relatively High", "fema_risk_score": 91.3976193024}}, {"type": "Feature", "geometry": {"type": "MultiPolygon", "coordinates": [[[[-122.40273442683888, 37.78326889239414], [-122.40327642716218, 37.782840892689755], [-122.4049594280335, 37.781509891139436], [-122.40574542785596, 37.780887891825174], [-122.40718542815473, 37.77974889054541], [-122.40771742843226, 37.77932789029697], [-122.40829842821533, 37.77887089079582], [-122.40885942790688, 37.778425889863904], [-122.40941342792576, 37.77798689018085], [-122.40996442846988, 37.778425890573935], [-122.41042742825215, 37.778794890435464], [-122.41096342782937, 37.77922189044685], [-122.40986742928385, 37.78008588980571], [-122.40873542805832, 37.78098089006133], [-122.40927142853383, 37.78140789093491], [-122.40971943004412, 37.78176389031306], [-122.41009542888946, 37.78206289075149], [-122.41019842971994, 37.78214489063187], [-122.41027642953775, 37.78219689095909], [-122.41036242975146, 37.78225489057098], [-122.41029742945412, 37.78231589050536], [-122.41007843006933, 37.782488891407226], [-122.4092104293328, 37.78317389208159], [-122.40907942891323, 37.783277891251615], [-122.40902842975791, 37.78331789160337], [-122.40900842876812, 37.78333389145405], [-122.4089574296128, 37.7833738917755], [-122.40871442904023, 37.78356589173926], [-122.40818642896065, 37.78398289206134], [-122.40813042978246, 37.78402989154494], [-122.4074774300294, 37.784613891713356], [-122.40631742831648, 37.785517891811274], [-122.40608842888594, 37.785766891977055], [-122.40585742800894, 37.78575389217162], [-122.4052624288805, 37.785274892012495], [-122.40482142794124, 37.78491789218242], [-122.40429342875994, 37.78448889246785], [-122.40373842801785, 37.78405389250834], [-122.40273442683888, 37.78326889239414]]]]}, "properties": {"tract_fips": "06075017602", "fema_risk_rating": "Very High", "fema_risk_score": 99.9155696669}}, {"type": "Feature", "geometry": {"type": "MultiPolygon", "coordinates": [[[[-122.41096342782937, 37.77922189044685], [-122.41042742825215, 37.778794890435464], [-122.40996442846988, 37.778425890573935], [-122.40941342792576, 37.77798689018085], [-122.40994942840129, 37.77756288998685], [-122.41053242873245, 37.77710188921519], [-122.41104042782224, 37.77669988997547], [-122.41163242837429, 37.77623089022976], [-122.41318742919908, 37.77500188960845], [-122.41361342827312, 37.774669889366805], [-122.413795427848, 37.774525889328885], [-122.41397042864848, 37.774387889680185], [-122.41439442897102, 37.77405288881828], [-122.41558742760094, 37.77311088846534], [-122.41613042954577, 37.77354188842698], [-122.41660242954892, 37.773915888759774], [-122.4171304296285, 37.774334888362546], [-122.41754143043053, 37.77466088875136], [-122.41868543045331, 37.77556788838371], [-122.41873043065915, 37.77565488848612], [-122.41764142998964, 37.776609888373144], [-122.41631842986676, 37.77750388910901], [-122.41628742990463, 37.77758188951343], [-122.41603543090787, 37.777782889848474], [-122.41486142984958, 37.77871088957255], [-122.41480843014612, 37.778753890068465], [-122.41476743013823, 37.778728889816215], [-122.41470143001598, 37.77867589019065], [-122.41464742958935, 37.77863288964937], [-122.41416942973845, 37.77825088927411], [-122.41349542917067, 37.777714889612625], [-122.41318442882603, 37.77746688972585], [-122.41265943001778, 37.7778808898278], [-122.41250742968182, 37.77800088964009], [-122.41243942990977, 37.77805488945652], [-122.4122164294287, 37.77823089021489], [-122.41157742902102, 37.7787358898309], [-122.41096342782937, 37.77922189044685]]]]}, "properties": {"tract_fips": "06075017603", "fema_risk_rating": "Very High", "fema_risk_score": 99.4434732974}}, {"type": "Feature", "geometry": {"type": "MultiPolygon", "coordinates": [[[[-122.41096342782937, 37.77922189044685], [-122.41157742902102, 37.7787358898309], [-122.4122164294287, 37.77823089021489], [-122.41243942990977, 37.77805488945652], [-122.41250742968182, 37.77800088964009], [-122.41265943001778, 37.7778808898278], [-122.41318442882603, 37.77746688972585], [-122.41349542917067, 37.777714889612625], [-122.41416942973845, 37.77825088927411], [-122.41464742958935, 37.77863288964937], [-122.41470143001598, 37.77867589019065], [-122.41476743013823, 37.778728889816215], [-122.41480843014612, 37.778753890068465], [-122.41474743004676, 37.77880089003699], [-122.41339142941358, 37.77987189063255], [-122.41263542972834, 37.78046888960259], [-122.41257442962896, 37.78051789066806], [-122.4125184304508, 37.780561890495875], [-122.4120114293893, 37.780961889988404], [-122.41172642988224, 37.78118689012731], [-122.41148342930967, 37.781378890092384], [-122.41041743000306, 37.78222089038781], [-122.41036242975146, 37.78225489057098], [-122.41027642953775, 37.78219689095909], [-122.41019842971994, 37.78214489063187], [-122.41009542888946, 37.78206289075149], [-122.40971943004412, 37.78176389031306], [-122.40927142853383, 37.78140789093491], [-122.40873542805832, 37.78098089006133], [-122.40986742928385, 37.78008588980571], [-122.41096342782937, 37.77922189044685]]]]}, "properties": {"tract_fips": "06075017604", "fema_risk_rating": "Relatively High", "fema_risk_score": 97.2577979142}}, {"type": "Feature", "geometry": {"type": "MultiPolygon", "coordinates": [[[[-122.41558742760094, 37.77311088846534], [-122.41502842845753, 37.77265888848532], [-122.41441842836218, 37.77216788839531], [-122.41405342848918, 37.77187388807069], [-122.41250642716196, 37.77063988770555], [-122.41101542680958, 37.76946588811207], [-122.41098542667237, 37.769442888626465], [-122.41095742618495, 37.76942088824729], [-122.41093442661874, 37.76943888791245], [-122.4109124259791, 37.7694568882833], [-122.40976242700691, 37.77035888879133], [-122.40906142667494, 37.76980289022139], [-122.4084624255519, 37.76932788896066], [-122.40803342610482, 37.769253889803586], [-122.40792142685015, 37.76935288955156], [-122.40776542631622, 37.76947588989302], [-122.40766642658203, 37.769554890067894], [-122.40764942596526, 37.76956788917175], [-122.40761342508195, 37.769595889145634], [-122.40702742617435, 37.770059889299645], [-122.40623942490542, 37.76947288971394], [-122.40596542526903, 37.76966888956027], [-122.40587042483448, 37.76967488990246], [-122.40561542546466, 37.76968989004558], [-122.40543442391807, 37.769699889665944], [-122.40522942477695, 37.76971188963461], [-122.40501642434165, 37.76972489013109], [-122.4049014247139, 37.76854088972692], [-122.40477642504045, 37.76726689005545], [-122.40464942481883, 37.76596789014363], [-122.40452342442214, 37.76467388886938], [-122.40486642365548, 37.764652888379935], [-122.40511642390074, 37.76463788863538], [-122.40548942416963, 37.764615888957145], [-122.40645542481549, 37.76455788828932], [-122.40744642467735, 37.76449788779543], [-122.40845042405971, 37.76443688807194], [-122.40941942418029, 37.76437888868401], [-122.41039042484898, 37.764319887937596], [-122.41135642639314, 37.76426188774775], [-122.41231942576758, 37.76420288832832], [-122.41288542638036, 37.76416888765452], [-122.41302942632039, 37.76410088768032], [-122.41361442630141, 37.763832888175834], [-122.41374842619571, 37.763788888333984], [-122.41518142592344, 37.763706887267624], [-122.41625342687449, 37.76364488770012], [-122.41735842743749, 37.76358188675765], [-122.4175134281465, 37.76519288710024], [-122.41756842749977, 37.765761887437804], [-122.41767142833025, 37.766814887727676], [-122.41782842868908, 37.76841488831835], [-122.4178644277758, 37.768495887168925], [-122.41788342804237, 37.769203887836305], [-122.41785642827817, 37.76947688758565], [-122.41783942855974, 37.769646887828166], [-122.41783642818669, 37.769679887583514], [-122.41783142816382, 37.769728887989224], [-122.41782942851401, 37.76974888792812], [-122.4178144284454, 37.76977088820965], [-122.41778742868121, 37.76981288840626], [-122.41779042905426, 37.769866888522586], [-122.41780742877269, 37.769927888027865], [-122.41780342857474, 37.769984888218644], [-122.41774642867331, 37.770366887989255], [-122.41782042829318, 37.77044488811246], [-122.41794142776867, 37.77063588776636], [-122.41802142993129, 37.77077488783264], [-122.41805543026645, 37.77088588816276], [-122.41842543016232, 37.77211188825454], [-122.41846543034526, 37.77223288798562], [-122.4184954304825, 37.772332888500046], [-122.41863443039966, 37.77274088814647], [-122.4186644296386, 37.77291488780161], [-122.41871142949425, 37.77304488845202], [-122.41872542973793, 37.77309088801564], [-122.41929743019848, 37.77491388827805], [-122.4193254306859, 37.775043888253826], [-122.41936042994767, 37.77521988766014], [-122.41933642965824, 37.77524288818902], [-122.41924542942164, 37.77532588827847], [-122.41873043065915, 37.77565488848612], [-122.41868543045331, 37.77556788838371], [-122.41754143043053, 37.77466088875136], [-122.4171304296285, 37.774334888362546], [-122.41660242954892, 37.773915888759774], [-122.41613042954577, 37.77354188842698], [-122.41558742760094, 37.77311088846534]]]]}, "properties": {"tract_fips": "06075017700", "fema_risk_rating": "Very High", "fema_risk_score": 99.7360065642}}, {"type": "Feature", "geometry": {"type": "MultiPolygon", "coordinates": [[[[-122.39741242531173, 37.782563892583454], [-122.39836742518861, 37.781808892605305], [-122.39964242652925, 37.78080089220131], [-122.40186942647539, 37.77904189114351], [-122.40240342640277, 37.77946889185811], [-122.40251342600763, 37.779556892026406], [-122.40254442596975, 37.77958189199863], [-122.40268442661016, 37.77969289188684], [-122.40286742600993, 37.77983889187611], [-122.4034134256329, 37.78027489146989], [-122.40369842603823, 37.78050689141701], [-122.40394742735691, 37.78070889198981], [-122.40443042723066, 37.781086891649], [-122.4049594280335, 37.781509891139436], [-122.40327642716218, 37.782840892689755], [-122.40273442683888, 37.78326889239414], [-122.40049442827058, 37.785039892574844], [-122.39991342669089, 37.78456889254887], [-122.39948642689365, 37.78422389260144], [-122.3989564262659, 37.78379489240828], [-122.39796942660197, 37.78300789239321], [-122.39741242531173, 37.782563892583454]]]]}, "properties": {"tract_fips": "06075017801", "fema_risk_rating": "Very High", "fema_risk_score": 99.0260782705}}, {"type": "Feature", "geometry": {"type": "MultiPolygon", "coordinates": [[[[-122.40854242681617, 37.77376988914352], [-122.4089394264762, 37.77345688963679], [-122.40970942730347, 37.77284788996615], [-122.41010342748875, 37.77253588988817], [-122.41070442736327, 37.772061889639986], [-122.41130442831121, 37.77158888969791], [-122.4118674276526, 37.77114488804844], [-122.41250642716196, 37.77063988770555], [-122.41405342848918, 37.77187388807069], [-122.41441842836218, 37.77216788839531], [-122.41502842845753, 37.77265888848532], [-122.41558742760094, 37.77311088846534], [-122.41439442897102, 37.77405288881828], [-122.41397042864848, 37.774387889680185], [-122.413795427848, 37.774525889328885], [-122.41361342827312, 37.774669889366805], [-122.41318742919908, 37.77500188960845], [-122.41163242837429, 37.77623089022976], [-122.41109542807385, 37.775803889982626], [-122.41063742741613, 37.775437890039335], [-122.41008942814337, 37.77500189031846], [-122.40954642709683, 37.77456188971965], [-122.40908842733745, 37.77420488998038], [-122.40854242681617, 37.77376988914352]]]]}, "properties": {"tract_fips": "06075017803", "fema_risk_rating": "Relatively High", "fema_risk_score": 96.9153199434}}, {"type": "Feature", "geometry": {"type": "MultiPolygon", "coordinates": [[[[-122.40186942647539, 37.77904189114351], [-122.40241142590035, 37.77861389181295], [-122.40298742655884, 37.778158891568964], [-122.40355642664636, 37.777709891054606], [-122.40409642552319, 37.77728289153973], [-122.40463642619667, 37.77685589026849], [-122.40492242552861, 37.776629890711014], [-122.40550242638508, 37.77617189041895], [-122.40632242654272, 37.775523889843555], [-122.40639542633767, 37.77546688966251], [-122.40685542664521, 37.775102889674905], [-122.40743142640538, 37.77464788983279], [-122.40779442573022, 37.77436088985775], [-122.40801242529011, 37.774188889573765], [-122.40854242681617, 37.77376988914352], [-122.40908842733745, 37.77420488998038], [-122.40954642709683, 37.77456188971965], [-122.41008942814337, 37.77500189031846], [-122.41063742741613, 37.775437890039335], [-122.41109542807385, 37.775803889982626], [-122.41163242837429, 37.77623089022976], [-122.41104042782224, 37.77669988997547], [-122.41053242873245, 37.77710188921519], [-122.40994942840129, 37.77756288998685], [-122.40941342792576, 37.77798689018085], [-122.40885942790688, 37.778425889863904], [-122.40829842821533, 37.77887089079582], [-122.40771742843226, 37.77932789029697], [-122.40718542815473, 37.77974889054541], [-122.40574542785596, 37.780887891825174], [-122.4049594280335, 37.781509891139436], [-122.40443042723066, 37.781086891649], [-122.40394742735691, 37.78070889198981], [-122.40369842603823, 37.78050689141701], [-122.4034134256329, 37.78027489146989], [-122.40286742600993, 37.77983889187611], [-122.40268442661016, 37.77969289188684], [-122.40254442596975, 37.77958189199863], [-122.40251342600763, 37.779556892026406], [-122.40240342640277, 37.77946889185811], [-122.40186942647539, 37.77904189114351]]]]}, "properties": {"tract_fips": "06075017804", "fema_risk_rating": "Very High", "fema_risk_score": 98.7418691211}}, {"type": "Feature", "geometry": {"type": "MultiPolygon", "coordinates": [[[[-122.35975342085416, 37.8148699037105], [-122.36018942177058, 37.814613903534976], [-122.36085442211753, 37.814185903731484], [-122.36139042169474, 37.813769903488016], [-122.36199242139416, 37.81346590321973], [-122.36166642277756, 37.813251903494084], [-122.36077142227684, 37.81377790366488], [-122.35947442209323, 37.81457690357198], [-122.35972342251358, 37.81483790418066], [-122.35975342085416, 37.8148699037105], [-122.35929588282883, 37.81500984746737], [-122.35920591834976, 37.814959073115176], [-122.35905909320813, 37.81489488747701], [-122.35901942180855, 37.814856904058416], [-122.35885942197497, 37.81448590346914], [-122.35886176028966, 37.81443039171196], [-122.35893799671456, 37.81430405905446], [-122.35896406851904, 37.81418305155972], [-122.35897693958047, 37.814122045999476], [-122.35899198097157, 37.81405301895239], [-122.35900023289577, 37.814021759258004], [-122.35903742225021, 37.813995903716595], [-122.35912042209088, 37.81383890312247], [-122.35917242196943, 37.81363090409028], [-122.35927642172649, 37.8134949035328], [-122.35942242131638, 37.813390903605374], [-122.35962142150802, 37.81335990408314], [-122.3599114210379, 37.813284904361105], [-122.36065342137776, 37.81285890384156], [-122.36093442158514, 37.81268190399738], [-122.36112242190613, 37.812441903975994], [-122.36115342096996, 37.81217090386265], [-122.36115342186827, 37.811774902832845], [-122.36122642256153, 37.81136790289276], [-122.36135142223499, 37.81107590231038], [-122.36135142133668, 37.810784902676204], [-122.36128942141241, 37.81042990186704], [-122.36121942109219, 37.81011890287029], [-122.36114141947773, 37.80950890226158], [-122.36102661029288, 37.808120196004936], [-122.36149202923819, 37.808083021742625], [-122.36163292729556, 37.80806296475194], [-122.36174106648949, 37.80802301896049], [-122.36179895841795, 37.80778093634173], [-122.36198041990198, 37.80758690203238], [-122.36200642073956, 37.80728390187844], [-122.36216241947686, 37.80704490207922], [-122.36248542041537, 37.80706590188176], [-122.36273356294461, 37.80723589587235], [-122.3627900211619, 37.807307001018344], [-122.36293994459292, 37.807345943628015], [-122.36315705661733, 37.80746394310887], [-122.36390600273093, 37.80746394310887], [-122.36404405851876, 37.80749503098459], [-122.36416005168319, 37.80753698206561], [-122.36431298267377, 37.807539991345685], [-122.36486704467642, 37.807531968491105], [-122.36498705061521, 37.80754199634952], [-122.36507897611654, 37.807626066641504], [-122.36513296037353, 37.80766801835783], [-122.36524494345853, 37.807693924377105], [-122.36545804360688, 37.80768907760081], [-122.36552005341265, 37.80768205761722], [-122.36557303604808, 37.80767904905262], [-122.36575605161754, 37.807659995517106], [-122.36583493986919, 37.8076429476874], [-122.36599019120814, 37.807596585661756], [-122.3665334222234, 37.80765090239546], [-122.36723442165705, 37.80772090137607], [-122.36734142178716, 37.807731901544415], [-122.36741642213022, 37.80775490189115], [-122.36743780472895, 37.8077620560075], [-122.36745199811041, 37.80778802374057], [-122.36751099855998, 37.80782997536489], [-122.36769602096578, 37.807882957629694], [-122.36784895105808, 37.807912039625606], [-122.36799603132123, 37.80794596907954], [-122.36817303266987, 37.80798691776338], [-122.36836891750409, 37.808040066702404], [-122.36857399569692, 37.80810993046534], [-122.36886698841336, 37.80820703713222], [-122.36912103826394, 37.80836197374793], [-122.36931491716012, 37.808492007861545], [-122.36934060807893, 37.808496719737], [-122.36946142339981, 37.80856990174661], [-122.37005342305349, 37.808724901476126], [-122.37087191583811, 37.8090779282316], [-122.3710931726892, 37.80918448851675], [-122.37150142374817, 37.80945190132365], [-122.3716934233688, 37.80963490175081], [-122.37187642456523, 37.80983490221091], [-122.37225942487987, 37.81033490170084], [-122.37241742416529, 37.8105429015021], [-122.37265142451703, 37.8106679013806], [-122.3728184240233, 37.81089490185082], [-122.37284242431272, 37.811092901797494], [-122.37274609347324, 37.81120899187375], [-122.37268125846593, 37.81122133782435], [-122.37260942468423, 37.81120090128649], [-122.37236742393658, 37.811266901290736], [-122.3722814201296, 37.81129746877493], [-122.37217899152594, 37.81131697203111], [-122.37203993321828, 37.81158506126295], [-122.37186493960431, 37.81207093028391], [-122.37186996208507, 37.81211852649326], [-122.37178542522693, 37.81235790161961], [-122.37166842415277, 37.81276590243664], [-122.37161847512803, 37.81298235126962], [-122.3715899976352, 37.81305303287887], [-122.37159890982113, 37.81306713214715], [-122.371593424708, 37.81309090154723], [-122.37161842392405, 37.813256901776896], [-122.37169342606374, 37.81334090169105], [-122.3717731272907, 37.813393503871445], [-122.3717770250807, 37.81346101566097], [-122.3717770250807, 37.813462769277606], [-122.3717184252798, 37.81354090204821], [-122.3716684259494, 37.81356590187738], [-122.37163507419784, 37.81356590187738], [-122.37149105179991, 37.8135479278619], [-122.37148235880291, 37.81358321446874], [-122.37146842503455, 37.81358990176212], [-122.37135242558188, 37.81402290183242], [-122.37126042552038, 37.814522902058364], [-122.37131125399578, 37.81482173728423], [-122.37131505656438, 37.8148860336938], [-122.3713925811734, 37.815069888571024], [-122.37143542542256, 37.815188901880276], [-122.3717684255085, 37.81574290196665], [-122.37181904467646, 37.81581340138999], [-122.37203591954561, 37.81620007082649], [-122.37265800826974, 37.817193037772725], [-122.37336500126298, 37.818242997621205], [-122.37405996132297, 37.8191709461965], [-122.37467466140389, 37.82003686839384], [-122.37540942850907, 37.82112890216508], [-122.37603787910206, 37.82201333393301], [-122.37623191789837, 37.82231497721185], [-122.37639015164409, 37.82250908209258], [-122.37672542806095, 37.822980902476246], [-122.37680581110921, 37.823108855171114], [-122.37692002471105, 37.823356078137856], [-122.37707295480335, 37.82361296903257], [-122.37772696516112, 37.82461295539364], [-122.37794908978479, 37.82492866021555], [-122.37812060602032, 37.82520166059344], [-122.37816703903901, 37.825281004939455], [-122.37818856177492, 37.825309823219605], [-122.37913461083828, 37.8268155815065], [-122.37907994745491, 37.82702893240897], [-122.37873096364515, 37.827889024362804], [-122.37846805371093, 37.82855607148081], [-122.37827238447238, 37.82905345159801], [-122.37769152033493, 37.83039669847171], [-122.37750400330759, 37.83053799208761], [-122.37702197810593, 37.83074607828555], [-122.37586103675523, 37.83126203345682], [-122.37544102225763, 37.83140894825394], [-122.37513097951708, 37.831544998108], [-122.37484400551304, 37.8316810484207], [-122.37468142931125, 37.83177141076635], [-122.37400089080484, 37.83206169408656], [-122.37399895673202, 37.83206195518263], [-122.37369794026347, 37.832160065502634], [-122.37350706982515, 37.83221204481255], [-122.37340193998745, 37.83228007009476], [-122.37337172605119, 37.832328239318386], [-122.37322087645711, 37.83229113684399], [-122.37322093035604, 37.83229093392759], [-122.37315892144859, 37.83222006782309], [-122.37302504192854, 37.83220402251066], [-122.37290604120453, 37.83220101352643], [-122.37217096777384, 37.83198507087221], [-122.36872207847993, 37.83113801706407], [-122.36862096141661, 37.83109606520408], [-122.36855484271678, 37.83103291600222], [-122.36854972142132, 37.83102547891796], [-122.36792199037887, 37.8300469409582], [-122.36749094277295, 37.82936000440372], [-122.36742198899005, 37.82938785258823], [-122.36736383565182, 37.82930340193768], [-122.36742391946959, 37.829280948254194], [-122.36707092558038, 37.828632954397655], [-122.36604202400002, 37.82722498465938], [-122.36441092598922, 37.82484995694148], [-122.36381507974944, 37.823930029878966], [-122.36291704833299, 37.82254696435972], [-122.36293819377643, 37.82245614225516], [-122.36345532783437, 37.821189877098824], [-122.36346107974714, 37.82118094672373], [-122.36346546352573, 37.821165058671944], [-122.36357742415284, 37.820890904442194], [-122.36355320647108, 37.82088488484129], [-122.36356805023284, 37.820842993855315], [-122.36350604042711, 37.820827952293286], [-122.360579533149, 37.82010402213892], [-122.36066042464373, 37.8198209043342], [-122.36365942506693, 37.820555904355345], [-122.36367796090448, 37.82050735419133], [-122.36370493461753, 37.820514067113066], [-122.36379702810382, 37.82022692382231], [-122.36384399292518, 37.820116946357444], [-122.36388494352573, 37.82003605162609], [-122.36402901533101, 37.81959497586914], [-122.36427805168395, 37.81895299903668], [-122.36437799914077, 37.8187270288856], [-122.36436806107878, 37.81870976433593], [-122.36484442419922, 37.818489903360046], [-122.36480642366608, 37.81842890419735], [-122.36492942458804, 37.818357904142815], [-122.36508242474892, 37.81852090427628], [-122.36988154749189, 37.816483220969815], [-122.37110997747324, 37.815993989546506], [-122.37097793949954, 37.8157549831667], [-122.37083484685792, 37.81542882200594], [-122.37053505119984, 37.81468116227662], [-122.3704190301876, 37.81420294082485], [-122.3703780804854, 37.81406906395339], [-122.37029000067179, 37.81391295770481], [-122.37025406536547, 37.81385897202808], [-122.3700979570337, 37.81362196996197], [-122.36985895126922, 37.813312931773446], [-122.36955492724108, 37.81304200156744], [-122.36922299165879, 37.81282004220469], [-122.36889606867574, 37.81261295863719], [-122.36844697032248, 37.81246103008525], [-122.36796193486632, 37.81233300286708], [-122.36738497660373, 37.81224107740052], [-122.36725594529123, 37.81224107669082], [-122.36708095257556, 37.81228202583158], [-122.36684796193023, 37.812327989618204], [-122.36621801833725, 37.8125950752297], [-122.36542996496603, 37.81295391992166], [-122.3652439409387, 37.81306506697034], [-122.36504504674828, 37.81322100610759], [-122.36499306753097, 37.813372935224734], [-122.364818073917, 37.81357600698092], [-122.36452006680466, 37.813774065027815], [-122.36413498150023, 37.8138710052785], [-122.36317193092178, 37.813958919056766], [-122.36245507802, 37.81393602070661], [-122.36229094773277, 37.813907943143896], [-122.36202302789421, 37.813995021592085], [-122.36192993188806, 37.81409697539142], [-122.36190602951498, 37.81418906886848], [-122.36151008088383, 37.814355036113184], [-122.361305002691, 37.81441002490033], [-122.36086894068914, 37.81464101000393], [-122.36064096354139, 37.814695998578074], [-122.36030301104329, 37.814732935321025], [-122.36014474765318, 37.814789617090234], [-122.35975342085416, 37.8148699037105]], [[-122.36155642137608, 37.81412990420372], [-122.36170642116392, 37.8139999034381], [-122.36196642145491, 37.81388990392163], [-122.36186242169784, 37.81378590313125], [-122.3612674225694, 37.81412690370826], [-122.36139642244083, 37.81424990405224], [-122.36144042192345, 37.81421690361658], [-122.36155642137608, 37.81412990420372]], [[-122.36862642317355, 37.808859901593586], [-122.36843642410106, 37.8087899015635], [-122.36829642256234, 37.80881990158451], [-122.36835942320984, 37.808841901592174], [-122.36899542324447, 37.80907290198672], [-122.36946442377284, 37.80924290200292], [-122.36959642401733, 37.80928990174211], [-122.37004642338081, 37.80938990179738], [-122.37019642406695, 37.809399901014764], [-122.3695024234077, 37.80914590173687], [-122.36920442348185, 37.80904790134601], [-122.36862642317355, 37.808859901593586]]], [[[-122.42505605966608, 37.82838592507302], [-122.42501995906974, 37.828374058800996], [-122.42496898147401, 37.82836302694099], [-122.42488992433913, 37.82835701078772], [-122.42485399082945, 37.828339961351425], [-122.42481805552313, 37.82832308149031], [-122.42478195402852, 37.82832308149031], [-122.42474601962051, 37.828339961351425], [-122.42470306487857, 37.82835701007818], [-122.42465894053011, 37.82836904451287], [-122.42460595789466, 37.82844893605241], [-122.42458105300175, 37.82846397889937], [-122.42454394988555, 37.828453949625555], [-122.4245009951436, 37.82840899064823], [-122.42447208017124, 37.82839093935994], [-122.42432800746765, 37.82835199649844], [-122.42416204012564, 37.8283439730673], [-122.4241480012544, 37.82830001588824], [-122.42410504561413, 37.828295001595095], [-122.42379500467024, 37.82810697209761], [-122.42373700763886, 37.82809493832967], [-122.42354195733952, 37.82809493832967], [-122.42352106701762, 37.82808407387902], [-122.4232180437127, 37.82799900088952], [-122.42319698630413, 37.827986967104025], [-122.42316807043346, 37.82795905524176], [-122.42316004937628, 37.82791894212098], [-122.42309603453081, 37.82783905000764], [-122.42302399683155, 37.82779392320396], [-122.4229080027688, 37.82772004787051], [-122.42288694446191, 37.8276799346198], [-122.42279301302253, 37.82766907081756], [-122.42279301212425, 37.82764600572062], [-122.42282192799492, 37.827646006430165], [-122.4228219270966, 37.827628958248695], [-122.42277897325297, 37.827595028616514], [-122.4227350168895, 37.827565946569045], [-122.42269206124922, 37.827538034547594], [-122.42266999862584, 37.82748104114422], [-122.42248297297695, 37.82741301498523], [-122.42228107032864, 37.82731005925079], [-122.42209404288312, 37.82726493070451], [-122.42203203397571, 37.8272059326205], [-122.42198206159475, 37.827197073218464], [-122.42198206159475, 37.827166989133616], [-122.42193292195206, 37.82712804491662], [-122.4218939790862, 37.82713205669838], [-122.42187108192792, 37.827154955212386], [-122.42184199807228, 37.82716197476347], [-122.42181291691158, 37.827154955212386], [-122.42178400193922, 37.8271390769612], [-122.42163307688666, 37.827042972243994], [-122.42163307598835, 37.82702007511437], [-122.42159697359538, 37.82700804116918], [-122.42157508075361, 37.82701405814205], [-122.42146593814151, 37.82695906951994], [-122.42143100625339, 37.82700302607872], [-122.42146694245801, 37.82703695527355], [-122.42146694066138, 37.82705400359179], [-122.42166399689874, 37.827183034122314], [-122.4216280615924, 37.82720994297896], [-122.42139709035983, 37.82705873556906], [-122.4205084418465, 37.82563689650025], [-122.42170844284405, 37.825136896340155], [-122.42250844291021, 37.82573689640956], [-122.42440844441482, 37.82673689585497], [-122.4253553450811, 37.82834663169815], [-122.4253440388849, 37.8283519957889], [-122.42530793649198, 37.82836302765054], [-122.42526498264834, 37.82836904380333], [-122.42522202880471, 37.828339962060966], [-122.42519996528304, 37.828328930905414], [-122.4251780697463, 37.8283519957889], [-122.42512792848207, 37.82835701007818], [-122.42512107703139, 37.82839093935994], [-122.42510603474197, 37.82840898993868], [-122.42508497553678, 37.82839695551049], [-122.42505605966608, 37.82838592507302]]], [[[-122.42036845198588, 37.86321290212745], [-122.42016345194644, 37.86316490271627], [-122.42012045139043, 37.86320790226408], [-122.42007472714249, 37.8631911963353], [-122.41889519964856, 37.86228936062393], [-122.41888645005768, 37.86225490226189], [-122.41885745064369, 37.86225490297111], [-122.41877734337822, 37.86201373795689], [-122.41916334047266, 37.86131919487405], [-122.41942045088338, 37.86105790194036], [-122.41948244990934, 37.860957902394574], [-122.41974845004812, 37.86092490298985], [-122.41993344999605, 37.8605889024072], [-122.42036845198588, 37.86321290212745]]]]}, "properties": {"tract_fips": "06075017903", "fema_risk_rating": "Relatively High", "fema_risk_score": 94.2730072658}}, {"type": "Feature", "geometry": {"type": "MultiPolygon", "coordinates": [[[[-122.39277642404797, 37.77886189211188], [-122.39331342345008, 37.77843689226466], [-122.39356342369534, 37.7782398925258], [-122.3938834233625, 37.77798689231094], [-122.39500742419207, 37.77709889218564], [-122.39723242359005, 37.7753418919892], [-122.39799542384633, 37.77595089241796], [-122.39878142456709, 37.77657789143767], [-122.40034042469152, 37.77534589167375], [-122.40091042370561, 37.77489589136578], [-122.4010084245132, 37.77481889142837], [-122.40098442422378, 37.77474789134123], [-122.40091242515206, 37.77464589174682], [-122.40082842368984, 37.774507891612096], [-122.400465424365, 37.77412289194287], [-122.40012342315993, 37.77381389156777], [-122.39964242383428, 37.77343889165972], [-122.39967442451966, 37.77341389174028], [-122.40168342400759, 37.771826890088974], [-122.40390442410593, 37.77007288973489], [-122.40410942504366, 37.76997889003192], [-122.40441742411691, 37.76975989019998], [-122.40501642434165, 37.76972489013109], [-122.40522942477695, 37.76971188963461], [-122.40543442391807, 37.769699889665944], [-122.40561542546466, 37.76968989004558], [-122.40587042483448, 37.76967488990246], [-122.40596542526903, 37.76966888956027], [-122.40623942490542, 37.76947288971394], [-122.40702742617435, 37.770059889299645], [-122.40761342508195, 37.769595889145634], [-122.40764942596526, 37.76956788917175], [-122.40766642658203, 37.769554890067894], [-122.40776542631622, 37.76947588989302], [-122.40792142685015, 37.76935288955156], [-122.40803342610482, 37.769253889803586], [-122.4084624255519, 37.76932788896066], [-122.40906142667494, 37.76980289022139], [-122.40976242700691, 37.77035888879133], [-122.4109124259791, 37.7694568882833], [-122.41093442661874, 37.76943888791245], [-122.41095742618495, 37.76942088824729], [-122.41098542667237, 37.769442888626465], [-122.41101542680958, 37.76946588811207], [-122.41250642716196, 37.77063988770555], [-122.4118674276526, 37.77114488804844], [-122.41130442831121, 37.77158888969791], [-122.41070442736327, 37.772061889639986], [-122.41010342748875, 37.77253588988817], [-122.40970942730347, 37.77284788996615], [-122.4089394264762, 37.77345688963679], [-122.40854242681617, 37.77376988914352], [-122.40801242529011, 37.774188889573765], [-122.40779442573022, 37.77436088985775], [-122.40743142640538, 37.77464788983279], [-122.40685542664521, 37.775102889674905], [-122.40639542633767, 37.77546688966251], [-122.40632242654272, 37.775523889843555], [-122.40550242638508, 37.77617189041895], [-122.40492242552861, 37.776629890711014], [-122.40463642619667, 37.77685589026849], [-122.40409642552319, 37.77728289153973], [-122.40355642664636, 37.777709891054606], [-122.40298742655884, 37.778158891568964], [-122.40241142590035, 37.77861389181295], [-122.40186942647539, 37.77904189114351], [-122.39964242652925, 37.78080089220131], [-122.39836742518861, 37.781808892605305], [-122.39741242531173, 37.782563892583454], [-122.39686742551372, 37.78212889265373], [-122.39675742501055, 37.78204089199754], [-122.39663942590809, 37.78194689260086], [-122.39657142613603, 37.78189189242255], [-122.3964874255721, 37.78182489278264], [-122.39640642538126, 37.781759892395684], [-122.39586942418251, 37.78133089210031], [-122.39554442449251, 37.78107189239803], [-122.39509142475595, 37.780710892751934], [-122.39465742348939, 37.78036389319436], [-122.39432642484992, 37.7800998924174], [-122.39277642404797, 37.77886189211188]]]]}, "properties": {"tract_fips": "06075018000", "fema_risk_rating": "Very High", "fema_risk_score": 99.8144910991}}, {"type": "Feature", "geometry": {"type": "MultiPolygon", "coordinates": [[[[-122.41767142833025, 37.766814887727676], [-122.41842942856363, 37.76676988766996], [-122.41876042810141, 37.76674888777562], [-122.41909842821023, 37.76672888702541], [-122.41985142752242, 37.76668388691531], [-122.42066442890568, 37.76663488662228], [-122.421083428307, 37.76660888667103], [-122.42155742975659, 37.76658088627624], [-122.42207042976757, 37.766549886283315], [-122.42214843048369, 37.76735388643317], [-122.42216642912871, 37.76754088686319], [-122.42222543047659, 37.768149886216406], [-122.42228443002783, 37.76876388681869], [-122.42233443025654, 37.769287887429556], [-122.42239143015792, 37.76987788722645], [-122.42246543067608, 37.77067388753458], [-122.42247043069898, 37.7707248876039], [-122.42248343021943, 37.77087088826226], [-122.4225514299915, 37.77159788713691], [-122.42251342945835, 37.77170388797756], [-122.42257742993077, 37.77221788764829], [-122.42265843012161, 37.77237788801287], [-122.42264643042607, 37.77251288780706], [-122.4222124300578, 37.77291888761746], [-122.42201543041428, 37.773083888176515], [-122.42194242972107, 37.77313288845665], [-122.42134642986939, 37.77360188797367], [-122.421115430789, 37.773784887745904], [-122.42074042997199, 37.774087888258684], [-122.42028042966444, 37.77436888791265], [-122.42020343056986, 37.774466888157384], [-122.4197074302773, 37.77488088801841], [-122.41936042994767, 37.77521988766014], [-122.4193254306859, 37.775043888253826], [-122.41929743019848, 37.77491388827805], [-122.41872542973793, 37.77309088801564], [-122.41871142949425, 37.77304488845202], [-122.4186644296386, 37.77291488780161], [-122.41863443039966, 37.77274088814647], [-122.4184954304825, 37.772332888500046], [-122.41846543034526, 37.77223288798562], [-122.41842543016232, 37.77211188825454], [-122.41805543026645, 37.77088588816276], [-122.41802142993129, 37.77077488783264], [-122.41794142776867, 37.77063588776636], [-122.41782042829318, 37.77044488811246], [-122.41774642867331, 37.770366887989255], [-122.41780342857474, 37.769984888218644], [-122.41780742877269, 37.769927888027865], [-122.41779042905426, 37.769866888522586], [-122.41778742868121, 37.76981288840626], [-122.4178144284454, 37.76977088820965], [-122.41782942851401, 37.76974888792812], [-122.41783142816382, 37.769728887989224], [-122.41783642818669, 37.769679887583514], [-122.41783942855974, 37.769646887828166], [-122.41785642827817, 37.76947688758565], [-122.41788342804237, 37.769203887836305], [-122.4178644277758, 37.768495887168925], [-122.41782842868908, 37.76841488831835], [-122.41767142833025, 37.766814887727676]]]]}, "properties": {"tract_fips": "06075020101", "fema_risk_rating": "Very High", "fema_risk_score": 97.7382184011}}, {"type": "Feature", "geometry": {"type": "MultiPolygon", "coordinates": [[[[-122.41767142833025, 37.766814887727676], [-122.41756842749977, 37.765761887437804], [-122.4175134281465, 37.76519288710024], [-122.41735842743749, 37.76358188675765], [-122.41851042785616, 37.76350588701466], [-122.41953942735286, 37.76343888562537], [-122.42045942796796, 37.76338588569169], [-122.42111042807122, 37.76334788643942], [-122.42175842869972, 37.76330988645747], [-122.42187942817522, 37.764580886453636], [-122.42191242778719, 37.76492688564051], [-122.42199042940162, 37.76573088639143], [-122.42207042976757, 37.766549886283315], [-122.42155742975659, 37.76658088627624], [-122.421083428307, 37.76660888667103], [-122.42066442890568, 37.76663488662228], [-122.41985142752242, 37.76668388691531], [-122.41909842821023, 37.76672888702541], [-122.41876042810141, 37.76674888777562], [-122.41842942856363, 37.76676988766996], [-122.41767142833025, 37.766814887727676]]]]}, "properties": {"tract_fips": "06075020102", "fema_risk_rating": "Very High", "fema_risk_score": 97.747731678}}, {"type": "Feature", "geometry": {"type": "MultiPolygon", "coordinates": [[[[-122.42207042976757, 37.766549886283315], [-122.42199042940162, 37.76573088639143], [-122.42191242778719, 37.76492688564051], [-122.42187942817522, 37.764580886453636], [-122.42175842869972, 37.76330988645747], [-122.42272542827214, 37.76325288609286], [-122.4231014289141, 37.76323088600271], [-122.42392142907174, 37.76318188626252], [-122.42403242939983, 37.76317488548539], [-122.42483342929091, 37.76312688561693], [-122.42616342998483, 37.76304588514687], [-122.42627242976475, 37.76398888579026], [-122.42631943051873, 37.76466088606466], [-122.4264444301922, 37.76579388550334], [-122.42648843057313, 37.76628188642141], [-122.4252264305496, 37.76635888601744], [-122.424326430026, 37.76641288652558], [-122.42425042985805, 37.76641788584738], [-122.42330743057506, 37.76647488661327], [-122.42207042976757, 37.766549886283315]]]]}, "properties": {"tract_fips": "06075020201", "fema_risk_rating": "Relatively High", "fema_risk_score": 95.8831293925}}, {"type": "Feature", "geometry": {"type": "MultiPolygon", "coordinates": [[[[-122.42207042976757, 37.766549886283315], [-122.42330743057506, 37.76647488661327], [-122.42425042985805, 37.76641788584738], [-122.424326430026, 37.76641288652558], [-122.4252264305496, 37.76635888601744], [-122.42648843057313, 37.76628188642141], [-122.42654143027659, 37.76705788572004], [-122.42661343024659, 37.76788488600533], [-122.4267394315416, 37.76899188593627], [-122.42688443130656, 37.769051885624606], [-122.42697443171825, 37.769184886156694], [-122.42658143225617, 37.76949488652712], [-122.426428431197, 37.76960588664843], [-122.42495543128629, 37.770787886722026], [-122.42369143071461, 37.771790887656394], [-122.42365843110264, 37.771816887205894], [-122.4235514309725, 37.77190788804245], [-122.42342843005056, 37.7719848881712], [-122.42329343033136, 37.772067888367765], [-122.42264643042607, 37.77251288780706], [-122.42265843012161, 37.77237788801287], [-122.42257742993077, 37.77221788764829], [-122.42251342945835, 37.77170388797756], [-122.4225514299915, 37.77159788713691], [-122.42248343021943, 37.77087088826226], [-122.42247043069898, 37.7707248876039], [-122.42246543067608, 37.77067388753458], [-122.42239143015792, 37.76987788722645], [-122.42233443025654, 37.769287887429556], [-122.42228443002783, 37.76876388681869], [-122.42222543047659, 37.768149886216406], [-122.42216642912871, 37.76754088686319], [-122.42214843048369, 37.76735388643317], [-122.42207042976757, 37.766549886283315]]]]}, "properties": {"tract_fips": "06075020202", "fema_risk_rating": "Very High", "fema_risk_score": 97.4563875709}}, {"type": "Feature", "geometry": {"type": "MultiPolygon", "coordinates": [[[[-122.42648843057313, 37.76628188642141], [-122.4264444301922, 37.76579388550334], [-122.42631943051873, 37.76466088606466], [-122.42627242976475, 37.76398888579026], [-122.42616342998483, 37.76304588514687], [-122.42632442964329, 37.76303688524702], [-122.426818430286, 37.76300588589907], [-122.42719343020474, 37.76298288511453], [-122.42853543059421, 37.76289988537323], [-122.4307534303195, 37.76276288453551], [-122.43157143172564, 37.7627128838607], [-122.43215043185886, 37.762677884007374], [-122.4329754320394, 37.76262788398534], [-122.43408843210001, 37.76256088393117], [-122.434966431984, 37.7625118844573], [-122.4352144325794, 37.762680883752], [-122.4352194326023, 37.76273688393316], [-122.43504043250215, 37.762868884547565], [-122.4346104314335, 37.763186884382385], [-122.43348243220262, 37.764020883912785], [-122.4331154326798, 37.76427588412453], [-122.43293543185642, 37.764454883979134], [-122.43165643211447, 37.765463885569254], [-122.4310544315167, 37.76591088543628], [-122.43085043220053, 37.76602388570566], [-122.43074843119494, 37.76620788563653], [-122.42932543151295, 37.76728588583674], [-122.42897543170858, 37.767513885960696], [-122.42868343163053, 37.76774488563098], [-122.42866143188921, 37.767855885538665], [-122.42748843155415, 37.76877988626892], [-122.42697443171825, 37.769184886156694], [-122.42688443130656, 37.769051885624606], [-122.4267394315416, 37.76899188593627], [-122.42661343024659, 37.76788488600533], [-122.42654143027659, 37.76705788572004], [-122.42648843057313, 37.76628188642141]]]]}, "properties": {"tract_fips": "06075020300", "fema_risk_rating": "Very High", "fema_risk_score": 98.9357021393}}, {"type": "Feature", "geometry": {"type": "MultiPolygon", "coordinates": [[[[-122.4464104360027, 37.76182588202321], [-122.44618543587181, 37.7618388817755], [-122.44533543557694, 37.76188988225644], [-122.44422243461798, 37.76195688220829], [-122.44338543474193, 37.76200688268392], [-122.4429344346552, 37.762032882832685], [-122.44019443379976, 37.76219688361509], [-122.43951743465556, 37.76223688401058], [-122.4394644331555, 37.761688883457246], [-122.43945343328484, 37.76156988337728], [-122.43944643361213, 37.76150088321332], [-122.43943443391656, 37.761375883946386], [-122.43936343377148, 37.76063688327675], [-122.439282431784, 37.75981788324478], [-122.43919343209554, 37.75903788269762], [-122.44012243293145, 37.75898888231035], [-122.44040743243846, 37.75904188184364], [-122.44061743339905, 37.75905188290374], [-122.44082443308831, 37.759034882095094], [-122.44106043308986, 37.759019882631584], [-122.44220143363789, 37.758948882289054], [-122.44219043376722, 37.75876388208668], [-122.44223543307476, 37.758523882324766], [-122.44224943331844, 37.758332881928304], [-122.44226443338708, 37.75811388169969], [-122.44228443347855, 37.7577438823376], [-122.44230743394309, 37.75763988204936], [-122.44239743345645, 37.75759388281767], [-122.44231343379087, 37.756863881948426], [-122.44227043323484, 37.75676488252798], [-122.44224643204707, 37.75664888161803], [-122.44229943175053, 37.7565848825321], [-122.44240543295406, 37.75652188125821], [-122.44247343362443, 37.75648088203496], [-122.44300743265353, 37.75616988179994], [-122.44321443324107, 37.75604888206549], [-122.44330243400292, 37.75624388197441], [-122.44340943413303, 37.75634688138379], [-122.44395943395396, 37.756716881340814], [-122.44472243331187, 37.75723388145046], [-122.44483843456113, 37.7572628818208], [-122.4449904339988, 37.75728288157976], [-122.44500543406741, 37.757213881678254], [-122.44513243339071, 37.75697088188329], [-122.44484643405873, 37.75681788223416], [-122.44443343360686, 37.75657788184079], [-122.44438143283001, 37.75651288198494], [-122.44438343337818, 37.75646588134342], [-122.44440143471816, 37.7564318820847], [-122.44441143386557, 37.75641188209567], [-122.4445114334247, 37.75636388209995], [-122.44452743331821, 37.75638388210194], [-122.44457143369914, 37.75643988136856], [-122.44478943415737, 37.75656788186669], [-122.44505243392307, 37.75662188171079], [-122.445309433841, 37.756582881827356], [-122.44567243406419, 37.75645888206132], [-122.44587543355544, 37.75643488137238], [-122.44597243453816, 37.75642288209029], [-122.4469764339205, 37.75655988117624], [-122.44705943465948, 37.756765881812555], [-122.44714543397491, 37.75688488180844], [-122.44719143400565, 37.75692588222822], [-122.4473334342959, 37.7570518811934], [-122.44757343359707, 37.75719988183446], [-122.44773343432895, 37.75735488137748], [-122.44784543448196, 37.757499882168034], [-122.4479414338431, 37.75759888202535], [-122.44779443532666, 37.75767188149807], [-122.44751443404583, 37.757808881822086], [-122.44732943409792, 37.757900881409995], [-122.44706243413421, 37.758183882157844], [-122.44679843364527, 37.75846388190755], [-122.44642143407673, 37.75886588157212], [-122.44648043452625, 37.7590568820129], [-122.44643943451838, 37.759864881756734], [-122.44642543607132, 37.76002288195998], [-122.4463694350965, 37.76042088189327], [-122.44642043515012, 37.760916881553676], [-122.4464604362314, 37.76101688174669], [-122.44643643504367, 37.76110388263557], [-122.44655643559254, 37.761405881914854], [-122.44680943531256, 37.7617908824604], [-122.4464104360027, 37.76182588202321]]]]}, "properties": {"tract_fips": "06075020401", "fema_risk_rating": "Relatively Moderate", "fema_risk_score": 84.6622192097}}, {"type": "Feature", "geometry": {"type": "MultiPolygon", "coordinates": [[[[-122.43919343209554, 37.75903788269762], [-122.43914043239208, 37.75847288236387], [-122.43910043220909, 37.75786488214068], [-122.43905943220123, 37.75742488184361], [-122.439029432064, 37.75709988287338], [-122.43900343212474, 37.75703188279245], [-122.43886543203246, 37.755534882231935], [-122.43889043214683, 37.755443881845075], [-122.43900043175168, 37.75539888268169], [-122.43967343159623, 37.75532988173327], [-122.44005943228395, 37.75523888251477], [-122.44037143245346, 37.75523788249933], [-122.44047643113713, 37.75507488193132], [-122.44079443115444, 37.75461888170701], [-122.44092343192419, 37.754502882403976], [-122.44110243202434, 37.75418788154836], [-122.44118943206297, 37.75409988243831], [-122.441333432003, 37.753889882056804], [-122.4418334315952, 37.75348088135828], [-122.44191243213623, 37.75337488138835], [-122.44208343184046, 37.75308088164192], [-122.44226543141534, 37.75283988186264], [-122.44251943275688, 37.75261688150621], [-122.44255143164563, 37.75238988239281], [-122.44273043264405, 37.75238688223086], [-122.44287343275923, 37.75238488212286], [-122.44301743269926, 37.75181788199531], [-122.44308843194605, 37.75153788195191], [-122.44323943155878, 37.75094488053082], [-122.44328143139157, 37.750778880932174], [-122.44344743197124, 37.75010888114635], [-122.44346743116441, 37.750024880369935], [-122.4435794313174, 37.749452880157904], [-122.44373043182847, 37.74918688034132], [-122.4441194319909, 37.74869488058538], [-122.44429343206815, 37.74838987952443], [-122.44424743113909, 37.74804088007299], [-122.44418443228821, 37.747800880331646], [-122.44419843163361, 37.747565880407834], [-122.44431843218251, 37.74731887968958], [-122.44445243207682, 37.747183880078786], [-122.44464643134728, 37.74709088053515], [-122.44476643099786, 37.74705487955766], [-122.44488343207203, 37.7470348798752], [-122.44667443200008, 37.746769879310555], [-122.4468674314456, 37.74673187933678], [-122.44742543256076, 37.746605879844765], [-122.44782943279182, 37.74651587997483], [-122.44894043230427, 37.746246879134986], [-122.44938943184283, 37.746138879890566], [-122.44972443247691, 37.7460858803484], [-122.45020043267797, 37.746029878927985], [-122.45060143343429, 37.74596987974376], [-122.45086643374815, 37.745913879656236], [-122.45089643298705, 37.74608787920603], [-122.45075343287193, 37.7461968800832], [-122.45054743390591, 37.746216879281775], [-122.45019543265511, 37.74627887995952], [-122.44982343221113, 37.74645187993762], [-122.44947343240676, 37.74666987974881], [-122.44933643213938, 37.746725879264346], [-122.44917243210787, 37.74686987944745], [-122.44907443219857, 37.747084879071174], [-122.44876443167887, 37.74782587967507], [-122.44867543199041, 37.74799787947512], [-122.44829843242185, 37.7485958801785], [-122.44782043257095, 37.74941787971331], [-122.44772243176337, 37.74949487981725], [-122.44758443256941, 37.74952288028721], [-122.44737443160882, 37.749463879766594], [-122.44717543231552, 37.74934888029008], [-122.44653943317918, 37.74888287998894], [-122.44634743176192, 37.748791879944356], [-122.44617243275808, 37.74874287987397], [-122.44592643271076, 37.748770879918155], [-122.44572343232117, 37.74886488029343], [-122.4456614323969, 37.74899287969052], [-122.44568443196312, 37.74914687999249], [-122.44582943262638, 37.749305880452255], [-122.44667043180213, 37.7498058796985], [-122.44695043218461, 37.749971880059356], [-122.44708743245195, 37.750008880414185], [-122.44774243365147, 37.750206880155915], [-122.4479844335008, 37.75027987981936], [-122.448159433403, 37.75025988029823], [-122.44829043382256, 37.75017787986093], [-122.44891143289027, 37.74934887957977], [-122.44907743346991, 37.749192879503916], [-122.44927143363869, 37.74911587979604], [-122.4494264343477, 37.74911587979604], [-122.44956943356453, 37.74919188011706], [-122.4496664336489, 37.74932387933023], [-122.4497434336418, 37.749549879943906], [-122.4497084334817, 37.74983287996225], [-122.44954843454644, 37.75020787952906], [-122.44952443335869, 37.75026588008413], [-122.44944943391391, 37.75042188002882], [-122.44933143391317, 37.75055687941497], [-122.44921143426255, 37.75064688005271], [-122.44886443303461, 37.75083788040427], [-122.44875643307958, 37.75091188022951], [-122.44795443426192, 37.75080788028132], [-122.44779543425324, 37.75084087991873], [-122.4476594329125, 37.75091787996254], [-122.44711643366259, 37.75151488044268], [-122.4470604344844, 37.75166888046795], [-122.44705543356322, 37.75178487995248], [-122.44712143458378, 37.751940880246146], [-122.44742443363417, 37.75227188019429], [-122.4475624337264, 37.75249188001238], [-122.44738343362629, 37.75273088082646], [-122.44725143428012, 37.7528578805913], [-122.44680343366814, 37.753258880845216], [-122.44674243356877, 37.75339788018863], [-122.44676043401043, 37.753582880314916], [-122.44689543372965, 37.75377188011984], [-122.44723643331318, 37.754052880263785], [-122.44740243479116, 37.7542278805927], [-122.44746143344409, 37.75433888089927], [-122.44772543393306, 37.75483988024937], [-122.44796943433052, 37.75554188160145], [-122.4479884345971, 37.755682881646415], [-122.44787843499222, 37.75583088147503], [-122.4477094340395, 37.75587788109953], [-122.44755643387862, 37.75583088147503], [-122.44703043434718, 37.75544788189569], [-122.44683543345519, 37.75535888142948], [-122.44658643393315, 37.75535588138798], [-122.44617843350414, 37.75547388150891], [-122.4458084336083, 37.755516881313554], [-122.44537443324003, 37.75562888182716], [-122.44524843374164, 37.755746881512636], [-122.4452944337724, 37.755930882151404], [-122.44549043448932, 37.75599388179791], [-122.4459554339214, 37.75583988154145], [-122.44615243356489, 37.75581388134659], [-122.44636543400021, 37.75592088137966], [-122.44680343366814, 37.756308881356354], [-122.4469764339205, 37.75655988117624], [-122.44597243453816, 37.75642288209029], [-122.44587543355544, 37.75643488137238], [-122.44567243406419, 37.75645888206132], [-122.445309433841, 37.756582881827356], [-122.44505243392307, 37.75662188171079], [-122.44478943415737, 37.75656788186669], [-122.44457143369914, 37.75643988136856], [-122.44452743331821, 37.75638388210194], [-122.4445114334247, 37.75636388209995], [-122.44441143386557, 37.75641188209567], [-122.44440143471816, 37.7564318820847], [-122.44438343337818, 37.75646588134342], [-122.44438143283001, 37.75651288198494], [-122.44443343360686, 37.75657788184079], [-122.44484643405873, 37.75681788223416], [-122.44513243339071, 37.75697088188329], [-122.44500543406741, 37.757213881678254], [-122.4449904339988, 37.75728288157976], [-122.44483843456113, 37.7572628818208], [-122.44472243331187, 37.75723388145046], [-122.44395943395396, 37.756716881340814], [-122.44340943413303, 37.75634688138379], [-122.44330243400292, 37.75624388197441], [-122.44321443324107, 37.75604888206549], [-122.44300743265353, 37.75616988179994], [-122.44247343362443, 37.75648088203496], [-122.44240543295406, 37.75652188125821], [-122.44229943175053, 37.7565848825321], [-122.44224643204707, 37.75664888161803], [-122.44227043323484, 37.75676488252798], [-122.44231343379087, 37.756863881948426], [-122.44239743345645, 37.75759388281767], [-122.44230743394309, 37.75763988204936], [-122.44228443347855, 37.7577438823376], [-122.44226443338708, 37.75811388169969], [-122.44224943331844, 37.758332881928304], [-122.44223543307476, 37.758523882324766], [-122.44219043376722, 37.75876388208668], [-122.44220143363789, 37.758948882289054], [-122.44106043308986, 37.759019882631584], [-122.44082443308831, 37.759034882095094], [-122.44061743339905, 37.75905188290374], [-122.44040743243846, 37.75904188184364], [-122.44012243293145, 37.75898888231035], [-122.43919343209554, 37.75903788269762]]]]}, "properties": {"tract_fips": "06075020402", "fema_risk_rating": "Relatively Moderate", "fema_risk_score": 88.1928341241}}, {"type": "Feature", "geometry": {"type": "MultiPolygon", "coordinates": [[[[-122.4352194326023, 37.76273688393316], [-122.4352144325794, 37.762680883752], [-122.43516743272374, 37.76242388388584], [-122.43502743208333, 37.76089888336525], [-122.43488043177025, 37.75929888351767], [-122.43472443123632, 37.75769688389855], [-122.43464843017001, 37.75689688314623], [-122.43457243000206, 37.75610288370887], [-122.43469743057383, 37.756118883767314], [-122.43566843034422, 37.75605088207444], [-122.43677043233083, 37.75597588170146], [-122.4378294310664, 37.75590288268588], [-122.43779543162954, 37.75555088241322], [-122.43889043214683, 37.755443881845075], [-122.43886543203246, 37.755534882231935], [-122.43900343212474, 37.75703188279245], [-122.439029432064, 37.75709988287338], [-122.43905943220123, 37.75742488184361], [-122.43910043220909, 37.75786488214068], [-122.43914043239208, 37.75847288236387], [-122.43919343209554, 37.75903788269762], [-122.439282431784, 37.75981788324478], [-122.43936343377148, 37.76063688327675], [-122.43943443391656, 37.761375883946386], [-122.43944643361213, 37.76150088321332], [-122.43945343328484, 37.76156988337728], [-122.4394644331555, 37.761688883457246], [-122.43951743465556, 37.76223688401058], [-122.4384444329813, 37.76230088388819], [-122.4373684318323, 37.762364883710426], [-122.43646343218413, 37.76241888429411], [-122.43634043216049, 37.76243288386033], [-122.43586343213452, 37.76249488373367], [-122.43554043299264, 37.762606883625075], [-122.4352194326023, 37.76273688393316]]]]}, "properties": {"tract_fips": "06075020500", "fema_risk_rating": "Relatively High", "fema_risk_score": 91.9458218877}}, {"type": "Feature", "geometry": {"type": "MultiPolygon", "coordinates": [[[[-122.42616342998483, 37.76304588514687], [-122.42613042947453, 37.762640885016935], [-122.42609742986255, 37.76221588566986], [-122.4260094291007, 37.761442885073954], [-122.4258624278893, 37.759844884116184], [-122.42577442802575, 37.7590458845405], [-122.42571142827656, 37.758241884272884], [-122.42589642822449, 37.75823088383851], [-122.42807642921325, 37.75809888418011], [-122.42815243027955, 37.75889988397347], [-122.42822843044755, 37.75970188357114], [-122.43044643017285, 37.759566884536184], [-122.43266443079645, 37.759432883793195], [-122.4337714310093, 37.759365883685774], [-122.43488043177025, 37.75929888351767], [-122.43502743208333, 37.76089888336525], [-122.43516743272374, 37.76242388388584], [-122.4352144325794, 37.762680883752], [-122.434966431984, 37.7625118844573], [-122.43408843210001, 37.76256088393117], [-122.4329754320394, 37.76262788398534], [-122.43215043185886, 37.762677884007374], [-122.43157143172564, 37.7627128838607], [-122.4307534303195, 37.76276288453551], [-122.42853543059421, 37.76289988537323], [-122.42719343020474, 37.76298288511453], [-122.426818430286, 37.76300588589907], [-122.42632442964329, 37.76303688524702], [-122.42616342998483, 37.76304588514687]]]]}, "properties": {"tract_fips": "06075020601", "fema_risk_rating": "Relatively High", "fema_risk_score": 92.0730619671}}, {"type": "Feature", "geometry": {"type": "MultiPolygon", "coordinates": [[[[-122.42571142827656, 37.758241884272884], [-122.42563042808571, 37.75744488439963], [-122.42555842811569, 37.75664588446973], [-122.4257134279264, 37.75663688379119], [-122.42617542878206, 37.75660888388262], [-122.4268134275682, 37.75657088398975], [-122.4279184281312, 37.756503883420876], [-122.43014142967601, 37.756369883521565], [-122.43179643005992, 37.75626988343858], [-122.43235742975149, 37.75623688409179], [-122.43457243000206, 37.75610288370887], [-122.43464843017001, 37.75689688314623], [-122.43472443123632, 37.75769688389855], [-122.43488043177025, 37.75929888351767], [-122.4337714310093, 37.759365883685774], [-122.43266443079645, 37.759432883793195], [-122.43044643017285, 37.759566884536184], [-122.42822843044755, 37.75970188357114], [-122.42815243027955, 37.75889988397347], [-122.42807642921325, 37.75809888418011], [-122.42589642822449, 37.75823088383851], [-122.42571142827656, 37.758241884272884]]]]}, "properties": {"tract_fips": "06075020602", "fema_risk_rating": "Relatively High", "fema_risk_score": 88.9657878777}}, {"type": "Feature", "geometry": {"type": "MultiPolygon", "coordinates": [[[[-122.42145142855306, 37.760110886098175], [-122.42138142733455, 37.75938188516914], [-122.42129842749387, 37.758508886308746], [-122.42122042587944, 37.75771088577891], [-122.42114442660974, 37.75691188517085], [-122.42106742661687, 37.75611188516262], [-122.42099042572566, 37.75530488421473], [-122.42146142680217, 37.75527788381696], [-122.42316542669158, 37.755181884453584], [-122.42325842657797, 37.755176884372375], [-122.42378342718284, 37.755146884588164], [-122.42431642818363, 37.755115884064395], [-122.42484942738778, 37.75508488423793], [-122.42541042797767, 37.75504488423646], [-122.42555842811569, 37.75664588446973], [-122.42563042808571, 37.75744488439963], [-122.42571142827656, 37.758241884272884], [-122.42577442802575, 37.7590458845405], [-122.4258624278893, 37.759844884116184], [-122.42488942757078, 37.75990388559151], [-122.42371042828624, 37.759973885776205], [-122.42363042881861, 37.759978885533194], [-122.42290542819721, 37.76002288551096], [-122.42228442823117, 37.76006088576121], [-122.42145142855306, 37.760110886098175]]]]}, "properties": {"tract_fips": "06075020701", "fema_risk_rating": "Relatively High", "fema_risk_score": 91.0955727587}}, {"type": "Feature", "geometry": {"type": "MultiPolygon", "coordinates": [[[[-122.42175842869972, 37.76330988645747], [-122.42172142799147, 37.762926886539915], [-122.42168842837953, 37.762588885847876], [-122.42160442871393, 37.76171088613661], [-122.42145142855306, 37.760110886098175], [-122.42228442823117, 37.76006088576121], [-122.42290542819721, 37.76002288551096], [-122.42363042881861, 37.759978885533194], [-122.42371042828624, 37.759973885776205], [-122.42488942757078, 37.75990388559151], [-122.4258624278893, 37.759844884116184], [-122.4260094291007, 37.761442885073954], [-122.42609742986255, 37.76221588566986], [-122.42613042947453, 37.762640885016935], [-122.42616342998483, 37.76304588514687], [-122.42483342929091, 37.76312688561693], [-122.42403242939983, 37.76317488548539], [-122.42392142907174, 37.76318188626252], [-122.4231014289141, 37.76323088600271], [-122.42272542827214, 37.76325288609286], [-122.42175842869972, 37.76330988645747]]]]}, "properties": {"tract_fips": "06075020702", "fema_risk_rating": "Relatively High", "fema_risk_score": 94.3229519698}}, {"type": "Feature", "geometry": {"type": "MultiPolygon", "coordinates": [[[[-122.41705242621742, 37.76037688641338], [-122.41689842623164, 37.75877388602513], [-122.41674642499737, 37.757176886346734], [-122.41659342483649, 37.75557788555229], [-122.4176854249807, 37.75551188551637], [-122.41877442565018, 37.755446885434196], [-122.41988442533773, 37.75537588521367], [-122.42099042572566, 37.75530488421473], [-122.42106742661687, 37.75611188516262], [-122.42114442660974, 37.75691188517085], [-122.42122042587944, 37.75771088577891], [-122.42129842749387, 37.758508886308746], [-122.42138142733455, 37.75938188516914], [-122.42145142855306, 37.760110886098175], [-122.42068642774869, 37.76015788584433], [-122.42000142731024, 37.76019888587045], [-122.4192324263079, 37.76024488561292], [-122.41814442636166, 37.76031088639773], [-122.41705242621742, 37.76037688641338]]]]}, "properties": {"tract_fips": "06075020801", "fema_risk_rating": "Relatively High", "fema_risk_score": 96.7928365024}}, {"type": "Feature", "geometry": {"type": "MultiPolygon", "coordinates": [[[[-122.41735842743749, 37.76358188675765], [-122.4172054263783, 37.76197788559372], [-122.41705242621742, 37.76037688641338], [-122.41814442636166, 37.76031088639773], [-122.4192324263079, 37.76024488561292], [-122.42000142731024, 37.76019888587045], [-122.42068642774869, 37.76015788584433], [-122.42145142855306, 37.760110886098175], [-122.42160442871393, 37.76171088613661], [-122.42168842837953, 37.762588885847876], [-122.42172142799147, 37.762926886539915], [-122.42175842869972, 37.76330988645747], [-122.42111042807122, 37.76334788643942], [-122.42045942796796, 37.76338588569169], [-122.41953942735286, 37.76343888562537], [-122.41851042785616, 37.76350588701466], [-122.41735842743749, 37.76358188675765]]]]}, "properties": {"tract_fips": "06075020802", "fema_risk_rating": "Relatively High", "fema_risk_score": 96.0662599741}}, {"type": "Feature", "geometry": {"type": "MultiPolygon", "coordinates": [[[[-122.41659342483649, 37.75557788555229], [-122.4164394248507, 37.75397788567814], [-122.41629242363929, 37.75238288556615], [-122.41613442435386, 37.75078088463499], [-122.41598142419298, 37.749181884116744], [-122.41589942327892, 37.74830888422716], [-122.41589642290583, 37.748276884280415], [-122.41823242442855, 37.74821288434551], [-122.41838342404131, 37.748207883793306], [-122.41919742435115, 37.74818888382286], [-122.42016542464683, 37.74816688422486], [-122.42030842476194, 37.748170883248235], [-122.42038042473197, 37.74891688413725], [-122.42053342579115, 37.75051588398908], [-122.42069142597492, 37.7521138840345], [-122.42083842628801, 37.753712883697396], [-122.42099042572566, 37.75530488421473], [-122.41988442533773, 37.75537588521367], [-122.41877442565018, 37.755446885434196], [-122.4176854249807, 37.75551188551637], [-122.41659342483649, 37.75557788555229]]]]}, "properties": {"tract_fips": "06075020900", "fema_risk_rating": "Very High", "fema_risk_score": 97.9249164615}}, {"type": "Feature", "geometry": {"type": "MultiPolygon", "coordinates": [[[[-122.42099042572566, 37.75530488421473], [-122.42083842628801, 37.753712883697396], [-122.42069142597492, 37.7521138840345], [-122.42053342579115, 37.75051588398908], [-122.42038042473197, 37.74891688413725], [-122.42030842476194, 37.748170883248235], [-122.42141942427442, 37.7481338841053], [-122.42232642536904, 37.7480798837487], [-122.42248142517974, 37.74801688375647], [-122.42259142568288, 37.748009883675095], [-122.42290442567734, 37.74795788345577], [-122.42461042521656, 37.747856883963465], [-122.42472442681601, 37.74784788363632], [-122.42480342556043, 37.74865388412795], [-122.42489842599497, 37.74944688385756], [-122.42496042591924, 37.75024688419351], [-122.42504242683331, 37.75105388348778], [-122.42512342612588, 37.75185488426822], [-122.42526642803763, 37.753445883529146], [-122.42541042797767, 37.75504488423646], [-122.42484942738778, 37.75508488423793], [-122.42431642818363, 37.755115884064395], [-122.42378342718284, 37.755146884588164], [-122.42325842657797, 37.755176884372375], [-122.42316542669158, 37.755181884453584], [-122.42146142680217, 37.75527788381696], [-122.42099042572566, 37.75530488421473]]]]}, "properties": {"tract_fips": "06075021000", "fema_risk_rating": "Relatively High", "fema_risk_score": 96.0341526643}}, {"type": "Feature", "geometry": {"type": "MultiPolygon", "coordinates": [[[[-122.42555842811569, 37.75664588446973], [-122.42541042797767, 37.75504488423646], [-122.42526642803763, 37.753445883529146], [-122.42512342612588, 37.75185488426822], [-122.42525242689563, 37.7518478845499], [-122.42559242665425, 37.751826883970395], [-122.42582042625985, 37.751812883817564], [-122.42635942710844, 37.75178088396554], [-122.42746342784655, 37.75171488409381], [-122.42857442825733, 37.75164788338901], [-122.42968542776978, 37.75158088333384], [-122.43190342749512, 37.751446882331194], [-122.43411642989248, 37.75131388186467], [-122.4341894287891, 37.75210188192083], [-122.4342664296803, 37.752900881916375], [-122.43434342967318, 37.75369988180687], [-122.4344204305644, 37.75450388242935], [-122.43449642983406, 37.755298881996474], [-122.43457243000206, 37.75610288370887], [-122.43235742975149, 37.75623688409179], [-122.43179643005992, 37.75626988343858], [-122.43014142967601, 37.756369883521565], [-122.4279184281312, 37.756503883420876], [-122.4268134275682, 37.75657088398975], [-122.42617542878206, 37.75660888388262], [-122.4257134279264, 37.75663688379119], [-122.42555842811569, 37.75664588446973]]]]}, "properties": {"tract_fips": "06075021100", "fema_risk_rating": "Relatively Moderate", "fema_risk_score": 87.6660364121}}, {"type": "Feature", "geometry": {"type": "MultiPolygon", "coordinates": [[[[-122.43457243000206, 37.75610288370887], [-122.43449642983406, 37.755298881996474], [-122.4344204305644, 37.75450388242935], [-122.43434342967318, 37.75369988180687], [-122.4342664296803, 37.752900881916375], [-122.4341894287891, 37.75210188192083], [-122.43411642989248, 37.75131388186467], [-122.43632543029524, 37.75116288202249], [-122.43850043036285, 37.75103388133468], [-122.43957343024049, 37.75097288187265], [-122.4406424317168, 37.75091188165003], [-122.44171343194462, 37.75084588171354], [-122.44280943138848, 37.75078288123494], [-122.44312943195393, 37.75078088108358], [-122.44328143139157, 37.750778880932174], [-122.44323943155878, 37.75094488053082], [-122.44308843194605, 37.75153788195191], [-122.44301743269926, 37.75181788199531], [-122.44287343275923, 37.75238488212286], [-122.44273043264405, 37.75238688223086], [-122.44255143164563, 37.75238988239281], [-122.44251943275688, 37.75261688150621], [-122.44226543141534, 37.75283988186264], [-122.44208343184046, 37.75308088164192], [-122.44191243213623, 37.75337488138835], [-122.4418334315952, 37.75348088135828], [-122.441333432003, 37.753889882056804], [-122.44118943206297, 37.75409988243831], [-122.44110243202434, 37.75418788154836], [-122.44092343192419, 37.754502882403976], [-122.44079443115444, 37.75461888170701], [-122.44047643113713, 37.75507488193132], [-122.44037143245346, 37.75523788249933], [-122.44005943228395, 37.75523888251477], [-122.43967343159623, 37.75532988173327], [-122.43900043175168, 37.75539888268169], [-122.43889043214683, 37.755443881845075], [-122.43779543162954, 37.75555088241322], [-122.4378294310664, 37.75590288268588], [-122.43677043233083, 37.75597588170146], [-122.43566843034422, 37.75605088207444], [-122.43469743057383, 37.756118883767314], [-122.43457243000206, 37.75610288370887]]]]}, "properties": {"tract_fips": "06075021200", "fema_risk_rating": "Relatively High", "fema_risk_score": 90.8791457077}}, {"type": "Feature", "geometry": {"type": "MultiPolygon", "coordinates": [[[[-122.43411642989248, 37.75131388186467], [-122.43403342915347, 37.75050488240598], [-122.43395542843734, 37.74970588210833], [-122.43387742861957, 37.74890588231637], [-122.4337954286038, 37.74810688180102], [-122.43372342863377, 37.7473068817704], [-122.43440942889711, 37.74726588170277], [-122.43505242770613, 37.74723388201536], [-122.43594242908227, 37.747188881410466], [-122.43811642932496, 37.747059881608365], [-122.43819243039128, 37.74784188152346], [-122.43821642978241, 37.74809688139233], [-122.43827243075721, 37.748674882056456], [-122.43888443050241, 37.74866888214156], [-122.43974442994471, 37.74865888180876], [-122.44071942991307, 37.748648880054084], [-122.44143442959042, 37.74861988056915], [-122.44158143080182, 37.74858088072952], [-122.44194343030173, 37.748483880383674], [-122.44254543089951, 37.74819288071415], [-122.44261043209515, 37.748088880496134], [-122.44318843240349, 37.74751387987653], [-122.44398743174641, 37.746774879959915], [-122.4441214307424, 37.746731880047044], [-122.44458243177317, 37.74669687973614], [-122.44462943162883, 37.74669288063311], [-122.44480943155386, 37.74678088002832], [-122.44486443090716, 37.74692988003302], [-122.44487343112797, 37.746954880381004], [-122.44487943187409, 37.74700187925081], [-122.44488343207203, 37.7470348798752], [-122.44476643099786, 37.74705487955766], [-122.44464643134728, 37.74709088053515], [-122.44445243207682, 37.747183880078786], [-122.44431843218251, 37.74731887968958], [-122.44419843163361, 37.747565880407834], [-122.44418443228821, 37.747800880331646], [-122.44424743113909, 37.74804088007299], [-122.44429343206815, 37.74838987952443], [-122.4441194319909, 37.74869488058538], [-122.44373043182847, 37.74918688034132], [-122.4435794313174, 37.749452880157904], [-122.44346743116441, 37.750024880369935], [-122.44344743197124, 37.75010888114635], [-122.44328143139157, 37.750778880932174], [-122.44312943195393, 37.75078088108358], [-122.44280943138848, 37.75078288123494], [-122.44171343194462, 37.75084588171354], [-122.4406424317168, 37.75091188165003], [-122.43957343024049, 37.75097288187265], [-122.43850043036285, 37.75103388133468], [-122.43632543029524, 37.75116288202249], [-122.43411642989248, 37.75131388186467]]]]}, "properties": {"tract_fips": "06075021300", "fema_risk_rating": "Relatively Moderate", "fema_risk_score": 86.1843435244}}, {"type": "Feature", "geometry": {"type": "MultiPolygon", "coordinates": [[[[-122.42512342612588, 37.75185488426822], [-122.42504242683331, 37.75105388348778], [-122.42496042591924, 37.75024688419351], [-122.42489842599497, 37.74944688385756], [-122.42480342556043, 37.74865388412795], [-122.42472442681601, 37.74784788363632], [-122.42487642625365, 37.74783488355649], [-122.42517742655254, 37.74781688360603], [-122.42707142641275, 37.74770588203916], [-122.42929642670904, 37.747573882070846], [-122.431503427462, 37.74744388210873], [-122.43180042846123, 37.74742288241035], [-122.43215542739016, 37.747399881752926], [-122.43372342863377, 37.7473068817704], [-122.4337954286038, 37.74810688180102], [-122.43387742861957, 37.74890588231637], [-122.43395542843734, 37.74970588210833], [-122.43403342915347, 37.75050488240598], [-122.43411642989248, 37.75131388186467], [-122.43190342749512, 37.751446882331194], [-122.42968542776978, 37.75158088333384], [-122.42857442825733, 37.75164788338901], [-122.42746342784655, 37.75171488409381], [-122.42635942710844, 37.75178088396554], [-122.42582042625985, 37.751812883817564], [-122.42559242665425, 37.751826883970395], [-122.42525242689563, 37.7518478845499], [-122.42512342612588, 37.75185488426822]]]]}, "properties": {"tract_fips": "06075021400", "fema_risk_rating": "Relatively High", "fema_risk_score": 90.4344000095}}, {"type": "Feature", "geometry": {"type": "MultiPolygon", "coordinates": [[[[-122.42472442681601, 37.74784788363632], [-122.42461042521656, 37.747856883963465], [-122.42290442567734, 37.74795788345577], [-122.42259142568288, 37.748009883675095], [-122.42247942373326, 37.747177883594595], [-122.42246042436503, 37.747030884342024], [-122.42241242468444, 37.7465048841899], [-122.42240142481378, 37.746382883431494], [-122.42231542460007, 37.74558488352492], [-122.42230942385396, 37.745491883392575], [-122.42230242328296, 37.7453578834394], [-122.4223194238997, 37.74519388368603], [-122.42239542406767, 37.744968884130465], [-122.42246542438787, 37.744768882846316], [-122.42273542382631, 37.74394988190159], [-122.42306942373715, 37.74312388200603], [-122.42332842420325, 37.74243588269152], [-122.42338742375446, 37.74229988179749], [-122.42418942436878, 37.742250881690964], [-122.42434142470474, 37.74224088262204], [-122.42584042455472, 37.74215088241669], [-122.42654442525975, 37.74210788194842], [-122.4268724253228, 37.74208788234991], [-122.4279054259158, 37.74202488151914], [-122.42875542621067, 37.74197388226188], [-122.42893742488724, 37.74196288153994], [-122.42997342585326, 37.74189988131317], [-122.43091442638472, 37.74184288150154], [-122.43097942578375, 37.74192688233025], [-122.43104842627902, 37.742640881263554], [-122.43112642699516, 37.743440882006745], [-122.4312064264628, 37.74425488208172], [-122.43128242752908, 37.745041881857624], [-122.43135142712605, 37.745837881651376], [-122.43143842806299, 37.74663988219801], [-122.431503427462, 37.74744388210873], [-122.42929642670904, 37.747573882070846], [-122.42707142641275, 37.74770588203916], [-122.42517742655254, 37.74781688360603], [-122.42487642625365, 37.74783488355649], [-122.42472442681601, 37.74784788363632]]]]}, "properties": {"tract_fips": "06075021500", "fema_risk_rating": "Relatively High", "fema_risk_score": 91.2727575422}}, {"type": "Feature", "geometry": {"type": "MultiPolygon", "coordinates": [[[[-122.43372342863377, 37.7473068817704], [-122.43215542739016, 37.747399881752926], [-122.43180042846123, 37.74742288241035], [-122.431503427462, 37.74744388210873], [-122.43143842806299, 37.74663988219801], [-122.43135142712605, 37.745837881651376], [-122.43128242752908, 37.745041881857624], [-122.4312064264628, 37.74425488208172], [-122.43112642699516, 37.743440882006745], [-122.43104842627902, 37.742640881263554], [-122.43097942578375, 37.74192688233025], [-122.43091442638472, 37.74184288150154], [-122.43114442564018, 37.74184188201538], [-122.43204342633885, 37.741803880932096], [-122.43225142675132, 37.741792881605654], [-122.43247042613612, 37.741781881567256], [-122.43262342719532, 37.741809881403555], [-122.43280742642001, 37.741908880942944], [-122.43292842589553, 37.741934881761516], [-122.4332854262709, 37.74191288101479], [-122.43334142724571, 37.74250488145651], [-122.43340642754303, 37.74318488154468], [-122.4333464281669, 37.74330588100493], [-122.43464842747507, 37.74322788067695], [-122.43558542780859, 37.74317088046724], [-122.43556242824238, 37.74270687999343], [-122.43553542757988, 37.742601880404266], [-122.43548842772421, 37.74228288069139], [-122.43541342738114, 37.74193288066064], [-122.43545142791429, 37.74169788057393], [-122.43555142837172, 37.7416618798146], [-122.4355864267352, 37.74155988005439], [-122.43561042792295, 37.74162188037109], [-122.43582642783302, 37.74211488045697], [-122.43612442775887, 37.742528880270605], [-122.436498428751, 37.74289587987311], [-122.43725342861131, 37.743430880257186], [-122.43754042776818, 37.74360388049932], [-122.43765842866723, 37.74366687998612], [-122.4377754279448, 37.74374088058898], [-122.43808142916488, 37.74391988040694], [-122.43954442902985, 37.74480487996348], [-122.43984442950382, 37.745022880364054], [-122.43993843011346, 37.74511788067986], [-122.44003242982481, 37.74523388048887], [-122.44007542948252, 37.745308879674646], [-122.44011442984055, 37.745305880646306], [-122.44019242965837, 37.74530188075782], [-122.44129643039648, 37.745240880122516], [-122.44129743022137, 37.74505788004594], [-122.4413924288593, 37.744916879643405], [-122.44173643061251, 37.744638880088004], [-122.44204043038614, 37.74446188020009], [-122.44229743030408, 37.74438487983177], [-122.44265543050437, 37.7443578804217], [-122.44267042967466, 37.744202879934335], [-122.44276742975906, 37.744004880466534], [-122.4429194291967, 37.743852879747976], [-122.44376943038989, 37.74337987983762], [-122.44392743057364, 37.74331388028711], [-122.44417443044584, 37.743306879760894], [-122.44438643015795, 37.74337888037227], [-122.44468443008378, 37.74353787972788], [-122.4452404306508, 37.7436978796237], [-122.44543743029428, 37.74377588016676], [-122.44561643129273, 37.74391587973314], [-122.44570543187952, 37.74414887955084], [-122.44575943140788, 37.74442688023636], [-122.44581143218473, 37.744661879472496], [-122.44589243237557, 37.7448148793963], [-122.44605243220914, 37.74514387966083], [-122.44620543237002, 37.745323879076466], [-122.44636243093224, 37.745469879441174], [-122.44645443189204, 37.745527880158086], [-122.44676543223667, 37.745850879951085], [-122.4468434320545, 37.74596087989747], [-122.44687943114117, 37.74613287977006], [-122.44731143275794, 37.74606488026467], [-122.44740143227132, 37.74649187961221], [-122.44742543256076, 37.746605879844765], [-122.4468674314456, 37.74673187933678], [-122.44667443200008, 37.746769879310555], [-122.44488343207203, 37.7470348798752], [-122.44487943187409, 37.74700187925081], [-122.44487343112797, 37.746954880381004], [-122.44486443090716, 37.74692988003302], [-122.44480943155386, 37.74678088002832], [-122.44462943162883, 37.74669288063311], [-122.44458243177317, 37.74669687973614], [-122.4441214307424, 37.746731880047044], [-122.44398743174641, 37.746774879959915], [-122.44318843240349, 37.74751387987653], [-122.44261043209515, 37.748088880496134], [-122.44254543089951, 37.74819288071415], [-122.44194343030173, 37.748483880383674], [-122.44158143080182, 37.74858088072952], [-122.44143442959042, 37.74861988056915], [-122.44071942991307, 37.748648880054084], [-122.43974442994471, 37.74865888180876], [-122.43888443050241, 37.74866888214156], [-122.43827243075721, 37.748674882056456], [-122.43821642978241, 37.74809688139233], [-122.43819243039128, 37.74784188152346], [-122.43811642932496, 37.747059881608365], [-122.43594242908227, 37.747188881410466], [-122.43505242770613, 37.74723388201536], [-122.43440942889711, 37.74726588170277], [-122.43372342863377, 37.7473068817704]]]]}, "properties": {"tract_fips": "06075021600", "fema_risk_rating": "Relatively High", "fema_risk_score": 89.1964848442}}, {"type": "Feature", "geometry": {"type": "MultiPolygon", "coordinates": [[[[-122.44742543256076, 37.746605879844765], [-122.44740143227132, 37.74649187961221], [-122.44731143275794, 37.74606488026467], [-122.44687943114117, 37.74613287977006], [-122.4468434320545, 37.74596087989747], [-122.44676543223667, 37.745850879951085], [-122.44645443189204, 37.745527880158086], [-122.44636243093224, 37.745469879441174], [-122.44620543237002, 37.745323879076466], [-122.44605243220914, 37.74514387966083], [-122.44589243237557, 37.7448148793963], [-122.44581143218473, 37.744661879472496], [-122.44575943140788, 37.74442688023636], [-122.44570543187952, 37.74414887955084], [-122.44561643129273, 37.74391587973314], [-122.44543743029428, 37.74377588016676], [-122.4452404306508, 37.7436978796237], [-122.44468443008378, 37.74353787972788], [-122.44438643015795, 37.74337888037227], [-122.44417443044584, 37.743306879760894], [-122.44392743057364, 37.74331388028711], [-122.44376943038989, 37.74337987983762], [-122.4429194291967, 37.743852879747976], [-122.44276742975906, 37.744004880466534], [-122.44267042967466, 37.744202879934335], [-122.44265543050437, 37.7443578804217], [-122.44229743030408, 37.74438487983177], [-122.44204043038614, 37.74446188020009], [-122.44173643061251, 37.744638880088004], [-122.4413924288593, 37.744916879643405], [-122.44129743022137, 37.74505788004594], [-122.44129643039648, 37.745240880122516], [-122.44019242965837, 37.74530188075782], [-122.44011442984055, 37.745305880646306], [-122.44007542948252, 37.745308879674646], [-122.44003242982481, 37.74523388048887], [-122.43993843011346, 37.74511788067986], [-122.43984442950382, 37.745022880364054], [-122.43954442902985, 37.74480487996348], [-122.43808142916488, 37.74391988040694], [-122.4377754279448, 37.74374088058898], [-122.43765842866723, 37.74366687998612], [-122.43754042776818, 37.74360388049932], [-122.43725342861131, 37.743430880257186], [-122.436498428751, 37.74289587987311], [-122.43612442775887, 37.742528880270605], [-122.43582642783302, 37.74211488045697], [-122.43561042792295, 37.74162188037109], [-122.4355864267352, 37.74155988005439], [-122.43555142837172, 37.7416618798146], [-122.43545142791429, 37.74169788057393], [-122.43541342738114, 37.74193288066064], [-122.43548842772421, 37.74228288069139], [-122.43553542757988, 37.742601880404266], [-122.43556242824238, 37.74270687999343], [-122.43558542780859, 37.74317088046724], [-122.43464842747507, 37.74322788067695], [-122.4333464281669, 37.74330588100493], [-122.43340642754303, 37.74318488154468], [-122.43334142724571, 37.74250488145651], [-122.4332854262709, 37.74191288101479], [-122.43292842589553, 37.741934881761516], [-122.43280742642001, 37.741908880942944], [-122.43262342719532, 37.741809881403555], [-122.43247042613612, 37.741781881567256], [-122.43225142675132, 37.741792881605654], [-122.43204342633885, 37.741803880932096], [-122.43114442564018, 37.74184188201538], [-122.43091442638472, 37.74184288150154], [-122.43076742607163, 37.74043388107819], [-122.43077642629245, 37.740360881647916], [-122.43178542569768, 37.73981288031771], [-122.43133442561096, 37.739287880247375], [-122.43120142554159, 37.739162880392236], [-122.43105542595171, 37.73916088063718], [-122.4303274258556, 37.73919888094615], [-122.4292744251711, 37.73899188160678], [-122.428755424414, 37.73864088211454], [-122.4287544236908, 37.73851188162184], [-122.42875342386588, 37.73842188114498], [-122.42875242404098, 37.738335881534326], [-122.42929742383902, 37.73797988053008], [-122.42952242486822, 37.73783388030971], [-122.43009842373009, 37.73745888056016], [-122.43137542651718, 37.73662788078009], [-122.43140442503287, 37.736583880388096], [-122.43246942541292, 37.73588888015691], [-122.43256142547442, 37.73586388033367], [-122.43289442556033, 37.735848879725246], [-122.43313042556188, 37.73607287973279], [-122.43373642635761, 37.73664787972253], [-122.43402842643566, 37.73689487982094], [-122.43423742577473, 37.737128879976524], [-122.43440042598134, 37.73724788029414], [-122.43463442633308, 37.73728288010044], [-122.43472342691985, 37.737265879973336], [-122.4345904250538, 37.73678887953738], [-122.4344274257455, 37.736208879990286], [-122.43463842653102, 37.736103879708985], [-122.4347994261895, 37.73588187963886], [-122.43501142679995, 37.73569188004229], [-122.43510342506481, 37.73558687973821], [-122.43540642591184, 37.735348879255426], [-122.43541942543229, 37.7353088799529], [-122.43557742561603, 37.73480687951584], [-122.43583742590705, 37.73397787970221], [-122.43585142525242, 37.733933879866626], [-122.43586642532105, 37.73388487990591], [-122.43587842591492, 37.73384687971111], [-122.43596942525322, 37.73386487950666], [-122.43663242595032, 37.73399687976846], [-122.43671242631628, 37.73400987943701], [-122.43680242582965, 37.7340298797971], [-122.43755542604015, 37.73417887918368], [-122.43843442574904, 37.73435087872733], [-122.43865542658028, 37.73440387885729], [-122.43897042622454, 37.734518878110684], [-122.43932042782556, 37.734662878598066], [-122.43963442854323, 37.73478087832491], [-122.4399634284312, 37.73484787867012], [-122.44053942729306, 37.73500087827679], [-122.44071342737033, 37.73505487822962], [-122.44080042740897, 37.735132877934156], [-122.44098142805724, 37.73543887849515], [-122.44114642791368, 37.73563687814242], [-122.441323428364, 37.73577487833691], [-122.44165842809977, 37.73588387806162], [-122.44195342765255, 37.73595087882955], [-122.44203042764545, 37.73593987792297], [-122.4421594284152, 37.735918877802334], [-122.4424834282803, 37.73582787815797], [-122.44317042836856, 37.73563587786209], [-122.44332842855229, 37.73562087791791], [-122.44350042808144, 37.73563987827296], [-122.44365442806723, 37.735680878386795], [-122.44377042841816, 37.735748878196375], [-122.44385342825885, 37.73583687852589], [-122.4439144274599, 37.73592087835534], [-122.44393042825175, 37.73600887776999], [-122.44393642809953, 37.73614887781799], [-122.44390442831246, 37.736266878018164], [-122.44384142766495, 37.736399878530094], [-122.44372342856249, 37.73649587810481], [-122.44367542888195, 37.7365288777301], [-122.44355842870607, 37.7366118786385], [-122.4426834273985, 37.73712887855572], [-122.44251542896565, 37.73729887854493], [-122.44244742919359, 37.73744787845688], [-122.44243042857683, 37.73764987871682], [-122.44247242840964, 37.737809878552625], [-122.44257842871484, 37.73810687861431], [-122.44260542937734, 37.738181878628055], [-122.44265142761147, 37.738323878606884], [-122.4426544279845, 37.73857487904894], [-122.44253042903425, 37.739247880231446], [-122.44255142895068, 37.73945787954115], [-122.44260442955242, 37.7395308798619], [-122.442623429819, 37.73955787961192], [-122.4427444292945, 37.7396918794098], [-122.44288343011002, 37.73977688006235], [-122.44304643031663, 37.73982387922797], [-122.44344542962648, 37.73991187968637], [-122.44372042908779, 37.739980879383324], [-122.44390242956096, 37.74007387933641], [-122.44394842959173, 37.74009787964908], [-122.44412442931882, 37.740243878956335], [-122.44415943037721, 37.74028887952162], [-122.44439243000573, 37.74058587958298], [-122.4445444303417, 37.74070287960288], [-122.44470842947491, 37.74080288012297], [-122.44493743070208, 37.74088187966399], [-122.44522243020913, 37.740930879966434], [-122.44554943044729, 37.740981879231875], [-122.44576442963412, 37.74103187825481], [-122.445924430366, 37.74112687872057], [-122.44601343095277, 37.74118987818456], [-122.4460854309228, 37.741284878447544], [-122.44612643003235, 37.74136787899622], [-122.44618343083208, 37.74154487917941], [-122.44622143046692, 37.74188187920891], [-122.44626542994952, 37.742022879710326], [-122.4462834303912, 37.74208187976992], [-122.44635043033834, 37.742194879499856], [-122.44639743109232, 37.74224787969726], [-122.44643743037699, 37.74229187956422], [-122.44654243085728, 37.74236887926852], [-122.4466844311475, 37.74245187931206], [-122.44686643072238, 37.74252887956029], [-122.44713643105914, 37.74258987887896], [-122.44741143141874, 37.74261887930599], [-122.44851543215685, 37.74271487863003], [-122.44884743151952, 37.74275887892977], [-122.44916343188703, 37.74283887798698], [-122.44938343199505, 37.74293187861153], [-122.44960943195088, 37.74307487889321], [-122.4497394316472, 37.74319487764466], [-122.4498164316401, 37.74326687836499], [-122.44988743178521, 37.74327487836175], [-122.4501684319926, 37.74360987798347], [-122.45071943163843, 37.7443158785573], [-122.4516644341645, 37.74549287856743], [-122.45157343392789, 37.7455248782973], [-122.45171843369285, 37.74563887859875], [-122.45099643434281, 37.74587987981074], [-122.45086643374815, 37.745913879656236], [-122.45060143343429, 37.74596987974376], [-122.45020043267797, 37.746029878927985], [-122.44972443247691, 37.7460858803484], [-122.44938943184283, 37.746138879890566], [-122.44894043230427, 37.746246879134986], [-122.44782943279182, 37.74651587997483], [-122.44742543256076, 37.746605879844765]]]]}, "properties": {"tract_fips": "06075021700", "fema_risk_rating": "Relatively Moderate", "fema_risk_score": 88.1999690818}}, {"type": "Feature", "geometry": {"type": "MultiPolygon", "coordinates": [[[[-122.42338742375446, 37.74229988179749], [-122.42342942448558, 37.742212882238356], [-122.42364742404546, 37.741680882171075], [-122.42396842353753, 37.740898881802266], [-122.42406242414717, 37.74066788212387], [-122.42407442384275, 37.7406398818556], [-122.42416342353117, 37.74034588195068], [-122.42428442390501, 37.739944882051255], [-122.42429642360058, 37.739875881610345], [-122.42430242434669, 37.73979388174403], [-122.42451142368576, 37.73900288205985], [-122.42475042406035, 37.73844088149155], [-122.4249774247394, 37.73807288228665], [-122.42510842426064, 37.7378608820995], [-122.42531242447512, 37.73764988155844], [-122.42562442464465, 37.737326881497786], [-122.4261924240089, 37.736844881555854], [-122.42668542482673, 37.736427881823], [-122.42674842367761, 37.73638188006122], [-122.42790042499458, 37.735546880564264], [-122.42804342331308, 37.735453879897044], [-122.4285994238801, 37.73509188035852], [-122.42863342421529, 37.735069880419815], [-122.42886942421684, 37.73494187967783], [-122.42941742348961, 37.734645880000635], [-122.429626423727, 37.73452788005864], [-122.42982542391862, 37.73441587957848], [-122.4304224244935, 37.7341308796858], [-122.43095442477106, 37.73387688031526], [-122.43239842436948, 37.73320887947291], [-122.43256142457608, 37.733132880501216], [-122.43274742434893, 37.73319687926651], [-122.43286842472276, 37.7332388796251], [-122.43314042470931, 37.73328587938911], [-122.4332734247787, 37.73331088008283], [-122.43408242506571, 37.73347988000405], [-122.43418842626924, 37.73350288001397], [-122.43429042637646, 37.733522879800546], [-122.43495642565001, 37.733661879269235], [-122.43503742584086, 37.73367987910981], [-122.43512142550645, 37.73369587904334], [-122.43578942622648, 37.73382987950543], [-122.43587842591492, 37.73384687971111], [-122.43586642532105, 37.73388487990591], [-122.43585142525242, 37.733933879866626], [-122.43583742590705, 37.73397787970221], [-122.43557742561603, 37.73480687951584], [-122.43541942543229, 37.7353088799529], [-122.43540642591184, 37.735348879255426], [-122.43510342506481, 37.73558687973821], [-122.43501142679995, 37.73569188004229], [-122.4347994261895, 37.73588187963886], [-122.43463842653102, 37.736103879708985], [-122.4344274257455, 37.736208879990286], [-122.4345904250538, 37.73678887953738], [-122.43472342691985, 37.737265879973336], [-122.43463442633308, 37.73728288010044], [-122.43440042598134, 37.73724788029414], [-122.43423742577473, 37.737128879976524], [-122.43402842643566, 37.73689487982094], [-122.43373642635761, 37.73664787972253], [-122.43313042556188, 37.73607287973279], [-122.43289442556033, 37.735848879725246], [-122.43256142547442, 37.73586388033367], [-122.43246942541292, 37.73588888015691], [-122.43140442503287, 37.736583880388096], [-122.43137542651718, 37.73662788078009], [-122.43009842373009, 37.73745888056016], [-122.42952242486822, 37.73783388030971], [-122.42929742383902, 37.73797988053008], [-122.42875242404098, 37.738335881534326], [-122.42875342386588, 37.73842188114498], [-122.4287544236908, 37.73851188162184], [-122.428755424414, 37.73864088211454], [-122.4292744251711, 37.73899188160678], [-122.4303274258556, 37.73919888094615], [-122.43105542595171, 37.73916088063718], [-122.43120142554159, 37.739162880392236], [-122.43133442561096, 37.739287880247375], [-122.43178542569768, 37.73981288031771], [-122.43077642629245, 37.740360881647916], [-122.43076742607163, 37.74043388107819], [-122.43091442638472, 37.74184288150154], [-122.42997342585326, 37.74189988131317], [-122.42893742488724, 37.74196288153994], [-122.42875542621067, 37.74197388226188], [-122.4279054259158, 37.74202488151914], [-122.4268724253228, 37.74208788234991], [-122.42654442525975, 37.74210788194842], [-122.42584042455472, 37.74215088241669], [-122.42434142470474, 37.74224088262204], [-122.42418942436878, 37.742250881690964], [-122.42338742375446, 37.74229988179749]]]]}, "properties": {"tract_fips": "06075021800", "fema_risk_rating": "Relatively Moderate", "fema_risk_score": 88.2475354667}}, {"type": "Feature", "geometry": {"type": "MultiPolygon", "coordinates": [[[[-122.38336703228258, 37.767030957073914], [-122.38329198612541, 37.766982988113085], [-122.38327995409051, 37.766955075915554], [-122.38331003956766, 37.76694003332023], [-122.38335700528737, 37.766948055612026], [-122.38345294176645, 37.76694805632217], [-122.38345294176645, 37.76688704938792], [-122.38356893403255, 37.76687902850972], [-122.38356893403255, 37.76674999770526], [-122.38468508178994, 37.76668096899787], [-122.38469494169848, 37.76674197468185], [-122.38449304084679, 37.76679495800802], [-122.38444406918912, 37.766787938399396], [-122.38438707467758, 37.766780082260055], [-122.38431904795604, 37.766840920982496], [-122.38416494825726, 37.76685596288789], [-122.38417497615079, 37.76679495800802], [-122.38408806594369, 37.76680298031555], [-122.38403992792257, 37.766840920272365], [-122.38408806504535, 37.766909948830516], [-122.38406901177818, 37.76696995091818], [-122.38372303642629, 37.7669550752054], [-122.38368392557545, 37.76692499072187], [-122.3835980178882, 37.76699301579433], [-122.3835980178882, 37.76709810930609], [-122.3835980178882, 37.76709998474455], [-122.3835684956547, 37.76709998474455], [-122.38345294086812, 37.767099983324336], [-122.38336703228258, 37.767030957073914]]], [[[-122.38806341829972, 37.7656378916961], [-122.38794341864914, 37.764388891152905], [-122.3876324183045, 37.76449289118444], [-122.38664141844265, 37.76567789165089], [-122.38595941837725, 37.76703689158853], [-122.38584941877238, 37.76726489248009], [-122.38525602134011, 37.76725555365488], [-122.38525729964275, 37.767250834888294], [-122.3852610393293, 37.76723703719881], [-122.38537001215978, 37.76709998474455], [-122.38541831547091, 37.76709513743551], [-122.38564696006692, 37.76707207117094], [-122.38564796258677, 37.7668310594503], [-122.38578902683247, 37.76681401143087], [-122.38585003232174, 37.766589044241705], [-122.38588446294995, 37.76646151911813], [-122.38593393407096, 37.76627800057781], [-122.38631199993974, 37.765628001597946], [-122.38646593614514, 37.765429942996505], [-122.38652292886003, 37.765339020115015], [-122.38644604564813, 37.76526999222098], [-122.3863790241414, 37.76492000575323], [-122.38646593434854, 37.76490496274398], [-122.38649501640752, 37.764676987243554], [-122.38639807830691, 37.7646539223552], [-122.38642699238096, 37.76444901033024], [-122.38661000884873, 37.76437296247795], [-122.3865809249931, 37.76425095212228], [-122.38672499769666, 37.76413997307946], [-122.38676394325748, 37.764034007556155], [-122.38664794829644, 37.76398804496765], [-122.38662906121759, 37.76392001926159], [-122.38674505617864, 37.76387405660225], [-122.38679302351989, 37.7637069192247], [-122.38707197646674, 37.76365393652689], [-122.38708100273871, 37.763570033507165], [-122.38693693003515, 37.763550979958744], [-122.38668705824895, 37.76344501359153], [-122.38653295675354, 37.76339503965379], [-122.3865809249931, 37.76323893355249], [-122.38633105500357, 37.76314800939776], [-122.38618698229996, 37.76336896541703], [-122.38585905859371, 37.763292082015084], [-122.38551308324182, 37.763307960501464], [-122.38548399938618, 37.76316305205424], [-122.38528192965124, 37.7631859490991], [-122.38527206884436, 37.76337598535012], [-122.38518599496877, 37.763368966837376], [-122.38509908296503, 37.76235293510209], [-122.38472302033931, 37.76214000170165], [-122.38428996859199, 37.762162063191084], [-122.38447298416148, 37.76407896808972], [-122.38431904885437, 37.76407194751318], [-122.38416494915558, 37.76238301931505], [-122.38409792585223, 37.76226100922756], [-122.3832600653901, 37.762322014296466], [-122.38328897856586, 37.762542970652774], [-122.38357796120285, 37.762466922971136], [-122.38377100556413, 37.76257305620869], [-122.38390504857759, 37.764139973789625], [-122.38380894501184, 37.76427702675822], [-122.38357796030454, 37.7642619836182], [-122.38348202292714, 37.76416303812809], [-122.38328897766752, 37.76414799567504], [-122.38311599268651, 37.7624669236813], [-122.3829909723518, 37.762473942279655], [-122.38282701004951, 37.76253494788311], [-122.38268293734595, 37.76254296994261], [-122.38265402147526, 37.76245906708292], [-122.38233696199406, 37.76248196576608], [-122.38251897324702, 37.76464706871802], [-122.38233595857587, 37.76463904688674], [-122.38212503055388, 37.76242497186514], [-122.38189404494827, 37.762424970444826], [-122.38186496468589, 37.762745039481985], [-122.3816819482181, 37.76273701744441], [-122.38164300625053, 37.76485197948409], [-122.38150896144046, 37.76483693788126], [-122.38143207643192, 37.76496596847273], [-122.38115295819505, 37.764950925472824], [-122.38110398563902, 37.76481403992719], [-122.38088302972356, 37.76477593204609], [-122.38087400524822, 37.763307961211645], [-122.3806909887804, 37.76329291787452], [-122.38038295377454, 37.7602189189248], [-122.37999762951827, 37.7602454289084], [-122.37999641589433, 37.76023389186811], [-122.37999583288772, 37.76024555177131], [-122.37990193019442, 37.76025201237104], [-122.37950698408311, 37.76027992425757], [-122.3797760753248, 37.76350601910423], [-122.3795260373503, 37.7635130390243], [-122.37924608188358, 37.76029496678715], [-122.3792180023444, 37.75996804515051], [-122.381077077503, 37.759831995513956], [-122.3810859339934, 37.75977901217102], [-122.38128800552498, 37.759787034529424], [-122.38125892346596, 37.75958897662129], [-122.38133597376454, 37.75958897662129], [-122.38132694839086, 37.75935297724514], [-122.38120192895444, 37.75932205731596], [-122.38121095432813, 37.759246009163675], [-122.38132694749252, 37.75923898954883], [-122.3813169187007, 37.75901001153416], [-122.38118203935574, 37.758994968033065], [-122.38119206814758, 37.758918920964945], [-122.38129803341849, 37.75889602188892], [-122.38128800552498, 37.75866002456329], [-122.3811340702179, 37.75863796202937], [-122.3811439328214, 37.7585610786813], [-122.3812689513595, 37.75855405900146], [-122.38125006517896, 37.758318060584834], [-122.38109596278522, 37.7582719303861], [-122.38109596368353, 37.75821092481779], [-122.38124003548882, 37.758210925528005], [-122.38125892256768, 37.75812802412282], [-122.38134600165803, 37.75799799156743], [-122.38143308074842, 37.757876982749295], [-122.38149993516849, 37.757770015374376], [-122.38148104719131, 37.75754905825469], [-122.38141302496139, 37.75751897420641], [-122.38140299616954, 37.75733595832861], [-122.38145196782727, 37.75728999512907], [-122.38138394200406, 37.757030931806476], [-122.38132594497269, 37.75656695786335], [-122.3813169187007, 37.75640700638731], [-122.38128800462667, 37.75593601215405], [-122.38119206814758, 37.755875006079926], [-122.38101807705347, 37.75579895864542], [-122.3809510546484, 37.75567694693104], [-122.38078692615782, 37.755487079112775], [-122.38079695405133, 37.755257933232635], [-122.38124103980529, 37.75513007322618], [-122.38142405447644, 37.755122050362814], [-122.38157798798689, 37.75515297133716], [-122.38165504008207, 37.755183054927116], [-122.38283904388106, 37.755122050362814], [-122.38290606718442, 37.755046002864596], [-122.38410895626562, 37.754969954577966], [-122.38410895806226, 37.75471908075896], [-122.38400299279134, 37.754680972648686], [-122.38385891918942, 37.75468097335889], [-122.38367607070661, 37.754711058561234], [-122.38349305334052, 37.75472693675891], [-122.38332992647143, 37.75468899627013], [-122.38315593627563, 37.754612947616536], [-122.38308206152162, 37.754530047861415], [-122.38297292070617, 37.75446803847134], [-122.38286795795511, 37.7543839694882], [-122.38281898809403, 37.75426998052768], [-122.38286795885344, 37.75417905813286], [-122.38292495156833, 37.75409498811111], [-122.38290857258573, 37.753871357993226], [-122.38289603749426, 37.75369903873655], [-122.38282901598754, 37.753524044969616], [-122.38272305161496, 37.75341807986401], [-122.38264900797766, 37.75339284163303], [-122.3825880033867, 37.75337194945099], [-122.38249156474936, 37.753357910526375], [-122.38240899699835, 37.75334604356322], [-122.38231406393746, 37.7533331737159], [-122.3822610804037, 37.75332598662974], [-122.3822057585552, 37.75331779737063], [-122.38205901066873, 37.75329606848478], [-122.38184707922858, 37.753235063785084], [-122.38177788649382, 37.75321684567861], [-122.3817058631676, 37.75319771488633], [-122.381737413797, 37.753195890233904], [-122.3820114143317, 37.75317989025355], [-122.38297741497755, 37.75312388993995], [-122.38394041435201, 37.75306789029419], [-122.38490641409952, 37.753011889895824], [-122.38587241654199, 37.75295589016531], [-122.3868384153912, 37.75289988968217], [-122.38772241602125, 37.752840889723394], [-122.38791641619001, 37.752828889858414], [-122.38811541548331, 37.75282688976237], [-122.38877941510704, 37.75278788929898], [-122.38975641562354, 37.752730890059865], [-122.39070941674889, 37.75267288859591], [-122.39115541591443, 37.75264588865817], [-122.39125741602167, 37.75263988835503], [-122.39130341695072, 37.752988888844804], [-122.39137241744602, 37.753360887920685], [-122.39143241772047, 37.753572888459026], [-122.39150241804066, 37.753829889245246], [-122.39160541797283, 37.75412388885651], [-122.39172041760055, 37.754443889405394], [-122.39181441821022, 37.754706889432924], [-122.39198041878988, 37.75516188980855], [-122.39207441760288, 37.75553389003305], [-122.39216041781663, 37.75587889033934], [-122.39221141787024, 37.756187888951494], [-122.39222841848698, 37.75639688920262], [-122.39221941826617, 37.756769890314345], [-122.39223041813682, 37.75729188928191], [-122.39223541815971, 37.75771588995016], [-122.3922344183348, 37.75826988924507], [-122.39221941916448, 37.758787889832256], [-122.39223641888293, 37.75930889022462], [-122.39228241801536, 37.760266890142226], [-122.39229541843414, 37.760457889806275], [-122.39232942056596, 37.760922890417966], [-122.39234541956117, 37.76106989047974], [-122.3923974194397, 37.761553890179144], [-122.39247741980566, 37.76229089036907], [-122.39254641940263, 37.76282889017517], [-122.39262642066687, 37.76344789044745], [-122.39274041957138, 37.76409388983078], [-122.39275542053834, 37.764176890362634], [-122.39303141982454, 37.7647918904605], [-122.39336642045859, 37.76536589043546], [-122.3935364203379, 37.76559488996292], [-122.39379142060604, 37.765938890345566], [-122.39394542059182, 37.76608388993245], [-122.39432542053342, 37.76644489070068], [-122.3944994224073, 37.76659189043973], [-122.39432941983308, 37.766602890340835], [-122.39399442009731, 37.76662389027658], [-122.39302742052487, 37.76668089088375], [-122.3910024202451, 37.766801890980375], [-122.39084141968833, 37.76680189240066], [-122.39053042024202, 37.766822891569745], [-122.39024841931139, 37.766840891157194], [-122.38912542010335, 37.76691289159339], [-122.38819042031797, 37.76696789155389], [-122.38806341829972, 37.7656378916961]]]]}, "properties": {"tract_fips": "06075022600", "fema_risk_rating": "Relatively High", "fema_risk_score": 90.4558048827}}, {"type": "Feature", "geometry": {"type": "MultiPolygon", "coordinates": [[[[-122.3935364203379, 37.76559488996292], [-122.39336642045859, 37.76536589043546], [-122.39303141982454, 37.7647918904605], [-122.39275542053834, 37.764176890362634], [-122.39274041957138, 37.76409388983078], [-122.39262642066687, 37.76344789044745], [-122.39254641940263, 37.76282889017517], [-122.39247741980566, 37.76229089036907], [-122.3923974194397, 37.761553890179144], [-122.39234541956117, 37.76106989047974], [-122.39232942056596, 37.760922890417966], [-122.39229541843414, 37.760457889806275], [-122.39228241801536, 37.760266890142226], [-122.39240641786391, 37.760260889746895], [-122.39252041766673, 37.76025489006135], [-122.39339141967464, 37.7602118901698], [-122.39437842023688, 37.760151889701326], [-122.39534141961134, 37.76009388979403], [-122.39631042063023, 37.76003588984125], [-122.39727541965453, 37.7599768891814], [-122.39824242012523, 37.7599188891369], [-122.39830442004953, 37.76056589016772], [-122.39836442122233, 37.76119388961864], [-122.39848742124596, 37.76247288980952], [-122.39860642107163, 37.76374589049686], [-122.39872942289193, 37.765023889994545], [-122.39776342134778, 37.76508189029698], [-122.39679742160024, 37.76513989055388], [-122.39583342150256, 37.76519888993599], [-122.39485542026286, 37.76525789069133], [-122.39387442044674, 37.76531688997931], [-122.39382042002005, 37.76535988974368], [-122.39374142037732, 37.76542489034743], [-122.3935364203379, 37.76559488996292]]]]}, "properties": {"tract_fips": "06075022702", "fema_risk_rating": "Relatively Moderate", "fema_risk_score": 86.5077949413}}, {"type": "Feature", "geometry": {"type": "MultiPolygon", "coordinates": [[[[-122.40452342442214, 37.76467388886938], [-122.40355342357836, 37.7647328893334], [-122.40258942348065, 37.764790889153886], [-122.40162542158632, 37.76484888963903], [-122.40065942183881, 37.764907889963396], [-122.39968842206844, 37.76496589035679], [-122.39872942289193, 37.765023889994545], [-122.39860642107163, 37.76374589049686], [-122.39848742124596, 37.76247288980952], [-122.39836442122233, 37.76119388961864], [-122.39830442004953, 37.76056589016772], [-122.39824242012523, 37.7599188891369], [-122.39799642007794, 37.75736888829408], [-122.39860042032555, 37.75733288805571], [-122.39896542019852, 37.75731088762521], [-122.39993341959585, 37.757252888331266], [-122.40089641986863, 37.75719488828162], [-122.40185942193806, 37.75713088824757], [-122.40282942188354, 37.757077887345154], [-122.4031004220452, 37.7570618882043], [-122.40348742165948, 37.75703888770211], [-122.40371542216342, 37.75702488782519], [-122.4038004216539, 37.75714788807332], [-122.40419542256245, 37.757539887944354], [-122.40446842237392, 37.75775788776015], [-122.40486242255922, 37.758043887567254], [-122.40507442227131, 37.75819888747248], [-122.40557142238879, 37.75854688733674], [-122.40592942258908, 37.75894388814401], [-122.40613042243052, 37.759205887837155], [-122.40627042217264, 37.7594318880956], [-122.40628842171597, 37.759461888272845], [-122.40641542373422, 37.75981388769164], [-122.40651842366637, 37.76026488811665], [-122.4065194243896, 37.7606958876713], [-122.4065064230725, 37.760740887873844], [-122.40630942432729, 37.76140288779999], [-122.40617342388487, 37.76164788851802], [-122.40604842331307, 37.761872887781415], [-122.4059524230536, 37.7620218879333], [-122.40568042306704, 37.76244288801277], [-122.40541042362862, 37.76297988822285], [-122.40535042335418, 37.76314688805148], [-122.40528442413024, 37.76333288785054], [-122.40522942477695, 37.76348788803592], [-122.40513142396937, 37.76386188808957], [-122.40508642376352, 37.764320887830266], [-122.40511642390074, 37.76463788863538], [-122.40486642365548, 37.764652888379935], [-122.40452342442214, 37.76467388886938]]]]}, "properties": {"tract_fips": "06075022704", "fema_risk_rating": "Relatively High", "fema_risk_score": 93.3252470479}}, {"type": "Feature", "geometry": {"type": "MultiPolygon", "coordinates": [[[[-122.40845042405971, 37.76443688807194], [-122.40832942458421, 37.76313188800149], [-122.40821342423325, 37.7618858882356], [-122.4080904233113, 37.76061088831876], [-122.40796642436105, 37.75931488785633], [-122.40778042189326, 37.75771488783758], [-122.40867742384042, 37.7576608880811], [-122.40961442327561, 37.75760488689786], [-122.41055342415729, 37.75754888709264], [-122.41145042430783, 37.75749488579453], [-122.41237442512087, 37.75743988660201], [-122.41347342403948, 37.75737288610992], [-122.4145674238335, 37.75730788624239], [-122.41565242520332, 37.75724188632936], [-122.41674642499737, 37.757176886346734], [-122.41689842623164, 37.75877388602513], [-122.41705242621742, 37.76037688641338], [-122.4172054263783, 37.76197788559372], [-122.41735842743749, 37.76358188675765], [-122.41625342687449, 37.76364488770012], [-122.41518142592344, 37.763706887267624], [-122.41374842619571, 37.763788888333984], [-122.41361442630141, 37.763832888175834], [-122.41302942632039, 37.76410088768032], [-122.41288542638036, 37.76416888765452], [-122.41231942576758, 37.76420288832832], [-122.41135642639314, 37.76426188774775], [-122.41039042484898, 37.764319887937596], [-122.40941942418029, 37.76437888868401], [-122.40845042405971, 37.76443688807194]]]]}, "properties": {"tract_fips": "06075022801", "fema_risk_rating": "Relatively High", "fema_risk_score": 96.753594235}}, {"type": "Feature", "geometry": {"type": "MultiPolygon", "coordinates": [[[[-122.40511642390074, 37.76463788863538], [-122.40508642376352, 37.764320887830266], [-122.40513142396937, 37.76386188808957], [-122.40522942477695, 37.76348788803592], [-122.40528442413024, 37.76333288785054], [-122.40535042335418, 37.76314688805148], [-122.40541042362862, 37.76297988822285], [-122.40568042306704, 37.76244288801277], [-122.4059524230536, 37.7620218879333], [-122.40604842331307, 37.761872887781415], [-122.40617342388487, 37.76164788851802], [-122.40630942432729, 37.76140288779999], [-122.4065064230725, 37.760740887873844], [-122.4065194243896, 37.7606958876713], [-122.40651842366637, 37.76026488811665], [-122.40641542373422, 37.75981388769164], [-122.40628842171597, 37.759461888272845], [-122.40627042217264, 37.7594318880956], [-122.40613042243052, 37.759205887837155], [-122.40592942258908, 37.75894388814401], [-122.40557142238879, 37.75854688733674], [-122.40507442227131, 37.75819888747248], [-122.40486242255922, 37.758043887567254], [-122.40446842237392, 37.75775788776015], [-122.40419542256245, 37.757539887944354], [-122.4038004216539, 37.75714788807332], [-122.40371542216342, 37.75702488782519], [-122.40357042239846, 37.75681388722923], [-122.40342242226048, 37.756480887716755], [-122.40333242184876, 37.75617588820893], [-122.4032714217494, 37.75576988809841], [-122.403153419952, 37.75448788770359], [-122.40354941978713, 37.75446388708545], [-122.40451042220671, 37.75440588769032], [-122.4050584214795, 37.75437288751206], [-122.40548042125387, 37.75434688751192], [-122.40647942240999, 37.75428688654797], [-122.40650642217417, 37.754573886303326], [-122.40747542139641, 37.75451588699436], [-122.4076284224556, 37.756118888028716], [-122.40778042189326, 37.75771488783758], [-122.40796642436105, 37.75931488785633], [-122.4080904233113, 37.76061088831876], [-122.40821342423325, 37.7618858882356], [-122.40832942458421, 37.76313188800149], [-122.40845042405971, 37.76443688807194], [-122.40744642467735, 37.76449788779543], [-122.40645542481549, 37.76455788828932], [-122.40548942416963, 37.764615888957145], [-122.40511642390074, 37.76463788863538]]]]}, "properties": {"tract_fips": "06075022802", "fema_risk_rating": "Relatively High", "fema_risk_score": 95.9842079602}}, {"type": "Feature", "geometry": {"type": "MultiPolygon", "coordinates": [[[[-122.40778042189326, 37.75771488783758], [-122.4076284224556, 37.756118888028716], [-122.40747542139641, 37.75451588699436], [-122.40836942297055, 37.75446288634927], [-122.40927942264156, 37.7544078856129], [-122.41024642221397, 37.754350886201316], [-122.41114642363591, 37.75429688612013], [-122.41207342392369, 37.75423988662297], [-122.4131674237177, 37.754174885423275], [-122.41426042368683, 37.75410888555629], [-122.41534642398324, 37.754043885662036], [-122.4164394248507, 37.75397788567814], [-122.41659342483649, 37.75557788555229], [-122.41674642499737, 37.757176886346734], [-122.41565242520332, 37.75724188632936], [-122.4145674238335, 37.75730788624239], [-122.41347342403948, 37.75737288610992], [-122.41237442512087, 37.75743988660201], [-122.41145042430783, 37.75749488579453], [-122.41055342415729, 37.75754888709264], [-122.40961442327561, 37.75760488689786], [-122.40867742384042, 37.7576608880811], [-122.40778042189326, 37.75771488783758]]]]}, "properties": {"tract_fips": "06075022803", "fema_risk_rating": "Relatively Moderate", "fema_risk_score": 87.3592332299}}, {"type": "Feature", "geometry": {"type": "MultiPolygon", "coordinates": [[[[-122.41207342392369, 37.75423988662297], [-122.41192642181397, 37.752638885463355], [-122.41177242272649, 37.75104388560816], [-122.41161942166728, 37.74944588589475], [-122.41157042126346, 37.7489418852346], [-122.411514421187, 37.748353885571646], [-122.41165442272569, 37.748350885246055], [-122.41261542245033, 37.74833188531238], [-122.41356242193127, 37.74831388406222], [-122.41369942309694, 37.7483068847192], [-122.4138444228619, 37.74830188417341], [-122.41485242244221, 37.748282884227095], [-122.41495042324985, 37.748294884829306], [-122.41589642290583, 37.748276884280415], [-122.41589942327892, 37.74830888422716], [-122.41598142419298, 37.749181884116744], [-122.41613442435386, 37.75078088463499], [-122.41629242363929, 37.75238288556615], [-122.4164394248507, 37.75397788567814], [-122.41534642398324, 37.754043885662036], [-122.41426042368683, 37.75410888555629], [-122.4131674237177, 37.754174885423275], [-122.41207342392369, 37.75423988662297]]]]}, "properties": {"tract_fips": "06075022901", "fema_risk_rating": "Relatively High", "fema_risk_score": 91.0170882238}}, {"type": "Feature", "geometry": {"type": "MultiPolygon", "coordinates": [[[[-122.40927942264156, 37.7544078856129], [-122.40926542239785, 37.754271886121785], [-122.40929242216204, 37.754232885709804], [-122.40915642261793, 37.75280588590947], [-122.40900442228194, 37.75121088610277], [-122.40885142122276, 37.749610886261316], [-122.40873642159502, 37.7484068856205], [-122.40888042243338, 37.7484068856205], [-122.40957342236943, 37.74839488503644], [-122.40967642140328, 37.748388885809156], [-122.40977542203578, 37.74838988520691], [-122.41047542254283, 37.74837488500585], [-122.41057742085347, 37.74837688522224], [-122.41068042168394, 37.74837288549968], [-122.41137242179508, 37.748353885571646], [-122.411514421187, 37.748353885571646], [-122.41157042126346, 37.7489418852346], [-122.41161942166728, 37.74944588589475], [-122.41177242272649, 37.75104388560816], [-122.41192642181397, 37.752638885463355], [-122.41207342392369, 37.75423988662297], [-122.41114642363591, 37.75429688612013], [-122.41024642221397, 37.754350886201316], [-122.40927942264156, 37.7544078856129]]]]}, "properties": {"tract_fips": "06075022902", "fema_risk_rating": "Relatively Moderate", "fema_risk_score": 88.3272091613}}, {"type": "Feature", "geometry": {"type": "MultiPolygon", "coordinates": [[[[-122.40747542139641, 37.75451588699436], [-122.40650642217417, 37.754573886303326], [-122.40647942240999, 37.75428688654797], [-122.40548042125387, 37.75434688751192], [-122.4050584214795, 37.75437288751206], [-122.40451042220671, 37.75440588769032], [-122.40354941978713, 37.75446388708545], [-122.403153419952, 37.75448788770359], [-122.40303741960106, 37.75321188736978], [-122.4030044208874, 37.75275988722345], [-122.4030334203014, 37.75245588734452], [-122.40308742072808, 37.751925887157334], [-122.40309941952532, 37.75180388610236], [-122.4032014196326, 37.751290885968004], [-122.40324041999062, 37.75117488712958], [-122.40332442055455, 37.75092688630882], [-122.40333542042518, 37.750894886073624], [-122.4035404204646, 37.7502918864903], [-122.40376242022248, 37.74959388612432], [-122.40381041990304, 37.74944288561344], [-122.40433242013486, 37.74932888619963], [-122.40480341941473, 37.749226886350904], [-122.404836419925, 37.74921988638398], [-122.40489142017658, 37.74920788664213], [-122.40504742071052, 37.74917388617903], [-122.40511841995732, 37.749163886624835], [-122.4052654202704, 37.74913488663141], [-122.40552742021121, 37.7490908858604], [-122.4057084199612, 37.74905388575683], [-122.40633841924972, 37.74894888593808], [-122.4065254197458, 37.74889488546592], [-122.40675442007465, 37.74882888586132], [-122.40681441945078, 37.74881488585153], [-122.40691842010618, 37.74878188602093], [-122.40782542030246, 37.74849988635157], [-122.40793742045544, 37.74845488580618], [-122.40810842015969, 37.748418885492285], [-122.40827342091444, 37.748408885836014], [-122.40873642159502, 37.7484068856205], [-122.40885142122276, 37.749610886261316], [-122.40900442228194, 37.75121088610277], [-122.40915642261793, 37.75280588590947], [-122.40929242216204, 37.754232885709804], [-122.40926542239785, 37.754271886121785], [-122.40927942264156, 37.7544078856129], [-122.40836942297055, 37.75446288634927], [-122.40747542139641, 37.75451588699436]]]]}, "properties": {"tract_fips": "06075022903", "fema_risk_rating": "Relatively Moderate", "fema_risk_score": 86.7087629172}}, {"type": "Feature", "geometry": {"type": "MultiPolygon", "coordinates": [[[[-122.39597141440828, 37.73779388519137], [-122.39625841446346, 37.73747788541636], [-122.3965414143207, 37.73716588604174], [-122.39710841475836, 37.73654288574724], [-122.397675415196, 37.73592288530211], [-122.39804041417067, 37.735524885733724], [-122.39823541416433, 37.73531788464651], [-122.39836841423374, 37.7343208847092], [-122.39841741463756, 37.73409788396478], [-122.39851441382359, 37.7338178836624], [-122.39861141480631, 37.73364888380222], [-122.4000484138337, 37.732320883814495], [-122.399449413609, 37.73171288398623], [-122.40031941399536, 37.7314878839504], [-122.40030741340146, 37.731408883620965], [-122.3998804136042, 37.73039188370633], [-122.39989341402301, 37.730301884015745], [-122.40030041372877, 37.72984788390882], [-122.40086041359542, 37.72922088380288], [-122.40142141418528, 37.728593884072154], [-122.40198141405195, 37.727966884006364], [-122.40213141383978, 37.72779988364316], [-122.40223541449518, 37.728111883407884], [-122.40277841464338, 37.7293668832456], [-122.4030484149801, 37.729911883381945], [-122.40342641617022, 37.73066788349648], [-122.40398841568668, 37.73161988347648], [-122.40468341617085, 37.73295888317875], [-122.40508641657699, 37.73366188424233], [-122.40512241656202, 37.73372588397129], [-122.40552141587187, 37.73429688394455], [-122.40620441755878, 37.73516788442372], [-122.40632141773466, 37.735316883651485], [-122.40640841687498, 37.73542788390636], [-122.4065774169294, 37.73573088383179], [-122.40664541759976, 37.735906883718584], [-122.40668041775984, 37.73602588457954], [-122.40671141772198, 37.736168883994054], [-122.40673041798857, 37.73631888360963], [-122.40678641716676, 37.73642088419765], [-122.40680841780639, 37.73664588416211], [-122.40693541892631, 37.73746988408266], [-122.40701141729767, 37.737894884207805], [-122.40703541758711, 37.73801188421845], [-122.40696041814235, 37.73803388399337], [-122.4068794179515, 37.73805988333143], [-122.40566841798159, 37.73838888378431], [-122.40507741725447, 37.738557884191344], [-122.40431841719621, 37.738763884506135], [-122.40322041810252, 37.73906888403343], [-122.40210641642038, 37.73937788606491], [-122.40093641735666, 37.7397088860837], [-122.4001734153038, 37.739923885197804], [-122.40000841634566, 37.73995888515969], [-122.39987441555306, 37.739946886047406], [-122.3997784161919, 37.73991788599427], [-122.39974441675503, 37.73991488532673], [-122.39971141624476, 37.739911886079845], [-122.39967141606178, 37.73988988544224], [-122.3978364157528, 37.73885688598819], [-122.39597141440828, 37.73779388519137]]]]}, "properties": {"tract_fips": "06075023001", "fema_risk_rating": "Relatively Moderate", "fema_risk_score": 85.7217604319}}, {"type": "Feature", "geometry": {"type": "MultiPolygon", "coordinates": [[[[-122.39164341221777, 37.73249688541307], [-122.39191741275248, 37.73169388546532], [-122.39216741209943, 37.73090188557084], [-122.39223041184862, 37.73065988568962], [-122.39226741255685, 37.73058688514745], [-122.3923984120781, 37.7302128838589], [-122.39243441206312, 37.73010488466642], [-122.39272541231625, 37.729293884270724], [-122.3928194120276, 37.729308884786164], [-122.3928834125, 37.729316884159886], [-122.39360841222307, 37.729408884355635], [-122.39450541147532, 37.72953688400536], [-122.3949124120794, 37.729593884055745], [-122.3954034123491, 37.729663884493824], [-122.39597341226148, 37.7297448845629], [-122.39604041220862, 37.729754883898686], [-122.39643541311716, 37.7298108841327], [-122.39699541298383, 37.72988988403554], [-122.39720341339628, 37.7299198841115], [-122.39741641383162, 37.72994988417527], [-122.39810041444514, 37.73004688394308], [-122.39899641477079, 37.730174883911005], [-122.39989341402301, 37.730301884015745], [-122.3998804136042, 37.73039188370633], [-122.40030741340146, 37.731408883620965], [-122.40031941399536, 37.7314878839504], [-122.399449413609, 37.73171288398623], [-122.4000484138337, 37.732320883814495], [-122.39861141480631, 37.73364888380222], [-122.39851441382359, 37.7338178836624], [-122.39841741463756, 37.73409788396478], [-122.39836841423374, 37.7343208847092], [-122.39823541416433, 37.73531788464651], [-122.39804041417067, 37.735524885733724], [-122.397675415196, 37.73592288530211], [-122.39710841475836, 37.73654288574724], [-122.3965414143207, 37.73716588604174], [-122.3957124139422, 37.73669588611362], [-122.39495041440921, 37.73626488599953], [-122.39468841357005, 37.7361168854014], [-122.39280241320745, 37.73504788615801], [-122.39336641327209, 37.734422885208126], [-122.393930414235, 37.73379788608683], [-122.39180841207421, 37.73259088585334], [-122.39178341285819, 37.73257688561394], [-122.39164341221777, 37.73249688541307]]]]}, "properties": {"tract_fips": "06075023003", "fema_risk_rating": "Relatively Moderate", "fema_risk_score": 85.4684694327}}, {"type": "Feature", "geometry": {"type": "MultiPolygon", "coordinates": [[[[-122.38158441004286, 37.73813288787239], [-122.3817694108891, 37.73793688758453], [-122.38182141076764, 37.73777988735664], [-122.38183341046319, 37.737741887740114], [-122.38182641079051, 37.73757788745142], [-122.38179341028024, 37.73747588774705], [-122.38176341014301, 37.73738088827905], [-122.38175141044745, 37.737263887981584], [-122.3818344093898, 37.737150887828385], [-122.38199941104287, 37.73709288836175], [-122.38214741028258, 37.73710688774724], [-122.38289841084324, 37.73728788778442], [-122.38342041017675, 37.737561887646386], [-122.38375841118386, 37.73759988806572], [-122.38407341172646, 37.73752388720755], [-122.38386841078871, 37.73722988771468], [-122.3837194108258, 37.73682288782135], [-122.3836644096759, 37.73661488725452], [-122.38360241064993, 37.736379888045676], [-122.38347041040547, 37.735883888007564], [-122.3834514110372, 37.735812887488194], [-122.38343941044333, 37.73576688747554], [-122.38343541024537, 37.7357518875579], [-122.3834104092327, 37.73565688729854], [-122.38326041034317, 37.735220887521], [-122.38316040988576, 37.734986887728695], [-122.3829884094583, 37.73461288735087], [-122.3829604098692, 37.73455288814777], [-122.38294541069894, 37.73452088722675], [-122.38238641065718, 37.733724887927835], [-122.38230540956799, 37.73364188733507], [-122.38205641004598, 37.73338288757505], [-122.38187840977075, 37.73319788739477], [-122.3813394098205, 37.73282188728978], [-122.38100841028269, 37.732654887928916], [-122.38064940846087, 37.732517887925255], [-122.38035340908317, 37.732434887400416], [-122.38021140879295, 37.73243188785049], [-122.38006540740643, 37.732418887194406], [-122.37979140866838, 37.73244588740683], [-122.37962240771566, 37.73247488825559], [-122.37960740854534, 37.732401887371324], [-122.37950140734183, 37.73220188765545], [-122.37937240836872, 37.731846887326626], [-122.37937340819362, 37.731688887349435], [-122.37937440891686, 37.73155388765043], [-122.37950140824013, 37.731237887529424], [-122.37957840823306, 37.73111888678808], [-122.3796744075942, 37.73096988621714], [-122.37980540711547, 37.73080888617391], [-122.3799274082125, 37.73072888619436], [-122.38002140792382, 37.73066688670134], [-122.380337407393, 37.73053888687341], [-122.38066640817932, 37.73051388666473], [-122.38146540752221, 37.73059188617962], [-122.3818084076539, 37.73062688629045], [-122.38211640852381, 37.73064488615832], [-122.38229640934718, 37.7306298859135], [-122.38265440954747, 37.73052188590828], [-122.38280240968547, 37.73042888603412], [-122.38291440894014, 37.730351885988796], [-122.38345740998665, 37.729747885642674], [-122.38531340931371, 37.73080088625088], [-122.38719340982853, 37.7318668861396], [-122.38906141154611, 37.732928885754916], [-122.38850841135213, 37.733543885573894], [-122.38793641178992, 37.734179885877666], [-122.38742541142877, 37.73474788644575], [-122.38740841171031, 37.734832886381085], [-122.3871164125306, 37.735175886716654], [-122.38692741148638, 37.73539888705594], [-122.3869074113949, 37.735422886752964], [-122.38683841179792, 37.73550188635191], [-122.38705541153288, 37.73563288625654], [-122.38719641199822, 37.7357078866453], [-122.38727941094056, 37.73576088651425], [-122.3885554121061, 37.73648488580428], [-122.3886794119547, 37.73649288582358], [-122.3881174115399, 37.73711588582846], [-122.38755441130016, 37.7377408867778], [-122.38698841248407, 37.73836888744341], [-122.38642541224436, 37.73899288752492], [-122.38586141217975, 37.739618887772444], [-122.38530841198579, 37.74024988736843], [-122.38343641186691, 37.73918688810414], [-122.38158441004286, 37.73813288787239]]]]}, "properties": {"tract_fips": "06075023102", "fema_risk_rating": "Relatively Moderate", "fema_risk_score": 82.688214239}}, {"type": "Feature", "geometry": {"type": "MultiPolygon", "coordinates": [[[[-122.36997140596972, 37.73248588825606], [-122.37100440656275, 37.731018888106895], [-122.37147040581972, 37.730502887792234], [-122.37203240533621, 37.72988388828177], [-122.37226140566507, 37.72963788789124], [-122.37261040564452, 37.72926488857051], [-122.37280140544021, 37.72905988777237], [-122.37318440575488, 37.728648888361874], [-122.37346640668551, 37.72833588763866], [-122.37366640580373, 37.72811588706726], [-122.37372640607818, 37.72806688822998], [-122.37379240530211, 37.72801488749999], [-122.37670740605971, 37.72853988651231], [-122.37770740793907, 37.72863988640968], [-122.37830440761564, 37.72897388652346], [-122.37856840720627, 37.72895188618791], [-122.37920140776616, 37.72824188605991], [-122.37962540808871, 37.727741886088026], [-122.37972340709968, 37.72762788593446], [-122.38001840844909, 37.727794885975015], [-122.38159040809401, 37.72868788662505], [-122.38345740998665, 37.729747885642674], [-122.38291440894014, 37.730351885988796], [-122.38280240968547, 37.73042888603412], [-122.38265440954747, 37.73052188590828], [-122.38229640934718, 37.7306298859135], [-122.38211640852381, 37.73064488615832], [-122.3818084076539, 37.73062688629045], [-122.38146540752221, 37.73059188617962], [-122.38066640817932, 37.73051388666473], [-122.380337407393, 37.73053888687341], [-122.38002140792382, 37.73066688670134], [-122.3799274082125, 37.73072888619436], [-122.37980540711547, 37.73080888617391], [-122.3796744075942, 37.73096988621714], [-122.37957840823306, 37.73111888678808], [-122.37950140824013, 37.731237887529424], [-122.37937440891686, 37.73155388765043], [-122.37937340819362, 37.731688887349435], [-122.37937240836872, 37.731846887326626], [-122.37950140734183, 37.73220188765545], [-122.37960740854534, 37.732401887371324], [-122.37962240771566, 37.73247488825559], [-122.37979140866838, 37.73244588740683], [-122.38006540740643, 37.732418887194406], [-122.38021140879295, 37.73243188785049], [-122.38035340908317, 37.732434887400416], [-122.38064940846087, 37.732517887925255], [-122.38100841028269, 37.732654887928916], [-122.3813394098205, 37.73282188728978], [-122.38187840977075, 37.73319788739477], [-122.38205641004598, 37.73338288757505], [-122.38230540956799, 37.73364188733507], [-122.38238641065718, 37.733724887927835], [-122.38294541069894, 37.73452088722675], [-122.3829604098692, 37.73455288814777], [-122.3829884094583, 37.73461288735087], [-122.38316040988576, 37.734986887728695], [-122.38326041034317, 37.735220887521], [-122.3834104092327, 37.73565688729854], [-122.38343541024537, 37.7357518875579], [-122.38343941044333, 37.73576688747554], [-122.3834514110372, 37.735812887488194], [-122.38347041040547, 37.735883888007564], [-122.38360241064993, 37.736379888045676], [-122.3836644096759, 37.73661488725452], [-122.3837194108258, 37.73682288782135], [-122.38386841078871, 37.73722988771468], [-122.38407341172646, 37.73752388720755], [-122.38375841118386, 37.73759988806572], [-122.38342041017675, 37.737561887646386], [-122.38289841084324, 37.73728788778442], [-122.38214741028258, 37.73710688774724], [-122.38199941104287, 37.73709288836175], [-122.3818344093898, 37.737150887828385], [-122.38175141044745, 37.737263887981584], [-122.38176341014301, 37.73738088827905], [-122.38179341028024, 37.73747588774705], [-122.38182641079051, 37.73757788745142], [-122.38183341046319, 37.737741887740114], [-122.38182141076764, 37.73777988735664], [-122.3817694108891, 37.73793688758453], [-122.38158441004286, 37.73813288787239], [-122.38101641067861, 37.73872988776978], [-122.38091340984812, 37.73883788787957], [-122.38082340943646, 37.73878588831996], [-122.38039241033954, 37.73854088790896], [-122.3801364102465, 37.73831788779847], [-122.37919540881671, 37.73777588777181], [-122.37913641016381, 37.73768988812107], [-122.37774840974357, 37.73923088836986], [-122.37744640961976, 37.73956688805109], [-122.37687341023268, 37.740201888965025], [-122.3761394093904, 37.74148688954865], [-122.37478941040165, 37.74385289040316], [-122.37278841041135, 37.74551489032562], [-122.3712894078664, 37.743943890127774], [-122.36910540757798, 37.74165389029899], [-122.36768405899944, 37.74017168562324], [-122.36770771972573, 37.740159034413836], [-122.3678979236141, 37.7400570801785], [-122.36819024798397, 37.74002950235775], [-122.36821598651348, 37.7400269947014], [-122.36821598471684, 37.7399900419245], [-122.36831240808282, 37.739985889726384], [-122.36830781859001, 37.73992930188504], [-122.37125705953302, 37.7397440303558], [-122.37127594481524, 37.739859020603944], [-122.37302303778715, 37.73974403106615], [-122.37321608214843, 37.73972999026654], [-122.37321386241138, 37.73967690515097], [-122.37321156811413, 37.73962201987383], [-122.37320906091618, 37.73956101526784], [-122.37324299118276, 37.739553993785385], [-122.37324051722247, 37.73948354733761], [-122.37333324581769, 37.73947687678025], [-122.37338806640619, 37.73952006560923], [-122.37338271873531, 37.739638063988025], [-122.37338141348322, 37.739666431195374], [-122.37337904193086, 37.73971795701857], [-122.37343804058378, 37.739713946172216], [-122.37400798030905, 37.73962202058418], [-122.37402636702627, 37.739571210055594], [-122.37406597913706, 37.73946206941952], [-122.37397254716097, 37.73938802688821], [-122.37396001296781, 37.739377998306594], [-122.37389377299542, 37.73931859401054], [-122.3738374082029, 37.73923788928157], [-122.37378583771904, 37.739128199020385], [-122.37376696770822, 37.73906494987444], [-122.37367002781095, 37.738851013148555], [-122.37349603761515, 37.73864493209086], [-122.37334117345004, 37.738546261363105], [-122.37333540806257, 37.73854188886046], [-122.37330909371296, 37.738525821775916], [-122.37324499622247, 37.73848498094617], [-122.37323629064906, 37.73848136572534], [-122.37322240808464, 37.738472889243056], [-122.37310040878424, 37.7384138891485], [-122.37295040809809, 37.73835788973773], [-122.37279240791435, 37.73831788992971], [-122.37262940770773, 37.738291889261426], [-122.37246340802638, 37.73828288990231], [-122.37244851755223, 37.73828320389957], [-122.37241667137708, 37.73827865093954], [-122.37209692683149, 37.73823293732995], [-122.37179110886774, 37.738232938040355], [-122.37174498037791, 37.738232938040355], [-122.37144440857541, 37.73820788999097], [-122.37123040741685, 37.73818688909282], [-122.37100940748391, 37.7381808890381], [-122.37078840755099, 37.73819089007627], [-122.3706124078239, 37.738208889526135], [-122.37056840744295, 37.738162889581425], [-122.37043040824899, 37.73821288979798], [-122.37018740767645, 37.73821488957859], [-122.36986540746116, 37.73823489022357], [-122.36962440833507, 37.7382608902014], [-122.3695014065148, 37.7382788896343], [-122.36936840644539, 37.73828489039144], [-122.36923540637599, 37.73827789010002], [-122.3691784073729, 37.738270889807936], [-122.36909340608577, 37.738271889342265], [-122.36902040629084, 37.738260889490995], [-122.36877040604558, 37.73825588968721], [-122.36843840578459, 37.73826389022561], [-122.36810640642187, 37.73829188997183], [-122.36755085860578, 37.73835328705428], [-122.36754641104679, 37.7383473751027], [-122.36754091695052, 37.738340072896975], [-122.36756314486391, 37.738268871558425], [-122.36757902438316, 37.73821806152185], [-122.36778644089073, 37.73816909068136], [-122.36803297004569, 37.738110927199024], [-122.36878592623874, 37.73800395895567], [-122.36929703439775, 37.73788997104867], [-122.36954807399378, 37.73781291908823], [-122.36978992292616, 37.737820942407424], [-122.37010798582553, 37.7377290165999], [-122.37032092068385, 37.737623051610214], [-122.37045462952402, 37.73758026447567], [-122.37056193328469, 37.73754600079278], [-122.37068561333304, 37.737505386042756], [-122.3709090782431, 37.73743201218065], [-122.37115995254914, 37.737271058157006], [-122.3712781187382, 37.73720119562616], [-122.3713919397763, 37.737134005599344], [-122.37191307493052, 37.737088043348976], [-122.37206136881758, 37.737079823166084], [-122.37206605532845, 37.73707956315509], [-122.37207640751377, 37.737085890088835], [-122.37212640774248, 37.737132889542075], [-122.37215540805481, 37.73717288927994], [-122.37224840704292, 37.73715888919657], [-122.37231440806347, 37.73713588890157], [-122.37232640775903, 37.737116889640866], [-122.37232540793413, 37.73709888992545], [-122.3724480270721, 37.737083124453], [-122.37268491730408, 37.737118963333984], [-122.37310092441722, 37.737118963333984], [-122.37357392424522, 37.737232951717644], [-122.37364923630368, 37.73726103284067], [-122.37366239213104, 37.737265938227], [-122.37397640812007, 37.73751988831932], [-122.37435440841186, 37.7377998888295], [-122.37440540846546, 37.73782188795698], [-122.37446940803957, 37.73783288858391], [-122.37447408107568, 37.73783272163864], [-122.37448098193369, 37.73784400784685], [-122.37451440914374, 37.73785554056386], [-122.37460499795193, 37.737886962484474], [-122.37463508163248, 37.73789699055771], [-122.37479603727351, 37.73798908310151], [-122.37492005239342, 37.73805994939893], [-122.37497203250902, 37.73809003425463], [-122.37502300830813, 37.7381179459767], [-122.37509626502124, 37.73811430729467], [-122.37510177977879, 37.738114033079285], [-122.37516640817357, 37.7381578883502], [-122.37532540908053, 37.73824888868269], [-122.37545940897483, 37.738313888242715], [-122.37563540870195, 37.7383838882516], [-122.37581740737852, 37.73844188812764], [-122.37600540769948, 37.73848688907793], [-122.3761104090781, 37.73848488788386], [-122.3762084089874, 37.73846588825899], [-122.37629840939908, 37.73843088759121], [-122.37637840976504, 37.73838188847556], [-122.37644340916404, 37.738319888286654], [-122.37648440917191, 37.73826188831509], [-122.37604440895585, 37.738000888590996], [-122.37589540809464, 37.73801288872912], [-122.3757304082382, 37.73801088823265], [-122.37558940777286, 37.73799688830769], [-122.37547240759702, 37.737970888237086], [-122.37536840783996, 37.73793488850682], [-122.375293102968, 37.737896890390644], [-122.37537099049636, 37.73642701298083], [-122.37551305816025, 37.73624499920007], [-122.3758939654003, 37.73592593230902], [-122.37593608291239, 37.73587696208364], [-122.37595480200625, 37.735855234470705], [-122.37596108662, 37.73584793130872], [-122.3759616453721, 37.73584728269133], [-122.37602901183189, 37.7357689910443], [-122.3760679555961, 37.73554903742131], [-122.37608333295711, 37.73545326750799], [-122.37610004431637, 37.73534897374251], [-122.37615603720634, 37.73512300222923], [-122.37604906941556, 37.73505798707982], [-122.37595062484019, 37.73510294604034], [-122.37594253281611, 37.73510665236138], [-122.3759247174274, 37.73511481308713], [-122.37558108128852, 37.73527192339998], [-122.37553896377642, 37.73533894532414], [-122.37544102225763, 37.735408975852636], [-122.37535594910528, 37.73541365615584], [-122.37531499850472, 37.735415995596924], [-122.3752070281941, 37.73534997686844], [-122.37519760756173, 37.735341154048605], [-122.37512797105919, 37.735275935197386], [-122.37513298635342, 37.735202058272165], [-122.37515103710076, 37.73510896339489], [-122.37513566063802, 37.735098098766066], [-122.37510992210849, 37.735080048829666], [-122.37506245333226, 37.735070861526125], [-122.375052927597, 37.735069017245145], [-122.3750147123665, 37.735033943928144], [-122.3749919212094, 37.7350130273816], [-122.3749459589079, 37.7349279530576], [-122.37495498428157, 37.73484304700869], [-122.3750109753749, 37.7347469429882], [-122.37505393011686, 37.73472554894815], [-122.37506295369386, 37.73472103626412], [-122.37510223252968, 37.73471151003841], [-122.37518396305084, 37.73469195459504], [-122.37530998410881, 37.73469897511775], [-122.3753195116407, 37.734673067666435], [-122.37533405177189, 37.73463295432907], [-122.37530731072252, 37.73458765975713], [-122.37530095963346, 37.734576963425305], [-122.37515605059835, 37.73452498360686], [-122.37511409837624, 37.734459131747215], [-122.375052927597, 37.73436302722834], [-122.3750472448545, 37.73429934774776], [-122.37504406841167, 37.73426307981733], [-122.37504807849109, 37.73414792031748], [-122.375082009656, 37.7339229539673], [-122.37512930954895, 37.733889525493794], [-122.37519800192212, 37.733841055494636], [-122.37522541311469, 37.73379459175781], [-122.37524998203772, 37.73375297464408], [-122.37528591644572, 37.73369848779734], [-122.37530597402939, 37.733668067958206], [-122.37533789566301, 37.73361491881838], [-122.37535293974906, 37.73359001484797], [-122.375366977722, 37.73347602724947], [-122.37536606952524, 37.73344508585056], [-122.37536597610047, 37.73344193146402], [-122.37537240803788, 37.733433884935934], [-122.37554899166993, 37.73321295177028], [-122.37555450822408, 37.73319941344088], [-122.37556303143948, 37.73317902281945], [-122.37557205771147, 37.7331529493014], [-122.37554899256824, 37.73312403468275], [-122.37552053304172, 37.73311055175217], [-122.37521058192937, 37.7329637000436], [-122.37520937010204, 37.73296312528792], [-122.3752078645256, 37.73296241128361], [-122.37509504510909, 37.73290892843504], [-122.37500696349883, 37.73284307584848], [-122.3749330339476, 37.732787791203116], [-122.37493074953183, 37.73278608185148], [-122.37490801856188, 37.7327690330914], [-122.3747492997259, 37.73271459667328], [-122.37474622928426, 37.732713543779845], [-122.37432403906703, 37.732568969715686], [-122.37406497482058, 37.732746971363404], [-122.37371398597105, 37.73296308052942], [-122.37326204534824, 37.733399978820636], [-122.3732555181894, 37.73340648652255], [-122.37315940564054, 37.73335188859093], [-122.37308240654595, 37.73339488846171], [-122.3730524064087, 37.733425888138335], [-122.37301440677389, 37.73345388829338], [-122.37286940611062, 37.73362588810034], [-122.37281340693242, 37.733684888458406], [-122.37268640671084, 37.733799888118064], [-122.37259740702237, 37.73390988821228], [-122.37257340673291, 37.73396388825035], [-122.37254240677078, 37.73400888837044], [-122.37249340636696, 37.73403088791402], [-122.37241740709732, 37.734055888356174], [-122.37236440649555, 37.734083888273], [-122.3722904068757, 37.73417388833995], [-122.3722564065405, 37.734207887878945], [-122.37216140610596, 37.734229888073784], [-122.37209240650898, 37.73422788889599], [-122.37205040577787, 37.7342228881094], [-122.37202716725979, 37.73421596629274], [-122.37202106500408, 37.73421313732054], [-122.37196438759784, 37.73418686453294], [-122.37186995400023, 37.73414307440154], [-122.37159701796914, 37.73382501083451], [-122.37142402939487, 37.7336849488462], [-122.37098696487317, 37.733330951676564], [-122.37083102452638, 37.73323100287237], [-122.37079625702992, 37.73325226164845], [-122.37078569104557, 37.733258721052785], [-122.37076540618813, 37.733246888520526], [-122.37076840566286, 37.7332188882872], [-122.37076040526694, 37.73317688791726], [-122.37075532439569, 37.73316358047754], [-122.37075798430726, 37.73316197486031], [-122.37075354662974, 37.73315892418739], [-122.37073940624886, 37.73312188841178], [-122.37063040557061, 37.73304488832498], [-122.37055210302054, 37.73302047153262], [-122.37055006653978, 37.73301907194316], [-122.37054984824918, 37.73301894193056], [-122.37051993614685, 37.73300106483747], [-122.37047140556194, 37.7329598884684], [-122.37041416131878, 37.73293785095268], [-122.3702530628456, 37.732841571108665], [-122.3699659199583, 37.732669921154894], [-122.36991226897628, 37.732633317091455], [-122.36988197059839, 37.732612588137364], [-122.36997140596972, 37.73248588825606]]]]}, "properties": {"tract_fips": "06075023103", "fema_risk_rating": "Relatively High", "fema_risk_score": 89.1334593843}}, {"type": "Feature", "geometry": {"type": "MultiPolygon", "coordinates": [[[[-122.38906141154611, 37.732928885754916], [-122.38719340982853, 37.7318668861396], [-122.38531340931371, 37.73080088625088], [-122.38345740998665, 37.729747885642674], [-122.38159040809401, 37.72868788662505], [-122.38001840844909, 37.727794885975015], [-122.37972340709968, 37.72762788593446], [-122.3788434075659, 37.727128886475434], [-122.37785940647841, 37.726569885798206], [-122.37841840652013, 37.72594188594821], [-122.37897740656187, 37.725313886457364], [-122.37953740642853, 37.724686885622525], [-122.38017540701131, 37.72396888586681], [-122.38081340579744, 37.723397885834736], [-122.38145140727853, 37.72284388555352], [-122.38220240694088, 37.72225588535498], [-122.38229140752767, 37.72229388581345], [-122.38235140690381, 37.72230488590508], [-122.38240140713252, 37.72231888595481], [-122.38244340786363, 37.72234688533574], [-122.3824774073005, 37.722381885790504], [-122.38250640761282, 37.72238988591238], [-122.38255472080543, 37.72239079755249], [-122.38258141334578, 37.72240491909061], [-122.38259101094629, 37.722409996704464], [-122.38259859632056, 37.72241478512283], [-122.38261240791805, 37.72243188529483], [-122.38262040741564, 37.722479885981016], [-122.3826684070962, 37.72251188571063], [-122.38278940836834, 37.72258488497543], [-122.38288140753156, 37.72263588550932], [-122.38295140785175, 37.7226438856038], [-122.38297440741796, 37.72267888520767], [-122.38301440760094, 37.7227148859604], [-122.38306540765457, 37.72274088570372], [-122.3831374076246, 37.722767885892026], [-122.38321140724443, 37.722810886224316], [-122.38329040688714, 37.7228728851888], [-122.38338040819714, 37.72292288578282], [-122.3836157973443, 37.723026895067335], [-122.38362094828415, 37.72303006197688], [-122.38362818960367, 37.72303451426627], [-122.38365428566266, 37.7230505584222], [-122.38367440792501, 37.723067885111945], [-122.38370840736191, 37.72314188569904], [-122.38373840749912, 37.72316588510541], [-122.38375840848892, 37.72317588532944], [-122.38376340851178, 37.72319388558728], [-122.38378840862615, 37.72320288606981], [-122.38381957657323, 37.72319756408251], [-122.38386092512748, 37.72326707957981], [-122.38387502867744, 37.7232963220557], [-122.38389572855651, 37.72333924321079], [-122.38389940805592, 37.72335788576083], [-122.3839204079723, 37.72343088490242], [-122.38394040716548, 37.72345388519131], [-122.3839614079802, 37.72346188590801], [-122.38396464910174, 37.72346223052146], [-122.38397675120525, 37.723471656586696], [-122.38399898091525, 37.72348903788973], [-122.38410093520844, 37.72350307821659], [-122.38431002437902, 37.72355606124174], [-122.38440579466976, 37.72360085381354], [-122.38450206532214, 37.72364598102331], [-122.3845733915557, 37.72369348993886], [-122.38459484062976, 37.72370777607407], [-122.38462140740594, 37.72373788523545], [-122.38467840820569, 37.72377688608466], [-122.38474740870099, 37.72381088542359], [-122.38478640816069, 37.72384888579485], [-122.38481640829794, 37.723884885268376], [-122.38485640848094, 37.72390688497756], [-122.38487840732391, 37.72391288547844], [-122.38490278939736, 37.72391288547844], [-122.38492180044369, 37.72392554727983], [-122.3849554082151, 37.723959885477356], [-122.38500040842095, 37.72403388588378], [-122.38503240820803, 37.72407288515609], [-122.38505040864966, 37.724107885505774], [-122.38507640858896, 37.7241228856506], [-122.38511340839888, 37.72412288494005], [-122.38516740882554, 37.72411088539288], [-122.38517274032677, 37.72411096497304], [-122.38526204095082, 37.72412650228307], [-122.38530621560493, 37.72413410289488], [-122.38530801133719, 37.724134411978355], [-122.38535840862124, 37.724154885380955], [-122.38542340891858, 37.724164884050424], [-122.38548540794454, 37.724161884165504], [-122.38555168025631, 37.72415304864397], [-122.38566579324686, 37.72418828272223], [-122.38567758632992, 37.724191924220214], [-122.38570140785461, 37.724213884048204], [-122.38577340872293, 37.72425288464677], [-122.38587940812985, 37.72429088479122], [-122.3859454082521, 37.72433188408378], [-122.38599240810775, 37.72436788403316], [-122.38605440803202, 37.72438988501991], [-122.3861154081314, 37.72441688460713], [-122.38615640903758, 37.72444888421047], [-122.38621140839085, 37.724472884614435], [-122.38627240849023, 37.72448388438247], [-122.38641440878045, 37.72448788397481], [-122.38651140886482, 37.72447488405561], [-122.38666340830247, 37.72443588428447], [-122.38673240789944, 37.72439988436815], [-122.3867782309621, 37.72435967380662], [-122.38683497574196, 37.72433893472063], [-122.38686126673538, 37.724309250703584], [-122.3869254082433, 37.72429888470696], [-122.3869524089058, 37.72427988428393], [-122.38696240805322, 37.724254884093874], [-122.38695440855562, 37.724180884618754], [-122.38693140809109, 37.724150884349605], [-122.38689818839185, 37.724135226253466], [-122.38688695675589, 37.724123995509146], [-122.38679352567812, 37.72407067822715], [-122.38656304133242, 37.72393897432907], [-122.38645611127089, 37.72388566544035], [-122.38607740849656, 37.7236728842481], [-122.38593940750599, 37.72362388460298], [-122.38590740771893, 37.723596884726696], [-122.38588640870086, 37.72356588377756], [-122.38578640824343, 37.72353088388231], [-122.38576240795398, 37.72351488459462], [-122.3857434076874, 37.72349288405845], [-122.38571940829627, 37.723483884321716], [-122.38560640831837, 37.72341188425672], [-122.38552540812752, 37.723374884107294], [-122.38547240842406, 37.72337088445491], [-122.38543540771582, 37.72335388397586], [-122.38537540744137, 37.723317884244196], [-122.38530440819457, 37.72328888478319], [-122.38522740820167, 37.72325188457232], [-122.38517830628824, 37.723237644534606], [-122.38517324428163, 37.723235064544454], [-122.3849750660485, 37.72313403842579], [-122.38479305299887, 37.72303475798398], [-122.38466912591385, 37.72296719201221], [-122.38466440706367, 37.72296188421898], [-122.38464179646796, 37.722952291110055], [-122.3846274629493, 37.722944476501965], [-122.38454340848646, 37.72287188402548], [-122.38523640842251, 37.72309788439864], [-122.3861654074618, 37.723592884375755], [-122.38682640850908, 37.723996883913465], [-122.3872964097607, 37.72429188451427], [-122.38738840982221, 37.72440288424344], [-122.38795640918646, 37.72473888442609], [-122.38982741037874, 37.725800883950996], [-122.3916964101246, 37.72686088450251], [-122.39298641153383, 37.727588884271064], [-122.39312041232647, 37.72766488466979], [-122.39319141157326, 37.72770588422612], [-122.39331041139896, 37.72777388425473], [-122.39327041211429, 37.72788488444943], [-122.39301141164822, 37.72846388416952], [-122.39298041168605, 37.728538884715086], [-122.39272541231625, 37.729293884270724], [-122.39243441206312, 37.73010488466642], [-122.3923984120781, 37.7302128838589], [-122.39226741255685, 37.73058688514745], [-122.39223041184862, 37.73065988568962], [-122.39216741209943, 37.73090188557084], [-122.39191741275248, 37.73169388546532], [-122.39164341221777, 37.73249688541307], [-122.3913624120104, 37.73328788569691], [-122.39108641272418, 37.734075885862026], [-122.39099441176437, 37.734023885799445], [-122.38906141154611, 37.732928885754916]]]]}, "properties": {"tract_fips": "06075023200", "fema_risk_rating": "Relatively High", "fema_risk_score": 93.9590691258}}, {"type": "Feature", "geometry": {"type": "MultiPolygon", "coordinates": [[[[-122.39272541231625, 37.729293884270724], [-122.39298041168605, 37.728538884715086], [-122.39301141164822, 37.72846388416952], [-122.39327041211429, 37.72788488444943], [-122.39331041139896, 37.72777388425473], [-122.39362141264189, 37.72700388385455], [-122.39396741224829, 37.72629688474367], [-122.39430241198404, 37.725512883754206], [-122.39437841215202, 37.725417883858086], [-122.39471841191066, 37.72467188417088], [-122.39497741237676, 37.72410588321256], [-122.39501541201157, 37.72401888358938], [-122.39509041145634, 37.72387988378333], [-122.39532341198316, 37.723369883298325], [-122.39536641164084, 37.72326488399561], [-122.39543241086479, 37.723131884049295], [-122.39568041146023, 37.72258788421366], [-122.39573441098858, 37.722441883486326], [-122.39604441150829, 37.72174888361879], [-122.39635741150272, 37.72101788185876], [-122.39641041120618, 37.720923882360985], [-122.39648941174721, 37.72074988193266], [-122.39666241110125, 37.720373881865505], [-122.39670841113201, 37.720275882441605], [-122.39705141036535, 37.719524881769644], [-122.39755341050571, 37.7188638822097], [-122.39758641101598, 37.71883588222286], [-122.39762141027776, 37.71880588263119], [-122.39826841018305, 37.718108881498615], [-122.39850941110578, 37.71785688222059], [-122.39856341063415, 37.71780088147511], [-122.39871941026976, 37.71765188182316], [-122.39873941036124, 37.71777588194073], [-122.39881441160264, 37.71823388278785], [-122.39890841131397, 37.71865788266791], [-122.39894041110102, 37.71880188202155], [-122.39899341260107, 37.71903988239236], [-122.3991154110032, 37.71958188241977], [-122.39915141188654, 37.719739882646174], [-122.39923441172719, 37.72000188185613], [-122.39933541111121, 37.720287881899466], [-122.3994454116144, 37.720541882403545], [-122.39962641226268, 37.72092988239294], [-122.39985741134304, 37.721436881918635], [-122.39995141195267, 37.721526882434624], [-122.4004084127855, 37.722642882305756], [-122.40081141229331, 37.723625881935504], [-122.40120941357489, 37.724597882270196], [-122.40149741345498, 37.72552588278063], [-122.40184841398258, 37.726784883989225], [-122.40190141368602, 37.7269748829947], [-122.40213141383978, 37.72779988364316], [-122.40198141405195, 37.727966884006364], [-122.40142141418528, 37.728593884072154], [-122.40086041359542, 37.72922088380288], [-122.40030041372877, 37.72984788390882], [-122.39989341402301, 37.730301884015745], [-122.39899641477079, 37.730174883911005], [-122.39810041444514, 37.73004688394308], [-122.39741641383162, 37.72994988417527], [-122.39720341339628, 37.7299198841115], [-122.39699541298383, 37.72988988403554], [-122.39643541311716, 37.7298108841327], [-122.39604041220862, 37.729754883898686], [-122.39597341226148, 37.7297448845629], [-122.3954034123491, 37.729663884493824], [-122.3949124120794, 37.729593884055745], [-122.39450541147532, 37.72953688400536], [-122.39360841222307, 37.729408884355635], [-122.3928834125, 37.729316884159886], [-122.3928194120276, 37.729308884786164], [-122.39272541231625, 37.729293884270724]]]]}, "properties": {"tract_fips": "06075023300", "fema_risk_rating": "Relatively High", "fema_risk_score": 96.1269071147}}, {"type": "Feature", "geometry": {"type": "MultiPolygon", "coordinates": [[[[-122.38454340848646, 37.72287188402548], [-122.38426540775382, 37.722694883965374], [-122.38421740807324, 37.72267188415131], [-122.38407940708267, 37.72260488486853], [-122.38401840788158, 37.72257088426546], [-122.38391140775147, 37.72248888441867], [-122.38382940773573, 37.72244888456443], [-122.38376840763635, 37.72240588402199], [-122.38373940822233, 37.72237988487165], [-122.38368540779567, 37.722344884416], [-122.3835964072089, 37.72231288461423], [-122.38351840739111, 37.72226188385796], [-122.383447407246, 37.72220188459521], [-122.38337534708883, 37.722171001725044], [-122.38335800601058, 37.72215795308144], [-122.38333008547325, 37.722144971227806], [-122.3832844079377, 37.72211388511487], [-122.38322440766322, 37.72208888419375], [-122.38318869154585, 37.72207923128501], [-122.38318401671309, 37.72207705769281], [-122.38318154724439, 37.72207592790805], [-122.38291055247262, 37.72195185540565], [-122.38290340727285, 37.72194688505457], [-122.38284640737145, 37.72188188462724], [-122.38278940747006, 37.721783884356064], [-122.38277059944294, 37.72176037478797], [-122.38274876499165, 37.72171203327732], [-122.38274840836047, 37.721699884832546], [-122.3827584075079, 37.721649884123494], [-122.38276440735568, 37.72156588444801], [-122.38277870943332, 37.72152319035567], [-122.38281480913133, 37.7214603198226], [-122.38291492457311, 37.7212859937949], [-122.38295486995885, 37.72121546175192], [-122.38296305900097, 37.7212009214644], [-122.3829909723518, 37.721161477287254], [-122.38310802283335, 37.72099560701273], [-122.38314340747236, 37.72097588380625], [-122.38319340680276, 37.720927884987766], [-122.38335240770975, 37.72070888421024], [-122.38339640719236, 37.72062188414998], [-122.3834264073296, 37.720519884537204], [-122.38343440772549, 37.720442884847984], [-122.38342340785486, 37.72036288432941], [-122.38339340592098, 37.72034288454155], [-122.38338025458523, 37.72034908855504], [-122.3833803830443, 37.720338062592276], [-122.38338107205215, 37.720278989069975], [-122.38337906791072, 37.72027673584066], [-122.38373640695099, 37.72019888463046], [-122.38411240759294, 37.719676884826974], [-122.38418240791313, 37.71953088475729], [-122.38457040735231, 37.71909888371254], [-122.38518340692244, 37.71841688450524], [-122.38572340759592, 37.71780688389178], [-122.3862914078585, 37.717188883257805], [-122.38687640783951, 37.71751888387902], [-122.38793840694817, 37.71633788395147], [-122.38815740723129, 37.71630788405889], [-122.38916240823518, 37.716888882967886], [-122.38930440762708, 37.71697088403945], [-122.39023140791485, 37.717507883787256], [-122.39116740842346, 37.71804988365354], [-122.39162540818286, 37.71753588214423], [-122.39241540999988, 37.7178958826133], [-122.3926394103059, 37.71796888287404], [-122.3935714097182, 37.7184968828618], [-122.39545741008082, 37.71956788256333], [-122.39639041111468, 37.720096882303594], [-122.39650541074242, 37.720161882165556], [-122.39657141086467, 37.72019888249876], [-122.39670841113201, 37.720275882441605], [-122.39666241110125, 37.720373881865505], [-122.39648941174721, 37.72074988193266], [-122.39641041120618, 37.720923882360985], [-122.39635741150272, 37.72101788185876], [-122.39604441150829, 37.72174888361879], [-122.39573441098858, 37.722441883486326], [-122.39568041146023, 37.72258788421366], [-122.39543241086479, 37.723131884049295], [-122.39536641164084, 37.72326488399561], [-122.39532341198316, 37.723369883298325], [-122.39509041145634, 37.72387988378333], [-122.39501541201157, 37.72401888358938], [-122.39497741237676, 37.72410588321256], [-122.39471841191066, 37.72467188417088], [-122.39437841215202, 37.725417883858086], [-122.39430241198404, 37.725512883754206], [-122.39396741224829, 37.72629688474367], [-122.39362141264189, 37.72700388385455], [-122.39331041139896, 37.72777388425473], [-122.39319141157326, 37.72770588422612], [-122.39312041232647, 37.72766488466979], [-122.39298641153383, 37.727588884271064], [-122.3916964101246, 37.72686088450251], [-122.38982741037874, 37.725800883950996], [-122.38795640918646, 37.72473888442609], [-122.38738840982221, 37.72440288424344], [-122.3872964097607, 37.72429188451427], [-122.38682640850908, 37.723996883913465], [-122.3861654074618, 37.723592884375755], [-122.38523640842251, 37.72309788439864], [-122.38454340848646, 37.72287188402548]]]]}, "properties": {"tract_fips": "06075023400", "fema_risk_rating": "Very High", "fema_risk_score": 98.1342085548}}, {"type": "Feature", "geometry": {"type": "MultiPolygon", "coordinates": [[[[-122.40873642159502, 37.7484068856205], [-122.40827342091444, 37.748408885836014], [-122.40810842015969, 37.748418885492285], [-122.40793742045544, 37.74845488580618], [-122.40782542030246, 37.74849988635157], [-122.40691842010618, 37.74878188602093], [-122.40681441945078, 37.74881488585153], [-122.40675442007465, 37.74882888586132], [-122.4065254197458, 37.74889488546592], [-122.40633841924972, 37.74894888593808], [-122.4057084199612, 37.74905388575683], [-122.40552742021121, 37.7490908858604], [-122.4052654202704, 37.74913488663141], [-122.40511841995732, 37.749163886624835], [-122.40504742071052, 37.74917388617903], [-122.40489142017658, 37.74920788664213], [-122.404836419925, 37.74921988638398], [-122.40480341941473, 37.749226886350904], [-122.40433242013486, 37.74932888619963], [-122.40381041990304, 37.74944288561344], [-122.40385341956075, 37.749306886230215], [-122.40401741959226, 37.74879088623448], [-122.40407841969163, 37.748599886281724], [-122.40392341988094, 37.74843888622129], [-122.4038934197437, 37.74840688633081], [-122.4038284203447, 37.74833988618225], [-122.40370041939987, 37.74806588572816], [-122.40358741942197, 37.74777188619689], [-122.40368841970431, 37.747421886551166], [-122.40373841903471, 37.74721188639537], [-122.40395042054344, 37.74660388597341], [-122.40409041938722, 37.746262886297046], [-122.4041954189692, 37.74611988578186], [-122.40431642024133, 37.74597088556711], [-122.40434141945737, 37.745939886171215], [-122.40428341883272, 37.74567488665799], [-122.40425442031705, 37.74557788534448], [-122.40422941930439, 37.745493885817915], [-122.4042114179644, 37.745246885998], [-122.40455341827116, 37.744307885776436], [-122.40461641802035, 37.74413588592466], [-122.404930418738, 37.74369088552696], [-122.405331418596, 37.743124885736975], [-122.4058644186985, 37.74240188551049], [-122.40631541878521, 37.74178388480329], [-122.40660041829224, 37.74139088508011], [-122.40675641792785, 37.74112888481583], [-122.40686141840816, 37.74086488391524], [-122.40697841858403, 37.74050488426962], [-122.40708841818888, 37.73957988461055], [-122.40714041806741, 37.73906988426738], [-122.40709541786154, 37.738563884215516], [-122.40708041779295, 37.738467883770404], [-122.40703541758711, 37.73801188421845], [-122.40758041828346, 37.73784688427743], [-122.40768441804053, 37.737822883945384], [-122.4077114178047, 37.737815884320646], [-122.40781541846009, 37.737786884143105], [-122.40787741838439, 37.737764884294805], [-122.40801341882681, 37.73771588402791], [-122.40815141802076, 37.73766688372858], [-122.40824341898056, 37.7376218837006], [-122.4084914177794, 37.73749888438437], [-122.4087104180625, 37.73724388423263], [-122.40881641836772, 37.737006883655106], [-122.40888041794183, 37.73684088405174], [-122.40901941875731, 37.736837883969926], [-122.40916441852227, 37.73683288335962], [-122.40978841796303, 37.73686788407249], [-122.41040341808124, 37.736903883611234], [-122.41029041989998, 37.73813288360996], [-122.41021742010506, 37.738932884057085], [-122.41014141903874, 37.739764883762085], [-122.41053341957421, 37.73978888346454], [-122.41039141928401, 37.741371884069935], [-122.41075841970512, 37.74139088436977], [-122.41074441946144, 37.74156988418787], [-122.41072441936993, 37.74183188360159], [-122.41069541995593, 37.74220188439344], [-122.41068841938493, 37.74243388444568], [-122.41063842005451, 37.74243588411227], [-122.41045742030454, 37.742467884453454], [-122.41026042066109, 37.742555883899726], [-122.41001542043867, 37.742781884581305], [-122.40999441962396, 37.743059884008076], [-122.40965142039062, 37.74308088423408], [-122.40951141975022, 37.74304088413671], [-122.4094044196201, 37.74293288376576], [-122.40938742079997, 37.74327288440065], [-122.40949342020687, 37.74326488440362], [-122.40977142004121, 37.74329988491689], [-122.40988342019419, 37.743347884152854], [-122.41001742098683, 37.74345188392969], [-122.41024942079042, 37.74363188390856], [-122.41036442041815, 37.74375888437214], [-122.41041541957347, 37.74433488449446], [-122.41046742035032, 37.74492788418829], [-122.41050042086057, 37.74530788378703], [-122.41052442115003, 37.74558088436181], [-122.4105914219955, 37.74633288447153], [-122.41064542152385, 37.746950885553844], [-122.41061542138664, 37.74714688541459], [-122.41052142167528, 37.747363885897975], [-122.4104874213401, 37.747439885887324], [-122.41056442133298, 37.748241885410515], [-122.41056842153095, 37.74828788548454], [-122.41057242172892, 37.748326885478534], [-122.41057742085347, 37.74837688522224], [-122.41047542254283, 37.74837488500585], [-122.40977542203578, 37.74838988520691], [-122.40967642140328, 37.748388885809156], [-122.40957342236943, 37.74839488503644], [-122.40888042243338, 37.7484068856205], [-122.40873642159502, 37.7484068856205]]]]}, "properties": {"tract_fips": "06075025100", "fema_risk_rating": "Relatively Moderate", "fema_risk_score": 85.5505214465}}, {"type": "Feature", "geometry": {"type": "MultiPolygon", "coordinates": [[[[-122.41589642290583, 37.748276884280415], [-122.41495042324985, 37.748294884829306], [-122.41485242244221, 37.748282884227095], [-122.4138444228619, 37.74830188417341], [-122.41369942309694, 37.7483068847192], [-122.41356242193127, 37.74831388406222], [-122.41261542245033, 37.74833188531238], [-122.41165442272569, 37.748350885246055], [-122.411514421187, 37.748353885571646], [-122.41137242179508, 37.748353885571646], [-122.41068042168394, 37.74837288549968], [-122.41057742085347, 37.74837688522224], [-122.41057242172892, 37.748326885478534], [-122.41056842153095, 37.74828788548454], [-122.41056442133298, 37.748241885410515], [-122.4104874213401, 37.747439885887324], [-122.41052142167528, 37.747363885897975], [-122.41061542138664, 37.74714688541459], [-122.41064542152385, 37.746950885553844], [-122.4105914219955, 37.74633288447153], [-122.41052442115003, 37.74558088436181], [-122.41050042086057, 37.74530788378703], [-122.41046742035032, 37.74492788418829], [-122.41041541957347, 37.74433488449446], [-122.41036442041815, 37.74375888437214], [-122.41024942079042, 37.74363188390856], [-122.41001742098683, 37.74345188392969], [-122.40988342019419, 37.743347884152854], [-122.40977142004121, 37.74329988491689], [-122.40949342020687, 37.74326488440362], [-122.40938742079997, 37.74327288440065], [-122.4094044196201, 37.74293288376576], [-122.40951141975022, 37.74304088413671], [-122.40965142039062, 37.74308088423408], [-122.40999441962396, 37.743059884008076], [-122.41001542043867, 37.742781884581305], [-122.41026042066109, 37.742555883899726], [-122.41045742030454, 37.742467884453454], [-122.41063842005451, 37.74243588411227], [-122.41068841938493, 37.74243388444568], [-122.41069541995593, 37.74220188439344], [-122.41072441936993, 37.74183188360159], [-122.41074441946144, 37.74156988418787], [-122.41075841970512, 37.74139088436977], [-122.41039141928401, 37.741371884069935], [-122.41053341957421, 37.73978888346454], [-122.41075941953001, 37.73980188424729], [-122.41139641938959, 37.73984088374035], [-122.41177441968135, 37.739863883905336], [-122.41201842007884, 37.739719884299014], [-122.41268341952744, 37.739320883600804], [-122.4132124203303, 37.73900788394434], [-122.41333841982868, 37.738991883737945], [-122.41396441981756, 37.73893988357616], [-122.4145854206819, 37.738890883376584], [-122.41469241991369, 37.73889288313893], [-122.41521041994756, 37.73894288357285], [-122.41592542231984, 37.7390118834626], [-122.41654642228586, 37.73907188260408], [-122.41716542170374, 37.73913088217416], [-122.41780542193635, 37.73919388191612], [-122.41848742200173, 37.73925888277763], [-122.41861042202538, 37.739306882502824], [-122.41779642171552, 37.74057388199306], [-122.41837342219891, 37.740798882832586], [-122.41886042137234, 37.74099288294111], [-122.41877842225489, 37.741189882446754], [-122.418520422512, 37.741601883482744], [-122.41844442234405, 37.741672884133116], [-122.41801442217373, 37.742360883435964], [-122.41795542262248, 37.74249688350759], [-122.41766242182123, 37.74294488381476], [-122.41759542187407, 37.74302088336956], [-122.41744842156098, 37.74323288369663], [-122.41612942163604, 37.745262884142015], [-122.41658542264393, 37.74544888344466], [-122.41726642288441, 37.745727884363504], [-122.4176664238158, 37.74589188364393], [-122.41784542391595, 37.74597488399882], [-122.41831142407128, 37.74670388420365], [-122.41914742412244, 37.746784884098865], [-122.41830242385046, 37.74808988415975], [-122.41828242465728, 37.74812088407566], [-122.41824742449717, 37.748175883802936], [-122.41823242442855, 37.74821288434551], [-122.41589642290583, 37.748276884280415]]]]}, "properties": {"tract_fips": "06075025200", "fema_risk_rating": "Relatively Moderate", "fema_risk_score": 87.9300298479}}, {"type": "Feature", "geometry": {"type": "MultiPolygon", "coordinates": [[[[-122.42030842476194, 37.748170883248235], [-122.42016542464683, 37.74816688422486], [-122.41919742435115, 37.74818888382286], [-122.41838342404131, 37.748207883793306], [-122.41823242442855, 37.74821288434551], [-122.41824742449717, 37.748175883802936], [-122.41828242465728, 37.74812088407566], [-122.41830242385046, 37.74808988415975], [-122.41914742412244, 37.746784884098865], [-122.41831142407128, 37.74670388420365], [-122.41784542391595, 37.74597488399882], [-122.4176664238158, 37.74589188364393], [-122.41726642288441, 37.745727884363504], [-122.41658542264393, 37.74544888344466], [-122.41612942163604, 37.745262884142015], [-122.41744842156098, 37.74323288369663], [-122.41759542187407, 37.74302088336956], [-122.41766242182123, 37.74294488381476], [-122.41795542262248, 37.74249688350759], [-122.41801442217373, 37.742360883435964], [-122.41844442234405, 37.741672884133116], [-122.418520422512, 37.741601883482744], [-122.41877842225489, 37.741189882446754], [-122.41886042137234, 37.74099288294111], [-122.41837342219891, 37.740798882832586], [-122.41779642171552, 37.74057388199306], [-122.41861042202538, 37.739306882502824], [-122.41919142180845, 37.739542882593575], [-122.41959242256473, 37.739705881855755], [-122.41974642255053, 37.739768881818705], [-122.42030142239432, 37.739994882485014], [-122.42088242307567, 37.740230882513465], [-122.42176842335556, 37.740590882070904], [-122.42286742407079, 37.74103688213335], [-122.42311642359282, 37.74065188156594], [-122.42360642313926, 37.739893882071314], [-122.4240724241929, 37.73988088201511], [-122.42412642372128, 37.739879881792106], [-122.42417342447526, 37.739878882279505], [-122.42429642360058, 37.739875881610345], [-122.42428442390501, 37.739944882051255], [-122.42416342353117, 37.74034588195068], [-122.42407442384275, 37.7406398818556], [-122.42406242414717, 37.74066788212387], [-122.42396842353753, 37.740898881802266], [-122.42364742404546, 37.741680882171075], [-122.42342942448558, 37.742212882238356], [-122.42338742375446, 37.74229988179749], [-122.42332842420325, 37.74243588269152], [-122.42306942373715, 37.74312388200603], [-122.42273542382631, 37.74394988190159], [-122.42246542438787, 37.744768882846316], [-122.42239542406767, 37.744968884130465], [-122.4223194238997, 37.74519388368603], [-122.42230242328296, 37.7453578834394], [-122.42230942385396, 37.745491883392575], [-122.42231542460007, 37.74558488352492], [-122.42240142481378, 37.746382883431494], [-122.42241242468444, 37.7465048841899], [-122.42246042436503, 37.747030884342024], [-122.42247942373326, 37.747177883594595], [-122.42259142568288, 37.748009883675095], [-122.42248142517974, 37.74801688375647], [-122.42232642536904, 37.7480798837487], [-122.42141942427442, 37.7481338841053], [-122.42030842476194, 37.748170883248235]]]]}, "properties": {"tract_fips": "06075025300", "fema_risk_rating": "Relatively High", "fema_risk_score": 90.473642277}}, {"type": "Feature", "geometry": {"type": "MultiPolygon", "coordinates": [[[[-122.41861042202538, 37.739306882502824], [-122.41848742200173, 37.73925888277763], [-122.41780542193635, 37.73919388191612], [-122.41716542170374, 37.73913088217416], [-122.41654642228586, 37.73907188260408], [-122.41592542231984, 37.7390118834626], [-122.41582742151225, 37.73895888378977], [-122.4158674198986, 37.738461883028044], [-122.4159814205997, 37.73722088254319], [-122.41663942037566, 37.73725788216872], [-122.41665742081732, 37.73704688204025], [-122.41672242021635, 37.73632688222607], [-122.41674441995767, 37.736083882040404], [-122.41678642068877, 37.73561488191779], [-122.420189421343, 37.73578688167762], [-122.42025042234069, 37.735067881975084], [-122.4217024214367, 37.73513988207512], [-122.42188742228294, 37.73514988139277], [-122.42214742167563, 37.73516288156933], [-122.42229842218667, 37.73516988215535], [-122.42242542240828, 37.73517588174366], [-122.42262842189953, 37.73518688134286], [-122.42271442211329, 37.735214881542404], [-122.42317842172048, 37.735937882343414], [-122.42329042187346, 37.735974881899715], [-122.42449242252083, 37.73607088131513], [-122.42462142239229, 37.735953881788994], [-122.42623542366661, 37.73608388132997], [-122.42657142322727, 37.736278880568676], [-122.42674842367761, 37.73638188006122], [-122.42668542482673, 37.736427881823], [-122.4261924240089, 37.736844881555854], [-122.42562442464465, 37.737326881497786], [-122.42531242447512, 37.73764988155844], [-122.42510842426064, 37.7378608820995], [-122.4249774247394, 37.73807288228665], [-122.42475042406035, 37.73844088149155], [-122.42451142368576, 37.73900288205985], [-122.42430242434669, 37.73979388174403], [-122.42429642360058, 37.739875881610345], [-122.42417342447526, 37.739878882279505], [-122.42412642372128, 37.739879881792106], [-122.4240724241929, 37.73988088201511], [-122.42360642313926, 37.739893882071314], [-122.42311642359282, 37.74065188156594], [-122.42286742407079, 37.74103688213335], [-122.42176842335556, 37.740590882070904], [-122.42088242307567, 37.740230882513465], [-122.42030142239432, 37.739994882485014], [-122.41974642255053, 37.739768881818705], [-122.41959242256473, 37.739705881855755], [-122.41919142180845, 37.739542882593575], [-122.41861042202538, 37.739306882502824]]]]}, "properties": {"tract_fips": "06075025401", "fema_risk_rating": "Relatively High", "fema_risk_score": 88.7434150286}}, {"type": "Feature", "geometry": {"type": "MultiPolygon", "coordinates": [[[[-122.41053341957421, 37.73978888346454], [-122.41014141903874, 37.739764883762085], [-122.41021742010506, 37.738932884057085], [-122.41029041989998, 37.73813288360996], [-122.41040341808124, 37.736903883611234], [-122.40978841796303, 37.73686788407249], [-122.40916441852227, 37.73683288335962], [-122.40901941875731, 37.736837883969926], [-122.40888041794183, 37.73684088405174], [-122.40881641836772, 37.737006883655106], [-122.4087104180625, 37.73724388423263], [-122.4084914177794, 37.73749888438437], [-122.40824341898056, 37.7376218837006], [-122.40824241825736, 37.73759188390352], [-122.40823741823449, 37.737409884353205], [-122.4082594179758, 37.73719088400447], [-122.40827141856967, 37.737072883856214], [-122.40836341863118, 37.73668788398501], [-122.4083844185476, 37.73662688406523], [-122.40849441815243, 37.736351884024195], [-122.40851441734561, 37.73630088370025], [-122.40860841795525, 37.7361348839347], [-122.4086814186485, 37.73600788388848], [-122.40880541849705, 37.73582688427397], [-122.40883641756088, 37.73578288340594], [-122.40886241750016, 37.73575488413165], [-122.40894941843709, 37.735659883165695], [-122.40901941785897, 37.7355848834387], [-122.40911241774542, 37.73545888344219], [-122.409167417997, 37.73538488379538], [-122.40953141804506, 37.735053884335315], [-122.40982441794803, 37.734837883574244], [-122.40997641828399, 37.734724883270395], [-122.41044441808913, 37.73446688333227], [-122.41053941762537, 37.73460188340375], [-122.4107804185481, 37.73470888355922], [-122.4108564187161, 37.73474288356299], [-122.41091741791716, 37.73480388361416], [-122.41096141829809, 37.73484888393412], [-122.41119241917507, 37.73508188316431], [-122.41185241860083, 37.73464788271932], [-122.41247341946519, 37.73467988287508], [-122.41285241958185, 37.73469788246811], [-122.41309541925611, 37.734710882013644], [-122.41371542029552, 37.73474188256013], [-122.41433941973628, 37.73477288238319], [-122.41496142042553, 37.73480388219327], [-122.41558041894508, 37.73483488199036], [-122.41619841943638, 37.73486588177449], [-122.41685042026285, 37.7348978825464], [-122.41678642068877, 37.73561488191779], [-122.41674441995767, 37.736083882040404], [-122.41672242021635, 37.73632688222607], [-122.41665742081732, 37.73704688204025], [-122.41663942037566, 37.73725788216872], [-122.4159814205997, 37.73722088254319], [-122.4158674198986, 37.738461883028044], [-122.41582742151225, 37.73895888378977], [-122.41592542231984, 37.7390118834626], [-122.41521041994756, 37.73894288357285], [-122.41469241991369, 37.73889288313893], [-122.4145854206819, 37.738890883376584], [-122.41396441981756, 37.73893988357616], [-122.41333841982868, 37.738991883737945], [-122.4132124203303, 37.73900788394434], [-122.41268341952744, 37.739320883600804], [-122.41201842007884, 37.739719884299014], [-122.41177441968135, 37.739863883905336], [-122.41139641938959, 37.73984088374035], [-122.41075941953001, 37.73980188424729], [-122.41053341957421, 37.73978888346454]]]]}, "properties": {"tract_fips": "06075025402", "fema_risk_rating": "Relatively Moderate", "fema_risk_score": 83.0366380079}}, {"type": "Feature", "geometry": {"type": "MultiPolygon", "coordinates": [[[[-122.41678642068877, 37.73561488191779], [-122.41685042026285, 37.7348978825464], [-122.41619841943638, 37.73486588177449], [-122.41558041894508, 37.73483488199036], [-122.41496142042553, 37.73480388219327], [-122.41433941973628, 37.73477288238319], [-122.41371542029552, 37.73474188256013], [-122.41309541925611, 37.734710882013644], [-122.41285241958185, 37.73469788246811], [-122.41247341946519, 37.73467988287508], [-122.41185241860083, 37.73464788271932], [-122.41119241917507, 37.73508188316431], [-122.41096141829809, 37.73484888393412], [-122.41091741791716, 37.73480388361416], [-122.4108564187161, 37.73474288356299], [-122.4107804185481, 37.73470888355922], [-122.41053941762537, 37.73460188340375], [-122.41044441808913, 37.73446688333227], [-122.41129341766079, 37.7340008823992], [-122.41210541832082, 37.7335828826801], [-122.413519417782, 37.73287388180249], [-122.41441442007935, 37.73242688196941], [-122.4151414203506, 37.73223988230036], [-122.41523541916361, 37.73222188210977], [-122.41548541940885, 37.7321738820537], [-122.41596541980786, 37.73208188174084], [-122.41668341985829, 37.73202288152639], [-122.41741842052542, 37.73205988161818], [-122.41848742020511, 37.73206988135179], [-122.41927042055285, 37.73206988135179], [-122.41949041976254, 37.732069882062255], [-122.420287420354, 37.73202188190765], [-122.42038442043835, 37.73201588206377], [-122.42072641984682, 37.73196488159488], [-122.4207394202656, 37.7319628816454], [-122.42116042021509, 37.73190088176467], [-122.42130541998004, 37.73187888158828], [-122.42172942209918, 37.73181688021628], [-122.42284642145945, 37.73165088034384], [-122.42394642199959, 37.73156288001235], [-122.42400842102556, 37.73156187967697], [-122.42458042148607, 37.73155888009166], [-122.42467142172269, 37.73155888009166], [-122.42501242220453, 37.73156988022827], [-122.42558942178962, 37.73158888020195], [-122.426130422288, 37.73166088013275], [-122.42641742234318, 37.731699880362065], [-122.42714542243934, 37.73183588012658], [-122.4273694227453, 37.731877879836226], [-122.42806442322949, 37.73202587967195], [-122.42736442362076, 37.732730880286674], [-122.4264174232415, 37.73368488064348], [-122.42639542260189, 37.73375688066758], [-122.4261844227147, 37.733980880610375], [-122.42626342235741, 37.734014880238], [-122.42742742426826, 37.734516880361475], [-122.42786542303787, 37.734703879963384], [-122.42838042449533, 37.73492487972363], [-122.42846342433599, 37.73496088020715], [-122.4285994238801, 37.73509188035852], [-122.42804342331308, 37.735453879897044], [-122.42790042499458, 37.735546880564264], [-122.42674842367761, 37.73638188006122], [-122.42657142322727, 37.736278880568676], [-122.42623542366661, 37.73608388132997], [-122.42462142239229, 37.735953881788994], [-122.42449242252083, 37.73607088131513], [-122.42329042187346, 37.735974881899715], [-122.42317842172048, 37.735937882343414], [-122.42271442211329, 37.735214881542404], [-122.42262842189953, 37.73518688134286], [-122.42242542240828, 37.73517588174366], [-122.42229842218667, 37.73516988215535], [-122.42214742167563, 37.73516288156933], [-122.42188742228294, 37.73514988139277], [-122.4217024214367, 37.73513988207512], [-122.42025042234069, 37.735067881975084], [-122.420189421343, 37.73578688167762], [-122.41678642068877, 37.73561488191779]]]]}, "properties": {"tract_fips": "06075025403", "fema_risk_rating": "Relatively High", "fema_risk_score": 89.789875495}}, {"type": "Feature", "geometry": {"type": "MultiPolygon", "coordinates": [[[[-122.43400842364923, 37.725771878356916], [-122.43445242406324, 37.72518487837655], [-122.43482442360893, 37.72469287753385], [-122.43489642357893, 37.72459787800703], [-122.43533942326972, 37.72401487828743], [-122.43541142413808, 37.72391887745238], [-122.43647542379486, 37.72379787756971], [-122.43704642443049, 37.72373287734556], [-122.43736742392257, 37.723726877540656], [-122.43739942370959, 37.72372587780992], [-122.43753742380186, 37.723723877637994], [-122.43762942296505, 37.72374787756633], [-122.43843742432546, 37.72368587791315], [-122.43881342317077, 37.72364687701601], [-122.4398634234822, 37.72351487606808], [-122.4399834240311, 37.7235088762455], [-122.44098442483704, 37.72339287650075], [-122.44105842445688, 37.723380876835314], [-122.44117842500579, 37.72336987619292], [-122.44246442531875, 37.72322087566281], [-122.44262342622574, 37.72319687556375], [-122.44328142510336, 37.723124875930324], [-122.44418542582493, 37.72301087648599], [-122.44451242516476, 37.72298387638626], [-122.44475642646054, 37.722996875856545], [-122.44720042614168, 37.72302787562271], [-122.44747942580094, 37.72301587589815], [-122.4476654273704, 37.72301587589815], [-122.44790442684668, 37.72301487615787], [-122.44762742683723, 37.72384487550995], [-122.44761242766694, 37.72388987609507], [-122.44756042778839, 37.72401487615583], [-122.44726342768746, 37.724578875529126], [-122.44722742680415, 37.72464787601551], [-122.44689042741857, 37.72522287662175], [-122.44641742759056, 37.72587287600952], [-122.44633442685155, 37.725987876433145], [-122.44597942702433, 37.72637487662143], [-122.44575042759378, 37.72662287657674], [-122.44562942811827, 37.726743876817885], [-122.44506742770349, 37.727304876257186], [-122.44471442572944, 37.72759287659062], [-122.4444494263139, 37.72780887646099], [-122.44381742647721, 37.728242877914184], [-122.44369042715391, 37.7283138778771], [-122.44310142697495, 37.72864387725163], [-122.44274842589921, 37.728803877366325], [-122.44199642641195, 37.72914587755366], [-122.44182742635755, 37.72921187836777], [-122.44125642572192, 37.729432877468405], [-122.44097642533943, 37.729303877983476], [-122.44052442542781, 37.72911687753256], [-122.44008842630802, 37.7289328784327], [-122.43959342494209, 37.72866687805318], [-122.43912342638542, 37.728413878079664], [-122.43866142642806, 37.72816587772736], [-122.43811142481053, 37.72787087763627], [-122.43683142434536, 37.7271778781177], [-122.4360774234116, 37.7267618776296], [-122.43601742403546, 37.72672887791441], [-122.4359614248573, 37.72670187774896], [-122.43593442329649, 37.72668887821841], [-122.43400842364923, 37.725771878356916]]]]}, "properties": {"tract_fips": "06075025501", "fema_risk_rating": "Relatively Moderate", "fema_risk_score": 88.2035365607}}, {"type": "Feature", "geometry": {"type": "MultiPolygon", "coordinates": [[[[-122.42806442322949, 37.73202587967195], [-122.42822942398423, 37.73186088059942], [-122.428712423858, 37.73137487995484], [-122.42889942345576, 37.731184880160015], [-122.42933042345098, 37.730751879954056], [-122.42940442307082, 37.73072988014673], [-122.43010642322771, 37.73001387929734], [-122.43013842301474, 37.729980879610274], [-122.4302254239517, 37.72988187975037], [-122.43085442341533, 37.729248879864144], [-122.43127642318971, 37.72882787920101], [-122.43132042446896, 37.72873987977759], [-122.43182742283555, 37.728258878312026], [-122.43238942414864, 37.72772687886064], [-122.43247342381423, 37.727646879104014], [-122.43283442348925, 37.72732487842827], [-122.43293842414464, 37.72718787780006], [-122.43338342348524, 37.72659787859855], [-122.43365042434723, 37.726245878204416], [-122.43400842364923, 37.725771878356916], [-122.43593442329649, 37.72668887821841], [-122.4359614248573, 37.72670187774896], [-122.43601742403546, 37.72672887791441], [-122.4360774234116, 37.7267618776296], [-122.43683142434536, 37.7271778781177], [-122.43811142481053, 37.72787087763627], [-122.43866142642806, 37.72816587772736], [-122.43912342638542, 37.728413878079664], [-122.43959342494209, 37.72866687805318], [-122.44008842630802, 37.7289328784327], [-122.44052442542781, 37.72911687753256], [-122.44097642533943, 37.729303877983476], [-122.44125642572192, 37.729432877468405], [-122.44116142618567, 37.72946987743341], [-122.44080742618337, 37.72961487744448], [-122.44028242557849, 37.729829878163365], [-122.44012842559269, 37.72988787763574], [-122.43982742619214, 37.73011087827087], [-122.43962342597762, 37.73018687750232], [-122.43958442561956, 37.73020087819361], [-122.4385674258184, 37.73057787845749], [-122.43821742511575, 37.730707878201464], [-122.43703842672952, 37.7311278784924], [-122.43647642541642, 37.731342878370725], [-122.43615942612234, 37.731479878417005], [-122.43591842519959, 37.731586878110924], [-122.43545142521934, 37.73179587892621], [-122.43508742517129, 37.73197487920989], [-122.4349404248582, 37.732047879094246], [-122.43432542473994, 37.73232087955173], [-122.4334694245973, 37.73271387982481], [-122.43289942468489, 37.73297687963791], [-122.43256142457608, 37.733132880501216], [-122.43239842436948, 37.73320887947291], [-122.43095442477106, 37.73387688031526], [-122.4304224244935, 37.7341308796858], [-122.42982542391862, 37.73441587957848], [-122.429626423727, 37.73452788005864], [-122.42941742348961, 37.734645880000635], [-122.42886942421684, 37.73494187967783], [-122.42863342421529, 37.735069880419815], [-122.4285994238801, 37.73509188035852], [-122.42846342433599, 37.73496088020715], [-122.42838042449533, 37.73492487972363], [-122.42786542303787, 37.734703879963384], [-122.42742742426826, 37.734516880361475], [-122.42626342235741, 37.734014880238], [-122.4261844227147, 37.733980880610375], [-122.42639542260189, 37.73375688066758], [-122.4264174232415, 37.73368488064348], [-122.42736442362076, 37.732730880286674], [-122.42806442322949, 37.73202587967195]]]]}, "properties": {"tract_fips": "06075025502", "fema_risk_rating": "Relatively Moderate", "fema_risk_score": 85.9619706753}}, {"type": "Feature", "geometry": {"type": "MultiPolygon", "coordinates": [[[[-122.41927042055285, 37.73206988135179], [-122.41927741932722, 37.73187688163648], [-122.41928242024842, 37.731692881579384], [-122.41928342097164, 37.73167488196625], [-122.41929641959379, 37.73133988161846], [-122.41930842108599, 37.73117388138719], [-122.41939941952593, 37.73043988207566], [-122.4195624206309, 37.729138880661054], [-122.41951242040216, 37.72905588061163], [-122.41922642017192, 37.729091880396254], [-122.41877042006233, 37.72909888013522], [-122.41840741983917, 37.72904888015806], [-122.41723241895596, 37.72884988170486], [-122.41689041775088, 37.728805881664044], [-122.41666341797018, 37.7288188815335], [-122.41620041818788, 37.728928881922414], [-122.41521941837176, 37.72923288181165], [-122.41498241854529, 37.72866788126963], [-122.41448641825276, 37.727466882177744], [-122.41547841883784, 37.72720788142383], [-122.41645241718467, 37.72695287993378], [-122.41743641827216, 37.72669488062542], [-122.41843041760876, 37.72643488031957], [-122.41793241766638, 37.72523087998946], [-122.41891441820574, 37.72497588021869], [-122.41990141786965, 37.72471987985273], [-122.42088741950528, 37.72446388002302], [-122.42187342024262, 37.724208879743195], [-122.42236941963684, 37.72540487983901], [-122.42286641975429, 37.726606880088475], [-122.42314841978663, 37.72728687984046], [-122.42336242094514, 37.727801880152555], [-122.4235354202992, 37.728216880102245], [-122.4237664211762, 37.728769879608926], [-122.42386342215892, 37.72876488058518], [-122.42422542076052, 37.72874587988691], [-122.42490642189931, 37.72870888027068], [-122.42531642197815, 37.728686879856404], [-122.42599042254591, 37.7286508798749], [-122.42644942213023, 37.728626879403855], [-122.42760642257177, 37.72857587944281], [-122.4282354220354, 37.72855487936503], [-122.42869342269312, 37.728543879491106], [-122.4304164228491, 37.728556880117004], [-122.43132042446896, 37.72873987977759], [-122.43127642318971, 37.72882787920101], [-122.43085442341533, 37.729248879864144], [-122.4302254239517, 37.72988187975037], [-122.43013842301474, 37.729980879610274], [-122.43010642322771, 37.73001387929734], [-122.42940442307082, 37.73072988014673], [-122.42933042345098, 37.730751879954056], [-122.42889942345576, 37.731184880160015], [-122.428712423858, 37.73137487995484], [-122.42822942398423, 37.73186088059942], [-122.42806442322949, 37.73202587967195], [-122.4273694227453, 37.731877879836226], [-122.42714542243934, 37.73183588012658], [-122.42641742234318, 37.731699880362065], [-122.426130422288, 37.73166088013275], [-122.42558942178962, 37.73158888020195], [-122.42501242220453, 37.73156988022827], [-122.42467142172269, 37.73155888009166], [-122.42458042148607, 37.73155888009166], [-122.42400842102556, 37.73156187967697], [-122.42394642199959, 37.73156288001235], [-122.42284642145945, 37.73165088034384], [-122.42172942209918, 37.73181688021628], [-122.42130541998004, 37.73187888158828], [-122.42116042021509, 37.73190088176467], [-122.4207394202656, 37.7319628816454], [-122.42072641984682, 37.73196488159488], [-122.42038442043835, 37.73201588206377], [-122.420287420354, 37.73202188190765], [-122.41949041976254, 37.732069882062255], [-122.41927042055285, 37.73206988135179]]]]}, "properties": {"tract_fips": "06075025600", "fema_risk_rating": "Relatively High", "fema_risk_score": 88.6506605782}}, {"type": "Feature", "geometry": {"type": "MultiPolygon", "coordinates": [[[[-122.40632141773466, 37.735316883651485], [-122.40657441745465, 37.7352398844265], [-122.40667241736392, 37.735208884088586], [-122.40684141741836, 37.73515588453487], [-122.40687441792862, 37.735144883510166], [-122.4071564179609, 37.73505688377903], [-122.40684241724325, 37.73453088378626], [-122.40682841789786, 37.73450688380008], [-122.40664141740179, 37.73419388368267], [-122.40655941738602, 37.734056883684744], [-122.40654141784267, 37.73402788416606], [-122.40623641644753, 37.73349688384228], [-122.40593541614867, 37.73297288405634], [-122.40563441584978, 37.73244888340391], [-122.40660141632053, 37.732150883051894], [-122.40679041646641, 37.732092883220645], [-122.40756541731655, 37.73185688353667], [-122.40853541726202, 37.731561882518825], [-122.40808341645206, 37.73047088227893], [-122.40758641633462, 37.729270882242965], [-122.40857541564836, 37.729012881773535], [-122.40956041656077, 37.72875488182627], [-122.41054541567652, 37.72849788206744], [-122.41153141731215, 37.72823988174692], [-122.41251641822457, 37.72798188123811], [-122.41350141734034, 37.72772488163871], [-122.41448641825276, 37.727466882177744], [-122.41498241854529, 37.72866788126963], [-122.41521941837176, 37.72923288181165], [-122.41620041818788, 37.728928881922414], [-122.41666341797018, 37.7288188815335], [-122.41689041775088, 37.728805881664044], [-122.41723241895596, 37.72884988170486], [-122.41840741983917, 37.72904888015806], [-122.41877042006233, 37.72909888013522], [-122.41922642017192, 37.729091880396254], [-122.41951242040216, 37.72905588061163], [-122.4195624206309, 37.729138880661054], [-122.41939941952593, 37.73043988207566], [-122.41930842108599, 37.73117388138719], [-122.41929641959379, 37.73133988161846], [-122.41928342097164, 37.73167488196625], [-122.41928242024842, 37.731692881579384], [-122.41927741932722, 37.73187688163648], [-122.41927042055285, 37.73206988135179], [-122.41848742020511, 37.73206988135179], [-122.41741842052542, 37.73205988161818], [-122.41668341985829, 37.73202288152639], [-122.41596541980786, 37.73208188174084], [-122.41548541940885, 37.7321738820537], [-122.41523541916361, 37.73222188210977], [-122.4151414203506, 37.73223988230036], [-122.41441442007935, 37.73242688196941], [-122.413519417782, 37.73287388180249], [-122.41210541832082, 37.7335828826801], [-122.41129341766079, 37.7340008823992], [-122.41044441808913, 37.73446688333227], [-122.40997641828399, 37.734724883270395], [-122.40982441794803, 37.734837883574244], [-122.40953141804506, 37.735053884335315], [-122.409167417997, 37.73538488379538], [-122.40911241774542, 37.73545888344219], [-122.40901941785897, 37.7355848834387], [-122.40894941843709, 37.735659883165695], [-122.40886241750016, 37.73575488413165], [-122.40883641756088, 37.73578288340594], [-122.40880541849705, 37.73582688427397], [-122.4086814186485, 37.73600788388848], [-122.40860841795525, 37.7361348839347], [-122.40851441734561, 37.73630088370025], [-122.40849441815243, 37.736351884024195], [-122.4083844185476, 37.73662688406523], [-122.40836341863118, 37.73668788398501], [-122.40827141856967, 37.737072883856214], [-122.4082594179758, 37.73719088400447], [-122.40823741823449, 37.737409884353205], [-122.40824241825736, 37.73759188390352], [-122.40824341898056, 37.7376218837006], [-122.40815141802076, 37.73766688372858], [-122.40801341882681, 37.73771588402791], [-122.40787741838439, 37.737764884294805], [-122.40781541846009, 37.737786884143105], [-122.4077114178047, 37.737815884320646], [-122.40768441804053, 37.737822883945384], [-122.40758041828346, 37.73784688427743], [-122.40703541758711, 37.73801188421845], [-122.40701141729767, 37.737894884207805], [-122.40693541892631, 37.73746988408266], [-122.40680841780639, 37.73664588416211], [-122.40678641716676, 37.73642088419765], [-122.40673041798857, 37.73631888360963], [-122.40671141772198, 37.736168883994054], [-122.40668041775984, 37.73602588457954], [-122.40664541759976, 37.735906883718584], [-122.4065774169294, 37.73573088383179], [-122.40640841687498, 37.73542788390636], [-122.40632141773466, 37.735316883651485]]]]}, "properties": {"tract_fips": "06075025701", "fema_risk_rating": "Relatively Moderate", "fema_risk_score": 87.9882986693}}, {"type": "Feature", "geometry": {"type": "MultiPolygon", "coordinates": [[[[-122.40213141383978, 37.72779988364316], [-122.40190141368602, 37.7269748829947], [-122.40184841398258, 37.726784883989225], [-122.40149741345498, 37.72552588278063], [-122.40120941357489, 37.724597882270196], [-122.40081141229331, 37.723625881935504], [-122.40091441222548, 37.72365088233781], [-122.40107341313247, 37.72368788234943], [-122.40138641402523, 37.72376288204729], [-122.40146841314265, 37.72378288233286], [-122.40208741345886, 37.72392988227648], [-122.40213441421284, 37.72404588260129], [-122.40262641430742, 37.725244882328255], [-122.40362741331673, 37.72498588232999], [-122.40461241422912, 37.72472788185376], [-122.40559841406814, 37.7244708816205], [-122.40657941388426, 37.724203881832665], [-122.40756741516971, 37.72395088224462], [-122.40855541555685, 37.72369788179244], [-122.40905341639754, 37.72489388232384], [-122.40955341598975, 37.72609388223225], [-122.41004841645739, 37.7272938825921], [-122.41054541567652, 37.72849788206744], [-122.40956041656077, 37.72875488182627], [-122.40857541564836, 37.729012881773535], [-122.40758641633462, 37.729270882242965], [-122.40808341645206, 37.73047088227893], [-122.40853541726202, 37.731561882518825], [-122.40756541731655, 37.73185688353667], [-122.40679041646641, 37.732092883220645], [-122.40660141632053, 37.732150883051894], [-122.40563441584978, 37.73244888340391], [-122.40593541614867, 37.73297288405634], [-122.40623641644753, 37.73349688384228], [-122.40654141784267, 37.73402788416606], [-122.40655941738602, 37.734056883684744], [-122.40664141740179, 37.73419388368267], [-122.40682841789786, 37.73450688380008], [-122.40684241724325, 37.73453088378626], [-122.4071564179609, 37.73505688377903], [-122.40687441792862, 37.735144883510166], [-122.40684141741836, 37.73515588453487], [-122.40667241736392, 37.735208884088586], [-122.40657441745465, 37.7352398844265], [-122.40632141773466, 37.735316883651485], [-122.40620441755878, 37.73516788442372], [-122.40552141587187, 37.73429688394455], [-122.40512241656202, 37.73372588397129], [-122.40508641657699, 37.73366188424233], [-122.40468341617085, 37.73295888317875], [-122.40398841568668, 37.73161988347648], [-122.40342641617022, 37.73066788349648], [-122.4030484149801, 37.729911883381945], [-122.40277841464338, 37.7293668832456], [-122.40223541449518, 37.728111883407884], [-122.40213141383978, 37.72779988364316]]]]}, "properties": {"tract_fips": "06075025702", "fema_risk_rating": "Relatively High", "fema_risk_score": 90.0027350671}}, {"type": "Feature", "geometry": {"type": "MultiPolygon", "coordinates": [[[[-122.40081141229331, 37.723625881935504], [-122.4004084127855, 37.722642882305756], [-122.39995141195267, 37.721526882434624], [-122.39985741134304, 37.721436881918635], [-122.39962641226268, 37.72092988239294], [-122.3994454116144, 37.720541882403545], [-122.39933541111121, 37.720287881899466], [-122.39923441172719, 37.72000188185613], [-122.39915141188654, 37.719739882646174], [-122.3991154110032, 37.71958188241977], [-122.39899341260107, 37.71903988239236], [-122.39894041110102, 37.71880188202155], [-122.39890841131397, 37.71865788266791], [-122.39881441160264, 37.71823388278785], [-122.39873941036124, 37.71777588194073], [-122.39871941026976, 37.71765188182316], [-122.39871340952367, 37.71761388182583], [-122.39869641070352, 37.717517881222115], [-122.39880041046061, 37.717396881542406], [-122.39897341071297, 37.717195881989916], [-122.39913641091961, 37.71700588206004], [-122.3991924109961, 37.71694088227137], [-122.3993214099692, 37.71678588194392], [-122.39943541067035, 37.71664888171921], [-122.39959441067899, 37.71645688143955], [-122.39964140963633, 37.71628788175505], [-122.39976641020813, 37.71619288139735], [-122.39985441186829, 37.716659881938526], [-122.40003841109302, 37.717420882099475], [-122.40006841212855, 37.71754788133531], [-122.400157411817, 37.71791588164056], [-122.40030241248027, 37.71851588192589], [-122.40046141159063, 37.71917188207732], [-122.40114841167889, 37.71898988201962], [-122.40212941239334, 37.718730882177844], [-122.40214541228686, 37.71881288121059], [-122.40261141244218, 37.71993288201575], [-122.40301541267321, 37.72092188211333], [-122.40306041287906, 37.721032881918774], [-122.40310441325998, 37.72113988178499], [-122.40408541397444, 37.72087388183869], [-122.40409841349489, 37.72090488249336], [-122.40459141341441, 37.722073881505345], [-122.4049334146195, 37.722906882100496], [-122.40498741414785, 37.72302488208666], [-122.40511341454454, 37.72329988188494], [-122.4053364141273, 37.72383688194003], [-122.40559841406814, 37.7244708816205], [-122.40461241422912, 37.72472788185376], [-122.40362741331673, 37.72498588232999], [-122.40262641430742, 37.725244882328255], [-122.40213441421284, 37.72404588260129], [-122.40208741345886, 37.72392988227648], [-122.40146841314265, 37.72378288233286], [-122.40138641402523, 37.72376288204729], [-122.40107341313247, 37.72368788234943], [-122.40091441222548, 37.72365088233781], [-122.40081141229331, 37.723625881935504]]]]}, "properties": {"tract_fips": "06075025800", "fema_risk_rating": "Relatively Moderate", "fema_risk_score": 84.1806095632}}, {"type": "Feature", "geometry": {"type": "MultiPolygon", "coordinates": [[[[-122.40559841406814, 37.7244708816205], [-122.4053364141273, 37.72383688194003], [-122.40511341454454, 37.72329988188494], [-122.40498741414785, 37.72302488208666], [-122.4049334146195, 37.722906882100496], [-122.40459141341441, 37.722073881505345], [-122.40409841349489, 37.72090488249336], [-122.40408541397444, 37.72087388183869], [-122.40310441325998, 37.72113988178499], [-122.40306041287906, 37.721032881918774], [-122.40301541267321, 37.72092188211333], [-122.40261141244218, 37.71993288201575], [-122.40214541228686, 37.71881288121059], [-122.40212941239334, 37.718730882177844], [-122.40309741179067, 37.718474882256494], [-122.40358141148933, 37.718346881253474], [-122.40388041213838, 37.718839882120115], [-122.40407741268018, 37.71893788202255], [-122.40455641325433, 37.71918388171407], [-122.40481841319516, 37.719318881223586], [-122.40534541344982, 37.719588881636405], [-122.40559041457053, 37.71966988206575], [-122.40582341419902, 37.719746881847875], [-122.40612641414774, 37.71984688153774], [-122.40645741368554, 37.719763881733606], [-122.40669141403727, 37.71922488170162], [-122.40700841422967, 37.71849488041691], [-122.40729841465787, 37.71782988024224], [-122.40828141322552, 37.71809988039713], [-122.40802341438098, 37.71872887973923], [-122.40874141443139, 37.71891188023381], [-122.40884241471372, 37.71912188037254], [-122.408947415194, 37.71937688040046], [-122.40992041461425, 37.719122880875936], [-122.41002841367093, 37.71934188065756], [-122.41101641405808, 37.71908387970803], [-122.41150241520323, 37.72026187987403], [-122.41199941532068, 37.721467880206006], [-122.41249441668661, 37.722667880908205], [-122.41299541610373, 37.72386788064409], [-122.41398541703902, 37.72360888080442], [-122.4149624175555, 37.72335287997685], [-122.41594941721942, 37.723094880207256], [-122.41558441734644, 37.72223588039379], [-122.41657541810662, 37.72197087987425], [-122.41665841794729, 37.72216687979209], [-122.41694341835264, 37.72283488005355], [-122.41780741799292, 37.72260688009685], [-122.4179404180623, 37.722636879570295], [-122.41841841881151, 37.72377788013033], [-122.41940141827746, 37.72350788006456], [-122.41990141786965, 37.72471987985273], [-122.41891441820574, 37.72497588021869], [-122.41793241766638, 37.72523087998946], [-122.41843041760876, 37.72643488031957], [-122.41743641827216, 37.72669488062542], [-122.41645241718467, 37.72695287993378], [-122.41547841883784, 37.72720788142383], [-122.41448641825276, 37.727466882177744], [-122.41350141734034, 37.72772488163871], [-122.41251641822457, 37.72798188123811], [-122.41153141731215, 37.72823988174692], [-122.41054541567652, 37.72849788206744], [-122.41004841645739, 37.7272938825921], [-122.40955341598975, 37.72609388223225], [-122.40905341639754, 37.72489388232384], [-122.40855541555685, 37.72369788179244], [-122.40756741516971, 37.72395088224462], [-122.40657941388426, 37.724203881832665], [-122.40559841406814, 37.7244708816205]]]]}, "properties": {"tract_fips": "06075025900", "fema_risk_rating": "Relatively High", "fema_risk_score": 94.595269523}}, {"type": "Feature", "geometry": {"type": "MultiPolygon", "coordinates": [[[[-122.42810042141785, 37.723600877972], [-122.42886342257243, 37.72396487843055], [-122.43005242190272, 37.72240787783459], [-122.43123142118725, 37.72086587728961], [-122.43241142119501, 37.719307877846155], [-122.43321142126118, 37.71969087826755], [-122.43401142222565, 37.7200728776394], [-122.43481142229182, 37.72045487788369], [-122.43561142235797, 37.72083687757922], [-122.43641142332244, 37.7212188781471], [-122.43717642322852, 37.72158487775104], [-122.43649442406145, 37.72247487800608], [-122.43606642354096, 37.72305387809834], [-122.43600342379177, 37.72313987840585], [-122.43541142413808, 37.72391887745238], [-122.43533942326972, 37.72401487828743], [-122.43489642357893, 37.72459787800703], [-122.43482442360893, 37.72469287753385], [-122.43445242406324, 37.72518487837655], [-122.43400842364923, 37.725771878356916], [-122.43365042434723, 37.726245878204416], [-122.43338342348524, 37.72659787859855], [-122.43293842414464, 37.72718787780006], [-122.43283442348925, 37.72732487842827], [-122.43247342381423, 37.727646879104014], [-122.43179342339867, 37.72732087827872], [-122.43099142278436, 37.726935878855855], [-122.43019642184275, 37.726553878640786], [-122.43010642232937, 37.726672878191835], [-122.42930642226324, 37.72629187844787], [-122.42850842184689, 37.7259108795859], [-122.42771042232886, 37.72552987947455], [-122.42693842185177, 37.72516087962436], [-122.42810042141785, 37.723600877972]]]]}, "properties": {"tract_fips": "06075026001", "fema_risk_rating": "Relatively High", "fema_risk_score": 91.9446327281}}, {"type": "Feature", "geometry": {"type": "MultiPolygon", "coordinates": [[[[-122.42187342024262, 37.724208879743195], [-122.42245242037582, 37.72405788002739], [-122.42285641970855, 37.72395388000649], [-122.42383342022505, 37.72370087956453], [-122.42479742032272, 37.72218187890886], [-122.42487441941734, 37.72206287853714], [-122.42526542012786, 37.722249878324874], [-122.42567642003162, 37.7224448777565], [-122.42649442053946, 37.72283587837518], [-122.427279420537, 37.7232098785494], [-122.42810042141785, 37.723600877972], [-122.42693842185177, 37.72516087962436], [-122.42771042232886, 37.72552987947455], [-122.42850842184689, 37.7259108795859], [-122.42930642226324, 37.72629187844787], [-122.43010642232937, 37.726672878191835], [-122.43019642184275, 37.726553878640786], [-122.43099142278436, 37.726935878855855], [-122.43179342339867, 37.72732087827872], [-122.43247342381423, 37.727646879104014], [-122.43238942414864, 37.72772687886064], [-122.43182742283555, 37.728258878312026], [-122.43132042446896, 37.72873987977759], [-122.4304164228491, 37.728556880117004], [-122.42869342269312, 37.728543879491106], [-122.4282354220354, 37.72855487936503], [-122.42760642257177, 37.72857587944281], [-122.42644942213023, 37.728626879403855], [-122.42599042254591, 37.7286508798749], [-122.42531642197815, 37.728686879856404], [-122.42490642189931, 37.72870888027068], [-122.42422542076052, 37.72874587988691], [-122.42386342215892, 37.72876488058518], [-122.4237664211762, 37.728769879608926], [-122.4235354202992, 37.728216880102245], [-122.42336242094514, 37.727801880152555], [-122.42314841978663, 37.72728687984046], [-122.42286641975429, 37.726606880088475], [-122.42236941963684, 37.72540487983901], [-122.42187342024262, 37.724208879743195]]]]}, "properties": {"tract_fips": "06075026002", "fema_risk_rating": "Relatively High", "fema_risk_score": 96.6703530615}}, {"type": "Feature", "geometry": {"type": "MultiPolygon", "coordinates": [[[[-122.42810042141785, 37.723600877972], [-122.427279420537, 37.7232098785494], [-122.42649442053946, 37.72283587837518], [-122.42567642003162, 37.7224448777565], [-122.42526542012786, 37.722249878324874], [-122.42487441941734, 37.72206287853714], [-122.42479742032272, 37.72218187890886], [-122.42436841997734, 37.72195687833765], [-122.42458141951434, 37.72165787863999], [-122.42550542032741, 37.7202428784155], [-122.42585641905835, 37.71931187842851], [-122.4260044200947, 37.71911687785524], [-122.42641642072164, 37.71857087806714], [-122.42616642047638, 37.71844287794059], [-122.4265704189108, 37.71725787783731], [-122.42669641930752, 37.71708787802789], [-122.4267244197949, 37.717055878087], [-122.42687442048103, 37.71666087821151], [-122.42721541916626, 37.715757878427915], [-122.42724941950145, 37.71555887695314], [-122.43069642053662, 37.716462876859055], [-122.43109342019667, 37.716558877408595], [-122.43118042023532, 37.71660387744576], [-122.43197942047657, 37.71698587710224], [-122.43278042216426, 37.71736987655394], [-122.43358142115702, 37.71775387614709], [-122.43241142119501, 37.719307877846155], [-122.43123142118725, 37.72086587728961], [-122.43005242190272, 37.72240787783459], [-122.42886342257243, 37.72396487843055], [-122.42810042141785, 37.723600877972]]]]}, "properties": {"tract_fips": "06075026003", "fema_risk_rating": "Relatively High", "fema_risk_score": 88.6328231839}}, {"type": "Feature", "geometry": {"type": "MultiPolygon", "coordinates": [[[[-122.43241142119501, 37.719307877846155], [-122.43358142115702, 37.71775387614709], [-122.43278042216426, 37.71736987655394], [-122.43197942047657, 37.71698587710224], [-122.43118042023532, 37.71660387744576], [-122.4323494194741, 37.715047876181266], [-122.43280341993386, 37.71444687637894], [-122.4336654208226, 37.71476187651677], [-122.43451842059223, 37.71507487633114], [-122.43537242198336, 37.7153888760877], [-122.43622142245334, 37.71570287664537], [-122.43707242257312, 37.71601787570706], [-122.4379274228909, 37.71632987606982], [-122.43878442196016, 37.716641876539896], [-122.4396664238387, 37.71696887586841], [-122.44044442416354, 37.717254875540874], [-122.44043642376762, 37.71733687549673], [-122.44016742325579, 37.717701875993], [-122.43955742316044, 37.71849387635206], [-122.43952342372356, 37.71853487601094], [-122.4389484237883, 37.71929587609782], [-122.43891742382614, 37.71933387594298], [-122.43888142384117, 37.71938387608355], [-122.43841542278753, 37.72000087567999], [-122.43838242407386, 37.72004387619738], [-122.43752842358101, 37.72118587596222], [-122.43724842409684, 37.721560877121846], [-122.43717642322852, 37.72158487775104], [-122.43641142332244, 37.7212188781471], [-122.43561142235797, 37.72083687757922], [-122.43481142229182, 37.72045487788369], [-122.43401142222565, 37.7200728776394], [-122.43321142126118, 37.71969087826755], [-122.43241142119501, 37.719307877846155]]]]}, "properties": {"tract_fips": "06075026004", "fema_risk_rating": "Relatively High", "fema_risk_score": 88.9063298967}}, {"type": "Feature", "geometry": {"type": "MultiPolygon", "coordinates": [[[[-122.43541142413808, 37.72391887745238], [-122.43600342379177, 37.72313987840585], [-122.43606642354096, 37.72305387809834], [-122.43649442406145, 37.72247487800608], [-122.43717642322852, 37.72158487775104], [-122.43724842409684, 37.721560877121846], [-122.43752842358101, 37.72118587596222], [-122.43838242407386, 37.72004387619738], [-122.43841542278753, 37.72000087567999], [-122.43888142384117, 37.71938387608355], [-122.43891742382614, 37.71933387594298], [-122.4389484237883, 37.71929587609782], [-122.43952342372356, 37.71853487601094], [-122.43955742316044, 37.71849387635206], [-122.44016742325579, 37.717701875993], [-122.44043642376762, 37.71733687549673], [-122.44044442416354, 37.717254875540874], [-122.44099342326125, 37.716539875710865], [-122.44102542304827, 37.71649787583025], [-122.44104642386299, 37.716469875659804], [-122.44108142312477, 37.716423875712024], [-122.4415804237904, 37.71576287548704], [-122.44171742405771, 37.71558287597379], [-122.44182542401278, 37.71543987518021], [-122.44192242409716, 37.715317875815586], [-122.44259142374375, 37.71467087574593], [-122.44268842382813, 37.71457687601151], [-122.44337242354331, 37.71393787405907], [-122.44373242339344, 37.713601873917824], [-122.44435142370965, 37.71409687481307], [-122.44496242452824, 37.714586874552595], [-122.44567242418272, 37.71515587387906], [-122.4458614243286, 37.715307874530744], [-122.44592542480103, 37.715358873679], [-122.44598142397919, 37.715403874445016], [-122.44609042465746, 37.715490874237666], [-122.44639842373071, 37.715737874554385], [-122.44697142581279, 37.7161968743312], [-122.44737942534347, 37.71652487403046], [-122.44798642596412, 37.71700987495009], [-122.44852242643964, 37.71732387432256], [-122.44875342641834, 37.717459874905074], [-122.44871242641044, 37.7176058740821], [-122.44870042671488, 37.71769787390247], [-122.44869242631897, 37.717760874115214], [-122.44862142617383, 37.71831987447954], [-122.44860842575504, 37.718420874476834], [-122.44854342635604, 37.71893187401278], [-122.44846042651537, 37.7194208753842], [-122.44843542550268, 37.719665875818094], [-122.44837542702484, 37.72023887575169], [-122.44824842590494, 37.72127187559631], [-122.44822842581345, 37.721417875787516], [-122.4481484254475, 37.722006875286645], [-122.44801642610136, 37.722678875970466], [-122.4479344269839, 37.72292587577024], [-122.44790442684668, 37.72301487615787], [-122.4476654273704, 37.72301587589815], [-122.44747942580094, 37.72301587589815], [-122.44720042614168, 37.72302787562271], [-122.44475642646054, 37.722996875856545], [-122.44451242516476, 37.72298387638626], [-122.44418542582493, 37.72301087648599], [-122.44328142510336, 37.723124875930324], [-122.44262342622574, 37.72319687556375], [-122.44246442531875, 37.72322087566281], [-122.44117842500579, 37.72336987619292], [-122.44105842445688, 37.723380876835314], [-122.44098442483704, 37.72339287650075], [-122.4399834240311, 37.7235088762455], [-122.4398634234822, 37.72351487606808], [-122.43881342317077, 37.72364687701601], [-122.43843742432546, 37.72368587791315], [-122.43762942296505, 37.72374787756633], [-122.43753742380186, 37.723723877637994], [-122.43739942370959, 37.72372587780992], [-122.43736742392257, 37.723726877540656], [-122.43704642443049, 37.72373287734556], [-122.43647542379486, 37.72379787756971], [-122.43541142413808, 37.72391887745238]]]]}, "properties": {"tract_fips": "06075026100", "fema_risk_rating": "Relatively High", "fema_risk_score": 95.6607565434}}, {"type": "Feature", "geometry": {"type": "MultiPolygon", "coordinates": [[[[-122.46088442783032, 37.710595872072055], [-122.45902842760498, 37.71060587186095], [-122.45833342712082, 37.710609872202525], [-122.45733842616268, 37.71065787273131], [-122.45640242655237, 37.71083487241385], [-122.45636542584413, 37.71084187174616], [-122.45607642613913, 37.71093687256882], [-122.45564542704221, 37.71107587178762], [-122.45562242567937, 37.71108587222242], [-122.45505442541679, 37.71132687220118], [-122.45453042643346, 37.71164387188798], [-122.4540254259201, 37.71196987277666], [-122.45389742587358, 37.7120528734954], [-122.4529774261568, 37.71278187370766], [-122.45291042620967, 37.71283887314999], [-122.45273442558425, 37.71268287431025], [-122.45255142618446, 37.71251987383702], [-122.4520194250086, 37.712095873651414], [-122.45192042527435, 37.712017873845824], [-122.45183742543372, 37.711952873945116], [-122.45156442472391, 37.71173787392195], [-122.45080042554106, 37.71112787374951], [-122.45016442370981, 37.71061887421396], [-122.44948942421544, 37.71007887382787], [-122.44933542333133, 37.70995587424777], [-122.4501214240521, 37.70968987394357], [-122.45052542428316, 37.70955287339029], [-122.45091042334931, 37.70942287347152], [-122.45192142420096, 37.70907787269061], [-122.45269142502823, 37.70881587251603], [-122.4536314257348, 37.708494871647076], [-122.4543074259524, 37.708265871680695], [-122.45438242539717, 37.7082418724222], [-122.45521342542544, 37.70824087177186], [-122.45551242607452, 37.70824087177186], [-122.45577342529211, 37.70824087177186], [-122.45610542645146, 37.70824087177186], [-122.45650342683469, 37.70824287165118], [-122.45686042541345, 37.70824387159079], [-122.45720942629121, 37.708244872241096], [-122.45765442653014, 37.70824887199947], [-122.45794242641024, 37.70825287175759], [-122.45853542678715, 37.708240872482556], [-122.45907642638724, 37.708240872482556], [-122.45949742723504, 37.70824087177186], [-122.4596854257594, 37.70824087177186], [-122.45992042773265, 37.70824187171156], [-122.46025342781857, 37.70824187171156], [-122.4606284277373, 37.70824187171156], [-122.46080942838562, 37.70824187171156], [-122.46130142758189, 37.70824187171156], [-122.4614094284352, 37.708241871000844], [-122.46207942700842, 37.70824187171156], [-122.46230842733725, 37.70824187171156], [-122.46262742807782, 37.708241871000844], [-122.46276642799496, 37.70824187171156], [-122.46280942765267, 37.70824187171156], [-122.46298842865114, 37.70826387180199], [-122.46360942771886, 37.7083418720056], [-122.46406942892472, 37.708249869806956], [-122.46410942820938, 37.708241870290145], [-122.46447642773217, 37.708241870290145], [-122.46450942824247, 37.708241870290145], [-122.46459542845618, 37.70823187018226], [-122.46469642784018, 37.708220870133104], [-122.46492242779601, 37.70819587091978], [-122.46498542844353, 37.70818886991616], [-122.46540942876605, 37.708141870571865], [-122.46578342885984, 37.708141869861166], [-122.46631042911454, 37.70814087063087], [-122.46665842926909, 37.70817887051176], [-122.46681742927775, 37.70819687014934], [-122.46688042992527, 37.70820386973081], [-122.46698042948435, 37.708215870433236], [-122.46700542959873, 37.70821987019312], [-122.46720942891493, 37.708241870290145], [-122.46790942942195, 37.708241870290145], [-122.46847642985962, 37.708241870290145], [-122.46863343021847, 37.708241870290145], [-122.46890943040299, 37.70824186957945], [-122.46894143019001, 37.708241870290145], [-122.46896543047947, 37.708241870290145], [-122.46850043014906, 37.70869486999606], [-122.46818243013175, 37.70894586994624], [-122.46774442956551, 37.70929187055641], [-122.4672364295774, 37.70961387073705], [-122.46718842989681, 37.70964387049722], [-122.46681843000097, 37.709835870664676], [-122.46622942982201, 37.71007787035959], [-122.46602042958462, 37.71016387009614], [-122.46496542925034, 37.71044587152332], [-122.4647934288229, 37.710491871629124], [-122.46439842881269, 37.71053587117832], [-122.4642024289941, 37.710557871298484], [-122.46350142866216, 37.71056587127592], [-122.46258742789485, 37.71057687168768], [-122.46237342763459, 37.710579872122736], [-122.46118642795413, 37.71059387225623], [-122.46088442783032, 37.710595872072055]]]]}, "properties": {"tract_fips": "06075026201", "fema_risk_rating": "Relatively Moderate", "fema_risk_score": 87.1618327328}}, {"type": "Feature", "geometry": {"type": "MultiPolygon", "coordinates": [[[[-122.44373242339344, 37.713601873917824], [-122.44397842344075, 37.71337187422861], [-122.44459742375693, 37.71279287379045], [-122.44476942328608, 37.71263187403073], [-122.44555442418195, 37.71189687442224], [-122.44611742442164, 37.71160187349597], [-122.44640942449969, 37.71144587347336], [-122.4476984242874, 37.71075887393493], [-122.44840342391899, 37.710382873618556], [-122.44895742393788, 37.71008387340199], [-122.44933542333133, 37.70995587424777], [-122.44948942421544, 37.71007887382787], [-122.45016442370981, 37.71061887421396], [-122.45080042554106, 37.71112787374951], [-122.45156442472391, 37.71173787392195], [-122.45183742543372, 37.711952873945116], [-122.45192042527435, 37.712017873845824], [-122.4520194250086, 37.712095873651414], [-122.45255142618446, 37.71251987383702], [-122.45273442558425, 37.71268287431025], [-122.45291042620967, 37.71283887314999], [-122.45230442631225, 37.713353873716095], [-122.45179242612619, 37.71382587441816], [-122.45166042588168, 37.71394687353431], [-122.45123442590933, 37.71430387339282], [-122.45098742513882, 37.71451087423679], [-122.45039242601038, 37.71502587455174], [-122.45026142648913, 37.71514187389686], [-122.44977542624234, 37.71562687392126], [-122.44965342514527, 37.71574887419833], [-122.44940742599628, 37.716084874551946], [-122.44934242659727, 37.71617387392085], [-122.4492834252494, 37.71625387469947], [-122.44923742521868, 37.71631587417763], [-122.44898342657207, 37.7168238745493], [-122.44886342602317, 37.71706487434112], [-122.44875342641834, 37.717459874905074], [-122.44852242643964, 37.71732387432256], [-122.44798642596412, 37.71700987495009], [-122.44737942534347, 37.71652487403046], [-122.44697142581279, 37.7161968743312], [-122.44639842373071, 37.715737874554385], [-122.44609042465746, 37.715490874237666], [-122.44598142397919, 37.715403874445016], [-122.44592542480103, 37.715358873679], [-122.4458614243286, 37.715307874530744], [-122.44567242418272, 37.71515587387906], [-122.44496242452824, 37.714586874552595], [-122.44435142370965, 37.71409687481307], [-122.44373242339344, 37.713601873917824]]]]}, "properties": {"tract_fips": "06075026202", "fema_risk_rating": "Relatively Moderate", "fema_risk_score": 88.2772644572}}, {"type": "Feature", "geometry": {"type": "MultiPolygon", "coordinates": [[[[-122.43280341993386, 37.71444687637894], [-122.43286442003321, 37.71439687574889], [-122.43366142062466, 37.713290876151675], [-122.43368641984068, 37.71323787583552], [-122.433708419582, 37.713190876140175], [-122.43392341966715, 37.713261876318604], [-122.43408542004887, 37.71332487603958], [-122.43453642103388, 37.71352887574992], [-122.43536342086423, 37.71389187538185], [-122.43617042239971, 37.71426387622531], [-122.43620242218677, 37.71421887547754], [-122.43622942195096, 37.714180875851284], [-122.43666842144377, 37.71355987592494], [-122.43751242189089, 37.71238287567314], [-122.43783742158088, 37.71192987577052], [-122.43808542127798, 37.71203087595107], [-122.43858942196647, 37.71189787502322], [-122.43910842182524, 37.71175987510654], [-122.43961542288677, 37.711624876036275], [-122.4401344218472, 37.7114868741899], [-122.44064342166024, 37.71135487431527], [-122.44115642256955, 37.711220874406614], [-122.44168642229896, 37.71108287393981], [-122.4421824216932, 37.710953874476075], [-122.44272642166632, 37.710773873940134], [-122.44336142277436, 37.71056487421029], [-122.44371242240365, 37.711212873789215], [-122.44412342320571, 37.711698874551686], [-122.44459742375693, 37.71279287379045], [-122.44397842344075, 37.71337187422861], [-122.44373242339344, 37.713601873917824], [-122.44337242354331, 37.71393787405907], [-122.44268842382813, 37.71457687601151], [-122.44259142374375, 37.71467087574593], [-122.44192242409716, 37.715317875815586], [-122.44182542401278, 37.71543987518021], [-122.44171742405771, 37.71558287597379], [-122.4415804237904, 37.71576287548704], [-122.44108142312477, 37.716423875712024], [-122.44104642386299, 37.716469875659804], [-122.44102542304827, 37.71649787583025], [-122.44099342326125, 37.716539875710865], [-122.44044442416354, 37.717254875540874], [-122.4396664238387, 37.71696887586841], [-122.43878442196016, 37.716641876539896], [-122.4379274228909, 37.71632987606982], [-122.43707242257312, 37.71601787570706], [-122.43622142245334, 37.71570287664537], [-122.43537242198336, 37.7153888760877], [-122.43451842059223, 37.71507487633114], [-122.4336654208226, 37.71476187651677], [-122.43280341993386, 37.71444687637894]]]]}, "properties": {"tract_fips": "06075026301", "fema_risk_rating": "Relatively High", "fema_risk_score": 91.7591238272}}, {"type": "Feature", "geometry": {"type": "MultiPolygon", "coordinates": [[[[-122.42724941950145, 37.71555887695314], [-122.42733241934212, 37.715079877700084], [-122.42557441902605, 37.714526878311744], [-122.42654741844628, 37.71181487697348], [-122.42661841859136, 37.71162287624826], [-122.42668441781531, 37.71144487641958], [-122.42735941910632, 37.71176587659141], [-122.42758541816379, 37.71178987612994], [-122.42767441785224, 37.71162587664092], [-122.42715941819145, 37.711395876503445], [-122.42698341756606, 37.71131687677356], [-122.42676341835632, 37.711234876550975], [-122.42646441860558, 37.71112287637774], [-122.42553841724441, 37.710798876547756], [-122.4250664172413, 37.7105528760203], [-122.42458141681942, 37.71018187635828], [-122.4245044159282, 37.71011987601138], [-122.42444341672714, 37.71005687640818], [-122.42399741666333, 37.7096878762353], [-122.42346841675881, 37.70938587770605], [-122.42335441695599, 37.70932487732892], [-122.42340341646147, 37.70921287640094], [-122.42379141590068, 37.708351876362734], [-122.42391641557415, 37.70824587644484], [-122.424069415735, 37.70825287673239], [-122.42537841651253, 37.70862687590545], [-122.42542841584293, 37.708376876234134], [-122.42544341680984, 37.70831587573716], [-122.42564541647623, 37.70832587654443], [-122.42601541727039, 37.70834287620797], [-122.42611741737764, 37.70834887654818], [-122.42621941748487, 37.708353876239066], [-122.42629641747777, 37.708356876053436], [-122.42639241773726, 37.70836087651641], [-122.42695341832714, 37.70838787626013], [-122.42713241752894, 37.708394875823615], [-122.4271904181536, 37.70839787634697], [-122.42794141781594, 37.70843287557432], [-122.42810841732222, 37.708440876491856], [-122.42832041793264, 37.70841987568051], [-122.42895441831745, 37.708362876392506], [-122.42920841876068, 37.708340876331405], [-122.429367417871, 37.70833287540306], [-122.43005341813436, 37.7082908765559], [-122.43090841845212, 37.70824087603601], [-122.43136741803642, 37.708240875325316], [-122.4315914183424, 37.70823987538566], [-122.43201141846698, 37.708238875445936], [-122.43220841811048, 37.708238876156635], [-122.43224941811835, 37.708238875445936], [-122.43226641873511, 37.708238875445936], [-122.43231541824059, 37.708238875445936], [-122.43237641923828, 37.70824187597565], [-122.43240541775396, 37.70824187597565], [-122.43245141868302, 37.70824187597565], [-122.43282641860175, 37.708241875264946], [-122.43333642003631, 37.70824187597565], [-122.43340842000634, 37.708241875264946], [-122.43400842005597, 37.70814187554668], [-122.43433941959375, 37.70814187554668], [-122.43461541977828, 37.70814187625738], [-122.43471541933742, 37.7081828759592], [-122.43488242064029, 37.708251875371545], [-122.43495941973485, 37.708283874850586], [-122.43500441994073, 37.70830187588401], [-122.43502642058034, 37.70832087543028], [-122.4350784204589, 37.70838087598534], [-122.43534841989731, 37.7086958756151], [-122.43576541964882, 37.70907587567659], [-122.43599442087599, 37.70930887497316], [-122.43620242039013, 37.709416875350286], [-122.43662342033961, 37.70989087538102], [-122.43671442057622, 37.71003287559768], [-122.43679742041688, 37.71016587631956], [-122.4370044201061, 37.71064687588491], [-122.43701942017475, 37.71075587563915], [-122.43761342217321, 37.7108698761755], [-122.43839642252095, 37.711142875811944], [-122.43794442171102, 37.71177987579016], [-122.43783742158088, 37.71192987577052], [-122.43751242189089, 37.71238287567314], [-122.43666842144377, 37.71355987592494], [-122.43622942195096, 37.714180875851284], [-122.43620242218677, 37.71421887547754], [-122.43617042239971, 37.71426387622531], [-122.43536342086423, 37.71389187538185], [-122.43453642103388, 37.71352887574992], [-122.43408542004887, 37.71332487603958], [-122.43392341966715, 37.713261876318604], [-122.433708419582, 37.713190876140175], [-122.43368641984068, 37.71323787583552], [-122.43366142062466, 37.713290876151675], [-122.43286442003321, 37.71439687574889], [-122.43280341993386, 37.71444687637894], [-122.4323494194741, 37.715047876181266], [-122.43118042023532, 37.71660387744576], [-122.43109342019667, 37.716558877408595], [-122.43069642053662, 37.716462876859055], [-122.42724941950145, 37.71555887695314]]]]}, "properties": {"tract_fips": "06075026302", "fema_risk_rating": "Relatively High", "fema_risk_score": 89.2095656}}, {"type": "Feature", "geometry": {"type": "MultiPolygon", "coordinates": [[[[-122.43783742158088, 37.71192987577052], [-122.43794442171102, 37.71177987579016], [-122.43839642252095, 37.711142875811944], [-122.43761342217321, 37.7108698761755], [-122.43701942017475, 37.71075587563915], [-122.4370044201061, 37.71064687588491], [-122.43679742041688, 37.71016587631956], [-122.43671442057622, 37.71003287559768], [-122.43662342033961, 37.70989087538102], [-122.43620242039013, 37.709416875350286], [-122.43599442087599, 37.70930887497316], [-122.43576541964882, 37.70907587567659], [-122.43534841989731, 37.7086958756151], [-122.4350784204589, 37.70838087598534], [-122.43502642058034, 37.70832087543028], [-122.43500441994073, 37.70830187588401], [-122.43495941973485, 37.708283874850586], [-122.43488242064029, 37.708251875371545], [-122.43471541933742, 37.7081828759592], [-122.43461541977828, 37.70814187625738], [-122.43489641998566, 37.70814187554668], [-122.43499442079329, 37.70814187554668], [-122.43512642013945, 37.70814187554668], [-122.43540842017175, 37.70814187554668], [-122.43590841976395, 37.708241875264946], [-122.43605241970398, 37.708241875264946], [-122.43620342021505, 37.708241874554304], [-122.43622741960618, 37.708241874554304], [-122.43649042027023, 37.708241874554304], [-122.436608420271, 37.708241873843605], [-122.437634420293, 37.708241874554304], [-122.43820841950502, 37.708241874554304], [-122.43835542071642, 37.708241874554304], [-122.438584420147, 37.708241873843605], [-122.43870841999552, 37.70824087461461], [-122.43882542017138, 37.70824987407106], [-122.43892142043086, 37.708257874297715], [-122.43894142052233, 37.70825987417653], [-122.43905942052314, 37.70826887434138], [-122.43914541983852, 37.708278873733576], [-122.43922942040243, 37.70829387424076], [-122.43970342185199, 37.708342874075925], [-122.44048542237482, 37.70834787376723], [-122.44052342200963, 37.708291873652115], [-122.44056242236772, 37.708234874265706], [-122.44064942150801, 37.708263873934094], [-122.44073742226989, 37.708291874362814], [-122.44080742169176, 37.70831387443846], [-122.44088142220993, 37.70833687373525], [-122.44124942155766, 37.708334873858504], [-122.44128442081943, 37.70832087400889], [-122.44157242249614, 37.70829087371315], [-122.44183842263494, 37.70826587381274], [-122.44210542259864, 37.70824087390396], [-122.44261642206146, 37.708252873889634], [-122.442997421828, 37.70826187405533], [-122.44316442223256, 37.70826687375211], [-122.44323842185241, 37.708288873835166], [-122.44337442229484, 37.70829387424076], [-122.44450842227184, 37.70834187413765], [-122.44471842143581, 37.70831787419307], [-122.4451154228925, 37.70827687385527], [-122.4454074220722, 37.708241873843605], [-122.44590142181663, 37.708242873783234], [-122.44640742395154, 37.70823887402458], [-122.44707242340019, 37.70825087329993], [-122.44725142350033, 37.70825487376864], [-122.44730742357683, 37.70823887402458], [-122.448692423624, 37.708230873795934], [-122.44925942406167, 37.708227873976476], [-122.44958042445202, 37.7082298731454], [-122.44977742409552, 37.70822287214502], [-122.4501844238013, 37.708209872214375], [-122.4502464246239, 37.708207873044856], [-122.45041242340693, 37.70821087286513], [-122.45114142332798, 37.70818087252481], [-122.45145342439582, 37.708168871816774], [-122.45146842446445, 37.70816787187615], [-122.45170142409295, 37.70815887240973], [-122.45220942408106, 37.70814187270392], [-122.45232642425694, 37.70814787234969], [-122.45249642413624, 37.70815787246891], [-122.45285642488466, 37.708176872762806], [-122.45302142474112, 37.70818687287812], [-122.45333442473557, 37.7082028719227], [-122.45349042526948, 37.70821187209447], [-122.45383342540116, 37.70823187231431], [-122.45400942512825, 37.70824187171156], [-122.4543644258538, 37.70823287225413], [-122.45438242539717, 37.7082418724222], [-122.4543074259524, 37.708265871680695], [-122.4536314257348, 37.708494871647076], [-122.45269142502823, 37.70881587251603], [-122.45192142420096, 37.70907787269061], [-122.45091042334931, 37.70942287347152], [-122.45052542428316, 37.70955287339029], [-122.4501214240521, 37.70968987394357], [-122.44933542333133, 37.70995587424777], [-122.44895742393788, 37.71008387340199], [-122.44840342391899, 37.710382873618556], [-122.4476984242874, 37.71075887393493], [-122.44640942449969, 37.71144587347336], [-122.44611742442164, 37.71160187349597], [-122.44555442418195, 37.71189687442224], [-122.44476942328608, 37.71263187403073], [-122.44459742375693, 37.71279287379045], [-122.44412342320571, 37.711698874551686], [-122.44371242240365, 37.711212873789215], [-122.44336142277436, 37.71056487421029], [-122.44272642166632, 37.710773873940134], [-122.4421824216932, 37.710953874476075], [-122.44168642229896, 37.71108287393981], [-122.44115642256955, 37.711220874406614], [-122.44064342166024, 37.71135487431527], [-122.4401344218472, 37.7114868741899], [-122.43961542288677, 37.711624876036275], [-122.43910842182524, 37.71175987510654], [-122.43858942196647, 37.71189787502322], [-122.43808542127798, 37.71203087595107], [-122.43783742158088, 37.71192987577052]]]]}, "properties": {"tract_fips": "06075026303", "fema_risk_rating": "Relatively High", "fema_risk_score": 90.7126633608}}, {"type": "Feature", "geometry": {"type": "MultiPolygon", "coordinates": [[[[-122.41045941456449, 37.71642387997566], [-122.41038541404633, 37.716402880005504], [-122.40996641374666, 37.71628888016491], [-122.40914841323884, 37.716065879838766], [-122.4083364134771, 37.71584488064734], [-122.40621541203957, 37.71525388007601], [-122.40650341191964, 37.71458487981891], [-122.40679341234788, 37.71391088060129], [-122.40708241205287, 37.71323588035485], [-122.40737441213092, 37.71255687940822], [-122.40749141230677, 37.71249887986678], [-122.40795341226415, 37.71145787933604], [-122.40885341278775, 37.71171188026621], [-122.40975441223794, 37.71196188005728], [-122.41066741407863, 37.71221587997052], [-122.4113754140833, 37.71061487884756], [-122.41230741439394, 37.71087587844307], [-122.41291341429135, 37.71104587829245], [-122.41510741372717, 37.71166487818161], [-122.41602641451738, 37.71192487774222], [-122.41566141464438, 37.71274287844005], [-122.41531741468779, 37.713513878434306], [-122.41564941584711, 37.71360387791627], [-122.41583241614522, 37.713703878081034], [-122.41597541536206, 37.71383187857824], [-122.41612241477682, 37.71402287869241], [-122.41622041558443, 37.714282878506765], [-122.41623641637625, 37.714540878410155], [-122.41618041540146, 37.71480887876868], [-122.41608141476895, 37.715023879829815], [-122.41589241552136, 37.715287879063155], [-122.41568541583213, 37.71550187960323], [-122.4154224160664, 37.71548387960817], [-122.41362741414378, 37.714996879661435], [-122.41134241357301, 37.714376880035395], [-122.41105141421819, 37.71506687968293], [-122.41076441416301, 37.71574887988326], [-122.41074941319609, 37.71583988004065], [-122.41053241435942, 37.71633187999448], [-122.41045941456449, 37.71642387997566]]]]}, "properties": {"tract_fips": "06075026401", "fema_risk_rating": "Relatively High", "fema_risk_score": 90.5759100044}}, {"type": "Feature", "geometry": {"type": "MultiPolygon", "coordinates": [[[[-122.40212941239334, 37.718730882177844], [-122.40114841167889, 37.71898988201962], [-122.40046141159063, 37.71917188207732], [-122.40030241248027, 37.71851588192589], [-122.400157411817, 37.71791588164056], [-122.40006841212855, 37.71754788133531], [-122.40003841109302, 37.717420882099475], [-122.39985441186829, 37.716659881938526], [-122.39976641020813, 37.71619288139735], [-122.39964140963633, 37.71628788175505], [-122.39959441067899, 37.71645688143955], [-122.39943541067035, 37.71664888171921], [-122.3993214099692, 37.71678588194392], [-122.3991924109961, 37.71694088227137], [-122.39913641091961, 37.71700588206004], [-122.39897341071297, 37.717195881989916], [-122.39880041046061, 37.717396881542406], [-122.39869641070352, 37.717517881222115], [-122.39858741002529, 37.71690788173373], [-122.39852541099931, 37.716553881824396], [-122.39857740997952, 37.716191881564995], [-122.3985874109236, 37.71616188161334], [-122.39867240951577, 37.715919881890585], [-122.39868240956153, 37.715889881828744], [-122.39872341046771, 37.7158098820783], [-122.39901741019558, 37.715348881637745], [-122.39918541042509, 37.714999881338734], [-122.39939341083755, 37.71460788143313], [-122.39967441014663, 37.71425988176603], [-122.39995641017893, 37.71393588143979], [-122.40067841042728, 37.71320488075489], [-122.40072541028294, 37.71315388083461], [-122.40086041000215, 37.713017880164955], [-122.4009964095463, 37.7128788803251], [-122.40106441021668, 37.71282488054712], [-122.40118141039252, 37.712736880587606], [-122.4013634099674, 37.712627880904755], [-122.40163341030414, 37.712523880471096], [-122.40212641022364, 37.712391880311785], [-122.40257241028748, 37.712275880214605], [-122.4026294101889, 37.71235487963277], [-122.40264140988447, 37.71235988047466], [-122.40235441072758, 37.71253487988154], [-122.40218041065033, 37.71266588061679], [-122.40213940974412, 37.712721880979814], [-122.40212541039875, 37.71280488014555], [-122.40212440967551, 37.713004880364814], [-122.40212241182233, 37.71351788075085], [-122.40244341131435, 37.71428688078176], [-122.40246741070551, 37.714445880786776], [-122.40237841101704, 37.71458888065626], [-122.40221441188383, 37.71474088033921], [-122.40235141125288, 37.714720880454884], [-122.40258841197763, 37.714659880916315], [-122.40268041203913, 37.71459588034462], [-122.40313941162346, 37.71447188058975], [-122.40353341180878, 37.714366880755385], [-122.40364341141363, 37.71433688006478], [-122.4037194115816, 37.714350880199085], [-122.40384941217624, 37.71440588014278], [-122.40554941186771, 37.71506888008866], [-122.40621541203957, 37.71525388007601], [-122.4083364134771, 37.71584488064734], [-122.40914841323884, 37.716065879838766], [-122.40996641374666, 37.71628888016491], [-122.41038541404633, 37.716402880005504], [-122.41045941456449, 37.71642387997566], [-122.41032941396982, 37.71682187987583], [-122.40981441430903, 37.716679879878264], [-122.4089764137097, 37.71646788026613], [-122.40895541379331, 37.71652588025381], [-122.40858741354728, 37.71642188031717], [-122.40850241405677, 37.71660788030595], [-122.4080464139472, 37.71651888003721], [-122.4079754138021, 37.71668087970402], [-122.40878041478945, 37.71688888012547], [-122.40864741382173, 37.717126880957174], [-122.40841541401814, 37.71770588021504], [-122.40828141322552, 37.71809988039713], [-122.40729841465787, 37.71782988024224], [-122.40700841422967, 37.71849488041691], [-122.40669141403727, 37.71922488170162], [-122.40645741368554, 37.719763881733606], [-122.40612641414774, 37.71984688153774], [-122.40582341419902, 37.719746881847875], [-122.40559041457053, 37.71966988206575], [-122.40534541344982, 37.719588881636405], [-122.40481841319516, 37.719318881223586], [-122.40455641325433, 37.71918388171407], [-122.40407741268018, 37.71893788202255], [-122.40388041213838, 37.718839882120115], [-122.40358141148933, 37.718346881253474], [-122.40309741179067, 37.718474882256494], [-122.40212941239334, 37.718730882177844]]]]}, "properties": {"tract_fips": "06075026402", "fema_risk_rating": "Relatively High", "fema_risk_score": 90.5592617697}}, {"type": "Feature", "geometry": {"type": "MultiPolygon", "coordinates": [[[[-122.40257241028748, 37.712275880214605], [-122.4028184103348, 37.71218188028441], [-122.40313540962887, 37.71200787993269], [-122.40330641023142, 37.711827879825016], [-122.40375441084338, 37.71120988048641], [-122.40437441098449, 37.71045288013106], [-122.40461341046077, 37.71009887993988], [-122.40484741081252, 37.70975687993179], [-122.40512941084481, 37.70918988021874], [-122.40526341073911, 37.708899879540986], [-122.40546941060344, 37.70836487911123], [-122.40539141078563, 37.708264879558925], [-122.40547941064918, 37.708254880164844], [-122.40551341008606, 37.70825088040684], [-122.40560841052061, 37.70824087958946], [-122.40650741121928, 37.708332879667154], [-122.40698741161832, 37.70826987925549], [-122.40720841155125, 37.70824087958946], [-122.40730241216089, 37.70824287946874], [-122.40739641187224, 37.70824488005871], [-122.40889641154712, 37.70826887860552], [-122.41039641212033, 37.70829287856592], [-122.4114684121731, 37.70830187801606], [-122.41188641264783, 37.70830587777136], [-122.4124064123315, 37.70831287876389], [-122.41238641224, 37.708337878648436], [-122.41232441231573, 37.708475878541584], [-122.41225941201841, 37.708624878168585], [-122.41199441260284, 37.70921987801853], [-122.4113754140833, 37.71061487884756], [-122.41066741407863, 37.71221587997052], [-122.40975441223794, 37.71196188005728], [-122.40885341278775, 37.71171188026621], [-122.40795341226415, 37.71145787933604], [-122.40749141230677, 37.71249887986678], [-122.40737441213092, 37.71255687940822], [-122.40708241205287, 37.71323588035485], [-122.40679341234788, 37.71391088060129], [-122.40650341191964, 37.71458487981891], [-122.40621541203957, 37.71525388007601], [-122.40554941186771, 37.71506888008866], [-122.40384941217624, 37.71440588014278], [-122.4037194115816, 37.714350880199085], [-122.40364341141363, 37.71433688006478], [-122.40353341180878, 37.714366880755385], [-122.40313941162346, 37.71447188058975], [-122.40268041203913, 37.71459588034462], [-122.40258841197763, 37.714659880916315], [-122.40235141125288, 37.714720880454884], [-122.40221441188383, 37.71474088033921], [-122.40237841101704, 37.71458888065626], [-122.40246741070551, 37.714445880786776], [-122.40244341131435, 37.71428688078176], [-122.40212241182233, 37.71351788075085], [-122.40212440967551, 37.713004880364814], [-122.40212541039875, 37.71280488014555], [-122.40213940974412, 37.712721880979814], [-122.40218041065033, 37.71266588061679], [-122.40235441072758, 37.71253487988154], [-122.40264140988447, 37.71235988047466], [-122.4026294101889, 37.71235487963277], [-122.40257241028748, 37.712275880214605]]]]}, "properties": {"tract_fips": "06075026403", "fema_risk_rating": "Relatively High", "fema_risk_score": 93.0220113446}}, {"type": "Feature", "geometry": {"type": "MultiPolygon", "coordinates": [[[[-122.4113754140833, 37.71061487884756], [-122.41199441260284, 37.70921987801853], [-122.41225941201841, 37.708624878168585], [-122.41232441231573, 37.708475878541584], [-122.41238641224, 37.708337878648436], [-122.4124064123315, 37.70831287876389], [-122.41254241277393, 37.70831387799191], [-122.41292441326367, 37.708318877685166], [-122.41330741447662, 37.708324878027256], [-122.41340741403576, 37.70831587857991], [-122.41350741359487, 37.70830687842083], [-122.41376541333773, 37.70828387769334], [-122.41402341397888, 37.70826187760879], [-122.41420841392681, 37.70824087816806], [-122.41434841366893, 37.70824087745736], [-122.41450841350247, 37.70824087745736], [-122.41456841287861, 37.70824087816806], [-122.41520841400954, 37.70824087745736], [-122.41529841442122, 37.70824887839568], [-122.41579741418849, 37.70829487773314], [-122.4162484142752, 37.70833787793774], [-122.41699841411265, 37.708339878525145], [-122.41710841461583, 37.708340877752754], [-122.41723741448727, 37.708340878463446], [-122.41751541432161, 37.708340877752754], [-122.41770341374426, 37.708340877752754], [-122.4181914145392, 37.708340877752754], [-122.41823041399896, 37.70833687728869], [-122.418457414678, 37.70831387728121], [-122.4187194146188, 37.708288878099275], [-122.419154414812, 37.70824587786624], [-122.41920841523866, 37.70824087816806], [-122.41982841537978, 37.70824087745736], [-122.42010841576224, 37.70824087745736], [-122.42010941648549, 37.708320877562336], [-122.41937441581833, 37.70995687771769], [-122.4185274158965, 37.70971887801728], [-122.41846141577426, 37.7096998774081], [-122.41770941449036, 37.70948787772347], [-122.41747741468677, 37.710124877714804], [-122.41726241460162, 37.710066878401854], [-122.41691041424909, 37.70995987746717], [-122.41667441424755, 37.710482878130264], [-122.41602641451738, 37.71192487774222], [-122.41510741372717, 37.71166487818161], [-122.41291341429135, 37.71104587829245], [-122.41230741439394, 37.71087587844307], [-122.4113754140833, 37.71061487884756]]]]}, "properties": {"tract_fips": "06075026404", "fema_risk_rating": "Relatively Moderate", "fema_risk_score": 85.5778721178}}, {"type": "Feature", "geometry": {"type": "MultiPolygon", "coordinates": [[[[-122.45297343853525, 37.766383881931056], [-122.45278443749105, 37.76545288194802], [-122.4525954382435, 37.76451888122738], [-122.45354243772442, 37.76440488160761], [-122.4542434380564, 37.764320882149065], [-122.45549243855943, 37.76417088176273], [-122.45557843877316, 37.764145881550384], [-122.45580743820369, 37.76407988205707], [-122.4560614377486, 37.76400688180647], [-122.45645043791103, 37.76389488190451], [-122.45669643795831, 37.76382488187972], [-122.45756243994337, 37.76357588023982], [-122.45785343929822, 37.763491879839805], [-122.45981643965368, 37.7629358807719], [-122.46086944033814, 37.762637879589406], [-122.46192744014716, 37.762372880222244], [-122.46299844037499, 37.76232587975294], [-122.46286843978034, 37.76046187964314], [-122.46281844044994, 37.75974587945249], [-122.46327644020934, 37.759488879331414], [-122.46341243975345, 37.75923187973788], [-122.46342743982207, 37.75901687918753], [-122.46329243920455, 37.7587178792926], [-122.4632524399199, 37.758571880208855], [-122.46380843958858, 37.75854787949521], [-122.46393844018324, 37.76041488009014], [-122.46406843987958, 37.762278879963965], [-122.46419844137257, 37.76414087994456], [-122.46426344166987, 37.76507688023275], [-122.46432344194434, 37.765972880263746], [-122.46433844201295, 37.76608187954279], [-122.46338244141288, 37.766121879967585], [-122.463265441237, 37.766121879967585], [-122.46318444104612, 37.76611687991568], [-122.4623134417332, 37.76616088050296], [-122.46219144063613, 37.766152880139906], [-122.46213744110776, 37.76616888015505], [-122.46122344123877, 37.76621288071138], [-122.46112344078138, 37.76621988049086], [-122.46098244031604, 37.76621788075679], [-122.46041744042653, 37.766241880402056], [-122.46013144019625, 37.766307881516724], [-122.45999043973094, 37.766318881460016], [-122.4597944408107, 37.766332881708344], [-122.45954844076338, 37.76626688132613], [-122.45910143997634, 37.766286881491204], [-122.45897443975471, 37.766295880995635], [-122.45885844030208, 37.76629488112965], [-122.45858044046774, 37.766299881879675], [-122.45800844000722, 37.7661138817307], [-122.45781644038658, 37.766024881314515], [-122.45751643991261, 37.76594088156546], [-122.45721543961375, 37.765890881618844], [-122.45693944032752, 37.76588388180827], [-122.45461943869834, 37.76617488149133], [-122.45297343853525, 37.766383881931056]]]]}, "properties": {"tract_fips": "06075030101", "fema_risk_rating": "Relatively High", "fema_risk_score": 96.7583508734}}, {"type": "Feature", "geometry": {"type": "MultiPolygon", "coordinates": [[[[-122.4525954382435, 37.76451888122738], [-122.45242643818908, 37.76367888222339], [-122.4522594368862, 37.76285288168798], [-122.45212343824038, 37.762176882343994], [-122.45198443832321, 37.761487881981346], [-122.4506064361521, 37.76157088188674], [-122.44914643666019, 37.76165788212401], [-122.44780643592051, 37.76173588220075], [-122.44726143522418, 37.76176588215378], [-122.44680943531256, 37.7617908824604], [-122.44655643559254, 37.761405881914854], [-122.44643643504367, 37.76110388263557], [-122.4464604362314, 37.76101688174669], [-122.44642043515012, 37.760916881553676], [-122.4463694350965, 37.76042088189327], [-122.44642543607132, 37.76002288195998], [-122.44643943451838, 37.759864881756734], [-122.44648043452625, 37.7590568820129], [-122.44642143407673, 37.75886588157212], [-122.44679843364527, 37.75846388190755], [-122.44706243413421, 37.758183882157844], [-122.44732943409792, 37.757900881409995], [-122.44751443404583, 37.757808881822086], [-122.44779443532666, 37.75767188149807], [-122.4479414338431, 37.75759888202535], [-122.44820843560343, 37.757859881530585], [-122.44832143558133, 37.75803888199775], [-122.4485104348289, 37.75861888164299], [-122.44850043568148, 37.7589638817669], [-122.44856143578083, 37.75905488208516], [-122.45095543613155, 37.758734880884326], [-122.4513934366978, 37.75858588121339], [-122.45207443603995, 37.75835388066111], [-122.45214343653522, 37.758334881165275], [-122.45232443538688, 37.75828688028665], [-122.4524724364232, 37.75823688084745], [-122.45257743690348, 37.758201881006855], [-122.45286143658564, 37.758106880442895], [-122.45292143596177, 37.75807288051793], [-122.45334343663447, 37.757829880703646], [-122.45362043574559, 37.75763188076462], [-122.45369543698699, 37.75756588043045], [-122.4537954365461, 37.75747788036673], [-122.45389843557994, 37.757387880935816], [-122.45405343628896, 37.757189879813794], [-122.4541044363426, 37.75703688061765], [-122.45419843605391, 37.75651688055728], [-122.45427643587172, 37.756356879967285], [-122.45484743650736, 37.75555687963941], [-122.455078436486, 37.755125879973356], [-122.45512143614373, 37.754985879595964], [-122.45515143717928, 37.75488587977298], [-122.45520143650968, 37.754346880409436], [-122.45526243571074, 37.75421488021318], [-122.45556343690794, 37.75378387983182], [-122.45581043678014, 37.75341987965202], [-122.45594543649936, 37.75315788006496], [-122.45605843647724, 37.75289587955021], [-122.45605643592911, 37.752863880166544], [-122.45604043603558, 37.75236887983635], [-122.45603143581474, 37.75210387990569], [-122.45611743602848, 37.75181387961765], [-122.45647443640388, 37.75149287970265], [-122.45705843566162, 37.751411879278365], [-122.45798343629959, 37.75166987840083], [-122.45837743648488, 37.75177987822113], [-122.45890343601637, 37.75192587863411], [-122.45901143686969, 37.75195587901412], [-122.45912743632233, 37.751946878475245], [-122.45923543627737, 37.75193787864548], [-122.46069443774103, 37.751823878103515], [-122.46118643783561, 37.75170387842732], [-122.461496437457, 37.75153187800753], [-122.4617284372606, 37.751694878568074], [-122.46213443714147, 37.75198187772362], [-122.46224443854295, 37.75207487822338], [-122.46264343875112, 37.75242787804073], [-122.46292043876056, 37.75264587800426], [-122.4633874387408, 37.7530488780767], [-122.46360443757744, 37.753343877991355], [-122.46373743854517, 37.75362787845207], [-122.46377843855304, 37.75375887823967], [-122.46379943846944, 37.75382487841888], [-122.4637964389947, 37.75408687848506], [-122.46379643809638, 37.754151878341546], [-122.46368143846864, 37.75459987841098], [-122.463634438613, 37.75474587823118], [-122.46365343887956, 37.7547978779419], [-122.46360743795047, 37.755023878882426], [-122.46358143980787, 37.75530787786616], [-122.46365843980077, 37.75640487854713], [-122.46368443974, 37.75677387821941], [-122.46380843958858, 37.75854787949521], [-122.4632524399199, 37.758571880208855], [-122.46329243920455, 37.7587178792926], [-122.46342743982207, 37.75901687918753], [-122.46341243975345, 37.75923187973788], [-122.46327644020934, 37.759488879331414], [-122.46281844044994, 37.75974587945249], [-122.46286843978034, 37.76046187964314], [-122.46299844037499, 37.76232587975294], [-122.46192744014716, 37.762372880222244], [-122.46086944033814, 37.762637879589406], [-122.45981643965368, 37.7629358807719], [-122.45785343929822, 37.763491879839805], [-122.45756243994337, 37.76357588023982], [-122.45669643795831, 37.76382488187972], [-122.45645043791103, 37.76389488190451], [-122.4560614377486, 37.76400688180647], [-122.45580743820369, 37.76407988205707], [-122.45557843877316, 37.764145881550384], [-122.45549243855943, 37.76417088176273], [-122.4542434380564, 37.764320882149065], [-122.45354243772442, 37.76440488160761], [-122.4525954382435, 37.76451888122738]]]]}, "properties": {"tract_fips": "06075030102", "fema_risk_rating": "Relatively High", "fema_risk_score": 93.1944394896}}, {"type": "Feature", "geometry": {"type": "MultiPolygon", "coordinates": [[[[-122.47075644388224, 37.765788879748186], [-122.47075044313615, 37.765703879857114], [-122.47062144416304, 37.763858879871044], [-122.4704944421448, 37.76203687826597], [-122.47049144177174, 37.7619968784725], [-122.4704874415738, 37.761947878625], [-122.47048444299735, 37.76190187852125], [-122.47036144207541, 37.76013387783312], [-122.47143544177794, 37.76008587812181], [-122.4724724434672, 37.760038878329915], [-122.47367844341423, 37.75998487813924], [-122.47475044436528, 37.75993687762105], [-122.47582344334461, 37.759888877781904], [-122.47678844326722, 37.759846878340966], [-122.47700044387764, 37.76171087761452], [-122.47714244506618, 37.76357187778814], [-122.47727544513555, 37.76539987777644], [-122.47728744572944, 37.76549587808262], [-122.4771514461853, 37.765507878023364], [-122.47633344567748, 37.76554387854405], [-122.47621744532653, 37.76554787804847], [-122.47609044600325, 37.765554878601044], [-122.4752794442698, 37.76558987851318], [-122.47514644509874, 37.765590878388686], [-122.4750474444662, 37.76559687835157], [-122.47418544447575, 37.76563687832859], [-122.47407244449786, 37.76563987866331], [-122.47396944366736, 37.76564687849696], [-122.473070443867, 37.76568787974138], [-122.47295544334098, 37.76568887961561], [-122.47282944474091, 37.765702879273036], [-122.47194644393574, 37.76573987957229], [-122.47182944465818, 37.765731879163646], [-122.47172844437586, 37.765748879853376], [-122.47088244338063, 37.765789879620996], [-122.47075644388224, 37.765788879748186]]]]}, "properties": {"tract_fips": "06075030201", "fema_risk_rating": "Relatively High", "fema_risk_score": 94.3740858335}}, {"type": "Feature", "geometry": {"type": "MultiPolygon", "coordinates": [[[[-122.46433844201295, 37.76608187954279], [-122.46432344194434, 37.765972880263746], [-122.46426344166987, 37.76507688023275], [-122.46419844137257, 37.76414087994456], [-122.46406843987958, 37.762278879963965], [-122.46393844018324, 37.76041488009014], [-122.46500744076124, 37.76036787908688], [-122.46607644133924, 37.7603218794209], [-122.46714844139194, 37.760274879068746], [-122.46821744107163, 37.76022787797653], [-122.46928944202268, 37.76018087827486], [-122.47036144207541, 37.76013387783312], [-122.47048444299735, 37.76190187852125], [-122.4704874415738, 37.761947878625], [-122.47049144177174, 37.7619968784725], [-122.4704944421448, 37.76203687826597], [-122.47062144416304, 37.763858879871044], [-122.47075044313615, 37.765703879857114], [-122.47075644388224, 37.765788879748186], [-122.47064044353128, 37.7658008796414], [-122.46981644407401, 37.76583387969272], [-122.46968144345647, 37.765833880402816], [-122.46955744270959, 37.76584487970653], [-122.46872444303145, 37.76588187993473], [-122.46861044233034, 37.76588387967788], [-122.46846544256539, 37.765892879941454], [-122.46765444173025, 37.76592887956458], [-122.46754944214827, 37.76592887956458], [-122.46738044299217, 37.76594087943507], [-122.4665874417004, 37.765975879874695], [-122.4664674429481, 37.765984880127114], [-122.46634144255141, 37.76598687986743], [-122.4655244409702, 37.76602187957513], [-122.46540644186771, 37.76602587976384], [-122.46529444171473, 37.766031879691496], [-122.46433844201295, 37.76608187954279]]]]}, "properties": {"tract_fips": "06075030202", "fema_risk_rating": "Relatively High", "fema_risk_score": 95.6500541068}}, {"type": "Feature", "geometry": {"type": "MultiPolygon", "coordinates": [[[[-122.47678844326722, 37.759846878340966], [-122.47582344334461, 37.759888877781904], [-122.47475044436528, 37.75993687762105], [-122.47367844341423, 37.75998487813924], [-122.4724724434672, 37.760038878329915], [-122.47143544177794, 37.76008587812181], [-122.47036144207541, 37.76013387783312], [-122.46928944202268, 37.76018087827486], [-122.46821744107163, 37.76022787797653], [-122.46714844139194, 37.760274879068746], [-122.46607644133924, 37.7603218794209], [-122.46500744076124, 37.76036787908688], [-122.46393844018324, 37.76041488009014], [-122.46380843958858, 37.75854787949521], [-122.46368443974, 37.75677387821941], [-122.46365843980077, 37.75640487854713], [-122.46358143980787, 37.75530787786616], [-122.46360743795047, 37.755023878882426], [-122.46365343887956, 37.7547978779419], [-122.463634438613, 37.75474587823118], [-122.46368143846864, 37.75459987841098], [-122.46379643809638, 37.754151878341546], [-122.4637964389947, 37.75408687848506], [-122.46379943846944, 37.75382487841888], [-122.46377843855304, 37.75375887823967], [-122.46373743854517, 37.75362787845207], [-122.46360443757744, 37.753343877991355], [-122.4633874387408, 37.7530488780767], [-122.46345943871083, 37.753037878290705], [-122.46421043837317, 37.752921877929424], [-122.46448843820751, 37.7529088780307], [-122.46555943933365, 37.75286087789305], [-122.46662644026182, 37.75281287772425], [-122.46766943910393, 37.75276587757324], [-122.4678304396607, 37.75273287737379], [-122.46794143909048, 37.75274487796455], [-122.46805743944144, 37.752796877661126], [-122.46820744012757, 37.75296587784293], [-122.46836143921506, 37.75325387779298], [-122.46870744061809, 37.7531268772873], [-122.46874644007782, 37.753101877603896], [-122.4688074401772, 37.753063878040564], [-122.46912243982146, 37.75293387777931], [-122.46980843918651, 37.75268487783222], [-122.4699204402378, 37.75278687788619], [-122.4703274399436, 37.75257887814248], [-122.47070644006025, 37.75238587720502], [-122.47087243974161, 37.75259287744015], [-122.47093444056419, 37.752625877702], [-122.471200440703, 37.75336587747079], [-122.47121444004837, 37.753503877994866], [-122.47121744042143, 37.75361587729425], [-122.47119744032995, 37.75374387770645], [-122.47115844087021, 37.75388687769426], [-122.47106244061072, 37.75410987777428], [-122.47104244141757, 37.75422687772261], [-122.47104544179062, 37.75427587771275], [-122.47106944208006, 37.754475878162275], [-122.47107544192784, 37.75452487798756], [-122.47104344214078, 37.754806878133984], [-122.47119444175352, 37.75510887826242], [-122.47129544113754, 37.75516387776748], [-122.47136544235607, 37.75522487803584], [-122.47148944130632, 37.75530687785165], [-122.47175244197035, 37.755435877481894], [-122.4721704424451, 37.75565287780596], [-122.47235944169269, 37.75580187841266], [-122.47243544186064, 37.755879878272175], [-122.47254144126755, 37.75598187818295], [-122.47270744184722, 37.75618987830329], [-122.47274344093391, 37.75629187778661], [-122.47370944247805, 37.75624687771857], [-122.47378744139756, 37.756290877785396], [-122.47435844203318, 37.75626487774904], [-122.47449044317598, 37.75621187764668], [-122.47556344215529, 37.756164877524114], [-122.47651144325778, 37.75612287596887], [-122.47662644378381, 37.75611787595127], [-122.476725443518, 37.75797787694747], [-122.47689644412057, 37.75984187786484], [-122.47678844326722, 37.759846878340966]]]]}, "properties": {"tract_fips": "06075030301", "fema_risk_rating": "Relatively High", "fema_risk_score": 90.8898481443}}, {"type": "Feature", "geometry": {"type": "MultiPolygon", "coordinates": [[[[-122.46448843820751, 37.7529088780307], [-122.46444443872491, 37.75232887836651], [-122.46430243843469, 37.752330878476016], [-122.46387143843947, 37.75199387772597], [-122.46335643788032, 37.75159187765427], [-122.46341543832987, 37.75152987787643], [-122.46344443774389, 37.751468878112995], [-122.4634664374852, 37.7513338775496], [-122.46343443859644, 37.75121387849927], [-122.46346843803333, 37.75120487787013], [-122.46430343825958, 37.75099087750405], [-122.464212438023, 37.75072687839689], [-122.46448543783445, 37.75087687834413], [-122.46492643877376, 37.7510178780457], [-122.46542943873898, 37.75099587857843], [-122.46649543894392, 37.7509488772732], [-122.46636243887454, 37.749084877455694], [-122.46740443789173, 37.74903787777788], [-122.46805243762194, 37.74900887773508], [-122.46850743880493, 37.748955876696755], [-122.46858643934594, 37.74894587640279], [-122.46957544045631, 37.74891287663056], [-122.47062143967146, 37.74887887603197], [-122.47076644033473, 37.74885287623215], [-122.47161344025656, 37.74881587600962], [-122.47177543973994, 37.7488458762299], [-122.4723484400254, 37.748819875708186], [-122.47289943967121, 37.74879687619527], [-122.47397244044716, 37.748749875624235], [-122.47504344067497, 37.74870187562983], [-122.47602244173962, 37.74865987623072], [-122.47615744145884, 37.748652876210166], [-122.4762474418705, 37.75051887570345], [-122.47625544226642, 37.75063187604751], [-122.47636944117093, 37.752272875988254], [-122.47638144266311, 37.752385875784476], [-122.4765574423902, 37.75424787691062], [-122.47662644378381, 37.75611787595127], [-122.47651144325778, 37.75612287596887], [-122.47556344215529, 37.756164877524114], [-122.47449044317598, 37.75621187764668], [-122.47435844203318, 37.75626487774904], [-122.47378744139756, 37.756290877785396], [-122.47370944247805, 37.75624687771857], [-122.47274344093391, 37.75629187778661], [-122.47270744184722, 37.75618987830329], [-122.47254144126755, 37.75598187818295], [-122.47243544186064, 37.755879878272175], [-122.47235944169269, 37.75580187841266], [-122.4721704424451, 37.75565287780596], [-122.47175244197035, 37.755435877481894], [-122.47148944130632, 37.75530687785165], [-122.47136544235607, 37.75522487803584], [-122.47129544113754, 37.75516387776748], [-122.47119444175352, 37.75510887826242], [-122.47104344214078, 37.754806878133984], [-122.47107544192784, 37.75452487798756], [-122.47106944208006, 37.754475878162275], [-122.47104544179062, 37.75427587771275], [-122.47104244141757, 37.75422687772261], [-122.47106244061072, 37.75410987777428], [-122.47115844087021, 37.75388687769426], [-122.47119744032995, 37.75374387770645], [-122.47121744042143, 37.75361587729425], [-122.47121444004837, 37.753503877994866], [-122.471200440703, 37.75336587747079], [-122.47093444056419, 37.752625877702], [-122.47087243974161, 37.75259287744015], [-122.47070644006025, 37.75238587720502], [-122.4703274399436, 37.75257887814248], [-122.4699204402378, 37.75278687788619], [-122.46980843918651, 37.75268487783222], [-122.46912243982146, 37.75293387777931], [-122.4688074401772, 37.753063878040564], [-122.46874644007782, 37.753101877603896], [-122.46870744061809, 37.7531268772873], [-122.46836143921506, 37.75325387779298], [-122.46820744012757, 37.75296587784293], [-122.46805743944144, 37.752796877661126], [-122.46794143909048, 37.75274487796455], [-122.4678304396607, 37.75273287737379], [-122.46766943910393, 37.75276587757324], [-122.46662644026182, 37.75281287772425], [-122.46555943933365, 37.75286087789305], [-122.46448843820751, 37.7529088780307]]]]}, "properties": {"tract_fips": "06075030302", "fema_risk_rating": "Relatively High", "fema_risk_score": 89.2559428252}}, {"type": "Feature", "geometry": {"type": "MultiPolygon", "coordinates": [[[[-122.4633874387408, 37.7530488780767], [-122.46292043876056, 37.75264587800426], [-122.46264343875112, 37.75242787804073], [-122.46224443854295, 37.75207487822338], [-122.46213443714147, 37.75198187772362], [-122.4617284372606, 37.751694878568074], [-122.461496437457, 37.75153187800753], [-122.4613394379965, 37.75135987860846], [-122.46102743782697, 37.750970878175025], [-122.46051743639238, 37.749980878707575], [-122.46037843647521, 37.74979287783173], [-122.45966143535139, 37.74903087850339], [-122.45960643599813, 37.74897587799094], [-122.45952343615747, 37.74892787814318], [-122.45888043555182, 37.74826887772125], [-122.4586884359312, 37.748047878730844], [-122.4586614352687, 37.74777887848734], [-122.4587384352616, 37.74761487770599], [-122.45904343575843, 37.74731587790143], [-122.45920043611726, 37.74729587757923], [-122.45927043553914, 37.747240878618605], [-122.45932143649108, 37.747200877928165], [-122.45937343636965, 37.74715987780182], [-122.45941743585225, 37.74712587852874], [-122.45950843608884, 37.74705487813699], [-122.46140743597192, 37.74557887838721], [-122.46343543662475, 37.743976876488105], [-122.46371243663417, 37.743758875847966], [-122.46476343677051, 37.74366887606769], [-122.46583343627509, 37.743583876332536], [-122.46606943807326, 37.7435648765957], [-122.46688543713464, 37.74350087613764], [-122.4677744377876, 37.74342287601515], [-122.46809943747759, 37.74339387590314], [-122.4691914376218, 37.743345875986634], [-122.47026143802469, 37.74329887621581], [-122.47138343830615, 37.743249876060304], [-122.47250543858758, 37.7432008758723], [-122.47357943918847, 37.74315387600941], [-122.47465043941628, 37.74310687611672], [-122.47560943949111, 37.743064874252774], [-122.47575243960623, 37.74305887459343], [-122.47588043965274, 37.74492487519978], [-122.47603344071196, 37.74678787596407], [-122.47615744145884, 37.748652876210166], [-122.47602244173962, 37.74865987623072], [-122.47504344067497, 37.74870187562983], [-122.47397244044716, 37.748749875624235], [-122.47289943967121, 37.74879687619527], [-122.4723484400254, 37.748819875708186], [-122.47177543973994, 37.7488458762299], [-122.47161344025656, 37.74881587600962], [-122.47076644033473, 37.74885287623215], [-122.47062143967146, 37.74887887603197], [-122.46957544045631, 37.74891287663056], [-122.46858643934594, 37.74894587640279], [-122.46850743880493, 37.748955876696755], [-122.46805243762194, 37.74900887773508], [-122.46740443789173, 37.74903787777788], [-122.46636243887454, 37.749084877455694], [-122.46649543894392, 37.7509488772732], [-122.46542943873898, 37.75099587857843], [-122.46492643877376, 37.7510178780457], [-122.46448543783445, 37.75087687834413], [-122.464212438023, 37.75072687839689], [-122.46430343825958, 37.75099087750405], [-122.46346843803333, 37.75120487787013], [-122.46343443859644, 37.75121387849927], [-122.4634664374852, 37.7513338775496], [-122.46344443774389, 37.751468878112995], [-122.46341543832987, 37.75152987787643], [-122.46335643788032, 37.75159187765427], [-122.46387143843947, 37.75199387772597], [-122.46430243843469, 37.752330878476016], [-122.46444443872491, 37.75232887836651], [-122.46448843820751, 37.7529088780307], [-122.46421043837317, 37.752921877929424], [-122.46345943871083, 37.753037878290705], [-122.4633874387408, 37.7530488780767]]]]}, "properties": {"tract_fips": "06075030400", "fema_risk_rating": "Relatively High", "fema_risk_score": 90.9457386465}}, {"type": "Feature", "geometry": {"type": "MultiPolygon", "coordinates": [[[[-122.4479414338431, 37.75759888202535], [-122.44784543448196, 37.757499882168034], [-122.44773343432895, 37.75735488137748], [-122.44757343359707, 37.75719988183446], [-122.4473334342959, 37.7570518811934], [-122.44719143400565, 37.75692588222822], [-122.44714543397491, 37.75688488180844], [-122.44705943465948, 37.756765881812555], [-122.4469764339205, 37.75655988117624], [-122.44680343366814, 37.756308881356354], [-122.44636543400021, 37.75592088137966], [-122.44615243356489, 37.75581388134659], [-122.4459554339214, 37.75583988154145], [-122.44549043448932, 37.75599388179791], [-122.4452944337724, 37.755930882151404], [-122.44524843374164, 37.755746881512636], [-122.44537443324003, 37.75562888182716], [-122.4458084336083, 37.755516881313554], [-122.44617843350414, 37.75547388150891], [-122.44658643393315, 37.75535588138798], [-122.44683543345519, 37.75535888142948], [-122.44703043434718, 37.75544788189569], [-122.44755643387862, 37.75583088147503], [-122.4477094340395, 37.75587788109953], [-122.44787843499222, 37.75583088147503], [-122.4479884345971, 37.755682881646415], [-122.44796943433052, 37.75554188160145], [-122.44772543393306, 37.75483988024937], [-122.44746143344409, 37.75433888089927], [-122.44740243479116, 37.7542278805927], [-122.44723643331318, 37.754052880263785], [-122.44689543372965, 37.75377188011984], [-122.44676043401043, 37.753582880314916], [-122.44674243356877, 37.75339788018863], [-122.44680343366814, 37.753258880845216], [-122.44725143428012, 37.7528578805913], [-122.44738343362629, 37.75273088082646], [-122.4475624337264, 37.75249188001238], [-122.44742443363417, 37.75227188019429], [-122.44712143458378, 37.751940880246146], [-122.44705543356322, 37.75178487995248], [-122.4470604344844, 37.75166888046795], [-122.44711643366259, 37.75151488044268], [-122.4476594329125, 37.75091787996254], [-122.44779543425324, 37.75084087991873], [-122.44795443426192, 37.75080788028132], [-122.44875643307958, 37.75091188022951], [-122.44886443303461, 37.75083788040427], [-122.44921143426255, 37.75064688005271], [-122.44933143391317, 37.75055687941497], [-122.44944943391391, 37.75042188002882], [-122.44952443335869, 37.75026588008413], [-122.44954843454644, 37.75020787952906], [-122.4497084334817, 37.74983287996225], [-122.4497434336418, 37.749549879943906], [-122.4496664336489, 37.74932387933023], [-122.44956943356453, 37.74919188011706], [-122.4494264343477, 37.74911587979604], [-122.44927143363869, 37.74911587979604], [-122.44907743346991, 37.749192879503916], [-122.44891143289027, 37.74934887957977], [-122.44829043382256, 37.75017787986093], [-122.448159433403, 37.75025988029823], [-122.4479844335008, 37.75027987981936], [-122.44774243365147, 37.750206880155915], [-122.44708743245195, 37.750008880414185], [-122.44695043218461, 37.749971880059356], [-122.44667043180213, 37.7498058796985], [-122.44582943262638, 37.749305880452255], [-122.44568443196312, 37.74914687999249], [-122.4456614323969, 37.74899287969052], [-122.44572343232117, 37.74886488029343], [-122.44592643271076, 37.748770879918155], [-122.44617243275808, 37.74874287987397], [-122.44634743176192, 37.748791879944356], [-122.44653943317918, 37.74888287998894], [-122.44717543231552, 37.74934888029008], [-122.44737443160882, 37.749463879766594], [-122.44758443256941, 37.74952288028721], [-122.44772243176337, 37.74949487981725], [-122.44782043257095, 37.74941787971331], [-122.44829843242185, 37.7485958801785], [-122.44867543199041, 37.74799787947512], [-122.44876443167887, 37.74782587967507], [-122.44907443219857, 37.747084879071174], [-122.44917243210787, 37.74686987944745], [-122.44933643213938, 37.746725879264346], [-122.44947343240676, 37.74666987974881], [-122.44982343221113, 37.74645187993762], [-122.45019543265511, 37.74627887995952], [-122.45054743390591, 37.746216879281775], [-122.45075343287193, 37.7461968800832], [-122.45089643298705, 37.74608787920603], [-122.45086643374815, 37.745913879656236], [-122.45099643434281, 37.74587987981074], [-122.45171843369285, 37.74563887859875], [-122.45187143385373, 37.74569087831651], [-122.45201943309341, 37.74570887878406], [-122.45225443327007, 37.74570187848437], [-122.45340243349075, 37.74569787790695], [-122.45367143400259, 37.74570587835129], [-122.45385543502393, 37.74573387883421], [-122.45392343299937, 37.74575187858091], [-122.45398543382196, 37.74577487832989], [-122.45430143329114, 37.745917878091014], [-122.45461143381084, 37.74611687826248], [-122.45466343458769, 37.74615187813741], [-122.45474843497651, 37.746187878843834], [-122.45484143486291, 37.74622687852384], [-122.45540143383127, 37.74635787791799], [-122.4554814350955, 37.746377877783395], [-122.45556043473823, 37.74640387845269], [-122.45586543523507, 37.746475878892575], [-122.45625043430123, 37.74656787836611], [-122.45633443396684, 37.74658587862036], [-122.4564034344621, 37.746599877631176], [-122.45670043456305, 37.7466698783282], [-122.45710543551732, 37.746734877597], [-122.45718343533511, 37.7467538779407], [-122.45727443557169, 37.7467638778206], [-122.45793843609374, 37.74687087815538], [-122.4584984359604, 37.74688087801942], [-122.45876943612207, 37.74688587795095], [-122.45920043611726, 37.74729587757923], [-122.45904343575843, 37.74731587790143], [-122.4587384352616, 37.74761487770599], [-122.4586614352687, 37.74777887848734], [-122.4586884359312, 37.748047878730844], [-122.45888043555182, 37.74826887772125], [-122.45952343615747, 37.74892787814318], [-122.45960643599813, 37.74897587799094], [-122.45966143535139, 37.74903087850339], [-122.46037843647521, 37.74979287783173], [-122.46051743639238, 37.749980878707575], [-122.46102743782697, 37.750970878175025], [-122.4613394379965, 37.75135987860846], [-122.461496437457, 37.75153187800753], [-122.46118643783561, 37.75170387842732], [-122.46069443774103, 37.751823878103515], [-122.45923543627737, 37.75193787864548], [-122.45912743632233, 37.751946878475245], [-122.45901143686969, 37.75195587901412], [-122.45890343601637, 37.75192587863411], [-122.45837743648488, 37.75177987822113], [-122.45798343629959, 37.75166987840083], [-122.45705843566162, 37.751411879278365], [-122.45647443640388, 37.75149287970265], [-122.45611743602848, 37.75181387961765], [-122.45603143581474, 37.75210387990569], [-122.45604043603558, 37.75236887983635], [-122.45605643592911, 37.752863880166544], [-122.45605843647724, 37.75289587955021], [-122.45594543649936, 37.75315788006496], [-122.45581043678014, 37.75341987965202], [-122.45556343690794, 37.75378387983182], [-122.45526243571074, 37.75421488021318], [-122.45520143650968, 37.754346880409436], [-122.45515143717928, 37.75488587977298], [-122.45512143614373, 37.754985879595964], [-122.455078436486, 37.755125879973356], [-122.45484743650736, 37.75555687963941], [-122.45427643587172, 37.756356879967285], [-122.45419843605391, 37.75651688055728], [-122.4541044363426, 37.75703688061765], [-122.45405343628896, 37.757189879813794], [-122.45389843557994, 37.757387880935816], [-122.4537954365461, 37.75747788036673], [-122.45369543698699, 37.75756588043045], [-122.45362043574559, 37.75763188076462], [-122.45334343663447, 37.757829880703646], [-122.45292143596177, 37.75807288051793], [-122.45286143658564, 37.758106880442895], [-122.45257743690348, 37.758201881006855], [-122.4524724364232, 37.75823688084745], [-122.45232443538688, 37.75828688028665], [-122.45214343653522, 37.758334881165275], [-122.45207443603995, 37.75835388066111], [-122.4513934366978, 37.75858588121339], [-122.45095543613155, 37.758734880884326], [-122.44856143578083, 37.75905488208516], [-122.44850043568148, 37.7589638817669], [-122.4485104348289, 37.75861888164299], [-122.44832143558133, 37.75803888199775], [-122.44820843560343, 37.757859881530585], [-122.4479414338431, 37.75759888202535]]]]}, "properties": {"tract_fips": "06075030500", "fema_risk_rating": "Relatively High", "fema_risk_score": 90.0812196021}}, {"type": "Feature", "geometry": {"type": "MultiPolygon", "coordinates": [[[[-122.45171843369285, 37.74563887859875], [-122.45157343392789, 37.7455248782973], [-122.4516644341645, 37.74549287856743], [-122.45071943163843, 37.7443158785573], [-122.4501684319926, 37.74360987798347], [-122.44988743178521, 37.74327487836175], [-122.44996043158014, 37.742979878086146], [-122.45008343250213, 37.743014878023764], [-122.45038243225285, 37.74303187896174], [-122.45101543191443, 37.74297687825306], [-122.45116143240261, 37.743002877986164], [-122.45161643268732, 37.7428458778471], [-122.45200843232445, 37.742806877806196], [-122.45233243218955, 37.742828878287135], [-122.45264843255704, 37.74289987776057], [-122.45289543242924, 37.743005877818135], [-122.45296643347267, 37.74303487808223], [-122.45347143308774, 37.743417877980754], [-122.45367043327938, 37.743321877437445], [-122.4537994331508, 37.74322887801329], [-122.4539754328779, 37.74310487788895], [-122.45426443348121, 37.74284487766417], [-122.45449643328479, 37.7425798784351], [-122.4546664331641, 37.74233587798434], [-122.45482443334787, 37.742029878226845], [-122.45495843414051, 37.741786877581035], [-122.45500743274766, 37.741696877534025], [-122.45516843330446, 37.74148787767364], [-122.45540043400635, 37.741260877809346], [-122.45560243367274, 37.741116878079104], [-122.45566743397002, 37.741082878161095], [-122.45596243442115, 37.74092987762646], [-122.45663343371757, 37.74061787788246], [-122.45702043333186, 37.740429877374446], [-122.45775143290273, 37.74007587693562], [-122.45785643428137, 37.739966877699786], [-122.4578874342435, 37.73974287810811], [-122.45782843379392, 37.73962887582936], [-122.4578194335731, 37.739447876542975], [-122.45790443396193, 37.73927187654954], [-122.45810843417641, 37.73910887704213], [-122.45831143366772, 37.739050876267896], [-122.45855343351703, 37.739046876041336], [-122.45887543373232, 37.739167875872376], [-122.45913743367315, 37.73960587630175], [-122.45921043436638, 37.73988087704243], [-122.45914943426702, 37.74014787642757], [-122.45888443305482, 37.7403438765446], [-122.45891943411324, 37.74048787635782], [-122.45894943425047, 37.74060787646183], [-122.45941243403273, 37.740580876384335], [-122.4595784346124, 37.740734876431], [-122.45986643449251, 37.74107087638945], [-122.4610394357259, 37.742363876190375], [-122.46126043565883, 37.74259387607258], [-122.46139343572821, 37.74269887638347], [-122.46169743640016, 37.74287287638805], [-122.46196843566347, 37.74301587607335], [-122.46206143554991, 37.74301087659073], [-122.4624204355751, 37.74314887653612], [-122.4628004355167, 37.74331487691198], [-122.46288643573043, 37.74339387661345], [-122.46371243663417, 37.743758875847966], [-122.46343543662475, 37.743976876488105], [-122.46140743597192, 37.74557887838721], [-122.45950843608884, 37.74705487813699], [-122.45941743585225, 37.74712587852874], [-122.45937343636965, 37.74715987780182], [-122.45932143649108, 37.747200877928165], [-122.45927043553914, 37.747240878618605], [-122.45920043611726, 37.74729587757923], [-122.45876943612207, 37.74688587795095], [-122.4584984359604, 37.74688087801942], [-122.45793843609374, 37.74687087815538], [-122.45727443557169, 37.7467638778206], [-122.45718343533511, 37.7467538779407], [-122.45710543551732, 37.746734877597], [-122.45670043456305, 37.7466698783282], [-122.4564034344621, 37.746599877631176], [-122.45633443396684, 37.74658587862036], [-122.45625043430123, 37.74656787836611], [-122.45586543523507, 37.746475878892575], [-122.45556043473823, 37.74640387845269], [-122.4554814350955, 37.746377877783395], [-122.45540143383127, 37.74635787791799], [-122.45484143486291, 37.74622687852384], [-122.45474843497651, 37.746187878843834], [-122.45466343458769, 37.74615187813741], [-122.45461143381084, 37.74611687826248], [-122.45430143329114, 37.745917878091014], [-122.45398543382196, 37.74577487832989], [-122.45392343299937, 37.74575187858091], [-122.45385543502393, 37.74573387883421], [-122.45367143400259, 37.74570587835129], [-122.45340243349075, 37.74569787790695], [-122.45225443327007, 37.74570187848437], [-122.45201943309341, 37.74570887878406], [-122.45187143385373, 37.74569087831651], [-122.45171843369285, 37.74563887859875]]]]}, "properties": {"tract_fips": "06075030600", "fema_risk_rating": "Relatively Moderate", "fema_risk_score": 82.8214001165}}, {"type": "Feature", "geometry": {"type": "MultiPolygon", "coordinates": [[[[-122.44988743178521, 37.74327487836175], [-122.4498164316401, 37.74326687836499], [-122.4497394316472, 37.74319487764466], [-122.44960943195088, 37.74307487889321], [-122.44938343199505, 37.74293187861153], [-122.44916343188703, 37.74283887798698], [-122.44884743151952, 37.74275887892977], [-122.44851543215685, 37.74271487863003], [-122.44741143141874, 37.74261887930599], [-122.44713643105914, 37.74258987887896], [-122.44686643072238, 37.74252887956029], [-122.4466844311475, 37.74245187931206], [-122.44654243085728, 37.74236887926852], [-122.44643743037699, 37.74229187956422], [-122.44639743109232, 37.74224787969726], [-122.44635043033834, 37.742194879499856], [-122.4462834303912, 37.74208187976992], [-122.44626542994952, 37.742022879710326], [-122.44622143046692, 37.74188187920891], [-122.44618343083208, 37.74154487917941], [-122.44612643003235, 37.74136787899622], [-122.4460854309228, 37.741284878447544], [-122.44601343095277, 37.74118987818456], [-122.445924430366, 37.74112687872057], [-122.44576442963412, 37.74103187825481], [-122.44554943044729, 37.740981879231875], [-122.44522243020913, 37.740930879966434], [-122.44493743070208, 37.74088187966399], [-122.44470842947491, 37.74080288012297], [-122.4445444303417, 37.74070287960288], [-122.44439243000573, 37.74058587958298], [-122.44415943037721, 37.74028887952162], [-122.44412442931882, 37.740243878956335], [-122.44394842959173, 37.74009787964908], [-122.44390242956096, 37.74007387933641], [-122.44372042908779, 37.739980879383324], [-122.44344542962648, 37.73991187968637], [-122.44304643031663, 37.73982387922797], [-122.44288343011002, 37.73977688006235], [-122.4427444292945, 37.7396918794098], [-122.442623429819, 37.73955787961192], [-122.44260442955242, 37.7395308798619], [-122.44255142895068, 37.73945787954115], [-122.44253042903425, 37.739247880231446], [-122.4426544279845, 37.73857487904894], [-122.44265142761147, 37.738323878606884], [-122.44260542937734, 37.738181878628055], [-122.44257842871484, 37.73810687861431], [-122.44247242840964, 37.737809878552625], [-122.44243042857683, 37.73764987871682], [-122.44244742919359, 37.73744787845688], [-122.44251542896565, 37.73729887854493], [-122.4426834273985, 37.73712887855572], [-122.44355842870607, 37.7366118786385], [-122.44367542888195, 37.7365288777301], [-122.44372342856249, 37.73649587810481], [-122.44384142766495, 37.736399878530094], [-122.44390442831246, 37.736266878018164], [-122.44393642809953, 37.73614887781799], [-122.44393042825175, 37.73600887776999], [-122.4439144274599, 37.73592087835534], [-122.44385342825885, 37.73583687852589], [-122.44377042841816, 37.735748878196375], [-122.44365442806723, 37.735680878386795], [-122.44350042808144, 37.73563987827296], [-122.44332842855229, 37.73562087791791], [-122.44317042836856, 37.73563587786209], [-122.4424834282803, 37.73582787815797], [-122.4421594284152, 37.735918877802334], [-122.44203042764545, 37.73593987792297], [-122.44195342765255, 37.73595087882955], [-122.44165842809977, 37.73588387806162], [-122.441323428364, 37.73577487833691], [-122.44114642791368, 37.73563687814242], [-122.44098142805724, 37.73543887849515], [-122.44080042740897, 37.735132877934156], [-122.44071342737033, 37.73505487822962], [-122.44053942729306, 37.73500087827679], [-122.4399634284312, 37.73484787867012], [-122.43963442854323, 37.73478087832491], [-122.43932042782556, 37.734662878598066], [-122.43897042622454, 37.734518878110684], [-122.43865542658028, 37.73440387885729], [-122.43843442574904, 37.73435087872733], [-122.43858142606213, 37.73389687786945], [-122.43867242629871, 37.733618878843004], [-122.43884242617804, 37.733096878418394], [-122.43948642660858, 37.73309287787017], [-122.43964742626707, 37.73312187846546], [-122.43977842578832, 37.733120878151155], [-122.4409294272804, 37.733113878792324], [-122.44202842709733, 37.73310787761606], [-122.44434642817836, 37.73309787802256], [-122.44662742765284, 37.73308687811301], [-122.44889942960145, 37.73307887701522], [-122.45118743054525, 37.73306787639239], [-122.45336043006472, 37.73305887639824], [-122.45345143119962, 37.73304987640302], [-122.45388243029653, 37.73300287577874], [-122.45407843191175, 37.73299987625181], [-122.45429943094638, 37.733034875934926], [-122.45453743149605, 37.733305876392514], [-122.4546304322808, 37.73348987599364], [-122.45468543163406, 37.7336088764768], [-122.45476743164983, 37.7337278767687], [-122.45501643207017, 37.7339058756304], [-122.45526943089185, 37.73398787633503], [-122.45551943203542, 37.73400887558248], [-122.45576043116154, 37.73405487597693], [-122.45599243186345, 37.73414187588809], [-122.45618243183422, 37.73422187644289], [-122.45654243168433, 37.73427687655218], [-122.45665043163939, 37.734451876046855], [-122.45681943169379, 37.73454887631119], [-122.45707343213697, 37.734583876683004], [-122.45744543168266, 37.73449387640395], [-122.45758943252103, 37.73449587628507], [-122.45771143271978, 37.73449787616608], [-122.4581364328672, 37.73457787633626], [-122.45840643230562, 37.73459087590282], [-122.45878143222436, 37.73454887560075], [-122.45907643177712, 37.73446787652401], [-122.45953143206181, 37.73430087590247], [-122.4594174331573, 37.734434875980135], [-122.45939443359109, 37.73474887608154], [-122.45942243318017, 37.73494787573245], [-122.45949843334817, 37.735163876172614], [-122.4597334335248, 37.73551387623873], [-122.45983343398223, 37.73577287564869], [-122.45992643386866, 37.736096875659214], [-122.46001043353424, 37.736265875615096], [-122.46014543325343, 37.73645187550313], [-122.46032243370377, 37.736636875367495], [-122.46040543354445, 37.73677187645519], [-122.46046143362095, 37.736981876394864], [-122.46045643449638, 37.737664876118664], [-122.46040343389461, 37.73778387557472], [-122.46030843346007, 37.73786487670692], [-122.46010543396878, 37.73791387616479], [-122.45998343466837, 37.737889875854414], [-122.45982843395936, 37.737822876130906], [-122.45974043409579, 37.73781487625532], [-122.45958543428513, 37.73845787566565], [-122.45961843299877, 37.738542876314355], [-122.45935443340811, 37.73902087633955], [-122.4592754337654, 37.73909687637124], [-122.459182433879, 37.73914987594527], [-122.4590074339768, 37.739194876465255], [-122.45887543373232, 37.739167875872376], [-122.45855343351703, 37.739046876041336], [-122.45831143366772, 37.739050876267896], [-122.45810843417641, 37.73910887704213], [-122.45790443396193, 37.73927187654954], [-122.4578194335731, 37.739447876542975], [-122.45782843379392, 37.73962887582936], [-122.4578874342435, 37.73974287810811], [-122.45785643428137, 37.739966877699786], [-122.45775143290273, 37.74007587693562], [-122.45702043333186, 37.740429877374446], [-122.45663343371757, 37.74061787788246], [-122.45596243442115, 37.74092987762646], [-122.45566743397002, 37.741082878161095], [-122.45560243367274, 37.741116878079104], [-122.45540043400635, 37.741260877809346], [-122.45516843330446, 37.74148787767364], [-122.45500743274766, 37.741696877534025], [-122.45495843414051, 37.741786877581035], [-122.45482443334787, 37.742029878226845], [-122.4546664331641, 37.74233587798434], [-122.45449643328479, 37.7425798784351], [-122.45426443348121, 37.74284487766417], [-122.4539754328779, 37.74310487788895], [-122.4537994331508, 37.74322887801329], [-122.45367043327938, 37.743321877437445], [-122.45347143308774, 37.743417877980754], [-122.45296643347267, 37.74303487808223], [-122.45289543242924, 37.743005877818135], [-122.45264843255704, 37.74289987776057], [-122.45233243218955, 37.742828878287135], [-122.45200843232445, 37.742806877806196], [-122.45161643268732, 37.7428458778471], [-122.45116143240261, 37.743002877986164], [-122.45101543191443, 37.74297687825306], [-122.45038243225285, 37.74303187896174], [-122.45008343250213, 37.743014878023764], [-122.44996043158014, 37.742979878086146], [-122.44988743178521, 37.74327487836175]]]]}, "properties": {"tract_fips": "06075030700", "fema_risk_rating": "Relatively High", "fema_risk_score": 92.9970389925}}, {"type": "Feature", "geometry": {"type": "MultiPolygon", "coordinates": [[[[-122.46371243663417, 37.743758875847966], [-122.46288643573043, 37.74339387661345], [-122.4628004355167, 37.74331487691198], [-122.4624204355751, 37.74314887653612], [-122.46206143554991, 37.74301087659073], [-122.46196843566347, 37.74301587607335], [-122.46169743640016, 37.74287287638805], [-122.46139343572821, 37.74269887638347], [-122.46126043565883, 37.74259387607258], [-122.4610394357259, 37.742363876190375], [-122.45986643449251, 37.74107087638945], [-122.4595784346124, 37.740734876431], [-122.45941243403273, 37.740580876384335], [-122.45894943425047, 37.74060787646183], [-122.45891943411324, 37.74048787635782], [-122.45888443305482, 37.7403438765446], [-122.45914943426702, 37.74014787642757], [-122.45921043436638, 37.73988087704243], [-122.45913743367315, 37.73960587630175], [-122.45887543373232, 37.739167875872376], [-122.4590074339768, 37.739194876465255], [-122.459182433879, 37.73914987594527], [-122.4592754337654, 37.73909687637124], [-122.45935443340811, 37.73902087633955], [-122.45961843299877, 37.738542876314355], [-122.45958543428513, 37.73845787566565], [-122.45974043409579, 37.73781487625532], [-122.45982843395936, 37.737822876130906], [-122.45998343466837, 37.737889875854414], [-122.46010543396878, 37.73791387616479], [-122.46030843346007, 37.73786487670692], [-122.46040343389461, 37.73778387557472], [-122.46045643449638, 37.737664876118664], [-122.46046143362095, 37.736981876394864], [-122.46040543354445, 37.73677187645519], [-122.46032243370377, 37.736636875367495], [-122.46014543325343, 37.73645187550313], [-122.46001043353424, 37.736265875615096], [-122.45992643386866, 37.736096875659214], [-122.45983343398223, 37.73577287564869], [-122.4597334335248, 37.73551387623873], [-122.45949843334817, 37.735163876172614], [-122.45942243318017, 37.73494787573245], [-122.45939443359109, 37.73474887608154], [-122.4594174331573, 37.734434875980135], [-122.45953143206181, 37.73430087590247], [-122.46003343399876, 37.734806875963656], [-122.46036243388674, 37.7350748754657], [-122.46050343345375, 37.73518987580815], [-122.46126843425812, 37.7357918759647], [-122.46206543484955, 37.73635687614197], [-122.46316243411832, 37.73703287624975], [-122.46290543420037, 37.73622187571834], [-122.46293943453553, 37.73602287593964], [-122.46310343366878, 37.735854875706444], [-122.46339943394477, 37.73573887540749], [-122.46379843415296, 37.73567987597579], [-122.46404243365211, 37.73571387624404], [-122.4642304339731, 37.735717875229824], [-122.46436243421756, 37.73580687587423], [-122.46468143405978, 37.735934875120755], [-122.46491643423641, 37.73605487621147], [-122.46467243383894, 37.73573687627043], [-122.46451443455352, 37.735482875305046], [-122.46448843371593, 37.735144875695454], [-122.4653854338665, 37.73511087587629], [-122.46592943563626, 37.735085875790354], [-122.46627443541774, 37.73494687473241], [-122.46716143552253, 37.734907874082], [-122.46798943607611, 37.73487587402486], [-122.46883543617304, 37.73483487488607], [-122.46971343605699, 37.734795874176655], [-122.47053043673992, 37.73475887403116], [-122.47128543570193, 37.73480187450572], [-122.47159543622163, 37.73471687382439], [-122.47178143599446, 37.734831874012464], [-122.47212443612615, 37.734821873941414], [-122.47235743665296, 37.73481587432442], [-122.47265743712693, 37.7348078741239], [-122.4732594377247, 37.73479087413887], [-122.47407743733419, 37.7347678745291], [-122.4742304383934, 37.734763874071106], [-122.47507043774421, 37.73477387414999], [-122.47521543750916, 37.73477187427637], [-122.47524743819453, 37.734878873475786], [-122.47535243777652, 37.73639387406801], [-122.47541643914725, 37.737459874422186], [-122.47551143778519, 37.739330873829076], [-122.47564743912594, 37.74119287453819], [-122.47575243960623, 37.74305887459343], [-122.47560943949111, 37.743064874252774], [-122.47465043941628, 37.74310687611672], [-122.47357943918847, 37.74315387600941], [-122.47250543858758, 37.7432008758723], [-122.47138343830615, 37.743249876060304], [-122.47026143802469, 37.74329887621581], [-122.4691914376218, 37.743345875986634], [-122.46809943747759, 37.74339387590314], [-122.4677744377876, 37.74342287601515], [-122.46688543713464, 37.74350087613764], [-122.46606943807326, 37.7435648765957], [-122.46583343627509, 37.743583876332536], [-122.46476343677051, 37.74366887606769], [-122.46371243663417, 37.743758875847966]]]]}, "properties": {"tract_fips": "06075030800", "fema_risk_rating": "Relatively High", "fema_risk_score": 95.8617245193}}, {"type": "Feature", "geometry": {"type": "MultiPolygon", "coordinates": [[[[-122.45953143206181, 37.73430087590247], [-122.45909043291914, 37.733654875698896], [-122.45924843220457, 37.73349587571815], [-122.45930343245617, 37.733391875452185], [-122.45931943234969, 37.73323887536238], [-122.45937143222824, 37.733130875610144], [-122.45948843240411, 37.73301787625332], [-122.46003543185198, 37.73271587620168], [-122.46023043184562, 37.73265187559969], [-122.46045543197653, 37.73263887640313], [-122.46048343246393, 37.732325876204015], [-122.46057143232748, 37.73205287576495], [-122.46058543167285, 37.73192887539184], [-122.46102243241418, 37.73162987545442], [-122.46117743222487, 37.73149787594616], [-122.46131843179188, 37.73133587529153], [-122.46136943184553, 37.73090487523614], [-122.46140543183053, 37.73069887578907], [-122.4614894323944, 37.73047987406188], [-122.46166843249456, 37.7302408738613], [-122.46177443279979, 37.73007387436325], [-122.46175343198507, 37.73000287466678], [-122.46172343184783, 37.72990087447333], [-122.46155043249377, 37.72932887433777], [-122.46183243252608, 37.72872987462087], [-122.46162543193854, 37.72877387399633], [-122.46140543183053, 37.72879687475747], [-122.461165431631, 37.72877487436937], [-122.46084243248914, 37.72869087424828], [-122.46097243218547, 37.72861587456715], [-122.46144843148821, 37.72833987423398], [-122.46185043206945, 37.72812887426886], [-122.4620944315686, 37.72805987418347], [-122.4624044320883, 37.72802087487906], [-122.46272943267665, 37.7280338741758], [-122.46291443172626, 37.72806587434788], [-122.4627624322886, 37.72779387422068], [-122.4626424317397, 37.727538874037805], [-122.46257343214272, 37.7272348735892], [-122.4625724314195, 37.727140874165535], [-122.4625714324929, 37.72700687438774], [-122.46260143263014, 37.72674587406623], [-122.46271343188481, 37.7257848744958], [-122.46281243251731, 37.725558873795045], [-122.46222543198816, 37.72530287402308], [-122.46229043228551, 37.725220874358676], [-122.4623054314558, 37.72487587395286], [-122.46230243198106, 37.72428087405967], [-122.46230043143294, 37.723646874173845], [-122.46229743105988, 37.72303087413244], [-122.46229143031377, 37.72183787405165], [-122.4622914312121, 37.721757873618486], [-122.46236142973567, 37.72171587314333], [-122.4623914307712, 37.721704874385274], [-122.4624204301852, 37.72170387391674], [-122.46270943078851, 37.7217018736902], [-122.46360843148722, 37.721695873720726], [-122.46451043166061, 37.72168987375081], [-122.46501043125281, 37.72168587187573], [-122.46541743185692, 37.72168387306984], [-122.46559043210928, 37.72168287260097], [-122.4663044319617, 37.72167787238834], [-122.46661443248144, 37.72167587216109], [-122.46721143215798, 37.72167187241697], [-122.46764143142998, 37.72166887243109], [-122.46810243246075, 37.721665872445065], [-122.46868643261685, 37.721661871989824], [-122.4690004324362, 37.72165987247273], [-122.46976643396381, 37.72165387249985], [-122.46990343333286, 37.721652872030624], [-122.47080543350626, 37.721646872057235], [-122.47170043400699, 37.7216408720833], [-122.4717864333224, 37.72168087237387], [-122.47200943380345, 37.72167087194799], [-122.47228043396514, 37.72163787209615], [-122.47246643373796, 37.721612871724936], [-122.4724754339588, 37.72146287216265], [-122.47257343386808, 37.71964987143208], [-122.47263043287118, 37.71858687202738], [-122.47265643370876, 37.71810687193727], [-122.47267043395247, 37.71786287184203], [-122.47267843345008, 37.71770787131177], [-122.47268143382314, 37.717509871336226], [-122.47269843264324, 37.71725787144189], [-122.47294743306358, 37.71735987199306], [-122.47309543320159, 37.71751587164476], [-122.47328943426865, 37.71770387135338], [-122.47345443322679, 37.717875871500446], [-122.47371243386795, 37.718149871422234], [-122.4741014340304, 37.71855187191128], [-122.47444243451224, 37.718889871224675], [-122.47468743383631, 37.7191608722828], [-122.47489943444674, 37.719371871505146], [-122.47505543408234, 37.71955487112196], [-122.4751944339995, 37.71977687182091], [-122.47539643366589, 37.72028487190954], [-122.47539443401604, 37.72037987128344], [-122.47538843416828, 37.720531871875835], [-122.47537343409968, 37.72092387170245], [-122.47565943432993, 37.72082487181517], [-122.475918434796, 37.72078787179459], [-122.47610043437089, 37.72076487138839], [-122.47609843472107, 37.72082987208538], [-122.47590643510046, 37.7208418714535], [-122.47558443398685, 37.72094587229103], [-122.47537943484575, 37.72103787151643], [-122.47537943394744, 37.72119087194471], [-122.47527443616207, 37.723113871697116], [-122.47521943501219, 37.72413287224528], [-122.4751764362528, 37.724927871913216], [-122.47513543624493, 37.72570187210844], [-122.47502543574176, 37.7269348727739], [-122.47498243608405, 37.72798287238535], [-122.47488343634983, 37.72901987228366], [-122.47491443631196, 37.7298418718106], [-122.47493443550515, 37.73041887257984], [-122.47499843597757, 37.73108187343764], [-122.47508943801078, 37.73250487307513], [-122.47519943761563, 37.73457187314731], [-122.47521543750916, 37.73477187427637], [-122.47507043774421, 37.73477387414999], [-122.4742304383934, 37.734763874071106], [-122.47407743733419, 37.7347678745291], [-122.4732594377247, 37.73479087413887], [-122.47265743712693, 37.7348078741239], [-122.47235743665296, 37.73481587432442], [-122.47212443612615, 37.734821873941414], [-122.47178143599446, 37.734831874012464], [-122.47159543622163, 37.73471687382439], [-122.47128543570193, 37.73480187450572], [-122.47053043673992, 37.73475887403116], [-122.46971343605699, 37.734795874176655], [-122.46883543617304, 37.73483487488607], [-122.46798943607611, 37.73487587402486], [-122.46716143552253, 37.734907874082], [-122.46627443541774, 37.73494687473241], [-122.46592943563626, 37.735085875790354], [-122.4653854338665, 37.73511087587629], [-122.46448843371593, 37.735144875695454], [-122.46451443455352, 37.735482875305046], [-122.46467243383894, 37.73573687627043], [-122.46491643423641, 37.73605487621147], [-122.46468143405978, 37.735934875120755], [-122.46436243421756, 37.73580687587423], [-122.4642304339731, 37.735717875229824], [-122.46404243365211, 37.73571387624404], [-122.46379843415296, 37.73567987597579], [-122.46339943394477, 37.73573887540749], [-122.46310343366878, 37.735854875706444], [-122.46293943453553, 37.73602287593964], [-122.46290543420037, 37.73622187571834], [-122.46316243411832, 37.73703287624975], [-122.46206543484955, 37.73635687614197], [-122.46126843425812, 37.7357918759647], [-122.46050343345375, 37.73518987580815], [-122.46036243388674, 37.7350748754657], [-122.46003343399876, 37.734806875963656], [-122.45953143206181, 37.73430087590247]]]]}, "properties": {"tract_fips": "06075030900", "fema_risk_rating": "Relatively High", "fema_risk_score": 95.903345106}}, {"type": "Feature", "geometry": {"type": "MultiPolygon", "coordinates": [[[[-122.45345143119962, 37.73304987640302], [-122.45344543045353, 37.73231587650498], [-122.45343843078084, 37.73163687637444], [-122.4534374300576, 37.73157787651583], [-122.4534374300576, 37.731540876183196], [-122.4534374300576, 37.73150187587014], [-122.4534364302327, 37.731460876283975], [-122.4534364302327, 37.7311468764481], [-122.45343543040778, 37.7306818755711], [-122.45342043033918, 37.72984687573495], [-122.4540984302066, 37.72984387608023], [-122.45403342990927, 37.72945787591061], [-122.45402842988638, 37.72917587579955], [-122.45402243003862, 37.728812875746165], [-122.45401743001572, 37.72852187618582], [-122.45246842903875, 37.7285118759731], [-122.45235443013424, 37.72831287607682], [-122.45240842966258, 37.727877876069726], [-122.45239642906871, 37.72674787557761], [-122.45237042823113, 37.724264874933986], [-122.45236242783521, 37.72355787596671], [-122.45236142801029, 37.72318987526691], [-122.45313142793924, 37.72327987436348], [-122.45316942757405, 37.72328987457218], [-122.45404742835633, 37.72347487463628], [-122.4541424278926, 37.72349887393476], [-122.45418742899676, 37.723504874468695], [-122.45509642974118, 37.72369687424539], [-122.4551624298634, 37.723713874645725], [-122.45520043039657, 37.72371887472092], [-122.45522142941465, 37.72372387408528], [-122.45611443026553, 37.72391187438168], [-122.45617542946658, 37.72392587412762], [-122.4565344294918, 37.72401187413323], [-122.45719542964078, 37.72413987387404], [-122.45736243004536, 37.724181873685275], [-122.4582174303631, 37.72435387442321], [-122.45826942934332, 37.72436687436364], [-122.4591664303922, 37.72455587345794], [-122.45923943018713, 37.72457287437165], [-122.45998343107513, 37.72474087462318], [-122.46026743075723, 37.72478887452358], [-122.4603124318614, 37.724797874101746], [-122.46116143143306, 37.72497187425801], [-122.46122843138019, 37.7249838736657], [-122.46130743192123, 37.725006874182924], [-122.4621304315536, 37.725279874308306], [-122.46222543198816, 37.72530287402308], [-122.46281243251731, 37.725558873795045], [-122.46271343188481, 37.7257848744958], [-122.46260143263014, 37.72674587406623], [-122.4625714324929, 37.72700687438774], [-122.4625724314195, 37.727140874165535], [-122.46257343214272, 37.7272348735892], [-122.4626424317397, 37.727538874037805], [-122.4627624322886, 37.72779387422068], [-122.46291443172626, 37.72806587434788], [-122.46272943267665, 37.7280338741758], [-122.4624044320883, 37.72802087487906], [-122.4620944315686, 37.72805987418347], [-122.46185043206945, 37.72812887426886], [-122.46144843148821, 37.72833987423398], [-122.46097243218547, 37.72861587456715], [-122.46084243248914, 37.72869087424828], [-122.461165431631, 37.72877487436937], [-122.46140543183053, 37.72879687475747], [-122.46162543193854, 37.72877387399633], [-122.46183243252608, 37.72872987462087], [-122.46155043249377, 37.72932887433777], [-122.46172343184783, 37.72990087447333], [-122.46175343198507, 37.73000287466678], [-122.46177443279979, 37.73007387436325], [-122.46166843249456, 37.7302408738613], [-122.4614894323944, 37.73047987406188], [-122.46140543183053, 37.73069887578907], [-122.46136943184553, 37.73090487523614], [-122.46131843179188, 37.73133587529153], [-122.46117743222487, 37.73149787594616], [-122.46102243241418, 37.73162987545442], [-122.46058543167285, 37.73192887539184], [-122.46057143232748, 37.73205287576495], [-122.46048343246393, 37.732325876204015], [-122.46045543197653, 37.73263887640313], [-122.46023043184562, 37.73265187559969], [-122.46003543185198, 37.73271587620168], [-122.45948843240411, 37.73301787625332], [-122.45937143222824, 37.733130875610144], [-122.45931943234969, 37.73323887536238], [-122.45930343245617, 37.733391875452185], [-122.45924843220457, 37.73349587571815], [-122.45909043291914, 37.733654875698896], [-122.45953143206181, 37.73430087590247], [-122.45907643177712, 37.73446787652401], [-122.45878143222436, 37.73454887560075], [-122.45840643230562, 37.73459087590282], [-122.4581364328672, 37.73457787633626], [-122.45771143271978, 37.73449787616608], [-122.45758943252103, 37.73449587628507], [-122.45744543168266, 37.73449387640395], [-122.45707343213697, 37.734583876683004], [-122.45681943169379, 37.73454887631119], [-122.45665043163939, 37.734451876046855], [-122.45654243168433, 37.73427687655218], [-122.45618243183422, 37.73422187644289], [-122.45599243186345, 37.73414187588809], [-122.45576043116154, 37.73405487597693], [-122.45551943203542, 37.73400887558248], [-122.45526943089185, 37.73398787633503], [-122.45501643207017, 37.7339058756304], [-122.45476743164983, 37.7337278767687], [-122.45468543163406, 37.7336088764768], [-122.4546304322808, 37.73348987599364], [-122.45453743149605, 37.733305876392514], [-122.45429943094638, 37.733034875934926], [-122.45407843191175, 37.73299987625181], [-122.45388243029653, 37.73300287577874], [-122.45345143119962, 37.73304987640302]]]]}, "properties": {"tract_fips": "06075031000", "fema_risk_rating": "Relatively Moderate", "fema_risk_score": 88.3224525228}}, {"type": "Feature", "geometry": {"type": "MultiPolygon", "coordinates": [[[[-122.43843442574904, 37.73435087872733], [-122.43755542604015, 37.73417887918368], [-122.43680242582965, 37.7340298797971], [-122.43671242631628, 37.73400987943701], [-122.43663242595032, 37.73399687976846], [-122.43596942525322, 37.73386487950666], [-122.43587842591492, 37.73384687971111], [-122.43578942622648, 37.73382987950543], [-122.43512142550645, 37.73369587904334], [-122.43503742584086, 37.73367987910981], [-122.43495642565001, 37.733661879269235], [-122.43429042637646, 37.733522879800546], [-122.43418842626924, 37.73350288001397], [-122.43408242506571, 37.73347988000405], [-122.4332734247787, 37.73331088008283], [-122.43314042470931, 37.73328587938911], [-122.43286842472276, 37.7332388796251], [-122.43274742434893, 37.73319687926651], [-122.43256142457608, 37.733132880501216], [-122.43289942468489, 37.73297687963791], [-122.4334694245973, 37.73271387982481], [-122.43432542473994, 37.73232087955173], [-122.4349404248582, 37.732047879094246], [-122.43508742517129, 37.73197487920989], [-122.43545142521934, 37.73179587892621], [-122.43591842519959, 37.731586878110924], [-122.43615942612234, 37.731479878417005], [-122.43647642541642, 37.731342878370725], [-122.43703842672952, 37.7311278784924], [-122.43821742511575, 37.730707878201464], [-122.4385674258184, 37.73057787845749], [-122.43958442561956, 37.73020087819361], [-122.43962342597762, 37.73018687750232], [-122.43982742619214, 37.73011087827087], [-122.44012842559269, 37.72988787763574], [-122.44028242557849, 37.729829878163365], [-122.44080742618337, 37.72961487744448], [-122.44116142618567, 37.72946987743341], [-122.44125642572192, 37.729432877468405], [-122.44182742635755, 37.72921187836777], [-122.44199642641195, 37.72914587755366], [-122.44274842589921, 37.728803877366325], [-122.44310142697495, 37.72864387725163], [-122.44369042715391, 37.7283138778771], [-122.44381742647721, 37.728242877914184], [-122.4444494263139, 37.72780887646099], [-122.44471442572944, 37.72759287659062], [-122.44506742770349, 37.727304876257186], [-122.44562942811827, 37.726743876817885], [-122.44575042759378, 37.72662287657674], [-122.44597942702433, 37.72637487662143], [-122.44633442685155, 37.725987876433145], [-122.44641742759056, 37.72587287600952], [-122.44689042741857, 37.72522287662175], [-122.44722742680415, 37.72464787601551], [-122.44726342768746, 37.724578875529126], [-122.44756042778839, 37.72401487615583], [-122.44761242766694, 37.72388987609507], [-122.44762742683723, 37.72384487550995], [-122.44790442684668, 37.72301487615787], [-122.44812442695469, 37.72301487615787], [-122.44920442740332, 37.72301287596668], [-122.44951042772507, 37.72301287525612], [-122.44957242764937, 37.7230208753099], [-122.44964142724635, 37.7230288753628], [-122.449919427979, 37.723042875986216], [-122.45009942700575, 37.723051875776584], [-122.4516224289418, 37.7230428752757], [-122.45182042841019, 37.723057875636165], [-122.45214742775006, 37.72314187575138], [-122.45236142801029, 37.72318987526691], [-122.45236242783521, 37.72355787596671], [-122.45237042823113, 37.724264874933986], [-122.45239642906871, 37.72674787557761], [-122.45240842966258, 37.727877876069726], [-122.45235443013424, 37.72831287607682], [-122.45246842903875, 37.7285118759731], [-122.45401743001572, 37.72852187618582], [-122.45402243003862, 37.728812875746165], [-122.45402842988638, 37.72917587579955], [-122.45403342990927, 37.72945787591061], [-122.4540984302066, 37.72984387608023], [-122.45342043033918, 37.72984687573495], [-122.45343543040778, 37.7306818755711], [-122.4534364302327, 37.7311468764481], [-122.4534364302327, 37.731460876283975], [-122.4534374300576, 37.73150187587014], [-122.4534374300576, 37.731540876183196], [-122.4534374300576, 37.73157787651583], [-122.45343843078084, 37.73163687637444], [-122.45344543045353, 37.73231587650498], [-122.45345143119962, 37.73304987640302], [-122.45336043006472, 37.73305887639824], [-122.45118743054525, 37.73306787639239], [-122.44889942960145, 37.73307887701522], [-122.44662742765284, 37.73308687811301], [-122.44434642817836, 37.73309787802256], [-122.44202842709733, 37.73310787761606], [-122.4409294272804, 37.733113878792324], [-122.43977842578832, 37.733120878151155], [-122.43964742626707, 37.73312187846546], [-122.43948642660858, 37.73309287787017], [-122.43884242617804, 37.733096878418394], [-122.43867242629871, 37.733618878843004], [-122.43858142606213, 37.73389687786945], [-122.43843442574904, 37.73435087872733]]]]}, "properties": {"tract_fips": "06075031100", "fema_risk_rating": "Relatively High", "fema_risk_score": 97.1210445578}}, {"type": "Feature", "geometry": {"type": "MultiPolygon", "coordinates": [[[[-122.45236142801029, 37.72318987526691], [-122.45214742775006, 37.72314187575138], [-122.45182042841019, 37.723057875636165], [-122.4516224289418, 37.7230428752757], [-122.45009942700575, 37.723051875776584], [-122.449919427979, 37.723042875986216], [-122.44964142724635, 37.7230288753628], [-122.44957242764937, 37.7230208753099], [-122.449630428274, 37.72292687551171], [-122.44964742799246, 37.72289987538131], [-122.45009042768322, 37.72217787563928], [-122.45012242747028, 37.72212787596343], [-122.4501444272116, 37.72209287538869], [-122.45016742767612, 37.72205687575468], [-122.4509534283969, 37.720822874407105], [-122.4516724273739, 37.71969587435087], [-122.45235542726421, 37.71996887415505], [-122.45253242861283, 37.72003987423342], [-122.4526014282098, 37.72005187444011], [-122.45311842841876, 37.72005087465978], [-122.45412242869942, 37.720047874608234], [-122.45514442762511, 37.72004587362639], [-122.45615942777643, 37.720042874285234], [-122.4571844279735, 37.72003987423342], [-122.458204429046, 37.720036874181446], [-122.45922443011852, 37.72003387341874], [-122.45921342934955, 37.718239873800016], [-122.46023543007186, 37.71824087360472], [-122.46125743079419, 37.718241871988276], [-122.4622714302223, 37.718229872199004], [-122.46227142932396, 37.718777871963574], [-122.46228842994074, 37.719938873601116], [-122.46228042954482, 37.720018873156434], [-122.4622914312121, 37.72170487367475], [-122.4622914312121, 37.721757873618486], [-122.46229143031377, 37.72183787405165], [-122.46229743105988, 37.72303087413244], [-122.46230043143294, 37.723646874173845], [-122.46230243198106, 37.72428087405967], [-122.4623054314558, 37.72487587395286], [-122.46229043228551, 37.725220874358676], [-122.46222543198816, 37.72530287402308], [-122.4621304315536, 37.725279874308306], [-122.46130743192123, 37.725006874182924], [-122.46122843138019, 37.7249838736657], [-122.46116143143306, 37.72497187425801], [-122.4603124318614, 37.724797874101746], [-122.46026743075723, 37.72478887452358], [-122.45998343107513, 37.72474087462318], [-122.45923943018713, 37.72457287437165], [-122.4591664303922, 37.72455587345794], [-122.45826942934332, 37.72436687436364], [-122.4582174303631, 37.72435387442321], [-122.45736243004536, 37.724181873685275], [-122.45719542964078, 37.72413987387404], [-122.4565344294918, 37.72401187413323], [-122.45617542946658, 37.72392587412762], [-122.45611443026553, 37.72391187438168], [-122.45522142941465, 37.72372387408528], [-122.45520043039657, 37.72371887472092], [-122.4551624298634, 37.723713874645725], [-122.45509642974118, 37.72369687424539], [-122.45418742899676, 37.723504874468695], [-122.4541424278926, 37.72349887393476], [-122.45404742835633, 37.72347487463628], [-122.45316942757405, 37.72328987457218], [-122.45313142793924, 37.72327987436348], [-122.45236142801029, 37.72318987526691]]]]}, "properties": {"tract_fips": "06075031201", "fema_risk_rating": "Relatively High", "fema_risk_score": 89.6602570963}}, {"type": "Feature", "geometry": {"type": "MultiPolygon", "coordinates": [[[[-122.44790442684668, 37.72301487615787], [-122.4479344269839, 37.72292587577024], [-122.44801642610136, 37.722678875970466], [-122.4481484254475, 37.722006875286645], [-122.44822842581345, 37.721417875787516], [-122.44824842590494, 37.72127187559631], [-122.44837542702484, 37.72023887575169], [-122.44843542550268, 37.719665875818094], [-122.44846042651537, 37.7194208753842], [-122.44854342635604, 37.71893187401278], [-122.44860842575504, 37.718420874476834], [-122.44863142621959, 37.71840587459851], [-122.44891342535357, 37.71817987412194], [-122.4491114266186, 37.71789187484848], [-122.44928842617061, 37.71754787493991], [-122.44959842669032, 37.71712487421161], [-122.44993042695134, 37.71673487454003], [-122.45040442570595, 37.716178874505], [-122.4511814262059, 37.71659287437569], [-122.45192142689594, 37.716987873903136], [-122.45266842636033, 37.717385873615875], [-122.4534044277507, 37.71777787374612], [-122.45407642687204, 37.7181358741376], [-122.45410842755739, 37.718183874054596], [-122.45421542858584, 37.71824887346328], [-122.45513742795241, 37.71824687385404], [-122.45613442766206, 37.71824487424471], [-122.45717142845301, 37.71824287392478], [-122.45818942897739, 37.71824187412004], [-122.45921342934955, 37.718239873800016], [-122.45922443011852, 37.72003387341874], [-122.458204429046, 37.720036874181446], [-122.4571844279735, 37.72003987423342], [-122.45615942777643, 37.720042874285234], [-122.45514442762511, 37.72004587362639], [-122.45412242869942, 37.720047874608234], [-122.45311842841876, 37.72005087465978], [-122.4526014282098, 37.72005187444011], [-122.45253242861283, 37.72003987423342], [-122.45235542726421, 37.71996887415505], [-122.4516724273739, 37.71969587435087], [-122.4509534283969, 37.720822874407105], [-122.45016742767612, 37.72205687575468], [-122.4501444272116, 37.72209287538869], [-122.45012242747028, 37.72212787596343], [-122.45009042768322, 37.72217787563928], [-122.44964742799246, 37.72289987538131], [-122.449630428274, 37.72292687551171], [-122.44957242764937, 37.7230208753099], [-122.44951042772507, 37.72301287525612], [-122.44920442740332, 37.72301287596668], [-122.44812442695469, 37.72301487615787], [-122.44790442684668, 37.72301487615787]]]]}, "properties": {"tract_fips": "06075031202", "fema_risk_rating": "Relatively Moderate", "fema_risk_score": 82.5348126479}}, {"type": "Feature", "geometry": {"type": "MultiPolygon", "coordinates": [[[[-122.4622914312121, 37.721757873618486], [-122.4622914312121, 37.72170487367475], [-122.46228042954482, 37.720018873156434], [-122.46228842994074, 37.719938873601116], [-122.46227142932396, 37.718777871963574], [-122.4622714302223, 37.718229872199004], [-122.46266543040758, 37.71822087253338], [-122.46266643023252, 37.71794587235484], [-122.46356843040591, 37.71793987279181], [-122.46446643127969, 37.71793387180702], [-122.4653684314531, 37.71792787224301], [-122.4662614314057, 37.71792187196785], [-122.46716343247742, 37.71791587240282], [-122.46806243227778, 37.71790987212674], [-122.46804343111287, 37.71611287202546], [-122.46894543128631, 37.71610787214749], [-122.46984443198501, 37.71610287155855], [-122.47074043141231, 37.716098871513516], [-122.47148343157704, 37.71609487217884], [-122.4715914324304, 37.71614787187263], [-122.47185443309445, 37.71643687135925], [-122.47212943255575, 37.716727872211266], [-122.47236943185696, 37.716998871229706], [-122.47249843262668, 37.71709687143566], [-122.47269843264324, 37.71725787144189], [-122.47268143382314, 37.717509871336226], [-122.47267843345008, 37.71770787131177], [-122.47267043395247, 37.71786287184203], [-122.47265643370876, 37.71810687193727], [-122.47263043287118, 37.71858687202738], [-122.47257343386808, 37.71964987143208], [-122.4724754339588, 37.72146287216265], [-122.47246643373796, 37.721612871724936], [-122.47228043396514, 37.72163787209615], [-122.47200943380345, 37.72167087194799], [-122.4717864333224, 37.72168087237387], [-122.47170043400699, 37.7216408720833], [-122.47080543350626, 37.721646872057235], [-122.46990343333286, 37.721652872030624], [-122.46976643396381, 37.72165387249985], [-122.4690004324362, 37.72165987247273], [-122.46868643261685, 37.721661871989824], [-122.46810243246075, 37.721665872445065], [-122.46764143142998, 37.72166887243109], [-122.46721143215798, 37.72167187241697], [-122.46661443248144, 37.72167587216109], [-122.4663044319617, 37.72167787238834], [-122.46559043210928, 37.72168287260097], [-122.46541743185692, 37.72168387306984], [-122.46501043125281, 37.72168587187573], [-122.46451043166061, 37.72168987375081], [-122.46360843148722, 37.721695873720726], [-122.46270943078851, 37.7217018736902], [-122.4624204301852, 37.72170387391674], [-122.4623914307712, 37.721704874385274], [-122.46236142973567, 37.72171587314333], [-122.4622914312121, 37.721757873618486]]]]}, "properties": {"tract_fips": "06075031301", "fema_risk_rating": "Relatively Moderate", "fema_risk_score": 87.6089567503}}, {"type": "Feature", "geometry": {"type": "MultiPolygon", "coordinates": [[[[-122.46266643023252, 37.71794587235484], [-122.46265942966151, 37.717430872440104], [-122.46265143016387, 37.716580872187464], [-122.4626464292427, 37.716153872291464], [-122.46264143011817, 37.71562887217999], [-122.46263442954714, 37.71489387174335], [-122.46262842880104, 37.71431787211208], [-122.46261543017887, 37.71403987207465], [-122.46258142894537, 37.713913872373695], [-122.46259542918908, 37.713159871546914], [-122.46260742798633, 37.71253287230094], [-122.46260742888464, 37.71228387147879], [-122.46259642811566, 37.711379871752264], [-122.46258242787195, 37.711263871492136], [-122.46243142825924, 37.71120187205052], [-122.4623884277032, 37.71118487233213], [-122.46192742846907, 37.710983872272486], [-122.46134942816076, 37.710802871904285], [-122.4610554284329, 37.7106748711493], [-122.46088442783032, 37.710595872072055], [-122.46118642795413, 37.71059387225623], [-122.46237342763459, 37.710579872122736], [-122.46258742789485, 37.71057687168768], [-122.46350142866216, 37.71056587127592], [-122.4642024289941, 37.710557871298484], [-122.46439842881269, 37.71053587117832], [-122.4647934288229, 37.710491871629124], [-122.46496542925034, 37.71044587152332], [-122.46602042958462, 37.71016387009614], [-122.46622942982201, 37.71007787035959], [-122.46681843000097, 37.709835870664676], [-122.46718842989681, 37.70964387049722], [-122.4672364295774, 37.70961387073705], [-122.46774442956551, 37.70929187055641], [-122.46818243013175, 37.70894586994624], [-122.46850043014906, 37.70869486999606], [-122.46896543047947, 37.708241870290145], [-122.46908342958196, 37.708241870290145], [-122.46926242968208, 37.708241870290145], [-122.47090943056837, 37.708241870290145], [-122.47102743056918, 37.70826186979118], [-122.47111042951153, 37.70825687009414], [-122.47135543063223, 37.708242870229775], [-122.47134543058648, 37.70831487011303], [-122.4713034307537, 37.70861887003321], [-122.47129443053285, 37.708665869785634], [-122.47124142993108, 37.70894886973665], [-122.4712474306772, 37.709423869841814], [-122.47125142997685, 37.70966687009192], [-122.47126543111885, 37.71065786988866], [-122.47127843153764, 37.711601870653354], [-122.47128143191071, 37.71184086988249], [-122.47133743108888, 37.71248487014412], [-122.47136343192646, 37.71269887025226], [-122.47138143236812, 37.71281187076406], [-122.47149843164568, 37.713436870042], [-122.47162443204238, 37.7138588699329], [-122.47166543205027, 37.713995870342245], [-122.47173743291859, 37.71423887052297], [-122.47186243169374, 37.71465686998708], [-122.47242343228362, 37.71612487144706], [-122.47256043255096, 37.7165068714415], [-122.472603433107, 37.71663087205428], [-122.47265843246026, 37.71691287160923], [-122.47267643200361, 37.71704387171018], [-122.47269843264324, 37.71725787144189], [-122.47249843262668, 37.71709687143566], [-122.47236943185696, 37.716998871229706], [-122.47212943255575, 37.716727872211266], [-122.47185443309445, 37.71643687135925], [-122.4715914324304, 37.71614787187263], [-122.47148343157704, 37.71609487217884], [-122.47074043141231, 37.716098871513516], [-122.46984443198501, 37.71610287155855], [-122.46894543128631, 37.71610787214749], [-122.46804343111287, 37.71611287202546], [-122.46806243227778, 37.71790987212674], [-122.46716343247742, 37.71791587240282], [-122.4662614314057, 37.71792187196785], [-122.4653684314531, 37.71792787224301], [-122.46446643127969, 37.71793387180702], [-122.46356843040591, 37.71793987279181], [-122.46266643023252, 37.71794587235484]]]]}, "properties": {"tract_fips": "06075031302", "fema_risk_rating": "Relatively High", "fema_risk_score": 89.9694385977}}, {"type": "Feature", "geometry": {"type": "MultiPolygon", "coordinates": [[[[-122.44875342641834, 37.717459874905074], [-122.44886342602317, 37.71706487434112], [-122.44898342657207, 37.7168238745493], [-122.44923742521868, 37.71631587417763], [-122.4492834252494, 37.71625387469947], [-122.44934242659727, 37.71617387392085], [-122.44940742599628, 37.716084874551946], [-122.44965342514527, 37.71574887419833], [-122.44977542624234, 37.71562687392126], [-122.45026142648913, 37.71514187389686], [-122.45039242601038, 37.71502587455174], [-122.45098742513882, 37.71451087423679], [-122.45123442590933, 37.71430387339282], [-122.45166042588168, 37.71394687353431], [-122.45179242612619, 37.71382587441816], [-122.45230442631225, 37.713353873716095], [-122.45291042620967, 37.71283887314999], [-122.4529774261568, 37.71278187370766], [-122.45389742587358, 37.7120528734954], [-122.4540254259201, 37.71196987277666], [-122.45453042643346, 37.71164387188798], [-122.45505442541679, 37.71132687220118], [-122.45562242567937, 37.71108587222242], [-122.45564542704221, 37.71107587178762], [-122.45607642613913, 37.71093687256882], [-122.45636542584413, 37.71084187174616], [-122.45640242655237, 37.71083487241385], [-122.45733842616268, 37.71065787273131], [-122.45833342712082, 37.710609872202525], [-122.45902842760498, 37.71060587186095], [-122.46088442783032, 37.710595872072055], [-122.4610554284329, 37.7106748711493], [-122.46134942816076, 37.710802871904285], [-122.46192742846907, 37.710983872272486], [-122.4623884277032, 37.71118487233213], [-122.46243142825924, 37.71120187205052], [-122.46258242787195, 37.711263871492136], [-122.46259642811566, 37.711379871752264], [-122.46260742888464, 37.71228387147879], [-122.46260742798633, 37.71253287230094], [-122.46259542918908, 37.713159871546914], [-122.46258142894537, 37.713913872373695], [-122.46261543017887, 37.71403987207465], [-122.45906142811528, 37.71406487215904], [-122.45608742780642, 37.71408687336335], [-122.45220042565686, 37.714113873863404], [-122.45193442641639, 37.71439087376647], [-122.45098242601426, 37.71550387431223], [-122.45040442570595, 37.716178874505], [-122.44993042695134, 37.71673487454003], [-122.44959842669032, 37.71712487421161], [-122.44928842617061, 37.71754787493991], [-122.4491114266186, 37.71789187484848], [-122.44891342535357, 37.71817987412194], [-122.44863142621959, 37.71840587459851], [-122.44860842575504, 37.718420874476834], [-122.44862142617383, 37.71831987447954], [-122.44869242631897, 37.717760874115214], [-122.44870042671488, 37.71769787390247], [-122.44871242641044, 37.7176058740821], [-122.44875342641834, 37.717459874905074]]]]}, "properties": {"tract_fips": "06075031401", "fema_risk_rating": "Relatively Moderate", "fema_risk_score": 87.2153449157}}, {"type": "Feature", "geometry": {"type": "MultiPolygon", "coordinates": [[[[-122.4622714302223, 37.718229872199004], [-122.46125743079419, 37.718241871988276], [-122.46023543007186, 37.71824087360472], [-122.45921342934955, 37.718239873800016], [-122.45818942897739, 37.71824187412004], [-122.45717142845301, 37.71824287392478], [-122.45613442766206, 37.71824487424471], [-122.45513742795241, 37.71824687385404], [-122.45421542858584, 37.71824887346328], [-122.45410842755739, 37.718183874054596], [-122.45407642687204, 37.7181358741376], [-122.4534044277507, 37.71777787374612], [-122.45266842636033, 37.717385873615875], [-122.45192142689594, 37.716987873903136], [-122.4511814262059, 37.71659287437569], [-122.45040442570595, 37.716178874505], [-122.45098242601426, 37.71550387431223], [-122.45193442641639, 37.71439087376647], [-122.45220042565686, 37.714113873863404], [-122.45608742780642, 37.71408687336335], [-122.45906142811528, 37.71406487215904], [-122.46261543017887, 37.71403987207465], [-122.46262842880104, 37.71431787211208], [-122.46263442954714, 37.71489387174335], [-122.46264143011817, 37.71562887217999], [-122.4626464292427, 37.716153872291464], [-122.46265143016387, 37.716580872187464], [-122.46265942966151, 37.717430872440104], [-122.46266643023252, 37.71794587235484], [-122.46266543040758, 37.71822087253338], [-122.4622714302223, 37.718229872199004]]]]}, "properties": {"tract_fips": "06075031402", "fema_risk_rating": "Relatively Moderate", "fema_risk_score": 82.9403160786}}, {"type": "Feature", "geometry": {"type": "MultiPolygon", "coordinates": [[[[-122.47728744572944, 37.76549587808262], [-122.47727544513555, 37.76539987777644], [-122.47714244506618, 37.76357187778814], [-122.47700044387764, 37.76171087761452], [-122.47678844326722, 37.759846878340966], [-122.47689644412057, 37.75984187786484], [-122.47796344415042, 37.75979387796405], [-122.47861544407857, 37.7597648771655], [-122.47903144400517, 37.75974687727643], [-122.480102444233, 37.759699877269135], [-122.48117444608233, 37.75965287652178], [-122.48224744596, 37.759605876454756], [-122.4833184452895, 37.75955887635783], [-122.48439144606546, 37.7595108755632], [-122.48452244648503, 37.761379876574445], [-122.4846534478029, 37.763240876554136], [-122.48478344839758, 37.765082877396765], [-122.48478944824534, 37.765169877053815], [-122.48466744804662, 37.76517787752319], [-122.48383044727221, 37.76521187773314], [-122.48371444781958, 37.76521587725552], [-122.48354144756719, 37.765217877726776], [-122.48276644671708, 37.765253878388684], [-122.48264644706647, 37.76525487826872], [-122.48251244717217, 37.76526487777859], [-122.48167744694592, 37.7653038780558], [-122.48156844626766, 37.76531087792125], [-122.48143844657133, 37.765312877679854], [-122.4806214458884, 37.765347877706525], [-122.48050144623781, 37.7653608775499], [-122.48037544673943, 37.765354877567816], [-122.47954644546262, 37.765389878284765], [-122.47942844636016, 37.765395878264016], [-122.47929444646586, 37.76540487858696], [-122.47837344512756, 37.76544587854529], [-122.47834544643679, 37.765455878739495], [-122.47822944608583, 37.76546187800323], [-122.47751544623338, 37.76549587879276], [-122.47740544573021, 37.76549187786524], [-122.47728744572944, 37.76549587808262]]]]}, "properties": {"tract_fips": "06075032601", "fema_risk_rating": "Relatively High", "fema_risk_score": 96.7500267561}}, {"type": "Feature", "geometry": {"type": "MultiPolygon", "coordinates": [[[[-122.48478944824534, 37.765169877053815], [-122.48478344839758, 37.765082877396765], [-122.4846534478029, 37.763240876554136], [-122.48452244648503, 37.761379876574445], [-122.48439144606546, 37.7595108755632], [-122.4833184452895, 37.75955887635783], [-122.48224744596, 37.759605876454756], [-122.48117444608233, 37.75965287652178], [-122.480102444233, 37.759699877269135], [-122.47903144400517, 37.75974687727643], [-122.47861544407857, 37.7597648771655], [-122.47796344415042, 37.75979387796405], [-122.47689644412057, 37.75984187786484], [-122.476725443518, 37.75797787694747], [-122.47662644378381, 37.75611787595127], [-122.47715944388628, 37.756094876576], [-122.47770644333414, 37.75607087647922], [-122.47877044388926, 37.756023876267086], [-122.47984344376692, 37.75597587601962], [-122.48091644454287, 37.75592887645737], [-122.48198644494576, 37.75588187615502], [-122.48306044464834, 37.75583387581542], [-122.4841304450512, 37.75578687616296], [-122.48520244600229, 37.75573987648065], [-122.48627444695332, 37.75569287605823], [-122.4864084468476, 37.75755187568178], [-122.48653844654396, 37.759416875218875], [-122.48666644748879, 37.76128587647459], [-122.48679644718514, 37.76314687668891], [-122.48692644777978, 37.76499087679919], [-122.48693244852589, 37.76506387607857], [-122.48679544736022, 37.76508187609409], [-122.48598044722544, 37.765119877296044], [-122.48586044757484, 37.76512287765173], [-122.48575144779491, 37.76512987753437], [-122.48488144830684, 37.765168877882715], [-122.48478944824534, 37.765169877053815]]]]}, "properties": {"tract_fips": "06075032602", "fema_risk_rating": "Relatively High", "fema_risk_score": 96.4563043297}}, {"type": "Feature", "geometry": {"type": "MultiPolygon", "coordinates": [[[[-122.48693244852589, 37.76506387607857], [-122.48692644777978, 37.76499087679919], [-122.48679644718514, 37.76314687668891], [-122.48666644748879, 37.76128587647459], [-122.48653844654396, 37.759416875218875], [-122.4864084468476, 37.75755187568178], [-122.48627444695332, 37.75569287605823], [-122.48734244590976, 37.755644875596055], [-122.48841244631268, 37.75559787511328], [-122.48948544708863, 37.75555087460066], [-122.49056044751438, 37.75550287475655], [-122.49163144774224, 37.75545587489382], [-122.49270144814513, 37.75540787427783], [-122.4937774474975, 37.75536087435474], [-122.49484644807549, 37.75531087435842], [-122.49528244899189, 37.75529087406634], [-122.49545944764559, 37.755282873948055], [-122.49558144964097, 37.757146873879314], [-122.49571844990832, 37.75901087442962], [-122.49584845050296, 37.76088087380953], [-122.49585844965038, 37.76098387386463], [-122.49597144962831, 37.76263787603856], [-122.49597644965118, 37.76274187498142], [-122.4959854507703, 37.762844875285786], [-122.49610445059601, 37.76457787613387], [-122.49611145026869, 37.764684875562956], [-122.49596045065594, 37.76469087559939], [-122.49561245139974, 37.764705875333206], [-122.49550444964807, 37.76470487615585], [-122.49537144957866, 37.76471587562746], [-122.49454045044868, 37.76473987576014], [-122.49442945012059, 37.76473787598611], [-122.49434245098027, 37.76474687567898], [-122.49344745047958, 37.76478587622935], [-122.49336244919243, 37.764783875746396], [-122.49324744956469, 37.76479387603012], [-122.49240745021389, 37.76483087607403], [-122.49228744966499, 37.764829875478085], [-122.4921544504939, 37.7648328765557], [-122.49134444948368, 37.76487287623576], [-122.49121644943715, 37.76487287623576], [-122.4910634492763, 37.76488187662236], [-122.49025644953741, 37.7649178760275], [-122.49014744975746, 37.76492087568123], [-122.48994844956584, 37.76493187583088], [-122.4891944486321, 37.764965876864025], [-122.48907544790812, 37.76496787663194], [-122.48895544825751, 37.76497987665832], [-122.48811344746024, 37.76501287636588], [-122.48799244798472, 37.76500987671584], [-122.48786944796109, 37.76502987651073], [-122.48704144830585, 37.7650678763191], [-122.48693244852589, 37.76506387607857]]]]}, "properties": {"tract_fips": "06075032700", "fema_risk_rating": "Very High", "fema_risk_score": 97.4813599229}}, {"type": "Feature", "geometry": {"type": "MultiPolygon", "coordinates": [[[[-122.4762474418705, 37.75051887570345], [-122.47615744145884, 37.748652876210166], [-122.47603344071196, 37.74678787596407], [-122.47588043965274, 37.74492487519978], [-122.47575243960623, 37.74305887459343], [-122.476791440047, 37.743012874110676], [-122.4778624402748, 37.74296587483882], [-122.4789314408528, 37.74291887411634], [-122.48000444162878, 37.742871874074424], [-122.48107644168148, 37.74282387381942], [-122.48214844263254, 37.742776873717176], [-122.48321844213712, 37.74272987429543], [-122.48429044218985, 37.74268287342308], [-122.48536144241767, 37.74263587394169], [-122.48549244373557, 37.74450287329698], [-122.48562344325681, 37.746363873758284], [-122.48575344474978, 37.74822987414515], [-122.48468044397383, 37.74827687362587], [-122.48360844392109, 37.74832487460621], [-122.48254044316802, 37.748371874736904], [-122.48146644256714, 37.7484188748377], [-122.48039444251441, 37.74846587561896], [-122.47932244156338, 37.74851387576644], [-122.47945244215802, 37.750377876471624], [-122.47838044210532, 37.750425876089146], [-122.4773094418775, 37.75047287630598], [-122.4762474418705, 37.75051887570345]]]]}, "properties": {"tract_fips": "06075032801", "fema_risk_rating": "Relatively High", "fema_risk_score": 95.9521006505}}, {"type": "Feature", "geometry": {"type": "MultiPolygon", "coordinates": [[[[-122.47662644378381, 37.75611787595127], [-122.4765574423902, 37.75424787691062], [-122.47638144266311, 37.752385875784476], [-122.47636944117093, 37.752272875988254], [-122.47625544226642, 37.75063187604751], [-122.4762474418705, 37.75051887570345], [-122.4773094418775, 37.75047287630598], [-122.47838044210532, 37.750425876089146], [-122.47945244215802, 37.750377876471624], [-122.47932244156338, 37.74851387576644], [-122.48039444251441, 37.74846587561896], [-122.48146644256714, 37.7484188748377], [-122.48254044316802, 37.748371874736904], [-122.48360844392109, 37.74832487460621], [-122.48468044397383, 37.74827687362587], [-122.48575344474978, 37.74822987414515], [-122.48588344444613, 37.750094874275824], [-122.48601444486569, 37.75196087434113], [-122.48614444546035, 37.75382487628813], [-122.48627444695332, 37.75569287605823], [-122.48520244600229, 37.75573987648065], [-122.4841304450512, 37.75578687616296], [-122.48306044464834, 37.75583387581542], [-122.48198644494576, 37.75588187615502], [-122.48091644454287, 37.75592887645737], [-122.47984344376692, 37.75597587601962], [-122.47877044388926, 37.756023876267086], [-122.47770644333414, 37.75607087647922], [-122.47715944388628, 37.756094876576], [-122.47662644378381, 37.75611787595127]]]]}, "properties": {"tract_fips": "06075032802", "fema_risk_rating": "Relatively High", "fema_risk_score": 93.5630789721}}, {"type": "Feature", "geometry": {"type": "MultiPolygon", "coordinates": [[[[-122.48588344444613, 37.750094874275824], [-122.48575344474978, 37.74822987414515], [-122.48562344325681, 37.746363873758284], [-122.48549244373557, 37.74450287329698], [-122.48536144241767, 37.74263587394169], [-122.48643444319364, 37.74258887372003], [-122.48750244394672, 37.74254187346858], [-122.48857344327622, 37.742494872476854], [-122.48964644405217, 37.7424468719774], [-122.4907184450032, 37.742399872346105], [-122.49179444435556, 37.74235287268496], [-122.49286344403524, 37.74230587157327], [-122.49393344533648, 37.74225887256283], [-122.49438444542317, 37.742238871584355], [-122.49453044591137, 37.74223187166684], [-122.49467244530327, 37.74409887197818], [-122.49468144642242, 37.74420787223299], [-122.49479844569996, 37.74588787242183], [-122.49480044624809, 37.745958871802145], [-122.4948164452433, 37.74606787215898], [-122.49493044684276, 37.74771387232208], [-122.49493744651546, 37.747823872340746], [-122.49494944621102, 37.747932872081655], [-122.49506144726232, 37.74958387384161], [-122.49507244713298, 37.74969087436086], [-122.49489744812912, 37.74969787428322], [-122.49445344591847, 37.74971587377611], [-122.49338444623878, 37.7497628737336], [-122.49231144725947, 37.74981087375011], [-122.49123844648352, 37.74985787435756], [-122.49016544570755, 37.749904873514566], [-122.48909244582994, 37.74995287414921], [-122.48802244542699, 37.749999873956185], [-122.48694944375275, 37.75004687444359], [-122.48588344444613, 37.750094874275824]]]]}, "properties": {"tract_fips": "06075032901", "fema_risk_rating": "Relatively High", "fema_risk_score": 94.629755152}}, {"type": "Feature", "geometry": {"type": "MultiPolygon", "coordinates": [[[[-122.48627444695332, 37.75569287605823], [-122.48614444546035, 37.75382487628813], [-122.48601444486569, 37.75196087434113], [-122.48588344444613, 37.750094874275824], [-122.48694944375275, 37.75004687444359], [-122.48802244542699, 37.749999873956185], [-122.48909244582994, 37.74995287414921], [-122.49016544570755, 37.749904873514566], [-122.49123844648352, 37.74985787435756], [-122.49231144725947, 37.74981087375011], [-122.49338444623878, 37.7497628737336], [-122.49445344591847, 37.74971587377611], [-122.49489744812912, 37.74969787428322], [-122.49507244713298, 37.74969087436086], [-122.49507944770399, 37.749795873837094], [-122.49519444823004, 37.75144087340748], [-122.495191447857, 37.75155287369883], [-122.49521044722525, 37.751660873565505], [-122.49532344810147, 37.75329287374924], [-122.4953334481472, 37.753419873969925], [-122.49534144764482, 37.75355087341559], [-122.49545844782067, 37.755223874469], [-122.49545944764559, 37.755282873948055], [-122.49528244899189, 37.75529087406634], [-122.49484644807549, 37.75531087435842], [-122.4937774474975, 37.75536087435474], [-122.49270144814513, 37.75540787427783], [-122.49163144774224, 37.75545587489382], [-122.49056044751438, 37.75550287475655], [-122.48948544708863, 37.75555087460066], [-122.48841244631268, 37.75559787511328], [-122.48734244590976, 37.755644875596055], [-122.48627444695332, 37.75569287605823]]]]}, "properties": {"tract_fips": "06075032902", "fema_risk_rating": "Relatively High", "fema_risk_score": 94.8426147242}}, {"type": "Feature", "geometry": {"type": "MultiPolygon", "coordinates": [[[[-122.48536144241767, 37.74263587394169], [-122.48523144272131, 37.74076787345635], [-122.48510044230176, 37.738909872946884], [-122.48616744233162, 37.7388628724906], [-122.48724344168399, 37.73881487176708], [-122.4883134420869, 37.73876787196085], [-122.48938344248978, 37.738719871886154], [-122.4904584429156, 37.7386728720196], [-122.49039044314351, 37.73793987199297], [-122.49050244329652, 37.7378418716584], [-122.49072144357962, 37.73774287165264], [-122.49092044377126, 37.737620872080534], [-122.4913114435835, 37.7373128722082], [-122.49123744306533, 37.73723087234449], [-122.49117544403938, 37.737149871939444], [-122.49071244246048, 37.73655187181992], [-122.4905794423911, 37.73626187168594], [-122.49054744170573, 37.73603887181473], [-122.4904874423296, 37.735851871322055], [-122.49029644253388, 37.73561587225243], [-122.48957644283365, 37.73533187229036], [-122.48896144181708, 37.73520287242558], [-122.48845244200407, 37.735176872084175], [-122.48772744138266, 37.735181872095886], [-122.4867734413307, 37.73504387221691], [-122.48634844118327, 37.735012871796876], [-122.48617144163126, 37.73500787248419], [-122.48609044144041, 37.7350058719065], [-122.48600144175195, 37.735003872039215], [-122.48593144143176, 37.73500987164098], [-122.48513544066523, 37.73508287208525], [-122.4850414400556, 37.73509187183336], [-122.48462643995387, 37.73516687205972], [-122.48415344012587, 37.735284872404215], [-122.4839084408018, 37.73536687229202], [-122.4835864405865, 37.73543687224565], [-122.4833024400061, 37.73546587263334], [-122.48279844021593, 37.73546987234297], [-122.4824934406174, 37.735429872395365], [-122.48243243961971, 37.73542187226115], [-122.48226143991549, 37.735396872280276], [-122.48155343991084, 37.73521287244517], [-122.47964643963185, 37.734701873694014], [-122.4795734398369, 37.734628873584526], [-122.47972943947252, 37.734623872114575], [-122.48028043911835, 37.73459987215853], [-122.48115943972554, 37.73456187233069], [-122.48151343972786, 37.73454687216892], [-122.48192343980668, 37.734528872539116], [-122.48204743965525, 37.734522872898374], [-122.48213644024202, 37.73451887242714], [-122.48237743936814, 37.7345068724331], [-122.4829014401481, 37.73448187214321], [-122.48324244062997, 37.73446487208338], [-122.48370144021423, 37.73444287195836], [-122.48380844034438, 37.73444187237229], [-122.48390744007857, 37.73443287183478], [-122.48410143934902, 37.73442487159282], [-122.48473644045704, 37.73439887168864], [-122.4849994402228, 37.73438787268282], [-122.48554444091916, 37.73436587182441], [-122.48589744019826, 37.73437987172555], [-122.48604044031337, 37.734372872485785], [-122.48643844159496, 37.73435287150791], [-122.48732544169975, 37.73430987219342], [-122.48820744088337, 37.734266871433114], [-122.48888744219724, 37.734234871809385], [-122.49047844210872, 37.734136871543484], [-122.4913204420077, 37.734105871454126], [-122.4922854419303, 37.73406787208315], [-122.49337144222675, 37.7340188700798], [-122.49381044351621, 37.7339988704272], [-122.49396844280162, 37.73399087013841], [-122.49404144349488, 37.73503287046518], [-122.49414944434822, 37.73656887140056], [-122.49415244472128, 37.73664087217218], [-122.49416044421889, 37.73671987118192], [-122.49427344419679, 37.73841187161323], [-122.49427944404458, 37.738502871633514], [-122.49428744354216, 37.7386048720541], [-122.49443044455562, 37.74036187191907], [-122.49453044591137, 37.74223187166684], [-122.49438444542317, 37.742238871584355], [-122.49393344533648, 37.74225887256283], [-122.49286344403524, 37.74230587157327], [-122.49179444435556, 37.74235287268496], [-122.4907184450032, 37.742399872346105], [-122.48964644405217, 37.7424468719774], [-122.48857344327622, 37.742494872476854], [-122.48750244394672, 37.74254187346858], [-122.48643444319364, 37.74258887372003], [-122.48536144241767, 37.74263587394169]]]]}, "properties": {"tract_fips": "06075033001", "fema_risk_rating": "Relatively High", "fema_risk_score": 95.4407620135}}, {"type": "Feature", "geometry": {"type": "MultiPolygon", "coordinates": [[[[-122.47575243960623, 37.74305887459343], [-122.47564743912594, 37.74119287453819], [-122.47551143778519, 37.739330873829076], [-122.47541643914725, 37.737459874422186], [-122.47535243777652, 37.73639387406801], [-122.47524743819453, 37.734878873475786], [-122.47521543750916, 37.73477187427637], [-122.47711543811549, 37.73471387365644], [-122.47721243819984, 37.73471587353163], [-122.47804943807593, 37.73468587326742], [-122.47873243796622, 37.73466187404193], [-122.47939543866336, 37.73463887368164], [-122.4795734398369, 37.734628873584526], [-122.47964643963185, 37.734701873694014], [-122.48155343991084, 37.73521287244517], [-122.48226143991549, 37.735396872280276], [-122.48243243961971, 37.73542187226115], [-122.4824934406174, 37.735429872395365], [-122.48279844021593, 37.73546987234297], [-122.4833024400061, 37.73546587263334], [-122.4835864405865, 37.73543687224565], [-122.4839084408018, 37.73536687229202], [-122.48415344012587, 37.735284872404215], [-122.48462643995387, 37.73516687205972], [-122.4850414400556, 37.73509187183336], [-122.48513544066523, 37.73508287208525], [-122.48593144143176, 37.73500987164098], [-122.48600144175195, 37.735003872039215], [-122.48609044144041, 37.7350058719065], [-122.48617144163126, 37.73500787248419], [-122.48634844118327, 37.735012871796876], [-122.4867734413307, 37.73504387221691], [-122.48772744138266, 37.735181872095886], [-122.48845244200407, 37.735176872084175], [-122.48896144181708, 37.73520287242558], [-122.48957644283365, 37.73533187229036], [-122.49029644253388, 37.73561587225243], [-122.4904874423296, 37.735851871322055], [-122.49054744170573, 37.73603887181473], [-122.4905794423911, 37.73626187168594], [-122.49071244246048, 37.73655187181992], [-122.49117544403938, 37.737149871939444], [-122.49123744306533, 37.73723087234449], [-122.4913114435835, 37.7373128722082], [-122.49092044377126, 37.737620872080534], [-122.49072144357962, 37.73774287165264], [-122.49050244329652, 37.7378418716584], [-122.49039044314351, 37.73793987199297], [-122.4904584429156, 37.7386728720196], [-122.48938344248978, 37.738719871886154], [-122.4883134420869, 37.73876787196085], [-122.48724344168399, 37.73881487176708], [-122.48616744233162, 37.7388628724906], [-122.48510044230176, 37.738909872946884], [-122.48523144272131, 37.74076787345635], [-122.48536144241767, 37.74263587394169], [-122.48429044218985, 37.74268287342308], [-122.48321844213712, 37.74272987429543], [-122.48214844263254, 37.742776873717176], [-122.48107644168148, 37.74282387381942], [-122.48000444162878, 37.742871874074424], [-122.4789314408528, 37.74291887411634], [-122.4778624402748, 37.74296587483882], [-122.476791440047, 37.743012874110676], [-122.47575243960623, 37.74305887459343]]]]}, "properties": {"tract_fips": "06075033002", "fema_risk_rating": "Relatively High", "fema_risk_score": 97.280391947}}, {"type": "Feature", "geometry": {"type": "MultiPolygon", "coordinates": [[[[-122.49396844280162, 37.73399087013841], [-122.49381044351621, 37.7339988704272], [-122.49337144222675, 37.7340188700798], [-122.4922854419303, 37.73406787208315], [-122.4913204420077, 37.734105871454126], [-122.49047844210872, 37.734136871543484], [-122.48888744219724, 37.734234871809385], [-122.48820744088337, 37.734266871433114], [-122.48732544169975, 37.73430987219342], [-122.48643844159496, 37.73435287150791], [-122.48604044031337, 37.734372872485785], [-122.48589744019826, 37.73437987172555], [-122.48554444091916, 37.73436587182441], [-122.4849994402228, 37.73438787268282], [-122.48473644045704, 37.73439887168864], [-122.48410143934902, 37.73442487159282], [-122.48390744007857, 37.73443287183478], [-122.48380844034438, 37.73444187237229], [-122.48370144021423, 37.73444287195836], [-122.48324244062997, 37.73446487208338], [-122.4829014401481, 37.73448187214321], [-122.48237743936814, 37.7345068724331], [-122.48213644024202, 37.73451887242714], [-122.48204743965525, 37.734522872898374], [-122.48192343980668, 37.734528872539116], [-122.48151343972786, 37.73454687216892], [-122.48115943972554, 37.73456187233069], [-122.48028043911835, 37.73459987215853], [-122.47972943947252, 37.734623872114575], [-122.4795734398369, 37.734628873584526], [-122.47939543866336, 37.73463887368164], [-122.47873243796622, 37.73466187404193], [-122.47804943807593, 37.73468587326742], [-122.47721243819984, 37.73471587353163], [-122.47711543811549, 37.73471387365644], [-122.47521543750916, 37.73477187427637], [-122.47519943761563, 37.73457187314731], [-122.47508943801078, 37.73250487307513], [-122.47499843597757, 37.73108187343764], [-122.47595343765106, 37.73111387300311], [-122.47686543787023, 37.73112387215399], [-122.47725843733228, 37.73112787280865], [-122.4782734374836, 37.73113887229874], [-122.47915843793858, 37.73114887215674], [-122.48004143784543, 37.731157872383015], [-122.4809264383004, 37.731167871528015], [-122.4818134384052, 37.731179872063194], [-122.48195643852034, 37.73118187203378], [-122.48269043936257, 37.73115687204218], [-122.4835714396196, 37.731089871909354], [-122.48444944040189, 37.7310228717159], [-122.48532843921245, 37.73095587146184], [-122.48620544016981, 37.73088887185758], [-122.48620343962168, 37.73060087155359], [-122.48633744041429, 37.730230871038785], [-122.48645644023998, 37.729986871093296], [-122.48652844021001, 37.72984087145193], [-122.48654243955538, 37.72981187099254], [-122.48659244068244, 37.729670872100506], [-122.48663243996708, 37.72956487142135], [-122.48675043996785, 37.72959687164238], [-122.48891644071293, 37.7302668702522], [-122.48901843992188, 37.73028687091284], [-122.48923144035722, 37.730328870080086], [-122.48960644117425, 37.7302958705334], [-122.4899274415646, 37.730174869701415], [-122.49016144101802, 37.73001287041528], [-122.49045144144625, 37.72970186978379], [-122.49052344141629, 37.72963587011682], [-122.49058544223887, 37.72955787030545], [-122.49100044144227, 37.72912187013815], [-122.4914454416812, 37.728892869980214], [-122.49178644216303, 37.72882487026857], [-122.49194944147133, 37.72882487026857], [-122.49205444105331, 37.72882487026857], [-122.492187442021, 37.728845870269794], [-122.49242644149732, 37.728914870333305], [-122.492812442185, 37.729091870449395], [-122.49318144225592, 37.72928686962992], [-122.49342044173223, 37.72944687048689], [-122.49355544145145, 37.729603870623166], [-122.49419644150895, 37.729437870052635], [-122.49457544252394, 37.729344869527594], [-122.49571444252382, 37.729068869779844], [-122.49606144195513, 37.729021869470614], [-122.49638344306877, 37.72904386978538], [-122.49672544247719, 37.729133870294405], [-122.49704344429112, 37.72931286990817], [-122.49725944330288, 37.72949986986416], [-122.49738044277838, 37.729677869653365], [-122.49739044372247, 37.72969886941264], [-122.49789744298732, 37.73073987011331], [-122.49808644403154, 37.73117487036032], [-122.49815344308037, 37.73134187021726], [-122.49817044369713, 37.731383869496625], [-122.49821544480129, 37.73154286974982], [-122.49821944410094, 37.73192186952616], [-122.49813344478552, 37.73227786982122], [-122.49748244468226, 37.73302287001677], [-122.49678644437319, 37.73359587034383], [-122.4967114440301, 37.733707869933035], [-122.49666244452462, 37.73378086952972], [-122.49662544381638, 37.73382487016663], [-122.49659044455461, 37.73386586986476], [-122.49647544402856, 37.73388686985727], [-122.49442944293409, 37.73396987017535], [-122.49396844280162, 37.73399087013841]]]]}, "properties": {"tract_fips": "06075033100", "fema_risk_rating": "Relatively High", "fema_risk_score": 95.8641028385}}, {"type": "Feature", "geometry": {"type": "MultiPolygon", "coordinates": [[[[-122.47499843597757, 37.73108187343764], [-122.47493443550515, 37.73041887257984], [-122.47491443631196, 37.7298418718106], [-122.47488343634983, 37.72901987228366], [-122.47498243608405, 37.72798287238535], [-122.47502543574176, 37.7269348727739], [-122.47513543624493, 37.72570187210844], [-122.4751764362528, 37.724927871913216], [-122.47521943501219, 37.72413287224528], [-122.47527443616207, 37.723113871697116], [-122.47537943394744, 37.72119087194471], [-122.47537943484575, 37.72103787151643], [-122.47558443398685, 37.72094587229103], [-122.47590643510046, 37.7208418714535], [-122.47609843472107, 37.72082987208538], [-122.47610043437089, 37.72076487138839], [-122.47704743564849, 37.720782871521536], [-122.47890243604891, 37.720848870551094], [-122.47901443620191, 37.72085387010915], [-122.479667435955, 37.72087687048767], [-122.48044843665289, 37.72090887019925], [-122.48058343547379, 37.72090986996795], [-122.48071143641862, 37.72086787043308], [-122.48080343558183, 37.720810870772475], [-122.48089543564332, 37.720736869988365], [-122.48094543677034, 37.720801869999306], [-122.48102243676324, 37.72083986978253], [-122.48112243542404, 37.72085786989745], [-122.48116643580497, 37.72087286998981], [-122.48212243640506, 37.721698870863285], [-122.48213643664874, 37.72185786988307], [-122.48223443655804, 37.72192687006211], [-122.48234243651308, 37.721944869912846], [-122.48245943579064, 37.72197786962791], [-122.4826364380376, 37.72208287075508], [-122.48342843770784, 37.722781870222164], [-122.48340443741839, 37.72287287026724], [-122.48343843775355, 37.722954870399555], [-122.48351543774648, 37.72298386999133], [-122.4835884375414, 37.72299786991268], [-122.48368743817392, 37.72304587023209], [-122.48493543885206, 37.72404187019545], [-122.48511843825183, 37.724143869932206], [-122.48404143907457, 37.72671087212112], [-122.48398343844994, 37.72694287169354], [-122.48397943825196, 37.72703487128599], [-122.48398343844994, 37.72709987145433], [-122.48407943870939, 37.727421871687405], [-122.48543143914462, 37.7290288720582], [-122.48574843933702, 37.729301872278285], [-122.4864994398977, 37.72951387210628], [-122.48663243996708, 37.72956487142135], [-122.48659244068244, 37.729670872100506], [-122.48654243955538, 37.72981187099254], [-122.48652844021001, 37.72984087145193], [-122.48645644023998, 37.729986871093296], [-122.48633744041429, 37.730230871038785], [-122.48620343962168, 37.73060087155359], [-122.48620544016981, 37.73088887185758], [-122.48532843921245, 37.73095587146184], [-122.48444944040189, 37.7310228717159], [-122.4835714396196, 37.731089871909354], [-122.48269043936257, 37.73115687204218], [-122.48195643852034, 37.73118187203378], [-122.4818134384052, 37.731179872063194], [-122.4809264383004, 37.731167871528015], [-122.48004143784543, 37.731157872383015], [-122.47915843793858, 37.73114887215674], [-122.4782734374836, 37.73113887229874], [-122.47725843733228, 37.73112787280865], [-122.47686543787023, 37.73112387215399], [-122.47595343765106, 37.73111387300311], [-122.47499843597757, 37.73108187343764]]]]}, "properties": {"tract_fips": "06075033201", "fema_risk_rating": "Very High", "fema_risk_score": 99.9916758827}}, {"type": "Feature", "geometry": {"type": "MultiPolygon", "coordinates": [[[[-122.47468743383631, 37.7191608722828], [-122.47444243451224, 37.718889871224675], [-122.4741014340304, 37.71855187191128], [-122.47371243386795, 37.718149871422234], [-122.47345443322679, 37.717875871500446], [-122.47328943426865, 37.71770387135338], [-122.47309543320159, 37.71751587164476], [-122.47294743306358, 37.71735987199306], [-122.47269843264324, 37.71725787144189], [-122.47267643200361, 37.71704387171018], [-122.47265843246026, 37.71691287160923], [-122.472603433107, 37.71663087205428], [-122.47256043255096, 37.7165068714415], [-122.47242343228362, 37.71612487144706], [-122.47186243169374, 37.71465686998708], [-122.47173743291859, 37.71423887052297], [-122.47166543205027, 37.713995870342245], [-122.47162443204238, 37.7138588699329], [-122.47149843164568, 37.713436870042], [-122.47138143236812, 37.71281187076406], [-122.47189543130571, 37.71280686995266], [-122.4722954313388, 37.712847869916146], [-122.47239743234435, 37.71287787049899], [-122.47261043188136, 37.71294186971208], [-122.47274443267398, 37.712990870027156], [-122.47284743170783, 37.71302987013873], [-122.47341743162025, 37.71324287022204], [-122.47399043190568, 37.71345587040365], [-122.4744574318859, 37.71369687049143], [-122.47536843317846, 37.71416986957886], [-122.47547443348368, 37.71420386977406], [-122.47556343407045, 37.7142568701099], [-122.47593343396632, 37.714407869906886], [-122.47631943285738, 37.714508870262875], [-122.47665043329347, 37.71457686961592], [-122.47704243382896, 37.71460287008356], [-122.47891243429804, 37.714576870326496], [-122.47998743382549, 37.71460086966524], [-122.48023143332466, 37.71460186951911], [-122.4803324345053, 37.71460686949872], [-122.48041743489412, 37.714609869770605], [-122.48184843497206, 37.71466786979151], [-122.4850694360514, 37.71476386840319], [-122.48520043647099, 37.71481286893458], [-122.485301435855, 37.7148328680835], [-122.4852374362809, 37.71621886992811], [-122.485153435717, 37.718065869909694], [-122.48515443554192, 37.71828686958197], [-122.485153435717, 37.71833586991518], [-122.48515443644023, 37.71837087013333], [-122.48515543626513, 37.718543869953656], [-122.4851504371406, 37.71858486958487], [-122.4850414364623, 37.718582869984665], [-122.48485843706253, 37.71858087038444], [-122.48479643713826, 37.71857986987372], [-122.4843014357723, 37.71856486931699], [-122.48316943634343, 37.718526869787965], [-122.48318543623695, 37.7182808700465], [-122.48320643615335, 37.717961870003066], [-122.48323143536938, 37.71759486973967], [-122.4815694353128, 37.71754086984565], [-122.48074243548245, 37.71751387059452], [-122.48056143573247, 37.71743486957082], [-122.48000743571362, 37.71695186965643], [-122.4787004336876, 37.71791287013304], [-122.47847143425706, 37.717706870078636], [-122.47813943489435, 37.71749387074806], [-122.4777484341838, 37.717420870729825], [-122.47740343350398, 37.717562870728386], [-122.47733543463023, 37.717639870568746], [-122.47726643413495, 37.71771887066323], [-122.47598643456806, 37.71692987001348], [-122.47591643334955, 37.71693086983593], [-122.47584443337955, 37.71690087018345], [-122.47538043467067, 37.717377870111115], [-122.47527943349002, 37.71742486999291], [-122.47440943400197, 37.717516870748625], [-122.47446543407845, 37.717858870470856], [-122.47451043338599, 37.718128871230704], [-122.47456343398777, 37.71844587166174], [-122.47462243353898, 37.71880387166755], [-122.47488943350267, 37.71904587191816], [-122.47468743383631, 37.7191608722828]]]]}, "properties": {"tract_fips": "06075033203", "fema_risk_rating": "Very High", "fema_risk_score": 97.4659008479}}, {"type": "Feature", "geometry": {"type": "MultiPolygon", "coordinates": [[[[-122.47610043437089, 37.72076487138839], [-122.475918434796, 37.72078787179459], [-122.47565943432993, 37.72082487181517], [-122.47537343409968, 37.72092387170245], [-122.47538843416828, 37.720531871875835], [-122.47539443401604, 37.72037987128344], [-122.47539643366589, 37.72028487190954], [-122.4751944339995, 37.71977687182091], [-122.47505543408234, 37.71955487112196], [-122.47489943444674, 37.719371871505146], [-122.47468743383631, 37.7191608722828], [-122.47488943350267, 37.71904587191816], [-122.47462243353898, 37.71880387166755], [-122.47456343398777, 37.71844587166174], [-122.47451043338599, 37.718128871230704], [-122.47446543407845, 37.717858870470856], [-122.47440943400197, 37.717516870748625], [-122.47527943349002, 37.71742486999291], [-122.47538043467067, 37.717377870111115], [-122.47584443337955, 37.71690087018345], [-122.47591643334955, 37.71693086983593], [-122.47598643456806, 37.71692987001348], [-122.47726643413495, 37.71771887066323], [-122.47733543463023, 37.717639870568746], [-122.47740343350398, 37.717562870728386], [-122.4777484341838, 37.717420870729825], [-122.47813943489435, 37.71749387074806], [-122.47847143425706, 37.717706870078636], [-122.4787004336876, 37.71791287013304], [-122.48000743571362, 37.71695186965643], [-122.48056143573247, 37.71743486957082], [-122.48074243548245, 37.71751387059452], [-122.4815694353128, 37.71754086984565], [-122.48323143536938, 37.71759486973967], [-122.48320643615335, 37.717961870003066], [-122.48318543623695, 37.7182808700465], [-122.48316943634343, 37.718526869787965], [-122.4843014357723, 37.71856486931699], [-122.48479643713826, 37.71857986987372], [-122.48485843706253, 37.71858087038444], [-122.4850414364623, 37.718582869984665], [-122.4851504371406, 37.71858486958487], [-122.48515543716347, 37.71863486952037], [-122.4851584375365, 37.71985686941951], [-122.4851634375594, 37.72108787050687], [-122.48516943830546, 37.72291387034471], [-122.48514843749075, 37.723175870408], [-122.48515343751363, 37.72395787039039], [-122.4851424385413, 37.7240238708543], [-122.4851224384498, 37.72413387054941], [-122.48511843825183, 37.724143869932206], [-122.48493543885206, 37.72404187019545], [-122.48368743817392, 37.72304587023209], [-122.4835884375414, 37.72299786991268], [-122.48351543774648, 37.72298386999133], [-122.48343843775355, 37.722954870399555], [-122.48340443741839, 37.72287287026724], [-122.48342843770784, 37.722781870222164], [-122.4826364380376, 37.72208287075508], [-122.48245943579064, 37.72197786962791], [-122.48234243651308, 37.721944869912846], [-122.48223443655804, 37.72192687006211], [-122.48213643664874, 37.72185786988307], [-122.48212243640506, 37.721698870863285], [-122.48116643580497, 37.72087286998981], [-122.48112243542404, 37.72085786989745], [-122.48102243676324, 37.72083986978253], [-122.48094543677034, 37.720801869999306], [-122.48089543564332, 37.720736869988365], [-122.48080343558183, 37.720810870772475], [-122.48071143641862, 37.72086787043308], [-122.48058343547379, 37.72090986996795], [-122.48044843665289, 37.72090887019925], [-122.479667435955, 37.72087687048767], [-122.47901443620191, 37.72085387010915], [-122.47890243604891, 37.720848870551094], [-122.47704743564849, 37.720782871521536], [-122.47610043437089, 37.72076487138839]]]]}, "properties": {"tract_fips": "06075033204", "fema_risk_rating": "Relatively High", "fema_risk_score": 96.6870012962}}, {"type": "Feature", "geometry": {"type": "MultiPolygon", "coordinates": [[[[-122.49611145026869, 37.764684875562956], [-122.49610445059601, 37.76457787613387], [-122.4959854507703, 37.762844875285786], [-122.49597644965118, 37.76274187498142], [-122.49597144962831, 37.76263787603856], [-122.49585844965038, 37.76098387386463], [-122.49584845050296, 37.76088087380953], [-122.49571844990832, 37.75901087442962], [-122.49617845021585, 37.75899087442761], [-122.49724845061874, 37.75894387465019], [-122.49831944994824, 37.75889787409869], [-122.49939145000099, 37.758850874262144], [-122.5004624511271, 37.758803874395774], [-122.5015314517051, 37.75875687449956], [-122.50260845178072, 37.758709873863204], [-122.50273945220027, 37.76057687392057], [-122.50287045261985, 37.76243687430078], [-122.50299945159296, 37.76427387368565], [-122.50300545233905, 37.76435387433892], [-122.50288745233826, 37.764363873970666], [-122.50204145224136, 37.764402874723004], [-122.50193345228632, 37.76440887478227], [-122.50183645220194, 37.76441587402233], [-122.50096245251594, 37.76445287496546], [-122.50085945258377, 37.76445487403703], [-122.50075545192837, 37.764461873982896], [-122.49987645132117, 37.764496874412295], [-122.49978745253107, 37.764495874522], [-122.49966745198213, 37.76451087500553], [-122.49879645087255, 37.76454787590112], [-122.49871745122982, 37.76454987568029], [-122.49862445224171, 37.76455587501752], [-122.497765451726, 37.76459587555751], [-122.49764645190032, 37.76459587626768], [-122.4974834507954, 37.76461087531059], [-122.49665745168825, 37.764660875412474], [-122.49657145147454, 37.76465887563631], [-122.49645745077342, 37.76466987511472], [-122.49611145026869, 37.764684875562956]]]]}, "properties": {"tract_fips": "06075035101", "fema_risk_rating": "Relatively High", "fema_risk_score": 91.8269059256}}, {"type": "Feature", "geometry": {"type": "MultiPolygon", "coordinates": [[[[-122.49571844990832, 37.75901087442962], [-122.49558144964097, 37.757146873879314], [-122.49545944764559, 37.755282873948055], [-122.49545844782067, 37.755223874469], [-122.49534144764482, 37.75355087341559], [-122.4953334481472, 37.753419873969925], [-122.49532344810147, 37.75329287374924], [-122.49521044722525, 37.751660873565505], [-122.495191447857, 37.75155287369883], [-122.49565644818742, 37.75153687336318], [-122.49672844734181, 37.75148587426786], [-122.49779644809489, 37.7514358737837], [-122.4988684481476, 37.75139087289292], [-122.49994044820033, 37.75134387254889], [-122.49981044850401, 37.7494818722135], [-122.50088344927995, 37.74943487207752], [-122.50195644915762, 37.74938687181712], [-122.50208644975226, 37.75124987177129], [-122.50221745017181, 37.7531158725411], [-122.50234444949511, 37.75496287347662], [-122.5024764497396, 37.75684487354726], [-122.50260845178072, 37.758709873863204], [-122.5015314517051, 37.75875687449956], [-122.5004624511271, 37.758803874395774], [-122.49939145000099, 37.758850874262144], [-122.49831944994824, 37.75889787409869], [-122.49724845061874, 37.75894387465019], [-122.49617845021585, 37.75899087442761], [-122.49571844990832, 37.75901087442962]]]]}, "properties": {"tract_fips": "06075035102", "fema_risk_rating": "Relatively High", "fema_risk_score": 95.6024877219}}, {"type": "Feature", "geometry": {"type": "MultiPolygon", "coordinates": [[[[-122.50989645403635, 37.76409987358157], [-122.50985945512477, 37.76397887403521], [-122.5098434543329, 37.7637388734395], [-122.50964845344095, 37.762136873394006], [-122.50940845413973, 37.76028187301844], [-122.50919245333135, 37.75849787242011], [-122.50913745307975, 37.75842387236964], [-122.50796245399319, 37.75847587233607], [-122.5068944523418, 37.75852287241087], [-122.5058234530123, 37.75856987316599], [-122.50475145206124, 37.75861587392146], [-122.5036784512853, 37.758662873907255], [-122.50260845178072, 37.758709873863204], [-122.5024764497396, 37.75684487354726], [-122.50234444949511, 37.75496287347662], [-122.50221745017181, 37.7531158725411], [-122.50208644975226, 37.75124987177129], [-122.50195644915762, 37.74938687181712], [-122.50303044886014, 37.74933987162082], [-122.50410045016137, 37.74929187200916], [-122.50517444986393, 37.74924487175246], [-122.50624545009174, 37.74919687207918], [-122.50731345084482, 37.74914987176219], [-122.50796845024772, 37.74912087105298], [-122.50837345030367, 37.748968871607644], [-122.5084894497563, 37.748924871448224], [-122.50890545058122, 37.74883987135675], [-122.50961626051607, 37.74885446517222], [-122.50960993008827, 37.7489120434499], [-122.50970603455232, 37.74928108262236], [-122.50972592415103, 37.74956103935405], [-122.50992799208936, 37.74993593020363], [-122.5099219751736, 37.75020000742298], [-122.51017201404638, 37.75065997126502], [-122.51042105039934, 37.750955972254026], [-122.51050394962871, 37.751350083198766], [-122.51054575093383, 37.75150722795034], [-122.51055645166551, 37.751580871969495], [-122.51058845235087, 37.75168187206126], [-122.51059664947782, 37.7516985698529], [-122.51066991876732, 37.75197400864735], [-122.51075298418505, 37.75240104563622], [-122.51091895422198, 37.752597934517084], [-122.51104224889305, 37.75324589734159], [-122.51104389370835, 37.75325582247743], [-122.51100302485446, 37.753714081183766], [-122.51100302395618, 37.75453506219126], [-122.51104397276009, 37.75483106330377], [-122.51120994010208, 37.75558602484482], [-122.5111270399744, 37.75594704204917], [-122.51096107083576, 37.75617602031158], [-122.5109189533237, 37.75663598464652], [-122.51108592498217, 37.75699700240914], [-122.51108592408386, 37.75732592933807], [-122.51116899129816, 37.757686946574594], [-122.51137607542906, 37.75821293045001], [-122.51174996323344, 37.75972302111362], [-122.51187498177153, 37.760314020464115], [-122.51189312145209, 37.76061236621724], [-122.51188045430824, 37.76071687223979], [-122.51188245395808, 37.76084887290819], [-122.51190145422463, 37.76098087263084], [-122.51191693219697, 37.76103676473098], [-122.51191693219697, 37.76179202016127], [-122.51195804898586, 37.76215404109028], [-122.51208306932058, 37.7625150596202], [-122.51224903666258, 37.76277696357518], [-122.51233193768859, 37.76300694475314], [-122.51233147864949, 37.7631153128078], [-122.51230145515605, 37.763208873123055], [-122.51232068000142, 37.76327642793624], [-122.5122570595164, 37.763476936672475], [-122.51221257674017, 37.763632740454455], [-122.51221006774556, 37.76364153220566], [-122.51046145572249, 37.764069873865104], [-122.51032345563026, 37.76408287393311], [-122.50989645403635, 37.76409987358157]]]]}, "properties": {"tract_fips": "06075035201", "fema_risk_rating": "Relatively High", "fema_risk_score": 95.0233669866}}, {"type": "Feature", "geometry": {"type": "MultiPolygon", "coordinates": [[[[-122.50300545233905, 37.76435387433892], [-122.50299945159296, 37.76427387368565], [-122.50287045261985, 37.76243687430078], [-122.50273945220027, 37.76057687392057], [-122.50260845178072, 37.758709873863204], [-122.5036784512853, 37.758662873907255], [-122.50475145206124, 37.75861587392146], [-122.5058234530123, 37.75856987316599], [-122.5068944523418, 37.75852287241087], [-122.50796245399319, 37.75847587233607], [-122.50913745307975, 37.75842387236964], [-122.50919245333135, 37.75849787242011], [-122.50940845413973, 37.76028187301844], [-122.50964845344095, 37.762136873394006], [-122.5098434543329, 37.7637388734395], [-122.50985945512477, 37.76397887403521], [-122.50989645403635, 37.76409987358157], [-122.50943745535035, 37.76409787379024], [-122.50931045423044, 37.764097873080075], [-122.50848845442296, 37.764115873330695], [-122.50836145420135, 37.76411687322618], [-122.50823545380467, 37.76412987399605], [-122.50739145425588, 37.764161874188005], [-122.50729345434661, 37.76416487387245], [-122.5071754534475, 37.76417387363505], [-122.50634945434038, 37.76421287377741], [-122.50621945464403, 37.76421687406397], [-122.50611645381358, 37.764219874456295], [-122.50525845402109, 37.76425887386423], [-122.50515545408892, 37.764264873935225], [-122.50500845377584, 37.764269874112344], [-122.50418445342022, 37.76430587381532], [-122.50408145438638, 37.76430387473972], [-122.50395245271831, 37.76431387437822], [-122.50311045281936, 37.76435287444671], [-122.50300545233905, 37.76435387433892]]]]}, "properties": {"tract_fips": "06075035202", "fema_risk_rating": "Relatively High", "fema_risk_score": 93.5381066201}}, {"type": "Feature", "geometry": {"type": "MultiPolygon", "coordinates": [[[[-122.495191447857, 37.75155287369883], [-122.49519444823004, 37.75144087340748], [-122.49507944770399, 37.749795873837094], [-122.49507244713298, 37.74969087436086], [-122.49506144726232, 37.74958387384161], [-122.49494944621102, 37.747932872081655], [-122.49493744651546, 37.747823872340746], [-122.49493044684276, 37.74771387232208], [-122.4948164452433, 37.74606787215898], [-122.49480044624809, 37.745958871802145], [-122.49479844569996, 37.74588787242183], [-122.49468144642242, 37.74420787223299], [-122.49467244530327, 37.74409887197818], [-122.49453044591137, 37.74223187166684], [-122.49443044455562, 37.74036187191907], [-122.49428744354216, 37.7386048720541], [-122.49427944404458, 37.738502871633514], [-122.49427344419679, 37.73841187161323], [-122.49416044421889, 37.73671987118192], [-122.49415244472128, 37.73664087217218], [-122.49414944434822, 37.73656887140056], [-122.49404144349488, 37.73503287046518], [-122.49396844280162, 37.73399087013841], [-122.49442944293409, 37.73396987017535], [-122.49647544402856, 37.73388686985727], [-122.49659044455461, 37.73386586986476], [-122.49688244463266, 37.73387687036904], [-122.4975134437461, 37.733934870934206], [-122.49805744371922, 37.734036869833595], [-122.4986324445528, 37.73419587007346], [-122.49905944345174, 37.734368869875155], [-122.49916544465528, 37.73441386974911], [-122.49926544421439, 37.73446387036631], [-122.50008944457001, 37.73491486971906], [-122.50051944563864, 37.73511486992165], [-122.50092844589257, 37.735262870391516], [-122.50106744580971, 37.73530987029163], [-122.50104344552028, 37.735359870303796], [-122.50098544669228, 37.735480870477616], [-122.50103644584757, 37.73633387062484], [-122.50116844699038, 37.73820187004667], [-122.50129844578841, 37.74005887034608], [-122.50143044693118, 37.74191987172772], [-122.50156244807401, 37.743794872035636], [-122.50169544814338, 37.745654872396024], [-122.50182444801482, 37.74751987207161], [-122.50195644915762, 37.74938687181712], [-122.50088344927995, 37.74943487207752], [-122.49981044850401, 37.7494818722135], [-122.49994044820033, 37.75134387254889], [-122.4988684481476, 37.75139087289292], [-122.49779644809489, 37.7514358737837], [-122.49672844734181, 37.75148587426786], [-122.49565644818742, 37.75153687336318], [-122.495191447857, 37.75155287369883]]]]}, "properties": {"tract_fips": "06075035300", "fema_risk_rating": "Relatively High", "fema_risk_score": 97.17693506}}, {"type": "Feature", "geometry": {"type": "MultiPolygon", "coordinates": [[[[-122.50195644915762, 37.74938687181712], [-122.50182444801482, 37.74751987207161], [-122.50169544814338, 37.745654872396024], [-122.50156244807401, 37.743794872035636], [-122.50143044693118, 37.74191987172772], [-122.50129844578841, 37.74005887034608], [-122.50116844699038, 37.73820187004667], [-122.50103644584757, 37.73633387062484], [-122.50098544669228, 37.735480870477616], [-122.50104344552028, 37.735359870303796], [-122.50106744580971, 37.73530987029163], [-122.50120544590197, 37.73535186945162], [-122.50162144582859, 37.73544786967481], [-122.50205744674501, 37.735524870104314], [-122.50258444610137, 37.73556686985273], [-122.50302144594437, 37.735564870000594], [-122.5031364464704, 37.73556186986701], [-122.50324544535205, 37.73556086958567], [-122.50421144599788, 37.735567869423605], [-122.50517944629354, 37.73557486997128], [-122.5052884460735, 37.735574869260844], [-122.50540644697256, 37.735575869542004], [-122.50616144773119, 37.73558086952678], [-122.5065474484189, 37.73558186980785], [-122.50669644838183, 37.73557586883156], [-122.50682244788021, 37.73556886899443], [-122.50843466779533, 37.73542356592255], [-122.50852848694528, 37.73556896206035], [-122.50852644866791, 37.735577868683464], [-122.50853644871367, 37.73560386888405], [-122.50855712793148, 37.73561334739632], [-122.50855931622753, 37.73561673897285], [-122.50853744764025, 37.73565286841751], [-122.5085334483406, 37.735671868764356], [-122.50853478593207, 37.73572939477998], [-122.50817003579074, 37.73660200668295], [-122.50829405360558, 37.73730398568532], [-122.50831795508037, 37.73846108098725], [-122.5082639672301, 37.73890399584911], [-122.50840402985425, 37.739267018892384], [-122.50842007646018, 37.73958692029824], [-122.50827199098221, 37.73982108101669], [-122.50823304901463, 37.74038099253248], [-122.50830307987756, 37.74110703940147], [-122.50841205270807, 37.741728959887034], [-122.50858303444598, 37.74214797418695], [-122.5087229299835, 37.74271991933344], [-122.50883992566777, 37.74326796449492], [-122.50894104452775, 37.74396994421784], [-122.5090889611224, 37.74455994067365], [-122.5089340250921, 37.74501605971456], [-122.50887903562028, 37.7455699552091], [-122.50907391793466, 37.745926961050905], [-122.50928401052342, 37.74705597699709], [-122.50937794286111, 37.7472139228693], [-122.5094730448053, 37.747506079225424], [-122.50958903707142, 37.74789701499611], [-122.50958903707142, 37.748038079331124], [-122.50957800755633, 37.74823797659981], [-122.50965204849868, 37.74852896330654], [-122.50961677255579, 37.7488498112896], [-122.50961626051607, 37.74885446517222], [-122.50890545058122, 37.74883987135675], [-122.5084894497563, 37.748924871448224], [-122.50837345030367, 37.748968871607644], [-122.50796845024772, 37.74912087105298], [-122.50731345084482, 37.74914987176219], [-122.50624545009174, 37.74919687207918], [-122.50517444986393, 37.74924487175246], [-122.50410045016137, 37.74929187200916], [-122.50303044886014, 37.74933987162082], [-122.50195644915762, 37.74938687181712]]]]}, "properties": {"tract_fips": "06075035400", "fema_risk_rating": "Very High", "fema_risk_score": 97.7643799127}}, {"type": "Feature", "geometry": {"type": "MultiPolygon", "coordinates": [[[[-122.45920544422498, 37.78569188482185], [-122.45916044401915, 37.785068884171444], [-122.45907144433068, 37.783836883928224], [-122.459024444475, 37.78319888444075], [-122.45890444482443, 37.78133588402359], [-122.46003144423042, 37.78129088357329], [-122.46109444406231, 37.78123688328084], [-122.46122044445902, 37.78123288320501], [-122.46202844402278, 37.781198883261716], [-122.462170444313, 37.78118688373741], [-122.4622964447097, 37.78118988415117], [-122.46311544414412, 37.78115488310306], [-122.46324344419064, 37.781156883853114], [-122.46336544438935, 37.78115088373279], [-122.46417844487434, 37.78110988254258], [-122.46431044511878, 37.78109888195967], [-122.46445144558412, 37.782949884142575], [-122.46457744598081, 37.7848018836035], [-122.46459844589721, 37.785003883797586], [-122.46471944627103, 37.786679883514054], [-122.46484344791622, 37.788387883913195], [-122.4648074479312, 37.78857388411182], [-122.46360744603531, 37.78881588415034], [-122.4599514456611, 37.789552884516304], [-122.45950244612251, 37.78972088493009], [-122.4594794465563, 37.78931088405176], [-122.45941444625899, 37.78841488429169], [-122.45935044578655, 37.787530884232424], [-122.45930644540563, 37.78692388395964], [-122.4592824460145, 37.786632884295905], [-122.45920544422498, 37.78569188482185]]]]}, "properties": {"tract_fips": "06075040100", "fema_risk_rating": "Very High", "fema_risk_score": 98.5837108915}}, {"type": "Feature", "geometry": {"type": "MultiPolygon", "coordinates": [[[[-122.4648074479312, 37.78857388411182], [-122.46484344791622, 37.788387883913195], [-122.46471944627103, 37.786679883514054], [-122.46459844589721, 37.785003883797586], [-122.46457744598081, 37.7848018836035], [-122.46445144558412, 37.782949884142575], [-122.46431044511878, 37.78109888195967], [-122.46443944588856, 37.78109188216876], [-122.46526544589399, 37.78105888253696], [-122.46538444571966, 37.78104688227992], [-122.46550244572046, 37.78104688227992], [-122.46632344570301, 37.7810078824961], [-122.46645844542223, 37.78099988231944], [-122.4665814463442, 37.781000882696574], [-122.4674004457786, 37.78096488189137], [-122.46751844667769, 37.78094788186004], [-122.46763644578016, 37.780949881905684], [-122.46846044703409, 37.78090888202398], [-122.46859544585497, 37.78089988216812], [-122.4687304464725, 37.78089988145817], [-122.46952744616561, 37.780852882114225], [-122.4696584465852, 37.78084888272756], [-122.47074844707957, 37.78080488236061], [-122.47180744761184, 37.78077188118068], [-122.4722904483839, 37.78075688186583], [-122.47228044743984, 37.78083888177513], [-122.4722834469146, 37.780881882453116], [-122.47229644733338, 37.78105588140787], [-122.47240144781367, 37.78251388186809], [-122.47240544711333, 37.78259088160024], [-122.47241344840754, 37.78268388195354], [-122.47253944880426, 37.78438288155998], [-122.472542448279, 37.78446288246572], [-122.47255144849981, 37.784569882228375], [-122.4726224477466, 37.78550188178422], [-122.47262344846985, 37.786099881735296], [-122.47260544802819, 37.786217882500324], [-122.47260944912445, 37.78632688246199], [-122.47257444896437, 37.786516881958725], [-122.47252744821036, 37.78670788197676], [-122.47246244970968, 37.786977882226914], [-122.47237844914578, 37.78724388245003], [-122.472260449145, 37.78724188257469], [-122.47118644854413, 37.78723288207009], [-122.4709384479487, 37.787230882194464], [-122.4701074479204, 37.78740888369257], [-122.4680154485918, 37.787858883789], [-122.46695044821175, 37.788141883481046], [-122.4658684481133, 37.788359883247324], [-122.4648074479312, 37.78857388411182]]]]}, "properties": {"tract_fips": "06075040200", "fema_risk_rating": "Very High", "fema_risk_score": 99.6527653907}}, {"type": "Feature", "geometry": {"type": "MultiPolygon", "coordinates": [[[[-122.47874045004026, 37.78604088199206], [-122.47860545032104, 37.78418388138062], [-122.47847044970351, 37.78231788057429], [-122.4783364498092, 37.780458880078754], [-122.47844044956629, 37.78045588034533], [-122.47928144874201, 37.780421880044635], [-122.47941444970974, 37.780412880129475], [-122.48048245046282, 37.78036288002866], [-122.48154944959434, 37.78032788000903], [-122.48262445002013, 37.78027488010994], [-122.48369345059812, 37.780216879654375], [-122.4838304517638, 37.782086880283984], [-122.48396245200826, 37.783940880035466], [-122.48410645284663, 37.785804880418354], [-122.48303145152252, 37.785844880112414], [-122.48195545217015, 37.7858938811635], [-122.48088645159216, 37.785943881782416], [-122.47981245009298, 37.785992882057954], [-122.47874045004026, 37.78604088199206]]]]}, "properties": {"tract_fips": "06075042601", "fema_risk_rating": "Relatively High", "fema_risk_score": 93.4715136813}}, {"type": "Feature", "geometry": {"type": "MultiPolygon", "coordinates": [[[[-122.47260944912445, 37.78632688246199], [-122.47260544802819, 37.786217882500324], [-122.47262344846985, 37.786099881735296], [-122.4726224477466, 37.78550188178422], [-122.47255144849981, 37.784569882228375], [-122.472542448279, 37.78446288246572], [-122.47253944880426, 37.78438288155998], [-122.47241344840754, 37.78268388195354], [-122.47240544711333, 37.78259088160024], [-122.47240144781367, 37.78251388186809], [-122.47229644733338, 37.78105588140787], [-122.4722834469146, 37.780881882453116], [-122.47228044743984, 37.78083888177513], [-122.4722904483839, 37.78075688186583], [-122.47242644792804, 37.78075088242305], [-122.47287644818984, 37.78072388137447], [-122.47401344853989, 37.78065588171398], [-122.47511544783153, 37.780606881450055], [-122.47620144812795, 37.780563881322045], [-122.47727044870595, 37.780511880555906], [-122.4783364498092, 37.780458880078754], [-122.47847044970351, 37.78231788057429], [-122.47860545032104, 37.78418388138062], [-122.47874045004026, 37.78604088199206], [-122.47767045053565, 37.786089881493325], [-122.47660144995766, 37.786137881364475], [-122.47636945015407, 37.786148881907394], [-122.47553044972985, 37.786190882029004], [-122.47440944927334, 37.786247881750256], [-122.47328145004242, 37.78629788283957], [-122.4727614485621, 37.786319882456255], [-122.47265244788385, 37.7863248818519], [-122.47260944912445, 37.78632688246199]]]]}, "properties": {"tract_fips": "06075042602", "fema_risk_rating": "Relatively High", "fema_risk_score": 91.6913417288}}, {"type": "Feature", "geometry": {"type": "MultiPolygon", "coordinates": [[[[-122.48410645284663, 37.785804880418354], [-122.48396245200826, 37.783940880035466], [-122.4838304517638, 37.782086880283984], [-122.48369345059812, 37.780216879654375], [-122.48381545079687, 37.78021587997664], [-122.48463045182996, 37.78017788014264], [-122.48476345189934, 37.78016587974257], [-122.4849084516643, 37.780166879420975], [-122.48571045138027, 37.78012088], [-122.4858394512517, 37.78011388011647], [-122.48595545250097, 37.78010887959067], [-122.48678845217908, 37.78006787995249], [-122.48690945255294, 37.78006787995249], [-122.48703145185334, 37.78006387981339], [-122.48784145106696, 37.780025879191236], [-122.4879774524077, 37.78002387912058], [-122.48904545136415, 37.77998687957873], [-122.49012945201075, 37.779943878380024], [-122.49119845258875, 37.77987887846896], [-122.49226345296877, 37.77982687793096], [-122.49239845358632, 37.77982387817188], [-122.49317645391116, 37.77978687781991], [-122.49333145372185, 37.77976187791701], [-122.4933404539427, 37.779831878475825], [-122.49347245418718, 37.78163687841062], [-122.49342045430862, 37.78163887843763], [-122.49342845470457, 37.7818478784768], [-122.4934524540957, 37.78228387829017], [-122.49346445379126, 37.782521878330996], [-122.49346745416432, 37.78256587838589], [-122.49348545370765, 37.78290087829966], [-122.493517454393, 37.78350787895682], [-122.49253645457688, 37.78355287947724], [-122.49146245397603, 37.783600879576234], [-122.49039045302499, 37.78364987998528], [-122.48979745354639, 37.783676879254955], [-122.48931645332243, 37.78369887965186], [-122.48877745427049, 37.78372288001284], [-122.48824345164817, 37.783746879655986], [-122.48717745234154, 37.783794880338895], [-122.48731245385738, 37.78565888014441], [-122.48625045205375, 37.78570688029544], [-122.48517445270139, 37.785755880728125], [-122.48410645284663, 37.785804880418354]]]]}, "properties": {"tract_fips": "06075042700", "fema_risk_rating": "Relatively High", "fema_risk_score": 95.878372754}}, {"type": "Feature", "geometry": {"type": "MultiPolygon", "coordinates": [[[[-122.47237844914578, 37.78724388245003], [-122.47246244970968, 37.786977882226914], [-122.47252744821036, 37.78670788197676], [-122.47257444896437, 37.786516881958725], [-122.47260944912445, 37.78632688246199], [-122.47265244788385, 37.7863248818519], [-122.4727614485621, 37.786319882456255], [-122.47328145004242, 37.78629788283957], [-122.47440944927334, 37.786247881750256], [-122.47553044972985, 37.786190882029004], [-122.47636945015407, 37.786148881907394], [-122.47660144995766, 37.786137881364475], [-122.47767045053565, 37.786089881493325], [-122.47874045004026, 37.78604088199206], [-122.47981245009298, 37.785992882057954], [-122.48088645159216, 37.785943881782416], [-122.48195545217015, 37.7858938811635], [-122.48303145152252, 37.785844880112414], [-122.48410645284663, 37.785804880418354], [-122.48517445270139, 37.785755880728125], [-122.48625045205375, 37.78570688029544], [-122.48731245385738, 37.78565888014441], [-122.48717745234154, 37.783794880338895], [-122.48824345164817, 37.783746879655986], [-122.48877745427049, 37.78372288001284], [-122.48931645332243, 37.78369887965186], [-122.48979745354639, 37.783676879254955], [-122.49039045302499, 37.78364987998528], [-122.49146245397603, 37.783600879576234], [-122.49253645457688, 37.78355287947724], [-122.493517454393, 37.78350787895682], [-122.4936144544774, 37.78508287944957], [-122.49370345596249, 37.7864958798637], [-122.49373345520138, 37.786864879904726], [-122.49374245542225, 37.787086879647795], [-122.49376643774538, 37.78754682708673], [-122.49365093865435, 37.78754295016995], [-122.49338000856129, 37.787634039557375], [-122.4932531332055, 37.78769662244788], [-122.49322045608872, 37.78770287974009], [-122.4932110210833, 37.78771739489544], [-122.49317175123063, 37.787736765233035], [-122.49315345614158, 37.78774388011258], [-122.49311645543334, 37.78773587995511], [-122.49308245509815, 37.78774987969762], [-122.49304445636163, 37.78775087998339], [-122.49299745650599, 37.78775187955921], [-122.49298245553904, 37.78777787988469], [-122.49294045570625, 37.787792879194576], [-122.4928814552567, 37.787795880050105], [-122.4928864561779, 37.7878628792467], [-122.49285645604066, 37.787892879958676], [-122.4927974555911, 37.78789387953257], [-122.49279545504298, 37.78783987980481], [-122.49276245543102, 37.78786687967365], [-122.4927054555296, 37.7877608800006], [-122.49265445637431, 37.78777488044832], [-122.49256103517799, 37.78778158995662], [-122.49254498857209, 37.78777293099209], [-122.49233706810969, 37.78778195627831], [-122.49205493961828, 37.78786402080596], [-122.4918229514928, 37.78795895474622], [-122.49173202940965, 37.78799605962563], [-122.49148199143512, 37.788135954210055], [-122.49124619714777, 37.788328817134335], [-122.49124445441615, 37.78832987988526], [-122.49124383817187, 37.78833074740809], [-122.49117997334504, 37.78838298475583], [-122.49116859618198, 37.78839287748958], [-122.49108845388221, 37.788433880318856], [-122.49091945472613, 37.788541880286566], [-122.49088545439093, 37.78856387994515], [-122.49086945449741, 37.78860087945294], [-122.49084445438304, 37.788642880310775], [-122.49072245508263, 37.78874187965221], [-122.49055445395483, 37.788895880257314], [-122.49043945342878, 37.788961880317004], [-122.49043345447933, 37.78898888048576], [-122.4903334540219, 37.78904288008378], [-122.49027945449353, 37.78908788007359], [-122.49007245390598, 37.78923188014082], [-122.49002613407498, 37.78927929442404], [-122.49002204224888, 37.789281015959], [-122.4900218392296, 37.78928369161467], [-122.48994545458268, 37.78936188049295], [-122.48987158701517, 37.789468578550114], [-122.48984504179856, 37.789479073851616], [-122.48962592473443, 37.78943795872663], [-122.48954302370845, 37.78941205198344], [-122.48941800427205, 37.789371939214696], [-122.48916796629756, 37.78933099014919], [-122.48915054616756, 37.78933062312526], [-122.48901745446999, 37.78929287999597], [-122.48891268665338, 37.789325608314925], [-122.48873992625117, 37.78932196505215], [-122.48818803817154, 37.789339012851094], [-122.48744235923063, 37.789440482455944], [-122.48739545459637, 37.78943988045246], [-122.48738369295434, 37.78944846468111], [-122.48734298849222, 37.78945400339647], [-122.48705099829562, 37.78952804622638], [-122.48664501997432, 37.789874020249634], [-122.48624907224148, 37.7902450671077], [-122.4858642474485, 37.790663543954864], [-122.48586298351889, 37.790664917607586], [-122.48582147865781, 37.79072153763221], [-122.4852234540035, 37.79020688146634], [-122.48486445308, 37.7899018819102], [-122.48475645312496, 37.78973988133145], [-122.48443245325986, 37.789650881668685], [-122.48422045354776, 37.78956988114852], [-122.48409845334902, 37.78952488145225], [-122.48403245322677, 37.789440882135146], [-122.4839364529673, 37.789242882352895], [-122.48393045222122, 37.789003882389444], [-122.48402645248068, 37.788752881227325], [-122.48417645316682, 37.78845788198182], [-122.48417245207055, 37.78767488165437], [-122.48382545174093, 37.78774988111749], [-122.48189745244383, 37.78722988190165], [-122.4810294517073, 37.787076881669165], [-122.47987145144084, 37.786805881482174], [-122.47880645106082, 37.7869098819308], [-122.47772245041419, 37.78680688178072], [-122.47665145018638, 37.786805881482174], [-122.47557344938755, 37.78679188227076], [-122.47445344965426, 37.78698488217033], [-122.47334744926631, 37.78720288180013], [-122.4724994495196, 37.787238882406605], [-122.47237844914578, 37.78724388245003]]]]}, "properties": {"tract_fips": "06075042800", "fema_risk_rating": "Relatively High", "fema_risk_score": 95.3432509246}}, {"type": "Feature", "geometry": {"type": "MultiPolygon", "coordinates": [[[[-122.45890444482443, 37.78133588402359], [-122.45888744330934, 37.781212884242564], [-122.45875844343792, 37.77934288351177], [-122.45866444282828, 37.778017883959], [-122.45860744202854, 37.77726388412608], [-122.45853144275887, 37.776199882211735], [-122.45848944202778, 37.77562788273602], [-122.45846144243868, 37.77524988285344], [-122.45839744196628, 37.77431888159362], [-122.45951244167671, 37.77417688181101], [-122.46057944170654, 37.77404088245353], [-122.46164644173639, 37.77390488213581], [-122.46271044408817, 37.77376988133289], [-122.46377544267156, 37.773633881936824], [-122.4639024437915, 37.775378882495254], [-122.46403744440903, 37.7772448823877], [-122.46417144520163, 37.77910088227372], [-122.46428744555257, 37.78098188262879], [-122.46431044511878, 37.78109888195967], [-122.46417844487434, 37.78110988254258], [-122.46336544438935, 37.78115088373279], [-122.46324344419064, 37.781156883853114], [-122.46311544414412, 37.78115488310306], [-122.4622964447097, 37.78118988415117], [-122.462170444313, 37.78118688373741], [-122.46202844402278, 37.781198883261716], [-122.46122044445902, 37.78123288320501], [-122.46109444406231, 37.78123688328084], [-122.46003144423042, 37.78129088357329], [-122.45890444482443, 37.78133588402359]]]]}, "properties": {"tract_fips": "06075045100", "fema_risk_rating": "Very High", "fema_risk_score": 98.5420903048}}, {"type": "Feature", "geometry": {"type": "MultiPolygon", "coordinates": [[[[-122.46751844667769, 37.78094788186004], [-122.46750944555855, 37.780810882509016], [-122.46738044658547, 37.77895588194162], [-122.46724644579282, 37.77709788181531], [-122.46711244500021, 37.7752328815078], [-122.46697844420758, 37.7733608819137], [-122.46805044426033, 37.77331388132683], [-122.46911844411507, 37.773266880710096], [-122.47018944524122, 37.77321988006348], [-122.47126644531683, 37.77317188032403], [-122.47161844656763, 37.77315588040398], [-122.47173244547214, 37.773150880117605], [-122.47186844591458, 37.77501587969223], [-122.47187344593745, 37.77510988080231], [-122.4719894462884, 37.776783881053], [-122.47199344648635, 37.7768808812138], [-122.47212944782713, 37.77874088192938], [-122.47227744796511, 37.780606881450055], [-122.4722904483839, 37.78075688186583], [-122.47180744761184, 37.78077188118068], [-122.47074844707957, 37.78080488236061], [-122.4696584465852, 37.78084888272756], [-122.46952744616561, 37.780852882114225], [-122.4687304464725, 37.78089988145817], [-122.46859544585497, 37.78089988216812], [-122.46846044703409, 37.78090888202398], [-122.46763644578016, 37.780949881905684], [-122.46751844667769, 37.78094788186004]]]]}, "properties": {"tract_fips": "06075045201", "fema_risk_rating": "Relatively High", "fema_risk_score": 95.1732010988}}, {"type": "Feature", "geometry": {"type": "MultiPolygon", "coordinates": [[[[-122.46431044511878, 37.78109888195967], [-122.46428744555257, 37.78098188262879], [-122.46417144520163, 37.77910088227372], [-122.46403744440903, 37.7772448823877], [-122.4639024437915, 37.775378882495254], [-122.46377544267156, 37.773633881936824], [-122.46483844340177, 37.77349888205918], [-122.46535844398379, 37.773432881682126], [-122.46590944362958, 37.773407881760654], [-122.46697844420758, 37.7733608819137], [-122.46711244500021, 37.7752328815078], [-122.46724644579282, 37.77709788181531], [-122.46738044658547, 37.77895588194162], [-122.46750944555855, 37.780810882509016], [-122.46751844667769, 37.78094788186004], [-122.4674004457786, 37.78096488189137], [-122.4665814463442, 37.781000882696574], [-122.46645844542223, 37.78099988231944], [-122.46632344570301, 37.7810078824961], [-122.46550244572046, 37.78104688227992], [-122.46538444571966, 37.78104688227992], [-122.46526544589399, 37.78105888253696], [-122.46443944588856, 37.78109188216876], [-122.46431044511878, 37.78109888195967]]]]}, "properties": {"tract_fips": "06075045202", "fema_risk_rating": "Relatively High", "fema_risk_score": 95.9735055236}}, {"type": "Feature", "geometry": {"type": "MultiPolygon", "coordinates": [[[[-122.4783364498092, 37.780458880078754], [-122.47727044870595, 37.780511880555906], [-122.47620144812795, 37.780563881322045], [-122.47511544783153, 37.780606881450055], [-122.47401344853989, 37.78065588171398], [-122.47287644818984, 37.78072388137447], [-122.47242644792804, 37.78075088242305], [-122.4722904483839, 37.78075688186583], [-122.47227744796511, 37.780606881450055], [-122.47212944782713, 37.77874088192938], [-122.47199344648635, 37.7768808812138], [-122.4719894462884, 37.776783881053], [-122.47187344593745, 37.77510988080231], [-122.47186844591458, 37.77501587969223], [-122.47173244547214, 37.773150880117605], [-122.47178844644696, 37.773148880570965], [-122.4718504454729, 37.77314588054091], [-122.47232344619924, 37.77312387984338], [-122.4734544458032, 37.773072880718665], [-122.47457744590956, 37.77302088036364], [-122.47564044663974, 37.772971880009216], [-122.47672044798672, 37.77292287962238], [-122.47779344786436, 37.77287387991309], [-122.47886344826728, 37.77282487946131], [-122.4789984479865, 37.7746908792011], [-122.47913244788079, 37.776555880400835], [-122.47926744939662, 37.77841788017759], [-122.479404449664, 37.78027987991449], [-122.47941444970974, 37.780412880129475], [-122.47928144874201, 37.780421880044635], [-122.47844044956629, 37.78045588034533], [-122.4783364498092, 37.780458880078754]]]]}, "properties": {"tract_fips": "06075047600", "fema_risk_rating": "Relatively High", "fema_risk_score": 96.1602035841}}, {"type": "Feature", "geometry": {"type": "MultiPolygon", "coordinates": [[[[-122.48369345059812, 37.780216879654375], [-122.48262445002013, 37.78027488010994], [-122.48154944959434, 37.78032788000903], [-122.48048245046282, 37.78036288002866], [-122.47941444970974, 37.780412880129475], [-122.479404449664, 37.78027987991449], [-122.47926744939662, 37.77841788017759], [-122.47913244788079, 37.776555880400835], [-122.48020144845877, 37.77650787998712], [-122.48127345030814, 37.77645887981364], [-122.48234444963765, 37.776409879607684], [-122.48341644969037, 37.77636087936926], [-122.48448744991818, 37.776311879098394], [-122.48555845104431, 37.77626187835376], [-122.48662945037381, 37.77621387845914], [-122.48769545147708, 37.77616487809085], [-122.48876745152981, 37.77611687813326], [-122.48890245214731, 37.7779818788609], [-122.48903545221673, 37.779839880198935], [-122.48904545136415, 37.77998687957873], [-122.4879774524077, 37.78002387912058], [-122.48784145106696, 37.780025879191236], [-122.48703145185334, 37.78006387981339], [-122.48690945255294, 37.78006787995249], [-122.48678845217908, 37.78006787995249], [-122.48595545250097, 37.78010887959067], [-122.4858394512517, 37.78011388011647], [-122.48571045138027, 37.78012088], [-122.4849084516643, 37.780166879420975], [-122.48476345189934, 37.78016587974257], [-122.48463045182996, 37.78017788014264], [-122.48381545079687, 37.78021587997664], [-122.48369345059812, 37.780216879654375]]]]}, "properties": {"tract_fips": "06075047701", "fema_risk_rating": "Relatively High", "fema_risk_score": 95.3182785725}}, {"type": "Feature", "geometry": {"type": "MultiPolygon", "coordinates": [[[[-122.47913244788079, 37.776555880400835], [-122.4789984479865, 37.7746908792011], [-122.47886344826728, 37.77282487946131], [-122.47993144812203, 37.77277588039715], [-122.48100544782459, 37.77272587939131], [-122.48207544822748, 37.77267687813136], [-122.48314544773208, 37.77262787896913], [-122.48422044995448, 37.77257887764423], [-122.48528844980926, 37.772529877706965], [-122.48636044986198, 37.77248187751962], [-122.4874244495188, 37.77243287822816], [-122.48849745029474, 37.77238387748405], [-122.48863245001395, 37.77425087817149], [-122.48876745152981, 37.77611687813326], [-122.48769545147708, 37.77616487809085], [-122.48662945037381, 37.77621387845914], [-122.48555845104431, 37.77626187835376], [-122.48448744991818, 37.776311879098394], [-122.48341644969037, 37.77636087936926], [-122.48234444963765, 37.776409879607684], [-122.48127345030814, 37.77645887981364], [-122.48020144845877, 37.77650787998712], [-122.47913244788079, 37.776555880400835]]]]}, "properties": {"tract_fips": "06075047702", "fema_risk_rating": "Relatively High", "fema_risk_score": 96.4432235739}}, {"type": "Feature", "geometry": {"type": "MultiPolygon", "coordinates": [[[[-122.48904545136415, 37.77998687957873], [-122.48903545221673, 37.779839880198935], [-122.48890245214731, 37.7779818788609], [-122.48876745152981, 37.77611687813326], [-122.48863245001395, 37.77425087817149], [-122.48849745029474, 37.77238387748405], [-122.4895654501495, 37.772334878127694], [-122.49064345184665, 37.77228587731866], [-122.49171445117615, 37.772236877897306], [-122.49278745195211, 37.772188877519746], [-122.49385845217992, 37.77213987803411], [-122.49492945240773, 37.772090876385796], [-122.49506545285017, 37.773956877608796], [-122.49520145329262, 37.77582287789054], [-122.49628545393922, 37.7757738779731], [-122.49734545339807, 37.77572487802317], [-122.49748145473882, 37.77758887756628], [-122.49640545448813, 37.7776378777008], [-122.49533645391013, 37.77768687780279], [-122.49426645350727, 37.77773487745105], [-122.49319445345454, 37.77778387748875], [-122.49332245350104, 37.77965587868922], [-122.49333145372185, 37.77976187791701], [-122.49317645391116, 37.77978687781991], [-122.49239845358632, 37.77982387817188], [-122.49226345296877, 37.77982687793096], [-122.49119845258875, 37.77987887846896], [-122.49012945201075, 37.779943878380024], [-122.48904545136415, 37.77998687957873]]]]}, "properties": {"tract_fips": "06075047801", "fema_risk_rating": "Relatively High", "fema_risk_score": 95.1874710142}}, {"type": "Feature", "geometry": {"type": "MultiPolygon", "coordinates": [[[[-122.49347245418718, 37.78163687841062], [-122.4933404539427, 37.779831878475825], [-122.49333145372185, 37.77976187791701], [-122.49332245350104, 37.77965587868922], [-122.49319445345454, 37.77778387748875], [-122.49426645350727, 37.77773487745105], [-122.49533645391013, 37.77768687780279], [-122.49640545448813, 37.7776378777008], [-122.49748145473882, 37.77758887756628], [-122.49734545339807, 37.77572487802317], [-122.49628545393922, 37.7757738779731], [-122.49520145329262, 37.77582287789054], [-122.49506545285017, 37.773956877608796], [-122.49492945240773, 37.772090876385796], [-122.49599845208742, 37.772041876835225], [-122.49707345251318, 37.771992876542086], [-122.49814045344137, 37.771943876216525], [-122.49827645388379, 37.773809876179016], [-122.49841245432626, 37.775676876359846], [-122.49854745494376, 37.77754087782327], [-122.49868745558419, 37.77940887790276], [-122.49869545598008, 37.779516878279196], [-122.49874045618593, 37.780176877624335], [-122.49876645522689, 37.78053887813195], [-122.49879645536411, 37.780952877359155], [-122.49882745532625, 37.78138687744825], [-122.49668645469555, 37.78148687836066], [-122.49561745501586, 37.78153687770115], [-122.49454645478805, 37.78158687842777], [-122.49368445479759, 37.78162687827476], [-122.49347245418718, 37.78163687841062]]]]}, "properties": {"tract_fips": "06075047802", "fema_risk_rating": "Relatively High", "fema_risk_score": 88.8694659484}}, {"type": "Feature", "geometry": {"type": "MultiPolygon", "coordinates": [[[[-122.49882745532625, 37.78138687744825], [-122.49879645536411, 37.780952877359155], [-122.49876645522689, 37.78053887813195], [-122.49874045618593, 37.780176877624335], [-122.49869545598008, 37.779516878279196], [-122.49868745558419, 37.77940887790276], [-122.49854745494376, 37.77754087782327], [-122.49961745534668, 37.777491877624456], [-122.50068645592468, 37.77744487682365], [-122.50175945490399, 37.77739487613533], [-122.50283345550487, 37.777345876549774], [-122.50390745610574, 37.77729687622174], [-122.50497845633355, 37.7772488762891], [-122.50604845583813, 37.77719987589672], [-122.50712045768752, 37.77715087618196], [-122.50818745771736, 37.777102875444484], [-122.5092544577472, 37.77705387566543], [-122.5093944583876, 37.77897487543005], [-122.50945945868493, 37.77986087637535], [-122.50961945762018, 37.78018287569373], [-122.50990545874878, 37.78063687587757], [-122.51014345840017, 37.781015875571974], [-122.50781545817168, 37.78112187568952], [-122.50634245736265, 37.781128876187545], [-122.50632645836744, 37.781005876062096], [-122.50621445821443, 37.78104187613732], [-122.50603445828939, 37.78104987630945], [-122.50525245776656, 37.781086876029214], [-122.50418645845994, 37.78113687777026], [-122.50311245696075, 37.781186878057504], [-122.5030244561989, 37.78119087742582], [-122.50203845635988, 37.78123687760088], [-122.50097145633005, 37.7812868778205], [-122.49989745572917, 37.78133687729629], [-122.49882745532625, 37.78138687744825]]]]}, "properties": {"tract_fips": "06075047902", "fema_risk_rating": "Relatively High", "fema_risk_score": 92.5166185057}}, {"type": "Feature", "geometry": {"type": "MultiPolygon", "coordinates": [[[[-122.49854745494376, 37.77754087782327], [-122.49841245432626, 37.775676876359846], [-122.49827645388379, 37.773809876179016], [-122.4993454535635, 37.773760876347495], [-122.50041245449167, 37.773711876483546], [-122.50148945456726, 37.77366287658713], [-122.50256145461998, 37.773613875948115], [-122.50363545522085, 37.77356387621905], [-122.50470645544866, 37.77351487551447], [-122.50577345637684, 37.773465875487446], [-122.5068474560794, 37.773416875428], [-122.50791445610926, 37.77336787533607], [-122.50898445651215, 37.77331887592169], [-122.50911845730477, 37.775186875466304], [-122.50915045799015, 37.77563287575443], [-122.50915345836317, 37.77568187576533], [-122.50918545815023, 37.77610987503043], [-122.5092544577472, 37.77705387566543], [-122.50818745771736, 37.777102875444484], [-122.50712045768752, 37.77715087618196], [-122.50604845583813, 37.77719987589672], [-122.50497845633355, 37.7772488762891], [-122.50390745610574, 37.77729687622174], [-122.50283345550487, 37.777345876549774], [-122.50175945490399, 37.77739487613533], [-122.50068645592468, 37.77744487682365], [-122.49961745534668, 37.777491877624456], [-122.49854745494376, 37.77754087782327]]]]}, "properties": {"tract_fips": "06075047903", "fema_risk_rating": "Relatively High", "fema_risk_score": 93.0767126871}}, {"type": "Feature", "geometry": {"type": "MultiPolygon", "coordinates": [[[[-122.50988032119218, 37.784801718184134], [-122.50985645924327, 37.78442887619867], [-122.50980945938761, 37.7840388761105], [-122.50779745773002, 37.78242487634261], [-122.50751045857315, 37.78219487603763], [-122.50780045810306, 37.78222687693165], [-122.50836345834277, 37.78228787688921], [-122.5085064593562, 37.78228887653891], [-122.50864245800203, 37.782231876604165], [-122.50878845849019, 37.78206087653631], [-122.5089504579736, 37.78202287623081], [-122.50976545900669, 37.7821998764223], [-122.5098634598143, 37.78220487609664], [-122.51000045918333, 37.78216987623916], [-122.51012845922985, 37.78207387699133], [-122.51024145920775, 37.782039876724895], [-122.51037645892697, 37.78206687658276], [-122.51053245946088, 37.782131875989755], [-122.51066246005554, 37.78213287635152], [-122.51080745892219, 37.78206887588814], [-122.51014345840017, 37.781015875571974], [-122.50990545874878, 37.78063687587757], [-122.50961945762018, 37.78018287569373], [-122.50945945868493, 37.77986087637535], [-122.5093944583876, 37.77897487543005], [-122.5092544577472, 37.77705387566543], [-122.50918545815023, 37.77610987503043], [-122.50915345836317, 37.77568187576533], [-122.50915045799015, 37.77563287575443], [-122.50911845730477, 37.775186875466304], [-122.50898445651215, 37.77331887592169], [-122.50791445610926, 37.77336787533607], [-122.5068474560794, 37.773416875428], [-122.50577345637684, 37.773465875487446], [-122.50470645544866, 37.77351487551447], [-122.50363545522085, 37.77356387621905], [-122.50256145461998, 37.773613875948115], [-122.50148945456726, 37.77366287658713], [-122.50041245449167, 37.773711876483546], [-122.4993454535635, 37.773760876347495], [-122.49827645388379, 37.773809876179016], [-122.49814045344137, 37.771943876216525], [-122.49920945401936, 37.77189487656854], [-122.50028445354684, 37.771845876177984], [-122.50135445394973, 37.77179687575501], [-122.50242645490076, 37.7717478760096], [-122.5034994547784, 37.771698876231724], [-122.50457045500623, 37.77164987571127], [-122.5056374559344, 37.77160187566273], [-122.50671145563693, 37.771551875283116], [-122.50777745584188, 37.771504874966446], [-122.50884945679293, 37.771455875027534], [-122.50992145594735, 37.77140587454924], [-122.51097245608366, 37.771352874644364], [-122.51115045635892, 37.77133287442921], [-122.51317345788719, 37.770770874409095], [-122.51315445851891, 37.771223874368786], [-122.51316745803938, 37.77134087423187], [-122.51313045733117, 37.77143887422964], [-122.51314345774996, 37.77154887376807], [-122.51313745790216, 37.77171687463228], [-122.51312845768132, 37.7717518744684], [-122.51313545735404, 37.77181087425614], [-122.51312345765845, 37.77191187442128], [-122.5131894577807, 37.77224187398508], [-122.51317045841243, 37.77227087415178], [-122.51316945858754, 37.77230887449988], [-122.51320545857254, 37.772379874088884], [-122.51320445784933, 37.77242187422377], [-122.51316445766633, 37.77249287441435], [-122.51315945764345, 37.77252787388314], [-122.5131744577121, 37.772566873880386], [-122.51315445851891, 37.772872874455516], [-122.51317045841243, 37.77292787424364], [-122.51316145729331, 37.772962874216596], [-122.51317245716396, 37.77305587390195], [-122.51314645812299, 37.77310887400623], [-122.51313545825232, 37.77317487396244], [-122.51314345864824, 37.77323687406128], [-122.51316245801654, 37.77328587353001], [-122.51316345873975, 37.77340587441029], [-122.51315045832096, 37.773523874139215], [-122.51316345784143, 37.773657874204815], [-122.51315745799364, 37.77376887446736], [-122.51312545820659, 37.7739198736102], [-122.51313904612357, 37.77443142452109], [-122.51309993527273, 37.77469105174363], [-122.51302606141704, 37.77494894482485], [-122.51314205368315, 37.77518193567127], [-122.51307904315418, 37.77573900571817], [-122.51306801184248, 37.775954946742615], [-122.51319403379875, 37.77649597342582], [-122.51319403290044, 37.77745200121427], [-122.51332105827487, 37.777560975052424], [-122.51347900276306, 37.77759406925889], [-122.51366803704495, 37.77771892111981], [-122.51391005216566, 37.77795207790152], [-122.51396303569942, 37.77810099737598], [-122.51406799665385, 37.77818406596842], [-122.51428895256933, 37.778184065258394], [-122.51439391621871, 37.77834200999449], [-122.51437302499848, 37.7785750000877], [-122.51437302410014, 37.77885796503867], [-122.51429898046284, 37.77901607802729], [-122.51425703093572, 37.77915797763404], [-122.51437302320184, 37.77943993995524], [-122.51462607053253, 37.779556935336686], [-122.51480507602257, 37.77961493205009], [-122.51492591649627, 37.77965203756868], [-122.5149050243777, 37.779769034034466], [-122.51488898136503, 37.77986350551196], [-122.51477646018918, 37.779881875385804], [-122.51466745951092, 37.77983087595288], [-122.51459145934295, 37.77990687524812], [-122.51458247439348, 37.77996228089391], [-122.51450506387049, 37.77997695305968], [-122.51439892971628, 37.78000202317991], [-122.51427307484668, 37.78021796595188], [-122.5141779729025, 37.78054204684089], [-122.51424198774797, 37.78067492020526], [-122.514420993238, 37.780775036389784], [-122.51459899441154, 37.780866962679745], [-122.51471402368368, 37.78101299158965], [-122.51472981696469, 37.78106972621802], [-122.51470077802482, 37.781203836854495], [-122.51469246052359, 37.78121387538695], [-122.5146673463232, 37.78124432609084], [-122.5145926037966, 37.78131121194899], [-122.51449446015687, 37.781312875450574], [-122.5143194602547, 37.78128887572703], [-122.51432211477635, 37.78130825200946], [-122.51426806134907, 37.781304028291316], [-122.5142050508201, 37.78132792790167], [-122.51420906179784, 37.78138793035918], [-122.51425101222331, 37.781442083898405], [-122.5142882806295, 37.78145828153138], [-122.51426846020107, 37.78147487533316], [-122.51389446010725, 37.78143787580761], [-122.51383809082319, 37.78146321664715], [-122.51381595363961, 37.7814609695401], [-122.5137210196804, 37.78150292191683], [-122.51376297100418, 37.78162794041207], [-122.51383701194652, 37.78172805672571], [-122.51382519550727, 37.781765486356], [-122.51372245967981, 37.781901875483015], [-122.51371790432299, 37.78191827678005], [-122.51361605692935, 37.781993972897034], [-122.51342602102594, 37.782118991271695], [-122.51343705323593, 37.782260055666654], [-122.51356307519218, 37.78234295629036], [-122.5134790045597, 37.782435049604885], [-122.51339493213058, 37.78252597276391], [-122.51343705323593, 37.78265901508581], [-122.51348436480703, 37.782770651459515], [-122.51347120179314, 37.78278979803204], [-122.51344324083162, 37.78279835605419], [-122.51334876321656, 37.782824319783856], [-122.51328219086749, 37.782798029466356], [-122.51320445964596, 37.78275887583215], [-122.51319257134148, 37.78276263869411], [-122.51316294670004, 37.7827509397427], [-122.5130270639369, 37.78277601105198], [-122.51286894876878, 37.782851055955135], [-122.51280593913815, 37.78296704842692], [-122.51278504791789, 37.78315006548509], [-122.51279507581141, 37.783274917901416], [-122.51278504612125, 37.78340795887519], [-122.51271100428059, 37.78352395260288], [-122.51256292149759, 37.78355804874203], [-122.51244792905638, 37.783674042944135], [-122.51240597863094, 37.78375694269185], [-122.51249004836512, 37.78384001060794], [-122.51265802254343, 37.783939958503986], [-122.51267005547668, 37.78401299800288], [-122.51258498322262, 37.78404793025116], [-122.51240597952925, 37.7840069810753], [-122.51233273629087, 37.78396065533151], [-122.51232145973911, 37.78395187593565], [-122.51213845944102, 37.783802876663216], [-122.51205467716771, 37.78386956070637], [-122.51181096782439, 37.78394497154993], [-122.51172706517687, 37.78409405857104], [-122.51162193623747, 37.78422793866278], [-122.51168494676645, 37.78433607469973], [-122.51167454786871, 37.78434411143313], [-122.51166945981096, 37.78434487676865], [-122.51154494522774, 37.784308394820044], [-122.51151697348642, 37.784253008051095], [-122.51141100641888, 37.78428593384103], [-122.5114037210819, 37.78429592083785], [-122.51132845932909, 37.784293876155296], [-122.51134667087484, 37.78437412067313], [-122.5113379688947, 37.78438605010412], [-122.51135665744584, 37.78445239355133], [-122.51133246042538, 37.78456387599551], [-122.51127332792346, 37.784590754238735], [-122.51124400331935, 37.78459303532853], [-122.51105146021796, 37.78449487669813], [-122.51099746068962, 37.784506875685395], [-122.51099234119081, 37.78451028844948], [-122.51094803538267, 37.78449401977965], [-122.51083304294146, 37.78445206910067], [-122.51068496015846, 37.78450204371665], [-122.51046400514129, 37.784584943955565], [-122.5103169221832, 37.78466801165096], [-122.51025407784255, 37.78473503356209], [-122.51015897679669, 37.78465998773198], [-122.51006404193913, 37.78460199213734], [-122.5098890851561, 37.78479974877074], [-122.50988452979928, 37.78480192904055], [-122.50988032119218, 37.784801718184134]]]]}, "properties": {"tract_fips": "06075047904", "fema_risk_rating": "Relatively High", "fema_risk_score": 92.1658164175}}, {"type": "Feature", "geometry": {"type": "MultiPolygon", "coordinates": [[[[-122.44817244639819, 37.806359889902716], [-122.44821044603303, 37.80634888953], [-122.44841244569939, 37.80622988965129], [-122.44851844600461, 37.80609788980608], [-122.44834744630039, 37.805003889804574], [-122.44831644633825, 37.80480288969055], [-122.44830544556928, 37.80473388941931], [-122.44830144626962, 37.804710889551195], [-122.44828444565289, 37.8045998889142], [-122.44826744683276, 37.8044878894707], [-122.4488414460448, 37.80423888851518], [-122.44915044584128, 37.80401788856013], [-122.44941444543191, 37.8037208883755], [-122.44952244628529, 37.80347988825597], [-122.44961044614882, 37.80316288862715], [-122.44963044624032, 37.80301788795159], [-122.44959144588225, 37.802800888219906], [-122.44948644540194, 37.80246388891661], [-122.44936944612441, 37.80225188800463], [-122.44920544519455, 37.802083888403246], [-122.44882944545093, 37.80178188847999], [-122.4486314450842, 37.80167188850673], [-122.4484114458745, 37.80157488823303], [-122.44796844528538, 37.80156388785734], [-122.44784644598498, 37.80164288780896], [-122.44779444430979, 37.80119988792322], [-122.44780144398251, 37.80101688859687], [-122.44785244493443, 37.800927887612524], [-122.44768244415681, 37.800690888049274], [-122.44763944360078, 37.80033388817008], [-122.44749244418601, 37.799399888042466], [-122.44736744451255, 37.798562887559655], [-122.4473294439794, 37.798468888593895], [-122.44718444421443, 37.7975248881949], [-122.4470414440993, 37.79658888770942], [-122.44689744415926, 37.79565088778418], [-122.44680244282638, 37.79502888823039], [-122.44675444314579, 37.794715887881424], [-122.44667844297781, 37.79420488765301], [-122.44661444250539, 37.79377488769799], [-122.446550442033, 37.79334688708013], [-122.44647244221517, 37.79282088761525], [-122.44637044210793, 37.79217388840771], [-122.44632644262532, 37.79188888737071], [-122.44770544192639, 37.791712887899955], [-122.44804644330655, 37.79166888690189], [-122.44939344371892, 37.79149788595276], [-122.44945244327013, 37.791646886747984], [-122.45102144433864, 37.7913328867416], [-122.45276644333761, 37.79098388616798], [-122.45425544404016, 37.790685886572334], [-122.45586244474352, 37.79036488569907], [-122.45750644615508, 37.790035885652514], [-122.45905544533547, 37.78972588551542], [-122.45950244612251, 37.78972088493009], [-122.4599514456611, 37.789552884516304], [-122.46360744603531, 37.78881588415034], [-122.4648074479312, 37.78857388411182], [-122.4658684481133, 37.788359883247324], [-122.46695044821175, 37.788141883481046], [-122.4680154485918, 37.787858883789], [-122.4701074479204, 37.78740888369257], [-122.4709384479487, 37.787230882194464], [-122.47118644854413, 37.78723288207009], [-122.472260449145, 37.78724188257469], [-122.47237844914578, 37.78724388245003], [-122.4724994495196, 37.787238882406605], [-122.47334744926631, 37.78720288180013], [-122.47445344965426, 37.78698488217033], [-122.47557344938755, 37.78679188227076], [-122.47665145018638, 37.786805881482174], [-122.47772245041419, 37.78680688178072], [-122.47880645106082, 37.7869098819308], [-122.47987145144084, 37.786805881482174], [-122.4810294517073, 37.787076881669165], [-122.48189745244383, 37.78722988190165], [-122.48382545174093, 37.78774988111749], [-122.48417245207055, 37.78767488165437], [-122.48417645316682, 37.78845788198182], [-122.48402645248068, 37.788752881227325], [-122.48393045222122, 37.789003882389444], [-122.4839364529673, 37.789242882352895], [-122.48403245322677, 37.789440882135146], [-122.48409845334902, 37.78952488145225], [-122.48422045354776, 37.78956988114852], [-122.48443245325986, 37.789650881668685], [-122.48475645312496, 37.78973988133145], [-122.48486445308, 37.7899018819102], [-122.4852234540035, 37.79020688146634], [-122.48582147865781, 37.79072153763221], [-122.48569500934055, 37.79089406310463], [-122.48565406233325, 37.79097997251696], [-122.48560291585426, 37.791040977318076], [-122.48551500312726, 37.79107808206965], [-122.4854070301217, 37.79121998265526], [-122.4853040751053, 37.7913389840003], [-122.485221007891, 37.791386952776186], [-122.48516501679764, 37.791546068302196], [-122.48504099898278, 37.79163999940863], [-122.48495291737255, 37.791729920239575], [-122.4848969271775, 37.79185193068272], [-122.48481402704982, 37.79194201736907], [-122.48472093104367, 37.79201104520741], [-122.48463401903994, 37.79211701109816], [-122.48450498682917, 37.79223099922491], [-122.48452003091522, 37.792320083805436], [-122.48444799411429, 37.792414014637714], [-122.48442793742892, 37.792471008139024], [-122.48441005466658, 37.792546053845605], [-122.48432197305632, 37.79262393899282], [-122.4842599641489, 37.79268093375197], [-122.48421400184738, 37.79280294475429], [-122.48417806743939, 37.79287598401198], [-122.48413093283642, 37.79293698866738], [-122.48406508273285, 37.79301905527862], [-122.48403700319368, 37.79315894816217], [-122.48402597008536, 37.793253046877815], [-122.48397499428626, 37.79334998709215], [-122.48390797277953, 37.79343606259841], [-122.48390797188122, 37.79350893512052], [-122.48394168116228, 37.79356245651211], [-122.48388574217122, 37.79365378054466], [-122.48384094947619, 37.79367991721795], [-122.4837889702589, 37.79373707940128], [-122.4837450120988, 37.79376298320836], [-122.48376840872037, 37.7938262296033], [-122.48368054090916, 37.793955212442214], [-122.48364205528577, 37.793986949852616], [-122.48358004817497, 37.794051966460394], [-122.48359739015153, 37.79409181545809], [-122.48350489421998, 37.794288564245434], [-122.4834769242753, 37.79430100175759], [-122.4834150815562, 37.79433793876415], [-122.48337396746226, 37.794390921479625], [-122.48335307534371, 37.794435045792305], [-122.48339831000983, 37.794515276458675], [-122.48332045392249, 37.79468088188156], [-122.48332350100792, 37.79468168473257], [-122.48330493822088, 37.79469394258412], [-122.48326900291457, 37.794758959989466], [-122.48329992472328, 37.794840021547685], [-122.48332499580455, 37.79488899249883], [-122.48328404520403, 37.79494197481912], [-122.48321501955589, 37.7950340680501], [-122.48319897205167, 37.79514404383528], [-122.48317406985365, 37.79522594188907], [-122.48315301064846, 37.79529095882623], [-122.48308097294921, 37.79539308042028], [-122.48305506823135, 37.79546595243177], [-122.48304503764288, 37.795530969157646], [-122.48303400902614, 37.79560400855787], [-122.48298804402968, 37.79566501309028], [-122.48294692993575, 37.79572200692314], [-122.48290798617157, 37.79573704863108], [-122.48291801496339, 37.7957940438281], [-122.48294893497547, 37.79588296155725], [-122.482923028461, 37.795965025606], [-122.48285099076172, 37.79606597715171], [-122.48283595026894, 37.79614804170701], [-122.4827640796563, 37.79622492501559], [-122.48273299255759, 37.79625801867327], [-122.48266597105089, 37.79633105664479], [-122.48263505014047, 37.79641295551226], [-122.48264006453638, 37.79654298794979], [-122.4825850759629, 37.796699930908936], [-122.48257003367347, 37.796794028663776], [-122.48256501837923, 37.79688695861487], [-122.48255499048572, 37.79694395221487], [-122.48247192416972, 37.79702200521623], [-122.4824050688513, 37.79714000557563], [-122.4823609445029, 37.79721605237594], [-122.48235108279769, 37.797357952530376], [-122.48228907568691, 37.797471940379296], [-122.48227403339747, 37.79758994001998], [-122.48219597878241, 37.79767601626499], [-122.48215302493878, 37.79777496162338], [-122.48208098903616, 37.79797101419837], [-122.48202399452464, 37.79808500252098], [-122.48195596870144, 37.79828506620302], [-122.48184398741304, 37.79843699410848], [-122.48182393072773, 37.798481955015234], [-122.48176693621619, 37.79854697121624], [-122.48179802421323, 37.79864407839041], [-122.48187507361348, 37.79871795372066], [-122.48190098102629, 37.79875906936022], [-122.48189468383612, 37.79876741542626], [-122.48180945437693, 37.79869588326411], [-122.48178545408746, 37.79880488327436], [-122.48176245362293, 37.798815883351104], [-122.48175545395024, 37.79885588381003], [-122.48172445398811, 37.798866883879185], [-122.48158045404806, 37.798757883250595], [-122.48157145382723, 37.79880188357578], [-122.4817014544219, 37.798897883807136], [-122.48171145446761, 37.79893988378043], [-122.48166945373653, 37.7989428834734], [-122.48165365416732, 37.79895593490467], [-122.48160999245124, 37.798968994851485], [-122.48158392064676, 37.79898905076288], [-122.48151205003411, 37.798993062654326], [-122.48142998713628, 37.798973006034196], [-122.4813780070207, 37.79898905076288], [-122.48139304931013, 37.79904203298198], [-122.48145004292331, 37.799074959990186], [-122.48150703653653, 37.799103038934206], [-122.48150703743484, 37.79913997708892], [-122.48139906622589, 37.799156021781336], [-122.4813489249617, 37.79914599349407], [-122.48129794826424, 37.79918694208857], [-122.48125098164627, 37.79923607980416], [-122.48133404886057, 37.799280037255606], [-122.4814420209678, 37.79930895370329], [-122.4814547563836, 37.79932916568163], [-122.48144245485412, 37.79934388368944], [-122.4814064539708, 37.79937688296421], [-122.48142045421449, 37.799410883771756], [-122.4814144534684, 37.79945988363456], [-122.48133845419872, 37.79952688432144], [-122.48122645404574, 37.79956588355971], [-122.48121943371179, 37.7995701403051], [-122.48119498965461, 37.799560996500496], [-122.4811020616334, 37.79958205663566], [-122.4810400545226, 37.799590079644105], [-122.48104005362428, 37.79968401046083], [-122.48105492882706, 37.7998020094072], [-122.48092406045983, 37.80004803632032], [-122.4808769267552, 37.80017104875973], [-122.48079001564979, 37.800328995483255], [-122.48069207323269, 37.800557973305274], [-122.4805989763282, 37.80072394208672], [-122.48051707961869, 37.80086300056137], [-122.48043100394648, 37.80099102779189], [-122.48035395364793, 37.801084959666284], [-122.48029695913641, 37.801137942511424], [-122.48021004623436, 37.80116200960756], [-122.48015806701706, 37.80119894815221], [-122.48011695112652, 37.801247918437014], [-122.48014803822524, 37.80129705762076], [-122.48019801240282, 37.80130508044293], [-122.4802150615286, 37.801332993156855], [-122.48019901582099, 37.801365083005095], [-122.48016308141301, 37.80136207347335], [-122.48010207592374, 37.80138196335279], [-122.48005494401573, 37.80141505682951], [-122.48006697694896, 37.8014479827799], [-122.48009906656753, 37.80146603355933], [-122.48014503066567, 37.801506982287286], [-122.48015104668312, 37.80155094051667], [-122.4801209630026, 37.80156798904288], [-122.48007299386471, 37.80157199937465], [-122.48001700187308, 37.80154692876415], [-122.47996000915818, 37.80157601112582], [-122.47995499386396, 37.80162899361871], [-122.47996301761607, 37.80170002679586], [-122.48002502562518, 37.80173696365183], [-122.48004992692486, 37.801778079740295], [-122.48000898081588, 37.80182304074281], [-122.4799519872027, 37.80184694152471], [-122.47993393465875, 37.80192198622462], [-122.48000697487785, 37.801943044267], [-122.48003204595913, 37.801974969179085], [-122.4800350535187, 37.80199703084821], [-122.48002402310534, 37.80201692055667], [-122.4799899266504, 37.802022937437286], [-122.47990903246075, 37.80200605652629], [-122.47986206584275, 37.802005053594364], [-122.47984200915741, 37.80201792206884], [-122.47984401509542, 37.80203095947082], [-122.47993995247282, 37.80209296801456], [-122.47997103957155, 37.80212606188253], [-122.47996502265578, 37.80220695565466], [-122.47986708023868, 37.80223603846625], [-122.47982596524642, 37.80224807148149], [-122.4798369965581, 37.80228500948304], [-122.47991404685665, 37.80230506591367], [-122.47992892116113, 37.80234200246707], [-122.47988797235725, 37.802423064931595], [-122.47990501968638, 37.802524016878934], [-122.47987493690414, 37.80259605282901], [-122.4798339863036, 37.80279996195519], [-122.47980206377167, 37.803033953804814], [-122.479728021931, 37.80306704796093], [-122.47974306422043, 37.803147942121974], [-122.47977138360977, 37.803192407575565], [-122.47965479755726, 37.80340770482486], [-122.47958495084896, 37.80338795176792], [-122.47948199493428, 37.80342004356249], [-122.47936399493348, 37.80354305606424], [-122.47930299034252, 37.80372506893576], [-122.4792000344278, 37.80402207336221], [-122.47913300932782, 37.80404597414235], [-122.47911195102095, 37.80410697880075], [-122.47909707491985, 37.8042089334778], [-122.47904492861592, 37.804295009107314], [-122.47898392402499, 37.80432693229305], [-122.4789979628962, 37.80468293623783], [-122.47889300014518, 37.80480193860921], [-122.47876397062934, 37.80503793699528], [-122.4787180074295, 37.805372045780345], [-122.47870396855824, 37.805424025503655], [-122.47866301975435, 37.80556208147242], [-122.4786369461532, 37.80565200168192], [-122.47867405016771, 37.8057659895072], [-122.47867806114546, 37.80584003160366], [-122.47864797746492, 37.80591206786814], [-122.47864296306899, 37.805973073824106], [-122.47860101084692, 37.80633191876008], [-122.47852295713017, 37.80691105055476], [-122.478456937245, 37.80743101700146], [-122.47844707733644, 37.807638936265775], [-122.47846496099714, 37.80781994683583], [-122.4784902494707, 37.807887587215085], [-122.47845295411503, 37.808024160917995], [-122.47837704557521, 37.808067979000135], [-122.47824300166347, 37.8081540543902], [-122.47808906635639, 37.80825901840872], [-122.47791507795719, 37.80842097411958], [-122.4778440436761, 37.80851808037742], [-122.47780292778556, 37.808620035352234], [-122.4778019252657, 37.808755083212944], [-122.47786593921286, 37.80970108271279], [-122.47786739178866, 37.8105931679027], [-122.47771745578125, 37.81063788649681], [-122.47776445563687, 37.81095288603296], [-122.47769545603992, 37.810969886258114], [-122.47766745645082, 37.81097488611488], [-122.47760445580332, 37.81098688576964], [-122.477546456077, 37.81099788616116], [-122.47749545692167, 37.81100688589963], [-122.47734045621266, 37.81103488578869], [-122.4772714557174, 37.81102688602425], [-122.47713745672141, 37.81101088578307], [-122.47697845671274, 37.810992885596285], [-122.47664845520325, 37.81088688645774], [-122.47659300848893, 37.81090142970439], [-122.47657195736858, 37.81089194025756], [-122.47644593451399, 37.810759065873], [-122.47636002682675, 37.81059894775236], [-122.47624704122188, 37.81022606277758], [-122.47621896168273, 37.80997803076509], [-122.47617801377713, 37.809818079862694], [-122.47611199389198, 37.80965695900262], [-122.47600001170525, 37.80957505991582], [-122.47576902789626, 37.8094570616793], [-122.47551297210767, 37.80937499700645], [-122.4748370671115, 37.80916206348872], [-122.47446200880228, 37.809102060163866], [-122.47386499295602, 37.80907498359879], [-122.47349795839891, 37.809082004869374], [-122.47311203586467, 37.80907398218231], [-122.47252705295163, 37.80899492559482], [-122.47173298266468, 37.80884400024413], [-122.47137697852094, 37.808790014409595], [-122.47030595942852, 37.80835796378479], [-122.46951139506814, 37.80788189728927], [-122.46943245561253, 37.807818633829484], [-122.46931665199266, 37.80770573790495], [-122.46926045159184, 37.807578886280204], [-122.4691384522914, 37.80738088613728], [-122.4690590412203, 37.80728154128875], [-122.46904105964325, 37.807246997605596], [-122.46892807493671, 37.80711395626069], [-122.46885904659364, 37.807031056457944], [-122.46855803192172, 37.8068500453736], [-122.46837601707549, 37.80674591755943], [-122.46809305315087, 37.80662691690104], [-122.46790111820894, 37.806538232835734], [-122.4677934524272, 37.80646488628084], [-122.46772612639161, 37.80641345095613], [-122.46755904963022, 37.80627291884855], [-122.46736199249455, 37.80607903885107], [-122.46725301786746, 37.80600299123891], [-122.46699194947956, 37.80590203978839], [-122.46588198752126, 37.80548904198186], [-122.46553400712965, 37.80537906527377], [-122.46514206678128, 37.80526106601031], [-122.46490005345721, 37.805192038486574], [-122.46468294143281, 37.805117996450214], [-122.46427295213378, 37.804985957000284], [-122.46398497291499, 37.80491692921941], [-122.46378892099409, 37.8049090735834], [-122.4637190455397, 37.80490659154866], [-122.46360545087708, 37.804889885898085], [-122.463399739372, 37.804895247434956], [-122.46330906791876, 37.8048920251187], [-122.46299000160123, 37.8049090735834], [-122.46276804136924, 37.80494901893006], [-122.46252101185262, 37.80500601269744], [-122.46235346257741, 37.805026260734095], [-122.46229690554543, 37.80502756456327], [-122.46218105431481, 37.805006013407166], [-122.46216251488399, 37.80500241563256], [-122.46205344952702, 37.80496488704974], [-122.46192344983069, 37.8049398871475], [-122.46185542310916, 37.804946113879204], [-122.46183792033419, 37.80494300299755], [-122.46173496262281, 37.804943002287814], [-122.46150297539565, 37.804975929504494], [-122.46012793137675, 37.80520206666274], [-122.45988683523258, 37.80525114288629], [-122.45979944981673, 37.80526288724871], [-122.45960444982305, 37.805302887765], [-122.45953359969658, 37.80532304345186], [-122.45920499686397, 37.8053899295177], [-122.45895897076551, 37.80541800819034], [-122.45880403473521, 37.80543305076293], [-122.45863353090104, 37.80546352342555], [-122.4584494490313, 37.805486887873684], [-122.4582444489919, 37.8055258882236], [-122.45801544956136, 37.80558388797786], [-122.45780144840282, 37.805660887801594], [-122.45770329757656, 37.80568944119634], [-122.45769006000253, 37.80569194733645], [-122.45766184481776, 37.80570150061962], [-122.45758144829477, 37.805724887704585], [-122.45735644816389, 37.80577688776235], [-122.45724993042906, 37.805797000024924], [-122.45706897649319, 37.80580794086064], [-122.45668505989696, 37.80586593755444], [-122.45661408849793, 37.80587979049176], [-122.45656744886668, 37.80588688800962], [-122.45625044777597, 37.805947888308374], [-122.45593744778152, 37.806022888385556], [-122.45588128870321, 37.806038957133836], [-122.45577198619101, 37.806059984902674], [-122.45559231325272, 37.806121640866984], [-122.45559144817513, 37.80612188785982], [-122.45450944807665, 37.80647888815243], [-122.45438044820523, 37.80648788844168], [-122.45433444817446, 37.80646888782979], [-122.45432044793074, 37.80638588793826], [-122.45414439071149, 37.806372344545665], [-122.45405598121617, 37.806348966182696], [-122.4538729656467, 37.806290969158525], [-122.45373708288356, 37.806290969158525], [-122.45368469942441, 37.80629257460818], [-122.4533224483962, 37.80626888889906], [-122.45289723804297, 37.80627798786886], [-122.45286896985762, 37.80627692963462], [-122.45275559079067, 37.806279425818296], [-122.4524654475303, 37.80627688846922], [-122.45240099430698, 37.80628395046154], [-122.45227596319246, 37.80628394904202], [-122.45200202553985, 37.80629798927435], [-122.4517010090713, 37.80634194607176], [-122.45145155590002, 37.80641766401234], [-122.45093244824345, 37.80654188944443], [-122.45048544745639, 37.80665589009097], [-122.44993844621187, 37.806730889449156], [-122.44984544632547, 37.80673388953548], [-122.44974644659125, 37.80672888939154], [-122.44965744600448, 37.80674388911252], [-122.44950544566852, 37.806809889551886], [-122.44942644602581, 37.806831889448624], [-122.44933044576634, 37.806846889148694], [-122.44919744569695, 37.8068468898584], [-122.44913444594773, 37.80684088969487], [-122.44907544729483, 37.80682989010351], [-122.4490384456883, 37.806793889816426], [-122.44891744531446, 37.806735889592915], [-122.44875444600616, 37.80671188960948], [-122.44859244652278, 37.80676488900061], [-122.44833744715297, 37.80682388993859], [-122.44824244582009, 37.80685788944722], [-122.44815344613161, 37.80690589002117], [-122.44821144585796, 37.806764889710365], [-122.44817244639819, 37.806359889902716]]]]}, "properties": {"tract_fips": "06075060100", "fema_risk_rating": "Relatively High", "fema_risk_score": 89.8778733069}}, {"type": "Feature", "geometry": {"type": "MultiPolygon", "coordinates": [[[[-122.50106744580971, 37.73530987029163], [-122.50092844589257, 37.735262870391516], [-122.50051944563864, 37.73511486992165], [-122.50008944457001, 37.73491486971906], [-122.49926544421439, 37.73446387036631], [-122.49916544465528, 37.73441386974911], [-122.49905944345174, 37.734368869875155], [-122.4986324445528, 37.73419587007346], [-122.49805744371922, 37.734036869833595], [-122.4975134437461, 37.733934870934206], [-122.49688244463266, 37.73387687036904], [-122.49659044455461, 37.73386586986476], [-122.49662544381638, 37.73382487016663], [-122.49666244452462, 37.73378086952972], [-122.4967114440301, 37.733707869933035], [-122.49678644437319, 37.73359587034383], [-122.49748244468226, 37.73302287001677], [-122.49813344478552, 37.73227786982122], [-122.49821944410094, 37.73192186952616], [-122.49821544480129, 37.73154286974982], [-122.49817044369713, 37.731383869496625], [-122.49815344308037, 37.73134187021726], [-122.49808644403154, 37.73117487036032], [-122.49789744298732, 37.73073987011331], [-122.49739044372247, 37.72969886941264], [-122.49738044277838, 37.729677869653365], [-122.49725944330288, 37.72949986986416], [-122.49704344429112, 37.72931286990817], [-122.49672544247719, 37.729133870294405], [-122.49638344306877, 37.72904386978538], [-122.49606144195513, 37.729021869470614], [-122.49571444252382, 37.729068869779844], [-122.49457544252394, 37.729344869527594], [-122.49419644150895, 37.729437870052635], [-122.49355544145145, 37.729603870623166], [-122.49342044173223, 37.72944687048689], [-122.49318144225592, 37.72928686962992], [-122.492812442185, 37.729091870449395], [-122.49242644149732, 37.728914870333305], [-122.492187442021, 37.728845870269794], [-122.49205444105331, 37.72882487026857], [-122.49194944147133, 37.72882487026857], [-122.49178644216303, 37.72882487026857], [-122.4914454416812, 37.728892869980214], [-122.49100044144227, 37.72912187013815], [-122.49058544223887, 37.72955787030545], [-122.49052344141629, 37.72963587011682], [-122.49045144144625, 37.72970186978379], [-122.49016144101802, 37.73001287041528], [-122.4899274415646, 37.730174869701415], [-122.48960644117425, 37.7302958705334], [-122.48923144035722, 37.730328870080086], [-122.48901843992188, 37.73028687091284], [-122.48891644071293, 37.7302668702522], [-122.48675043996785, 37.72959687164238], [-122.48663243996708, 37.72956487142135], [-122.4864994398977, 37.72951387210628], [-122.48574843933702, 37.729301872278285], [-122.48543143914462, 37.7290288720582], [-122.48407943870939, 37.727421871687405], [-122.48398343844994, 37.72709987145433], [-122.48397943825196, 37.72703487128599], [-122.48398343844994, 37.72694287169354], [-122.48404143907457, 37.72671087212112], [-122.48511843825183, 37.724143869932206], [-122.4851224384498, 37.72413387054941], [-122.4851424385413, 37.7240238708543], [-122.48515343751363, 37.72395787039039], [-122.48514843749075, 37.723175870408], [-122.48516943830546, 37.72291387034471], [-122.4851634375594, 37.72108787050687], [-122.4851584375365, 37.71985686941951], [-122.48515543716347, 37.71863486952037], [-122.4851504371406, 37.71858486958487], [-122.48515543626513, 37.718543869953656], [-122.48515443644023, 37.71837087013333], [-122.485153435717, 37.71833586991518], [-122.48515443554192, 37.71828686958197], [-122.485153435717, 37.718065869909694], [-122.4852374362809, 37.71621886992811], [-122.485301435855, 37.7148328680835], [-122.48520043647099, 37.71481286893458], [-122.4850694360514, 37.71476386840319], [-122.48184843497206, 37.71466786979151], [-122.48041743489412, 37.714609869770605], [-122.4803324345053, 37.71460686949872], [-122.48023143332466, 37.71460186951911], [-122.47998743382549, 37.71460086966524], [-122.47891243429804, 37.714576870326496], [-122.47704243382896, 37.71460287008356], [-122.47665043329347, 37.71457686961592], [-122.47631943285738, 37.714508870262875], [-122.47593343396632, 37.714407869906886], [-122.47556343407045, 37.7142568701099], [-122.47547443348368, 37.71420386977406], [-122.47536843317846, 37.71416986957886], [-122.4744574318859, 37.71369687049143], [-122.47399043190568, 37.71345587040365], [-122.47341743162025, 37.71324287022204], [-122.47284743170783, 37.71302987013873], [-122.47274443267398, 37.712990870027156], [-122.47261043188136, 37.71294186971208], [-122.47239743234435, 37.71287787049899], [-122.4722954313388, 37.712847869916146], [-122.47189543130571, 37.71280686995266], [-122.47138143236812, 37.71281187076406], [-122.47136343192646, 37.71269887025226], [-122.47133743108888, 37.71248487014412], [-122.47128143191071, 37.71184086988249], [-122.47127843153764, 37.711601870653354], [-122.47126543111885, 37.71065786988866], [-122.47125142997685, 37.70966687009192], [-122.4712474306772, 37.709423869841814], [-122.47124142993108, 37.70894886973665], [-122.47129443053285, 37.708665869785634], [-122.4713034307537, 37.70861887003321], [-122.47134543058648, 37.70831487011303], [-122.47135543063223, 37.708242870229775], [-122.47144642997051, 37.70823586923064], [-122.4717544299421, 37.708218869542485], [-122.47287143020066, 37.70821486978254], [-122.47514043177621, 37.70820086991025], [-122.47647743124449, 37.70819886931914], [-122.47792643266241, 37.7082008684889], [-122.47959143219371, 37.70819086837548], [-122.48104643345943, 37.708188867784045], [-122.48234343364305, 37.70818286814159], [-122.48350743465558, 37.70818086826071], [-122.48428243370908, 37.70817886766901], [-122.48474343473985, 37.70818286814159], [-122.48541243348814, 37.70818286743094], [-122.48561643370263, 37.70824086750776], [-122.48566643393134, 37.70815886814557], [-122.48571643416005, 37.70807586804009], [-122.48581443496768, 37.708125867249954], [-122.4860634344897, 37.708145867492995], [-122.48615343490141, 37.70815486838239], [-122.48640243442343, 37.70816586844134], [-122.48880443606836, 37.70816586773063], [-122.48990843590815, 37.70815386773087], [-122.49189643637798, 37.7081308662452], [-122.49419743774058, 37.7081178662984], [-122.49573443722542, 37.70810786688448], [-122.49780743808408, 37.708088865862194], [-122.4981244391748, 37.70808286621165], [-122.4981194382536, 37.70814186559706], [-122.49813643797205, 37.7081418663077], [-122.4981954384216, 37.70814186559706], [-122.49825943889402, 37.7081418663077], [-122.49832843759266, 37.7081418663077], [-122.50251144091652, 37.708142866248735], [-122.50280443902285, 37.708142865538036], [-122.50284517312944, 37.708142865538036], [-122.50286144072092, 37.708184272464486], [-122.50287343951815, 37.708349865826065], [-122.50294843986124, 37.70852886591797], [-122.50299643954179, 37.70877386612508], [-122.50303043987701, 37.708973865142546], [-122.50304844031866, 37.70911886547849], [-122.50325844038095, 37.70965186559862], [-122.50329644001576, 37.7100538652919], [-122.50335944066327, 37.71033186536001], [-122.5034524405497, 37.7106328658121], [-122.5034613266845, 37.7106653723892], [-122.50351019773089, 37.71094462732656], [-122.50346144077051, 37.71103486586901], [-122.5035524401088, 37.71128986601571], [-122.50359976156138, 37.7113788938854], [-122.50362225447775, 37.711469307431614], [-122.5036784405055, 37.711824865227406], [-122.50371743547369, 37.71184460863651], [-122.503850025013, 37.71234094379044], [-122.50388094502507, 37.71265599836264], [-122.50404206685444, 37.71309406748985], [-122.50416992766206, 37.71324298676721], [-122.50448899397962, 37.714422980031664], [-122.50458402316029, 37.71451667865462], [-122.50468544205755, 37.71486486614203], [-122.50474265665632, 37.715017939722536], [-122.50480906281705, 37.71562603823408], [-122.5050589328066, 37.71609502780332], [-122.50517392345117, 37.71654596563473], [-122.50524194927438, 37.71723206590056], [-122.50539404393342, 37.71803198802445], [-122.5055889271461, 37.718591063797376], [-122.50611736919686, 37.72010917810036], [-122.50611444338396, 37.72014586580694], [-122.50612244377989, 37.72029686639195], [-122.50616487570231, 37.72059960278973], [-122.50615101200256, 37.72069800396785], [-122.50618694641052, 37.72097996530316], [-122.50622204538533, 37.72123501791192], [-122.50647291789473, 37.721615924294596], [-122.50652606851514, 37.72199800255908], [-122.50661498645691, 37.722436070452275], [-122.50659793912774, 37.72270499509889], [-122.50668702325784, 37.72311498441301], [-122.50679399104862, 37.723199054096895], [-122.50684411973641, 37.72329569251301], [-122.50706092902857, 37.72460274231088], [-122.50706208066876, 37.72465499270178], [-122.50707591562245, 37.72469308571952], [-122.50711750762011, 37.72494382613234], [-122.50715099861053, 37.72527005910506], [-122.50719218546797, 37.72539400526009], [-122.50749774831019, 37.72723596563844], [-122.50747791979694, 37.727308974457486], [-122.50741892024573, 37.727757070937855], [-122.50736593671193, 37.728067946873516], [-122.50722303361485, 37.72862000395667], [-122.5072760162503, 37.72895895983115], [-122.50740203910489, 37.72938298784211], [-122.50759792304079, 37.7295810456023], [-122.50770506061315, 37.72997599292427], [-122.5079380503602, 37.73082405050167], [-122.50806107912994, 37.7311758110215], [-122.50804544664734, 37.731202867814254], [-122.50805444596988, 37.731252868468495], [-122.50807644571117, 37.73132086879247], [-122.50807444695967, 37.73136686801502], [-122.50803944679956, 37.73144886797917], [-122.50805444686816, 37.731482868058976], [-122.50806217507456, 37.73151794305811], [-122.50804000465335, 37.73159405451991], [-122.50794707573385, 37.73203496362602], [-122.50795091872662, 37.73243793384041], [-122.50806607735615, 37.73276401941809], [-122.5082310421783, 37.732987984710704], [-122.50832775031022, 37.73316126298925], [-122.50833344832405, 37.73319886852589], [-122.50831744753224, 37.7332328685126], [-122.50831844825545, 37.73327586845255], [-122.50831244840765, 37.73331986796872], [-122.50828744739499, 37.73334786887432], [-122.50828344719703, 37.7333998679908], [-122.50829044776805, 37.73345686861984], [-122.50829044776805, 37.73355686827131], [-122.50829744833908, 37.73359586821245], [-122.5083024474636, 37.733677868550004], [-122.50829444706768, 37.733718868329476], [-122.50831644770732, 37.733757868185286], [-122.5083294481261, 37.733823868440965], [-122.50827544859776, 37.73389286883909], [-122.50826604862661, 37.734331810549804], [-122.50826597406645, 37.734331940560146], [-122.50817204262708, 37.734430049975245], [-122.50828177902555, 37.734489863853725], [-122.50829144759294, 37.734518868875], [-122.50828344809534, 37.734536868507185], [-122.50828444792026, 37.734571868884665], [-122.50830844731139, 37.73460486865708], [-122.50829744744074, 37.73464386804616], [-122.50829544779091, 37.73477886850545], [-122.50829944709058, 37.73482486842152], [-122.50834144782166, 37.73492186890765], [-122.50835855264299, 37.73497611614868], [-122.50836107601062, 37.735013026671155], [-122.50844397703662, 37.735140051157735], [-122.50842007646018, 37.73540095369286], [-122.50843093170207, 37.73541777735154], [-122.50843466779533, 37.73542356592255], [-122.50682244788021, 37.73556886899443], [-122.50669644838183, 37.73557586883156], [-122.5065474484189, 37.73558186980785], [-122.50616144773119, 37.73558086952678], [-122.50540644697256, 37.735575869542004], [-122.5052884460735, 37.735574869260844], [-122.50517944629354, 37.73557486997128], [-122.50421144599788, 37.735567869423605], [-122.50324544535205, 37.73556086958567], [-122.5031364464704, 37.73556186986701], [-122.50302144594437, 37.735564870000594], [-122.50258444610137, 37.73556686985273], [-122.50205744674501, 37.735524870104314], [-122.50162144582859, 37.73544786967481], [-122.50120544590197, 37.73535186945162], [-122.50106744580971, 37.73530987029163]]]]}, "properties": {"tract_fips": "06075060400", "fema_risk_rating": "Relatively High", "fema_risk_score": 93.9138810603}}, {"type": "Feature", "geometry": {"type": "MultiPolygon", "coordinates": [[[[-122.41566141464438, 37.71274287844005], [-122.41602641451738, 37.71192487774222], [-122.41667441424755, 37.710482878130264], [-122.41691041424909, 37.70995987746717], [-122.41726241460162, 37.710066878401854], [-122.41747741468677, 37.710124877714804], [-122.41770941449036, 37.70948787772347], [-122.41846141577426, 37.7096998774081], [-122.4185274158965, 37.70971887801728], [-122.41937441581833, 37.70995687771769], [-122.42010941648549, 37.708320877562336], [-122.42010841576224, 37.70824087745736], [-122.42240841640165, 37.70823987609636], [-122.42380841651743, 37.708239876807006], [-122.42391641557415, 37.70824587644484], [-122.42379141590068, 37.708351876362734], [-122.42340341646147, 37.70921287640094], [-122.42335441695599, 37.70932487732892], [-122.42346841675881, 37.70938587770605], [-122.42399741666333, 37.7096878762353], [-122.42444341672714, 37.71005687640818], [-122.4245044159282, 37.71011987601138], [-122.42458141681942, 37.71018187635828], [-122.4250664172413, 37.7105528760203], [-122.42553841724441, 37.710798876547756], [-122.42646441860558, 37.71112287637774], [-122.42676341835632, 37.711234876550975], [-122.42698341756606, 37.71131687677356], [-122.42715941819145, 37.711395876503445], [-122.42767441785224, 37.71162587664092], [-122.42758541816379, 37.71178987612994], [-122.42735941910632, 37.71176587659141], [-122.42668441781531, 37.71144487641958], [-122.42661841859136, 37.71162287624826], [-122.42520041803394, 37.71105987762723], [-122.42457241749692, 37.710753877959625], [-122.42439941724453, 37.710630878078646], [-122.42406141623741, 37.71057287774032], [-122.42371441680609, 37.710621878200655], [-122.42327641713818, 37.71067187782476], [-122.42298841635977, 37.710844877145114], [-122.42285641611532, 37.71096087735052], [-122.42321941633845, 37.71113787773056], [-122.42264141603015, 37.712268878175095], [-122.42426741789836, 37.71275587757556], [-122.42378041782665, 37.714084877905556], [-122.4222004177858, 37.71364987819363], [-122.42177041671718, 37.714033877880375], [-122.42150241692859, 37.71425987750223], [-122.42035741618261, 37.71397687793603], [-122.41566141464438, 37.71274287844005]]]]}, "properties": {"tract_fips": "06075060502", "fema_risk_rating": "Relatively Moderate", "fema_risk_score": 87.5744711213}}, {"type": "Feature", "geometry": {"type": "MultiPolygon", "coordinates": [[[[-122.38465041759974, 37.76808489226841], [-122.38417901048474, 37.76811475259402], [-122.38390782167686, 37.768126130759654], [-122.38386941780016, 37.76775489261555], [-122.3831793203208, 37.767798710438136], [-122.38248269837753, 37.76783692896021], [-122.3824670452337, 37.76770709668307], [-122.38490603770543, 37.767555936437496], [-122.3849076879106, 37.76754714302122], [-122.38492741760918, 37.76754589178967], [-122.38492043590279, 37.76747922568666], [-122.38492592640581, 37.76744997083763], [-122.38503105624349, 37.767441947890156], [-122.38503105714182, 37.7676630714514], [-122.38416494825726, 37.7677240770354], [-122.38414606117843, 37.76778407846252], [-122.38409792585223, 37.76783004295258], [-122.38393396444827, 37.76781499982512], [-122.38397307440081, 37.76807306104305], [-122.38417497704911, 37.768020078632624], [-122.38475193710833, 37.767989993162075], [-122.38478101737068, 37.768005036253946], [-122.38479104795914, 37.76805801867515], [-122.38475193710833, 37.76805801867515], [-122.38473505506919, 37.76810197550064], [-122.38468508178994, 37.76812704609724], [-122.38468358968824, 37.76812624863865], [-122.38465041759974, 37.76808489226841]]], [[[-122.38505241997758, 37.776284894179305], [-122.38485442050917, 37.775403893821064], [-122.38490742021263, 37.77539889297667], [-122.38490391229145, 37.77534716904499], [-122.38697403404963, 37.77513898067075], [-122.38697108218561, 37.77509790301106], [-122.3870224209041, 37.775091893168316], [-122.38694942021085, 37.774337894024846], [-122.38184042001738, 37.77462489337914], [-122.38148341245548, 37.77193438602551], [-122.38148976354452, 37.771930141889555], [-122.38420001848596, 37.77312850024606], [-122.38460903401122, 37.773338070386515], [-122.38472673397473, 37.773361380378816], [-122.38473241941215, 37.77336389400616], [-122.38480842047844, 37.77338189342153], [-122.38483795977994, 37.77338340869816], [-122.3849170681188, 37.77339907554903], [-122.38667407399986, 37.77328898361446], [-122.38678642000424, 37.773282892677265], [-122.38659941950814, 37.772848891873764], [-122.38660291215798, 37.7728388507852], [-122.38675491698552, 37.77278601380336], [-122.38669494545715, 37.77247050357457], [-122.38669842014068, 37.77246489186909], [-122.38674042087179, 37.77244989299899], [-122.38670541981337, 37.772371892150474], [-122.38667141947818, 37.77237889205705], [-122.38662439446969, 37.772251381178414], [-122.386599792309, 37.77215765265348], [-122.38658541926446, 37.7720988924382], [-122.3865664198962, 37.77195789244176], [-122.3864654205122, 37.77195289278445], [-122.38648541970535, 37.77168889250344], [-122.38644042039782, 37.77168689291732], [-122.38644341987256, 37.771643892571355], [-122.38639542019197, 37.77163989268654], [-122.3863964200169, 37.771600892200325], [-122.38637241972745, 37.77160089291042], [-122.38637542010048, 37.77157189248096], [-122.38640042021484, 37.77157189248096], [-122.38641042026057, 37.77146889225934], [-122.3863353660186, 37.771461176503536], [-122.38630889895539, 37.77143171659572], [-122.38631242035132, 37.77141489189287], [-122.38627541964307, 37.771405892301296], [-122.38627246867736, 37.77140555430177], [-122.38620875746244, 37.77136570727262], [-122.3862043691923, 37.771360691243345], [-122.38616284277165, 37.7712781454169], [-122.38616842041125, 37.771275892319586], [-122.38614204407786, 37.77123680004051], [-122.38610993200143, 37.77117296624465], [-122.38594597059745, 37.77100599590083], [-122.38595599759263, 37.77083100260019], [-122.38589522656368, 37.77074042436165], [-122.38586641938915, 37.77069289238199], [-122.38584341892462, 37.77068589231584], [-122.3858275915076, 37.770690021488655], [-122.38581092236922, 37.77068592711025], [-122.38576395485288, 37.77072102613684], [-122.38582094936442, 37.77125703744985], [-122.38581547053948, 37.77130626474738], [-122.38564841982927, 37.77217189322209], [-122.38558042005721, 37.772163892089175], [-122.38570742027879, 37.77145389247711], [-122.38566501350917, 37.771450315791206], [-122.38566701675228, 37.771440052966916], [-122.38556105058304, 37.77143202974223], [-122.38555643503909, 37.77144115856562], [-122.38554141969915, 37.7714398924882], [-122.38549441984348, 37.77154089245004], [-122.38536241959898, 37.77166189311553], [-122.38531241937027, 37.77164389328145], [-122.38571041975354, 37.77077389228778], [-122.38574642063688, 37.770646892036595], [-122.38575041903819, 37.77060189218042], [-122.38569309933655, 37.77061752411612], [-122.3856549820224, 37.7705739444241], [-122.38556907433517, 37.770557063428804], [-122.38327458665668, 37.7697548591497], [-122.383181417887, 37.7697188926334], [-122.3832477737421, 37.76960599742404], [-122.38341306824593, 37.76934700564016], [-122.38345864876344, 37.769364610506244], [-122.38532104050206, 37.77024501675944], [-122.3855040560715, 37.770259056739825], [-122.3856090197209, 37.77021092087041], [-122.38563693127507, 37.77013203146114], [-122.38553196942236, 37.76999096806598], [-122.3855219397322, 37.769883999036935], [-122.38521407360962, 37.76919204897886], [-122.38505997031757, 37.768871980147736], [-122.384974061732, 37.768728073913955], [-122.38500866663337, 37.76860362725497], [-122.38503241808948, 37.7685958920272], [-122.38503341881271, 37.76853989202163], [-122.38506441877485, 37.76850689246765], [-122.38504672106544, 37.76846677900499], [-122.38505643095533, 37.76843185998684], [-122.38510641860765, 37.768415891706226], [-122.38507581839579, 37.768362137649426], [-122.38508000634165, 37.76834708113805], [-122.38519441847117, 37.76830589176783], [-122.38517402401929, 37.76817022885737], [-122.3851659373851, 37.76809595869821], [-122.38525301557716, 37.76793701140221], [-122.38534895295456, 37.767867982382526], [-122.38533006767236, 37.76764702631194], [-122.38536800712006, 37.767441947890156], [-122.38535497076866, 37.76738896573764], [-122.38533591660315, 37.767306064677086], [-122.38533006497738, 37.767281997915546], [-122.38529897787866, 37.767291022863304], [-122.38527307136422, 37.76728901818737], [-122.38525401899535, 37.76726294390315], [-122.38525602134011, 37.76725555365488], [-122.38584941877238, 37.76726489248009], [-122.38595941837725, 37.76703689158853], [-122.38664141844265, 37.76567789165089], [-122.3876324183045, 37.76449289118444], [-122.38794341864914, 37.764388891152905], [-122.38806341829972, 37.7656378916961], [-122.38819042031797, 37.76696789155389], [-122.38912542010335, 37.76691289159339], [-122.39024841931139, 37.766840891157194], [-122.39053042024202, 37.766822891569745], [-122.39084141968833, 37.76680189240066], [-122.3910024202451, 37.766801890980375], [-122.39302742052487, 37.76668089088375], [-122.39399442009731, 37.76662389027658], [-122.39432941983308, 37.766602890340835], [-122.3944994224073, 37.76659189043973], [-122.39467042211155, 37.76658088982688], [-122.39486342155706, 37.76656889077038], [-122.39508742186305, 37.766554890566745], [-122.39585242176913, 37.767175890608605], [-122.39667942159949, 37.767834890923574], [-122.39654442277859, 37.767914890565365], [-122.39685342257508, 37.76816289053808], [-122.3972574228061, 37.76858788979721], [-122.39739642272328, 37.768733890414296], [-122.39747142216802, 37.76881288996168], [-122.3977434230529, 37.76939689034382], [-122.39791542258203, 37.76975089040704], [-122.39794642254418, 37.7698938906962], [-122.39777642266488, 37.76994689022666], [-122.39769842194875, 37.76996289084111], [-122.39762642287705, 37.76997988984809], [-122.39746742197008, 37.77000589003437], [-122.39732242220511, 37.77004989043806], [-122.3973534230656, 37.77035889092159], [-122.39737242243383, 37.770686890702294], [-122.39738488925335, 37.770806066416974], [-122.39718398553161, 37.77095301346151], [-122.39689199443674, 37.77119302330981], [-122.39673104059231, 37.771333920382496], [-122.39663293108856, 37.77140395093431], [-122.3965209489019, 37.77147197614721], [-122.3962680677595, 37.77164295810512], [-122.39602805857685, 37.771802073534985], [-122.3955400173577, 37.7721649295098], [-122.3953220690018, 37.77229295747178], [-122.39496606485808, 37.772548009398825], [-122.39210399643027, 37.77482008147255], [-122.39097498120476, 37.77568401725183], [-122.39046504175394, 37.77607595580521], [-122.39023506136314, 37.776257968893376], [-122.39021199621989, 37.77628504541697], [-122.39019895986847, 37.77631295693287], [-122.39018391668073, 37.776364937221615], [-122.3901720490375, 37.776405049239756], [-122.3901509898323, 37.77645502432631], [-122.39012692306754, 37.77649797856214], [-122.39001594340068, 37.7765519645657], [-122.38996396328511, 37.7765710183146], [-122.38991298748597, 37.77658505780382], [-122.38985097857855, 37.77659893043257], [-122.38976406657481, 37.7766159776162], [-122.38943396894557, 37.77663603391488], [-122.3880049406697, 37.77672094029616], [-122.38766598475341, 37.77674099727645], [-122.38752308165634, 37.77673498046695], [-122.38739505555867, 37.77668400300402], [-122.38733906356701, 37.77659592131208], [-122.38729895019634, 37.7763619280916], [-122.38713097781459, 37.77635607810959], [-122.38708300777843, 37.776140971130886], [-122.38527474851882, 37.77632248987406], [-122.38527442063376, 37.776318893542644], [-122.38506215232537, 37.77634310008015], [-122.38504221331932, 37.77634324776751], [-122.38502342056358, 37.7763358932185], [-122.3850124197946, 37.7763178938122], [-122.38505241997758, 37.776284894179305]]], [[[-122.3847564223965, 37.7829358941403], [-122.38473842285319, 37.78279189458426], [-122.38470808854265, 37.782559013629275], [-122.3875939488508, 37.782357998591976], [-122.3877779669401, 37.78231805238901], [-122.38777704257369, 37.78229622623583], [-122.38781442237097, 37.78228489426946], [-122.38778142275902, 37.78180589434661], [-122.38557842220399, 37.78194489471211], [-122.38555946056499, 37.78193256800727], [-122.38552093721233, 37.78160704910535], [-122.38751838795898, 37.781469056285175], [-122.38765542326063, 37.78146089428153], [-122.38765530198805, 37.781459596426295], [-122.38773701903453, 37.781453949903835], [-122.38742998565016, 37.77840201345576], [-122.38737060162, 37.77840521917711], [-122.38736742158392, 37.778369893753116], [-122.38536242139561, 37.7784898941916], [-122.38531942083961, 37.77846089362423], [-122.38533974791785, 37.77844107567582], [-122.38538385340166, 37.77843861050211], [-122.38539742245403, 37.7784478939538], [-122.38546842170082, 37.77844389372705], [-122.38546751260576, 37.77843393576011], [-122.38747093535243, 37.77832195344861], [-122.38894692755134, 37.777735968045185], [-122.38911005711537, 37.77768800034867], [-122.3892130139284, 37.777606938435156], [-122.38925897533159, 37.77756298015987], [-122.3895040007068, 37.77750297814761], [-122.38955297056786, 37.77749495487087], [-122.38959893466603, 37.77748793627805], [-122.38964205649462, 37.7774780747457], [-122.38980702041844, 37.77732297110861], [-122.38987604876151, 37.77727600570178], [-122.3901830812475, 37.77713995524297], [-122.39026898893476, 37.77709800323014], [-122.39038297705949, 37.777036998279655], [-122.39042292424185, 37.777016942089745], [-122.39044494105114, 37.77700525074928], [-122.39045442276898, 37.77701789210871], [-122.39056742274688, 37.77710689278451], [-122.39114742270503, 37.777562892826936], [-122.39173342161263, 37.778029892517964], [-122.39191842245887, 37.77817689265707], [-122.39277642404797, 37.77886189211188], [-122.3922374231994, 37.779286893775655], [-122.39109142352685, 37.78019189409685], [-122.39055342340149, 37.78061689379381], [-122.3897804222012, 37.78123089452681], [-122.38941642215315, 37.78151889376096], [-122.38919442239526, 37.781658894324416], [-122.38902242286613, 37.78172089369806], [-122.38878442231646, 37.781807893659106], [-122.38872242239216, 37.78180789436905], [-122.3884494225807, 37.781807893659106], [-122.38813842133773, 37.781815893748316], [-122.38809642150494, 37.78245889347136], [-122.3876544216391, 37.78283589447835], [-122.38755142170693, 37.78280689419612], [-122.38744742284815, 37.78279989456696], [-122.38477442193988, 37.78294889373143], [-122.3847564223965, 37.7829358941403]]]]}, "properties": {"tract_fips": "06075060701", "fema_risk_rating": "Relatively High", "fema_risk_score": 95.323035211}}, {"type": "Feature", "geometry": {"type": "MultiPolygon", "coordinates": [[[[-122.39804255844926, 37.77097482663193], [-122.39812196143555, 37.770917078061736], [-122.3982100430458, 37.77084805040368], [-122.39862103576301, 37.77052898499872], [-122.3986429312997, 37.77050006935987], [-122.39862604836227, 37.77046296492845], [-122.39857306572682, 37.77041098546083], [-122.39853696602881, 37.770358002595145], [-122.39851991780135, 37.770293988386896], [-122.39851807894995, 37.77022997412324], [-122.3985259338188, 37.77018802387014], [-122.3985449879843, 37.77013704615361], [-122.3985140670739, 37.77009392490016], [-122.39847295028504, 37.77006500980123], [-122.39841796350817, 37.77002506405637], [-122.39838002226384, 37.770032919851026], [-122.39832904646472, 37.770057989793], [-122.39824096485448, 37.77013102880666], [-122.39807700165389, 37.77026306877094], [-122.39800655217604, 37.770310586114945], [-122.3980054220954, 37.77028789010204], [-122.39800242172237, 37.77021688992441], [-122.3979634222626, 37.769970890081915], [-122.39794642254418, 37.7698938906962], [-122.39791542258203, 37.76975089040704], [-122.3977434230529, 37.76939689034382], [-122.39747142216802, 37.76881288996168], [-122.39739642272328, 37.768733890414296], [-122.3972574228061, 37.76858788979721], [-122.39685342257508, 37.76816289053808], [-122.39654442277859, 37.767914890565365], [-122.39667942159949, 37.767834890923574], [-122.39585242176913, 37.767175890608605], [-122.39508742186305, 37.766554890566745], [-122.39486342155706, 37.76656889077038], [-122.39467042211155, 37.76658088982688], [-122.3944994224073, 37.76659189043973], [-122.39432542053342, 37.76644489070068], [-122.39394542059182, 37.76608388993245], [-122.39379142060604, 37.765938890345566], [-122.3935364203379, 37.76559488996292], [-122.39374142037732, 37.76542489034743], [-122.39382042002005, 37.76535988974368], [-122.39387442044674, 37.76531688997931], [-122.39485542026286, 37.76525789069133], [-122.39583342150256, 37.76519888993599], [-122.39679742160024, 37.76513989055388], [-122.39776342134778, 37.76508189029698], [-122.39872942289193, 37.765023889994545], [-122.39968842206844, 37.76496589035679], [-122.40065942183881, 37.764907889963396], [-122.40162542158632, 37.76484888963903], [-122.40258942348065, 37.764790889153886], [-122.40355342357836, 37.7647328893334], [-122.40452342442214, 37.76467388886938], [-122.40464942481883, 37.76596789014363], [-122.40477642504045, 37.76726689005545], [-122.4049014247139, 37.76854088972692], [-122.40501642434165, 37.76972489013109], [-122.40441742411691, 37.76975989019998], [-122.40410942504366, 37.76997889003192], [-122.40390442410593, 37.77007288973489], [-122.40168342400759, 37.771826890088974], [-122.39967442451966, 37.77341389174028], [-122.39964242383428, 37.77343889165972], [-122.39944942438876, 37.773288891305995], [-122.39930242407566, 37.77317589148707], [-122.39927642413642, 37.77315489199181], [-122.39904142395976, 37.772970891594625], [-122.39879142461282, 37.77275789148528], [-122.3986134243376, 37.77258489124161], [-122.39851942282962, 37.77247189105678], [-122.39842442329338, 37.77235889140934], [-122.39828542427452, 37.772130891312166], [-122.39821442412942, 37.7719748909901], [-122.39815442385496, 37.77181589096498], [-122.39810042432661, 37.77160489066713], [-122.398067422918, 37.771307890839665], [-122.39805042319956, 37.77107989105208], [-122.39804255844926, 37.77097482663193]]]]}, "properties": {"tract_fips": "06075060702", "fema_risk_rating": "Relatively High", "fema_risk_score": 96.3540366023}}, {"type": "Feature", "geometry": {"type": "MultiPolygon", "coordinates": [[[[-122.39732242220511, 37.77004989043806], [-122.39746742197008, 37.77000589003437], [-122.39762642287705, 37.76997988984809], [-122.39769842194875, 37.76996289084111], [-122.39777642266488, 37.76994689022666], [-122.39794642254418, 37.7698938906962], [-122.3979634222626, 37.769970890081915], [-122.39800242172237, 37.77021688992441], [-122.3980054220954, 37.77028789010204], [-122.39800655217604, 37.770310586114945], [-122.39796301352916, 37.77033995202703], [-122.39786808046824, 37.7704089794493], [-122.39775592849999, 37.77049004144403], [-122.3973999270512, 37.77079506785118], [-122.39738488925335, 37.770806066416974], [-122.39737242243383, 37.770686890702294], [-122.3973534230656, 37.77035889092159], [-122.39732242220511, 37.77004989043806]]], [[[-122.39082004427613, 37.776665952560165], [-122.39258401569391, 37.77519998647747], [-122.39274597115987, 37.77516706019038], [-122.39289004566007, 37.77505106612943], [-122.39304799014826, 37.77501195596496], [-122.39320593733139, 37.774957970967], [-122.39328499356799, 37.77487206210087], [-122.39336404800791, 37.77470007720719], [-122.39494500475455, 37.77347395316632], [-122.39612299253609, 37.77250505499827], [-122.39617096167393, 37.77245207221291], [-122.3961850005452, 37.77239992585618], [-122.39620606154702, 37.77234794561997], [-122.396269072076, 37.77228694101035], [-122.39654100468891, 37.77208604076512], [-122.39689600451617, 37.77181193440422], [-122.39696804221542, 37.77175494059243], [-122.39705696015717, 37.771699952003225], [-122.39713902395334, 37.771642958815214], [-122.39724097734819, 37.7715699191647], [-122.3974809883275, 37.77139291979364], [-122.39756104708394, 37.77133007669932], [-122.39784401280517, 37.77112198920709], [-122.39794496278185, 37.77104493918374], [-122.39799694289742, 37.771008001896156], [-122.39804255844926, 37.77097482663193], [-122.39805042319956, 37.77107989105208], [-122.398067422918, 37.771307890839665], [-122.39810042432661, 37.77160489066713], [-122.39815442385496, 37.77181589096498], [-122.39821442412942, 37.7719748909901], [-122.39828542427452, 37.772130891312166], [-122.39842442329338, 37.77235889140934], [-122.39851942282962, 37.77247189105678], [-122.3986134243376, 37.77258489124161], [-122.39879142461282, 37.77275789148528], [-122.39904142395976, 37.772970891594625], [-122.39927642413642, 37.77315489199181], [-122.39930242407566, 37.77317589148707], [-122.39944942438876, 37.773288891305995], [-122.39964242383428, 37.77343889165972], [-122.40012342315993, 37.77381389156777], [-122.400465424365, 37.77412289194287], [-122.40082842368984, 37.774507891612096], [-122.40091242515206, 37.77464589174682], [-122.40098442422378, 37.77474789134123], [-122.4010084245132, 37.77481889142837], [-122.40091042370561, 37.77489589136578], [-122.40034042469152, 37.77534589167375], [-122.39878142456709, 37.77657789143767], [-122.39799542384633, 37.77595089241796], [-122.39723242359005, 37.7753418919892], [-122.39500742419207, 37.77709889218564], [-122.3938834233625, 37.77798689231094], [-122.39356342369534, 37.7782398925258], [-122.39331342345008, 37.77843689226466], [-122.39277642404797, 37.77886189211188], [-122.39191842245887, 37.77817689265707], [-122.39173342161263, 37.778029892517964], [-122.39114742270503, 37.777562892826936], [-122.39056742274688, 37.77710689278451], [-122.39045442276898, 37.77701789210871], [-122.39044494105114, 37.77700525074928], [-122.39048493225096, 37.7769840159019], [-122.39052003122576, 37.7769330386107], [-122.39054292838401, 37.77689492987452], [-122.39064805912007, 37.776809021839206], [-122.39082004427613, 37.776665952560165]]]]}, "properties": {"tract_fips": "06075060703", "fema_risk_rating": "Very High", "fema_risk_score": 97.5075214346}}, {"type": "Feature", "geometry": {"type": "MultiPolygon", "coordinates": [[[[-122.38337906791072, 37.72027673584066], [-122.38328680464286, 37.720173023267584], [-122.38327740646835, 37.720162461284005], [-122.38327740646835, 37.72016088451848], [-122.3832234060417, 37.72009988448487], [-122.38287640571205, 37.71993288414752], [-122.3827534065867, 37.719895884391995], [-122.38265040665455, 37.71984888394614], [-122.38254440634935, 37.71977788439531], [-122.38216740588246, 37.71956188455279], [-122.38203540653632, 37.719505884385505], [-122.38177540624532, 37.719359884689396], [-122.38171540597087, 37.71928188471431], [-122.38164093293884, 37.71919913653452], [-122.38155692968002, 37.71901492520066], [-122.38154573128168, 37.71900238975478], [-122.38135302109367, 37.718784943025625], [-122.38128347082942, 37.718784390188084], [-122.38126102821869, 37.71878421111993], [-122.38114040603558, 37.71876688484933], [-122.38098140602695, 37.71877488394052], [-122.38085440580534, 37.71878588455478], [-122.38074540512706, 37.718789884454736], [-122.38059540623755, 37.71876388474585], [-122.38046943368862, 37.718735604749305], [-122.38046416776443, 37.71873244405147], [-122.38032593141524, 37.7186494508152], [-122.38028840698921, 37.718606884369336], [-122.38023040636457, 37.71853288422591], [-122.38013640575494, 37.71849388416853], [-122.38004640534322, 37.718486884137846], [-122.38000331405739, 37.7184693076697], [-122.37995238407234, 37.71844095223802], [-122.37990040575336, 37.7183978839946], [-122.37983514224968, 37.718378521077206], [-122.37983068840249, 37.71837617541317], [-122.37972392812257, 37.71831996614599], [-122.37975401449805, 37.71819996118615], [-122.37982905885856, 37.71813193673463], [-122.37986031304393, 37.718072936065504], [-122.37991496744411, 37.717969980034056], [-122.37988220678403, 37.717931538209065], [-122.37980699623519, 37.717842955229685], [-122.37953138591949, 37.7178312552478], [-122.37921699892625, 37.71781805164017], [-122.3774779306048, 37.71690999081243], [-122.37679834790582, 37.71652540769839], [-122.37653944355947, 37.71637892530836], [-122.37651340409435, 37.71635288566969], [-122.3764614042158, 37.716319885580724], [-122.37629803839485, 37.71623860577089], [-122.3762210518767, 37.71616606144007], [-122.3761869572184, 37.71610305063318], [-122.37620199950781, 37.71601396519486], [-122.37621904683698, 37.715964994593], [-122.37626701597482, 37.71588894594775], [-122.37651906078567, 37.71556302767855], [-122.37723691800396, 37.71467502438922], [-122.37739904055654, 37.7144109462242], [-122.37753208374505, 37.71430397785555], [-122.37791279155911, 37.713962594187976], [-122.37806440382286, 37.71384888408508], [-122.37836740377155, 37.7136288838329], [-122.37841640327707, 37.71357588375851], [-122.37845140433548, 37.713510884513845], [-122.37848740342216, 37.71344988397912], [-122.37850409951005, 37.71343235250755], [-122.37869402402235, 37.71326204047666], [-122.37872115314391, 37.7132371801177], [-122.37878640407123, 37.713204884308105], [-122.37888640452864, 37.71313688440659], [-122.3789184043157, 37.71310388430648], [-122.37898940356249, 37.71298488427571], [-122.37904940383693, 37.712851884349554], [-122.37908640364688, 37.712809884510314], [-122.3791994045231, 37.71265188371735], [-122.37932040399862, 37.71249788353778], [-122.3793634036563, 37.712409883189984], [-122.3794264043038, 37.712283883559834], [-122.3795104030711, 37.712161883973224], [-122.37955690885335, 37.712066623200926], [-122.37959306065362, 37.71201101391256], [-122.37959531542502, 37.712005804825736], [-122.37959840383294, 37.71200188415269], [-122.37964540368861, 37.7119538844945], [-122.3796774034757, 37.71189988404235], [-122.37969840339207, 37.711847884043564], [-122.37974640307264, 37.711777884534186], [-122.3798064033471, 37.71170588375159], [-122.3798484040782, 37.711677884612754], [-122.37989040480932, 37.71166288336926], [-122.3799464039875, 37.711642884075395], [-122.37999640421621, 37.71161288370315], [-122.38004340317356, 37.711563883898165], [-122.38008340425485, 37.71149988349491], [-122.38010640382106, 37.71142688396683], [-122.3801374037832, 37.71119788382213], [-122.38014740382896, 37.711036883439476], [-122.38014540417912, 37.71088088364879], [-122.3801364039583, 37.71083388316913], [-122.3801224046129, 37.71075288373918], [-122.38008540390467, 37.710644883887824], [-122.38006740436133, 37.7106148838222], [-122.38001040356158, 37.710562883632306], [-122.37994140396464, 37.710519884008065], [-122.37988740353795, 37.71049888378586], [-122.37985540375091, 37.710499883695036], [-122.37982340486218, 37.710512883934655], [-122.37978240395599, 37.710511884025664], [-122.37974840362078, 37.71049588334753], [-122.3796804029504, 37.71042688389252], [-122.37961340390156, 37.71038788383228], [-122.3795314038858, 37.71036288392862], [-122.37945040369495, 37.71033188312673], [-122.37937340370203, 37.71028488443085], [-122.37924240418081, 37.71015888403012], [-122.37916240291652, 37.710100883322376], [-122.3790674033803, 37.71004388390598], [-122.37900240398127, 37.70998688373506], [-122.37895040410275, 37.709916883889036], [-122.37893440331092, 37.70986388400227], [-122.37892940328804, 37.7098068836929], [-122.37891240356961, 37.70977688399873], [-122.37889140365321, 37.709769883855124], [-122.37885840404124, 37.70976688409796], [-122.37883740322653, 37.70975188317829], [-122.37877440437565, 37.70963788376473], [-122.37873940421555, 37.7095588842927], [-122.37870640280697, 37.70949688413527], [-122.37864840397896, 37.7094678842387], [-122.3786094036209, 37.70940488408121], [-122.37857540328572, 37.70937988384591], [-122.37854340349867, 37.709362883709545], [-122.37850640189211, 37.70932788421078], [-122.37848040195284, 37.70928388394436], [-122.37847140263031, 37.70923188353116], [-122.37847140263031, 37.70913488351025], [-122.37845040271392, 37.70902188378736], [-122.37841940185346, 37.70893588414698], [-122.3783844025917, 37.70887788390342], [-122.37831940229435, 37.70880288334962], [-122.37828840233222, 37.708773883892164], [-122.37809940218634, 37.7086938842762], [-122.37807140259723, 37.70867688398247], [-122.37805640163032, 37.70866288348682], [-122.37796840176678, 37.708617884312346], [-122.37789640179675, 37.70859588361625], [-122.37781340195606, 37.708585883556125], [-122.37776740192531, 37.7085898832961], [-122.37771340329526, 37.7086078835445], [-122.37762040251052, 37.708655883948694], [-122.3775344022968, 37.708686884030314], [-122.37738740198371, 37.70872388440886], [-122.37724640241673, 37.70876588372128], [-122.37714940233235, 37.7087988836212], [-122.37700140219434, 37.708878883834515], [-122.3768934022393, 37.70890888389222], [-122.37685540170615, 37.70893388357571], [-122.37674540210129, 37.709033883646626], [-122.37672840148453, 37.709091883768096], [-122.3767034013702, 37.709115884172654], [-122.3766824023521, 37.70912888394438], [-122.37664540254218, 37.70921588328735], [-122.37652340234344, 37.70936988389158], [-122.37641440166519, 37.709575884384094], [-122.37642940263214, 37.709622883529576], [-122.37642040241127, 37.7096478836829], [-122.37637840257848, 37.709667884225865], [-122.37620840180088, 37.70969488420409], [-122.3760484019673, 37.70970088372414], [-122.37593940218737, 37.709693883573365], [-122.37580940249102, 37.709668884146254], [-122.37568340299264, 37.70963088431864], [-122.37560740192635, 37.70959788407852], [-122.37554240252732, 37.70955188412845], [-122.37543940259515, 37.709445884505634], [-122.37537340157462, 37.70940188359858], [-122.37520740189323, 37.70932888413575], [-122.37507340199893, 37.709247883771525], [-122.3748464013199, 37.70915088377156], [-122.37473240241542, 37.70910988460526], [-122.37464840185152, 37.7090658842094], [-122.37457240258185, 37.70901388364323], [-122.37449240131758, 37.70893688407725], [-122.37447240212443, 37.70891288432541], [-122.37442699588006, 37.70882207323066], [-122.37442699677837, 37.70874296770768], [-122.37444604914725, 37.708677950720634], [-122.37457892345248, 37.70860507917888], [-122.37466199066681, 37.70856195689125], [-122.37500604991219, 37.70849389232073], [-122.37502699682803, 37.70849124856598], [-122.37524095666406, 37.708478053243546], [-122.37527039176098, 37.7084705043269], [-122.37533240246503, 37.70846588344006], [-122.37565840197995, 37.70841488381159], [-122.37589940200439, 37.70840788425005], [-122.37608940107685, 37.70839388370358], [-122.37622771018958, 37.70840129972941], [-122.37623893823232, 37.70840200544221], [-122.37624211557346, 37.70840207153616], [-122.3765184023206, 37.70841688368622], [-122.37677440151529, 37.708416884396925], [-122.37680304160321, 37.7084137452902], [-122.37692199741143, 37.708416220614794], [-122.37703040250666, 37.70842688376915], [-122.37713640191353, 37.70842488389479], [-122.3773154020137, 37.70843488397664], [-122.37745951603978, 37.708432848568165], [-122.37795293547252, 37.70845599138686], [-122.37833100223963, 37.70845298304822], [-122.3784823818397, 37.708440262458055], [-122.37860440269972, 37.708446883930954], [-122.37877540240395, 37.70847488357989], [-122.37884147618803, 37.70847488357989], [-122.37891799019236, 37.70848891751332], [-122.37919393468134, 37.70844195176166], [-122.37928919742396, 37.708429883580564], [-122.37942640340549, 37.708429883580564], [-122.37950540304821, 37.70844788386787], [-122.37961740320121, 37.70850388386504], [-122.37975640311838, 37.70853588394598], [-122.37979234920448, 37.708533992098914], [-122.37980601078331, 37.70853719587292], [-122.37978940273035, 37.70854688323767], [-122.37994040324139, 37.70860888347918], [-122.38001940468074, 37.708627883657456], [-122.3801014037982, 37.70866388342077], [-122.38019840298426, 37.70871488358857], [-122.38034140399772, 37.70876688365383], [-122.38036583188523, 37.70877249237278], [-122.38042807884621, 37.70879494714338], [-122.38062095701919, 37.70882001864435], [-122.38077464798451, 37.70881716596025], [-122.38093916544562, 37.708831471310006], [-122.38108092139412, 37.708852943187786], [-122.38124204232514, 37.70887801466908], [-122.38134800669778, 37.70889606530604], [-122.38148277195668, 37.708890718838454], [-122.38153240387612, 37.708902882886676], [-122.38157557331543, 37.708887036790045], [-122.38180295488014, 37.70887801466908], [-122.38190059366669, 37.70889548467808], [-122.3819524040007, 37.70891888248737], [-122.3820584043059, 37.708998882571144], [-122.38206536265609, 37.70900228247329], [-122.3821380678036, 37.70905701917081], [-122.38224904657213, 37.709096965137135], [-122.38235902371909, 37.70911802403247], [-122.38275919173716, 37.709129243548794], [-122.38289240470725, 37.70914988242279], [-122.38318540371192, 37.70916688260802], [-122.38341640369057, 37.709199882329436], [-122.38356140435384, 37.70920488267356], [-122.38371040431677, 37.709199882329436], [-122.383823405193, 37.70921188215983], [-122.38406940524028, 37.70926688236458], [-122.38425940431276, 37.70929188192731], [-122.3845414052434, 37.70930488166816], [-122.38457540468026, 37.70931488234195], [-122.38478040382135, 37.70939988232921], [-122.3850984056353, 37.709509882418786], [-122.38523940520228, 37.70958988257525], [-122.38545340546254, 37.70968388224003], [-122.38567695481427, 37.70981023594281], [-122.38575793883543, 37.70988401809358], [-122.38587293037833, 37.709957056096485], [-122.38590213191326, 37.70996845102198], [-122.38593540551139, 37.7099888821459], [-122.38601040585446, 37.71000788268098], [-122.38613240515487, 37.71000488222282], [-122.38629840573455, 37.70998188273297], [-122.38643940530153, 37.70994588218859], [-122.38659140653583, 37.70988988185969], [-122.38668940554679, 37.709845881926945], [-122.38676540571478, 37.709812881782554], [-122.38684240570767, 37.70976588275752], [-122.38685540522813, 37.70973988201391], [-122.38684733925524, 37.70971478879326], [-122.38697704340585, 37.70965503876528], [-122.38707563440657, 37.709588081721606], [-122.38711340586934, 37.70957088193293], [-122.38731640625893, 37.709443881816064], [-122.38745340562797, 37.70933388233915], [-122.38747638004133, 37.70931182571204], [-122.38754196963352, 37.709265942135836], [-122.387779664756, 37.70902435909164], [-122.3877944052115, 37.709014882151116], [-122.38784640509003, 37.70895688196938], [-122.3878469620455, 37.708955960214446], [-122.38802198979546, 37.708778066267755], [-122.38807697657231, 37.708716057639585], [-122.38813510745267, 37.708683196286295], [-122.38822140590706, 37.70872188169977], [-122.38834440593072, 37.70880588243517], [-122.38842540612157, 37.70883688174335], [-122.38850840596226, 37.708849881564014], [-122.38853065902845, 37.7088511010966], [-122.38872251941021, 37.70891480814353], [-122.38874540578873, 37.708925882000706], [-122.3888574059417, 37.70899988250055], [-122.38899940623193, 37.70911788189635], [-122.38910740528864, 37.709200881545456], [-122.3892504063021, 37.70927088206775], [-122.38950240709549, 37.70943488179397], [-122.38954640567978, 37.7094758814911], [-122.38959840645663, 37.709514881320665], [-122.3896964054676, 37.70960888179132], [-122.3897444060465, 37.70962988226573], [-122.38979640682335, 37.70963488187016], [-122.38984540632883, 37.709624881950226], [-122.38995740648184, 37.709582881703305], [-122.39005940658909, 37.70952988157768], [-122.39028640636981, 37.70937688194095], [-122.39043940563238, 37.709236881741106], [-122.39048940586109, 37.709211881449136], [-122.39058640594546, 37.709222882061944], [-122.39064640711823, 37.70921488193946], [-122.39069740717187, 37.709259881462124], [-122.39076740659374, 37.70929488241439], [-122.39078840651014, 37.70930188118147], [-122.39098240578058, 37.709413881974925], [-122.39113040591859, 37.70951388210889], [-122.39128940592725, 37.70960288226382], [-122.39150540583732, 37.70970788174223], [-122.39153640579946, 37.70970488198255], [-122.39165040650059, 37.70965988201942], [-122.39174240746041, 37.709616881871206], [-122.39190340801719, 37.70946388170341], [-122.39211554157829, 37.70928243984423], [-122.39219308145867, 37.70922399072232], [-122.39240601541866, 37.70905401085662], [-122.39258602253025, 37.708905926741146], [-122.39294603585509, 37.70862998231159], [-122.39320894309434, 37.7084200561951], [-122.39337423849652, 37.7082803192746], [-122.39366140743495, 37.708253881646726], [-122.39426140838289, 37.70829088153075], [-122.39462540843097, 37.70831288160664], [-122.3948604077093, 37.708326882168464], [-122.39499640725342, 37.708337880069834], [-122.39513340841908, 37.70834888010162], [-122.39530340829842, 37.70834688022516], [-122.39580840791348, 37.708340879884844], [-122.39620740722332, 37.70834088059549], [-122.40030840963311, 37.70834088059549], [-122.40100840924185, 37.708340879884844], [-122.40133340983017, 37.708340879884844], [-122.40135340992164, 37.708340879884844], [-122.40150840973236, 37.70834088059549], [-122.40161740951233, 37.70831887981722], [-122.40179140958959, 37.70828388053609], [-122.40200840932457, 37.70824088030016], [-122.40240841025596, 37.70834088059549], [-122.4027084098316, 37.708340879884844], [-122.40300840940726, 37.708340879884844], [-122.40330840988123, 37.708340879884844], [-122.40470840999701, 37.708340879174145], [-122.40477741049229, 37.70833288037786], [-122.40525241086846, 37.70828087929737], [-122.4053054105719, 37.70827487966236], [-122.4053184109907, 37.70827187984467], [-122.40539141078563, 37.708264879558925], [-122.40546941060344, 37.70836487911123], [-122.40526341073911, 37.708899879540986], [-122.40512941084481, 37.70918988021874], [-122.40484741081252, 37.70975687993179], [-122.40461341046077, 37.71009887993988], [-122.40437441098449, 37.71045288013106], [-122.40375441084338, 37.71120988048641], [-122.40330641023142, 37.711827879825016], [-122.40313540962887, 37.71200787993269], [-122.4028184103348, 37.71218188028441], [-122.40257241028748, 37.712275880214605], [-122.40212641022364, 37.712391880311785], [-122.40163341030414, 37.712523880471096], [-122.4013634099674, 37.712627880904755], [-122.40118141039252, 37.712736880587606], [-122.40106441021668, 37.71282488054712], [-122.4009964095463, 37.7128788803251], [-122.40086041000215, 37.713017880164955], [-122.40072541028294, 37.71315388083461], [-122.40067841042728, 37.71320488075489], [-122.39995641017893, 37.71393588143979], [-122.39967441014663, 37.71425988176603], [-122.39939341083755, 37.71460788143313], [-122.39918541042509, 37.714999881338734], [-122.39901741019558, 37.715348881637745], [-122.39872341046771, 37.7158098820783], [-122.39868240956153, 37.715889881828744], [-122.39867240951577, 37.715919881890585], [-122.3985874109236, 37.71616188161334], [-122.39857740997952, 37.716191881564995], [-122.39852541099931, 37.716553881824396], [-122.39858741002529, 37.71690788173373], [-122.39869641070352, 37.717517881222115], [-122.39871340952367, 37.71761388182583], [-122.39871941026976, 37.71765188182316], [-122.39856341063415, 37.71780088147511], [-122.39850941110578, 37.71785688222059], [-122.39826841018305, 37.718108881498615], [-122.39762141027776, 37.71880588263119], [-122.39758641101598, 37.71883588222286], [-122.39755341050571, 37.7188638822097], [-122.39705141036535, 37.719524881769644], [-122.39670841113201, 37.720275882441605], [-122.39657141086467, 37.72019888249876], [-122.39650541074242, 37.720161882165556], [-122.39639041111468, 37.720096882303594], [-122.39545741008082, 37.71956788256333], [-122.3935714097182, 37.7184968828618], [-122.3926394103059, 37.71796888287404], [-122.39241540999988, 37.7178958826133], [-122.39162540818286, 37.71753588214423], [-122.39116740842346, 37.71804988365354], [-122.39023140791485, 37.717507883787256], [-122.38930440762708, 37.71697088403945], [-122.38916240823518, 37.716888882967886], [-122.38815740723129, 37.71630788405889], [-122.38793840694817, 37.71633788395147], [-122.38687640783951, 37.71751888387902], [-122.3862914078585, 37.717188883257805], [-122.38572340759592, 37.71780688389178], [-122.38518340692244, 37.71841688450524], [-122.38457040735231, 37.71909888371254], [-122.38418240791313, 37.71953088475729], [-122.38411240759294, 37.719676884826974], [-122.38373640695099, 37.72019888463046], [-122.38337906791072, 37.72027673584066]]]]}, "properties": {"tract_fips": "06075061000", "fema_risk_rating": "Relatively High", "fema_risk_score": 93.8889087082}}, {"type": "Feature", "geometry": {"type": "MultiPolygon", "coordinates": [[[[-122.4055394315849, 37.79707489443787], [-122.40534443159123, 37.79709989416299], [-122.40479643231845, 37.79716989391607], [-122.40408443121753, 37.79725989390675], [-122.40370243072779, 37.79730789433016], [-122.40291343053227, 37.79740589397392], [-122.40206743043535, 37.797514894468], [-122.40088943007743, 37.797663894485886], [-122.40070742960421, 37.796786894070344], [-122.40051242961056, 37.795884894473005], [-122.4004394298156, 37.795457894192644], [-122.40035543015001, 37.79502289420534], [-122.40026542973835, 37.79458489462635], [-122.40017542932667, 37.79414389398261], [-122.40134142998905, 37.793996894366174], [-122.40218643026105, 37.79388989405578], [-122.40298342995416, 37.793789893599126], [-122.4040424295881, 37.7936558938255], [-122.40463943016299, 37.79357489343661], [-122.40473743007229, 37.79403089339077], [-122.40482243046111, 37.79446289366537], [-122.40568942957609, 37.79435489454338], [-122.40633143035683, 37.79427389421097], [-122.40650243185767, 37.79515389378237], [-122.40659143244444, 37.79560189391303], [-122.40662743153113, 37.79578389441009], [-122.40667843158477, 37.79603489440299], [-122.40685443131186, 37.796911893808286], [-122.406553431013, 37.79695389349106], [-122.4055394315849, 37.79707489443787]]]]}, "properties": {"tract_fips": "06075061101", "fema_risk_rating": "Very High", "fema_risk_score": 99.9227046246}}, {"type": "Feature", "geometry": {"type": "MultiPolygon", "coordinates": [[[[-122.40685443131186, 37.796911893808286], [-122.40667843158477, 37.79603489440299], [-122.40662743153113, 37.79578389441009], [-122.40659143244444, 37.79560189391303], [-122.40650243185767, 37.79515389378237], [-122.40633143035683, 37.79427389421097], [-122.40684743163918, 37.794207893217155], [-122.40732043146718, 37.7941478940695], [-122.40792943173763, 37.79406989340099], [-122.40810543146472, 37.794950893461035], [-122.40827943244034, 37.79583389401573], [-122.40845743271557, 37.79671389346112], [-122.40775943185832, 37.7967998940643], [-122.40764643188045, 37.7968138935092], [-122.40750743286156, 37.79683089414983], [-122.40685443131186, 37.796911893808286]]]]}, "properties": {"tract_fips": "06075061102", "fema_risk_rating": "Very High", "fema_risk_score": 99.5041204381}}, {"type": "Feature", "geometry": {"type": "MultiPolygon", "coordinates": [[[[-122.38530841198579, 37.74024988736843], [-122.38586141217975, 37.739618887772444], [-122.38642541224436, 37.73899288752492], [-122.38698841248407, 37.73836888744341], [-122.38755441130016, 37.7377408867778], [-122.3881174115399, 37.73711588582846], [-122.3886794119547, 37.73649288582358], [-122.3885554121061, 37.73648488580428], [-122.38727941094056, 37.73576088651425], [-122.38719641199822, 37.7357078866453], [-122.38705541153288, 37.73563288625654], [-122.38683841179792, 37.73550188635191], [-122.3869074113949, 37.735422886752964], [-122.38692741148638, 37.73539888705594], [-122.3871164125306, 37.735175886716654], [-122.38740841171031, 37.734832886381085], [-122.38742541142877, 37.73474788644575], [-122.38793641178992, 37.734179885877666], [-122.38850841135213, 37.733543885573894], [-122.38906141154611, 37.732928885754916], [-122.39099441176437, 37.734023885799445], [-122.39108641272418, 37.734075885862026], [-122.3913624120104, 37.73328788569691], [-122.39164341221777, 37.73249688541307], [-122.39178341285819, 37.73257688561394], [-122.39180841207421, 37.73259088585334], [-122.393930414235, 37.73379788608683], [-122.39336641327209, 37.734422885208126], [-122.39280241320745, 37.73504788615801], [-122.39468841357005, 37.7361168854014], [-122.39495041440921, 37.73626488599953], [-122.3957124139422, 37.73669588611362], [-122.3965414143207, 37.73716588604174], [-122.39625841446346, 37.73747788541636], [-122.39597141440828, 37.73779388519137], [-122.39514541440288, 37.73732388640851], [-122.39493441361734, 37.73720288640518], [-122.39411941348256, 37.736738886173605], [-122.39355041429339, 37.737360885982554], [-122.39299141425167, 37.737970886105884], [-122.39241941379112, 37.738612886052294], [-122.39194741378803, 37.7391378859369], [-122.39185741427467, 37.73923788644], [-122.39129441403493, 37.739862886523646], [-122.38971541292072, 37.73895588663535], [-122.38962141410771, 37.73890388644828], [-122.38955241361239, 37.73886688622458], [-122.38945141333006, 37.73881288621058], [-122.38913941405883, 37.739588887363894], [-122.38884741308249, 37.74036488819691], [-122.38857641381915, 37.74115988764752], [-122.3882764133452, 37.74196388741777], [-122.38802541417333, 37.74276688821608], [-122.38788741408108, 37.74270188759355], [-122.38773141444547, 37.742706887807394], [-122.38662941245889, 37.742077887521134], [-122.38652641252672, 37.74202088784658], [-122.38658141187996, 37.74195988805899], [-122.38662541226088, 37.74191088772738], [-122.38716941223406, 37.741306887905324], [-122.38530841198579, 37.74024988736843]]]]}, "properties": {"tract_fips": "06075061200", "fema_risk_rating": "Relatively High", "fema_risk_score": 90.4332108499}}, {"type": "Feature", "geometry": {"type": "MultiPolygon", "coordinates": [[[[-122.39799642007794, 37.75736888829408], [-122.39785641943755, 37.75590788768967], [-122.39775542005351, 37.75483688799946], [-122.3972324190985, 37.75484988755942], [-122.39696942023106, 37.754809888141146], [-122.39670141864583, 37.754716888238114], [-122.39634941829333, 37.75442688824804], [-122.39476041803167, 37.7526738879358], [-122.39461341861688, 37.752436888464764], [-122.39557441834151, 37.75237888748067], [-122.39653941826414, 37.75232088787162], [-122.39643441778384, 37.75118888811341], [-122.39836741800208, 37.75106488783042], [-122.39944041787972, 37.750999887392844], [-122.39987141787496, 37.75089288734584], [-122.40024342011559, 37.750762887531984], [-122.40049841948537, 37.75068288780616], [-122.4012584202669, 37.75064188818842], [-122.40221041977071, 37.75059088634542], [-122.4026314206185, 37.75056788667264], [-122.40275142026911, 37.75050688611622], [-122.40281042071865, 37.75039588574316], [-122.40282741953875, 37.75021088617192], [-122.40286841954665, 37.749757886071436], [-122.40287742066579, 37.74965188645035], [-122.40288041924221, 37.74962288593786], [-122.4028874198132, 37.74955288590321], [-122.40308141998199, 37.74955388670579], [-122.40322942011997, 37.74954388649258], [-122.40328741984631, 37.74953988612285], [-122.4035954207162, 37.749484885988764], [-122.4036194201073, 37.749481886419346], [-122.40381041990304, 37.74944288561344], [-122.40376242022248, 37.74959388612432], [-122.4035404204646, 37.7502918864903], [-122.40333542042518, 37.750894886073624], [-122.40332442055455, 37.75092688630882], [-122.40324041999062, 37.75117488712958], [-122.4032014196326, 37.751290885968004], [-122.40309941952532, 37.75180388610236], [-122.40308742072808, 37.751925887157334], [-122.4030334203014, 37.75245588734452], [-122.4030044208874, 37.75275988722345], [-122.40303741960106, 37.75321188736978], [-122.403153419952, 37.75448788770359], [-122.4032714217494, 37.75576988809841], [-122.40333242184876, 37.75617588820893], [-122.40342242226048, 37.756480887716755], [-122.40357042239846, 37.75681388722923], [-122.40371542216342, 37.75702488782519], [-122.40348742165948, 37.75703888770211], [-122.4031004220452, 37.7570618882043], [-122.40282942188354, 37.757077887345154], [-122.40185942193806, 37.75713088824757], [-122.40089641986863, 37.75719488828162], [-122.39993341959585, 37.757252888331266], [-122.39896542019852, 37.75731088762521], [-122.39860042032555, 37.75733288805571], [-122.39799642007794, 37.75736888829408]]]]}, "properties": {"tract_fips": "06075061401", "fema_risk_rating": "Relatively Moderate", "fema_risk_score": 88.2499137859}}, {"type": "Feature", "geometry": {"type": "MultiPolygon", "coordinates": [[[[-122.39228241801536, 37.760266890142226], [-122.39223641888293, 37.75930889022462], [-122.39221941916448, 37.758787889832256], [-122.3922344183348, 37.75826988924507], [-122.39223541815971, 37.75771588995016], [-122.39223041813682, 37.75729188928191], [-122.39221941826617, 37.756769890314345], [-122.39222841848698, 37.75639688920262], [-122.39221141787024, 37.756187888951494], [-122.39216041781663, 37.75587889033934], [-122.39207441760288, 37.75553389003305], [-122.39198041878988, 37.75516188980855], [-122.39181441821022, 37.754706889432924], [-122.39172041760055, 37.754443889405394], [-122.39160541797283, 37.75412388885651], [-122.39150241804066, 37.753829889245246], [-122.39143241772047, 37.753572888459026], [-122.39137241744602, 37.753360887920685], [-122.39130341695072, 37.752988888844804], [-122.39125741602167, 37.75263988835503], [-122.39131041662344, 37.75263688891349], [-122.39155641667072, 37.752621888863075], [-122.39159341558232, 37.75261888800031], [-122.39168241616909, 37.752613888456175], [-122.3926654174317, 37.752554888269344], [-122.39321141795294, 37.75252188797578], [-122.3936454174229, 37.75249488798295], [-122.39461341861688, 37.752436888464764], [-122.39476041803167, 37.7526738879358], [-122.39634941829333, 37.75442688824804], [-122.39670141864583, 37.754716888238114], [-122.39696942023106, 37.754809888141146], [-122.3972324190985, 37.75484988755942], [-122.39775542005351, 37.75483688799946], [-122.39785641943755, 37.75590788768967], [-122.39799642007794, 37.75736888829408], [-122.39824242012523, 37.7599188891369], [-122.39727541965453, 37.7599768891814], [-122.39631042063023, 37.76003588984125], [-122.39534141961134, 37.76009388979403], [-122.39437842023688, 37.760151889701326], [-122.39339141967464, 37.7602118901698], [-122.39252041766673, 37.76025489006135], [-122.39240641786391, 37.760260889746895], [-122.39228241801536, 37.760266890142226]]]]}, "properties": {"tract_fips": "06075061402", "fema_risk_rating": "Relatively Moderate", "fema_risk_score": 83.9380210006}}, {"type": "Feature", "geometry": {"type": "MultiPolygon", "coordinates": [[[[-122.39517742676632, 37.78924489424257], [-122.39606142649808, 37.78854589416522], [-122.39725642657446, 37.78760089376178], [-122.39738042642301, 37.78750289389077], [-122.39795842583302, 37.78704589381936], [-122.39828342552302, 37.786788893443365], [-122.39900342701989, 37.78621889345591], [-122.39939642558363, 37.78590889363477], [-122.40049442827058, 37.785039892574844], [-122.40273442683888, 37.78326889239414], [-122.40373842801785, 37.78405389250834], [-122.40429342875994, 37.78448889246785], [-122.40482142794124, 37.78491789218242], [-122.4052624288805, 37.785274892012495], [-122.40585742800894, 37.78575389217162], [-122.40608842888594, 37.785766891977055], [-122.40476942896103, 37.78678789172473], [-122.40348242882314, 37.78778589210636], [-122.40294042849982, 37.788121892067494], [-122.4028334283697, 37.788206893163505], [-122.40209242875306, 37.78873089369363], [-122.40200042869157, 37.78884489414329], [-122.40196542853148, 37.78888789371295], [-122.40177542766236, 37.78903889391874], [-122.40155442862773, 37.789214893369625], [-122.40150542732563, 37.78925389379218], [-122.40142842823101, 37.78930689364176], [-122.40137442780438, 37.78935789434517], [-122.4001784288014, 37.79029989424281], [-122.39992242870835, 37.79050289385524], [-122.3995314279978, 37.790814894060645], [-122.39928142865087, 37.7910068938599], [-122.3992214283764, 37.7910678943794], [-122.39914942750806, 37.79111089407528], [-122.39839542837096, 37.791704894561164], [-122.39832842842382, 37.7917558943193], [-122.39826142847666, 37.79180989402491], [-122.39751642686545, 37.79239689372055], [-122.39745442783949, 37.79245189388965], [-122.39736942834901, 37.792383894371596], [-122.39583942674021, 37.791162894483044], [-122.39517642604311, 37.790633894347685], [-122.3943024263571, 37.789935894177674], [-122.39517742676632, 37.78924489424257]]]]}, "properties": {"tract_fips": "06075061501", "fema_risk_rating": "Very High", "fema_risk_score": 99.8858406764}}, {"type": "Feature", "geometry": {"type": "MultiPolygon", "coordinates": [[[[-122.39364442478453, 37.783087894077305], [-122.39332342439414, 37.78283089342677], [-122.39310842430899, 37.7826598933248], [-122.39286842410948, 37.7824668942001], [-122.39263942378061, 37.78228389390971], [-122.3921034233051, 37.7818558934713], [-122.39133442320107, 37.78246389383817], [-122.390616424049, 37.78303089404882], [-122.39045042346932, 37.78316189358785], [-122.38987242405933, 37.78361889424835], [-122.38894042285037, 37.78287989363631], [-122.38858242175176, 37.78256789400722], [-122.38850442193397, 37.78240689474839], [-122.38840542219975, 37.782249894449926], [-122.3884494225807, 37.781807893659106], [-122.38872242239216, 37.78180789436905], [-122.38878442231646, 37.781807893659106], [-122.38902242286613, 37.78172089369806], [-122.38919442239526, 37.781658894324416], [-122.38941642215315, 37.78151889376096], [-122.3897804222012, 37.78123089452681], [-122.39055342340149, 37.78061689379381], [-122.39109142352685, 37.78019189409685], [-122.3922374231994, 37.779286893775655], [-122.39277642404797, 37.77886189211188], [-122.39432642484992, 37.7800998924174], [-122.39465742348939, 37.78036389319436], [-122.39509142475595, 37.780710892751934], [-122.39554442449251, 37.78107189239803], [-122.39586942418251, 37.78133089210031], [-122.39640642538126, 37.781759892395684], [-122.3964874255721, 37.78182489278264], [-122.39657142613603, 37.78189189242255], [-122.39663942590809, 37.78194689260086], [-122.39675742501055, 37.78204089199754], [-122.39686742551372, 37.78212889265373], [-122.39741242531173, 37.782563892583454], [-122.39628842538049, 37.783450893451565], [-122.39572942533876, 37.78389189330861], [-122.39518742501544, 37.7843208936487], [-122.39469742546898, 37.78392989336316], [-122.39456642594773, 37.78382489406171], [-122.394549425331, 37.78381189391474], [-122.39442442386087, 37.78371189401805], [-122.39440842396735, 37.783698893851145], [-122.39417742488699, 37.783513893085164], [-122.39364442478453, 37.783087894077305]]]]}, "properties": {"tract_fips": "06075061502", "fema_risk_rating": "Very High", "fema_risk_score": 98.3149608172}}, {"type": "Feature", "geometry": {"type": "MultiPolygon", "coordinates": [[[[-122.39362342666475, 37.78800589419742], [-122.39398842653772, 37.78771789397364], [-122.39450742639652, 37.78730789405063], [-122.39394742563152, 37.78686189392006], [-122.39347142543046, 37.78648189408236], [-122.39296342544235, 37.78607789412218], [-122.3940494257388, 37.78521889399067], [-122.39412542590678, 37.78515889393327], [-122.3941704252143, 37.78512289373345], [-122.394184425458, 37.78511189374777], [-122.3942194256181, 37.78508489358233], [-122.39426142545092, 37.785051894313426], [-122.39442242510938, 37.78492489374083], [-122.39518742501544, 37.7843208936487], [-122.39572942533876, 37.78389189330861], [-122.39628842538049, 37.783450893451565], [-122.39741242531173, 37.782563892583454], [-122.39796942660197, 37.78300789239321], [-122.3989564262659, 37.78379489240828], [-122.39948642689365, 37.78422389260144], [-122.39991342669089, 37.78456889254887], [-122.40049442827058, 37.785039892574844], [-122.39939642558363, 37.78590889363477], [-122.39900342701989, 37.78621889345591], [-122.39828342552302, 37.786788893443365], [-122.39795842583302, 37.78704589381936], [-122.39738042642301, 37.78750289389077], [-122.39725642657446, 37.78760089376178], [-122.39606142649808, 37.78854589416522], [-122.39517742676632, 37.78924489424257], [-122.39435042603766, 37.78858489352107], [-122.39362342666475, 37.78800589419742]]]]}, "properties": {"tract_fips": "06075061503", "fema_risk_rating": "Very High", "fema_risk_score": 98.2055581321}}, {"type": "Feature", "geometry": {"type": "MultiPolygon", "coordinates": [[[[-122.38966342382194, 37.786233894502075], [-122.38980942431014, 37.7861878938873], [-122.39032142449621, 37.78577689439255], [-122.39045042436764, 37.785674894397154], [-122.39099242379265, 37.78524189424829], [-122.39127542454817, 37.78492789400285], [-122.39132742442668, 37.7848698943587], [-122.3913904250742, 37.784811893959066], [-122.39161942450475, 37.784603894110134], [-122.39214542403622, 37.78421489385921], [-122.39262042441237, 37.78387789354522], [-122.392866425358, 37.78370289379351], [-122.39364442478453, 37.783087894077305], [-122.39417742488699, 37.783513893085164], [-122.39440842396735, 37.783698893851145], [-122.39442442386087, 37.78371189401805], [-122.394549425331, 37.78381189391474], [-122.39456642594773, 37.78382489406171], [-122.39469742546898, 37.78392989336316], [-122.39518742501544, 37.7843208936487], [-122.39442242510938, 37.78492489374083], [-122.39426142545092, 37.785051894313426], [-122.3942194256181, 37.78508489358233], [-122.394184425458, 37.78511189374777], [-122.3941704252143, 37.78512289373345], [-122.39412542590678, 37.78515889393327], [-122.3940494257388, 37.78521889399067], [-122.39296342544235, 37.78607789412218], [-122.39207942481231, 37.78677489351873], [-122.39161842378151, 37.78713889424624], [-122.39120642405288, 37.787464894253525], [-122.39032642362076, 37.786762894899695], [-122.39020842362, 37.786667894108774], [-122.39018342440396, 37.7866478944872], [-122.39016942505856, 37.7866368947285], [-122.39010742423595, 37.78658689457851], [-122.39009342399227, 37.78657589410078], [-122.389984423314, 37.786488894072704], [-122.38966342382194, 37.786233894502075]]]]}, "properties": {"tract_fips": "06075061504", "fema_risk_rating": "Relatively High", "fema_risk_score": 89.3641563507}}, {"type": "Feature", "geometry": {"type": "MultiPolygon", "coordinates": [[[[-122.3894554243078, 37.78884789566597], [-122.39034542478566, 37.78814489426125], [-122.39089042638032, 37.78858189482732], [-122.39188442571692, 37.78937889420697], [-122.39099742471382, 37.79007989543194], [-122.3894554243078, 37.78884789566597]]]]}, "properties": {"tract_fips": "06075061505", "fema_risk_rating": "Relatively Moderate", "fema_risk_score": 82.0650945976}}, {"type": "Feature", "geometry": {"type": "MultiPolygon", "coordinates": [[[[-122.3894554243078, 37.78884789566597], [-122.38874442393012, 37.788279895079135], [-122.38870142427241, 37.78824589553794], [-122.38859942416516, 37.78816389603726], [-122.3881814236904, 37.78855789533442], [-122.38810542442073, 37.7886348958688], [-122.38792042447282, 37.78881089557198], [-122.38789442363522, 37.78873489620332], [-122.38776442393889, 37.788269895132224], [-122.38774942476857, 37.78804489525807], [-122.38768842377091, 37.787316895965915], [-122.3876964241668, 37.78718489568893], [-122.3877254235808, 37.78710789577349], [-122.38802042403194, 37.787108895358], [-122.3884194242401, 37.78711489499465], [-122.38861442423377, 37.78705889481742], [-122.38880542402947, 37.78690889441247], [-122.38966342382194, 37.786233894502075], [-122.389984423314, 37.786488894072704], [-122.39009342399227, 37.78657589410078], [-122.39010742423595, 37.78658689457851], [-122.39016942505856, 37.7866368947285], [-122.39018342440396, 37.7866478944872], [-122.39020842362, 37.786667894108774], [-122.39032642362076, 37.786762894899695], [-122.39120642405288, 37.787464894253525], [-122.39161842378151, 37.78713889424624], [-122.39207942481231, 37.78677489351873], [-122.39296342544235, 37.78607789412218], [-122.39347142543046, 37.78648189408236], [-122.39394742563152, 37.78686189392006], [-122.39450742639652, 37.78730789405063], [-122.39398842653772, 37.78771789397364], [-122.39362342666475, 37.78800589419742], [-122.3933324255133, 37.78823589487649], [-122.39274942608044, 37.788696894359944], [-122.39188442571692, 37.78937889420697], [-122.39089042638032, 37.78858189482732], [-122.39034542478566, 37.78814489426125], [-122.3894554243078, 37.78884789566597]]]]}, "properties": {"tract_fips": "06075061506", "fema_risk_rating": "Relatively Moderate", "fema_risk_score": 87.9086249747}}, {"type": "Feature", "geometry": {"type": "MultiPolygon", "coordinates": [[[[-122.38549603411603, 37.790558951763984], [-122.38553891160286, 37.790546233921596], [-122.38553342379478, 37.790557896144065], [-122.38560239464567, 37.790704461756334], [-122.38549603411603, 37.790558951763984]]], [[[-122.39384542732091, 37.79374789566688], [-122.39320742673816, 37.793239895766575], [-122.39260842651345, 37.79371389580218], [-122.39244042628394, 37.79382089636748], [-122.39220742665545, 37.793937895959004], [-122.3920084264638, 37.793881895273636], [-122.39163117267204, 37.793551678552326], [-122.39169692755421, 37.793478128855526], [-122.39175042582262, 37.79343889569513], [-122.39087342576356, 37.79270189575568], [-122.38883664857043, 37.790989765517764], [-122.38893205504351, 37.79091896695562], [-122.3889284159683, 37.79091239332227], [-122.38895642454052, 37.790889895306115], [-122.3886384236249, 37.79032289575859], [-122.38807583211864, 37.79051775418159], [-122.38807284072874, 37.79051251867305], [-122.38806051045316, 37.79048686006163], [-122.3880669495771, 37.790452986478286], [-122.38837498278636, 37.79033398441616], [-122.38837114877673, 37.7903262599808], [-122.38839542484897, 37.790317895213654], [-122.38831342393487, 37.79017089508403], [-122.38834742427007, 37.790160895392965], [-122.38827042427717, 37.79001689571638], [-122.38844942437733, 37.78995289569111], [-122.38831942468099, 37.789772895544814], [-122.38817542474095, 37.78966489595645], [-122.38763342441764, 37.78979689606294], [-122.3875784394374, 37.789815926520255], [-122.38737432962843, 37.78938815143768], [-122.38736296414346, 37.78936408334532], [-122.38727504961987, 37.78932296744642], [-122.38692205393403, 37.789439964221806], [-122.38530299065306, 37.78983791941038], [-122.38511997328696, 37.789312939244155], [-122.38717393165821, 37.78880701304216], [-122.38703203197932, 37.78825495697235], [-122.38526103843095, 37.78853691866659], [-122.38513601989287, 37.78815601164255], [-122.38739004026444, 37.78773599354325], [-122.38741494515737, 37.78726901044948], [-122.38450005938414, 37.787436984108844], [-122.38449836426317, 37.78741866012838], [-122.38457042262368, 37.78740989534186], [-122.38704642388849, 37.787256896191955], [-122.38743342350276, 37.7872508958569], [-122.3876964241668, 37.78718489568893], [-122.38768842377091, 37.787316895965915], [-122.38774942476857, 37.78804489525807], [-122.38776442393889, 37.788269895132224], [-122.38789442363522, 37.78873489620332], [-122.38792042447282, 37.78881089557198], [-122.38810542442073, 37.7886348958688], [-122.3881814236904, 37.78855789533442], [-122.38859942416516, 37.78816389603726], [-122.38870142427241, 37.78824589553794], [-122.38874442393012, 37.788279895079135], [-122.3894554243078, 37.78884789566597], [-122.39099742471382, 37.79007989543194], [-122.39188442571692, 37.78937889420697], [-122.39274942608044, 37.788696894359944], [-122.3933324255133, 37.78823589487649], [-122.39362342666475, 37.78800589419742], [-122.39435042603766, 37.78858489352107], [-122.39517742676632, 37.78924489424257], [-122.3943024263571, 37.789935894177674], [-122.39517642604311, 37.790633894347685], [-122.39583942674021, 37.791162894483044], [-122.39736942834901, 37.792383894371596], [-122.39745442783949, 37.79245189388965], [-122.3973854273442, 37.79249989459749], [-122.39663842698145, 37.793088894207486], [-122.39657242775756, 37.79313689450149], [-122.39634142777888, 37.7933468948887], [-122.39573142768353, 37.79380289412046], [-122.39568142835313, 37.793840894047676], [-122.39488642741149, 37.79446889554436], [-122.39477442725851, 37.79448989608314], [-122.39384542732091, 37.79374789566688]]]]}, "properties": {"tract_fips": "06075061507", "fema_risk_rating": "Relatively High", "fema_risk_score": 96.4646284471}}, {"type": "Feature", "geometry": {"type": "MultiPolygon", "coordinates": [[[[-122.3876964241668, 37.78718489568893], [-122.38743342350276, 37.7872508958569], [-122.38704642388849, 37.787256896191955], [-122.38457042262368, 37.78740989534186], [-122.38454142231139, 37.78739689582544], [-122.38452542241784, 37.787370896075835], [-122.38436842205904, 37.785744895745495], [-122.38438228486046, 37.78572564131686], [-122.38736898016091, 37.78555100091394], [-122.38757706860828, 37.785484980769226], [-122.38757875474607, 37.78547211722418], [-122.38759142368652, 37.78546789445394], [-122.38760742268173, 37.78544789450756], [-122.38765742380878, 37.7848748945624], [-122.38554340317928, 37.78500045330749], [-122.38545491732717, 37.7847109653741], [-122.38555703960529, 37.784645947646545], [-122.38721723494649, 37.78451370760303], [-122.38724842265651, 37.78451189437253], [-122.38726246601938, 37.784510103860626], [-122.38747695226819, 37.78449301802993], [-122.38755205142594, 37.78446458494402], [-122.3876094241282, 37.78444789454924], [-122.38767009724077, 37.78441989168057], [-122.387691056733, 37.78441195576942], [-122.38769117081904, 37.78441016525509], [-122.38770042346647, 37.78440589414699], [-122.38773642165484, 37.78388589412029], [-122.38631442179776, 37.783968894445046], [-122.3862643146695, 37.78342557104272], [-122.387579073648, 37.78335497538403], [-122.38770726952724, 37.783293751247044], [-122.38772242230944, 37.78328889364016], [-122.38777842148765, 37.78325589427925], [-122.38780342250031, 37.78287789435287], [-122.3876544216391, 37.78283589447835], [-122.38809642150494, 37.78245889347136], [-122.38813842133773, 37.781815893748316], [-122.3884494225807, 37.781807893659106], [-122.38840542219975, 37.782249894449926], [-122.38850442193397, 37.78240689474839], [-122.38858242175176, 37.78256789400722], [-122.38894042285037, 37.78287989363631], [-122.38987242405933, 37.78361889424835], [-122.39045042346932, 37.78316189358785], [-122.390616424049, 37.78303089404882], [-122.39133442320107, 37.78246389383817], [-122.3921034233051, 37.7818558934713], [-122.39263942378061, 37.78228389390971], [-122.39286842410948, 37.7824668942001], [-122.39310842430899, 37.7826598933248], [-122.39332342439414, 37.78283089342677], [-122.39364442478453, 37.783087894077305], [-122.392866425358, 37.78370289379351], [-122.39262042441237, 37.78387789354522], [-122.39214542403622, 37.78421489385921], [-122.39161942450475, 37.784603894110134], [-122.3913904250742, 37.784811893959066], [-122.39132742442668, 37.7848698943587], [-122.39127542454817, 37.78492789400285], [-122.39099242379265, 37.78524189424829], [-122.39045042436764, 37.785674894397154], [-122.39032142449621, 37.78577689439255], [-122.38980942431014, 37.7861878938873], [-122.38966342382194, 37.786233894502075], [-122.38880542402947, 37.78690889441247], [-122.38861442423377, 37.78705889481742], [-122.3884194242401, 37.78711489499465], [-122.38802042403194, 37.787108895358], [-122.3877254235808, 37.78710789577349], [-122.3876964241668, 37.78718489568893]]]]}, "properties": {"tract_fips": "06075061508", "fema_risk_rating": "Relatively High", "fema_risk_score": 92.7782336223}}, {"type": "Feature", "geometry": {"type": "MultiPolygon", "coordinates": [[[[-122.49376643774538, 37.78754682708673], [-122.49374245542225, 37.787086879647795], [-122.49373345520138, 37.786864879904726], [-122.49370345596249, 37.7864958798637], [-122.4936144544774, 37.78508287944957], [-122.493517454393, 37.78350787895682], [-122.49348545370765, 37.78290087829966], [-122.49346745416432, 37.78256587838589], [-122.49346445379126, 37.782521878330996], [-122.4934524540957, 37.78228387829017], [-122.49342845470457, 37.7818478784768], [-122.49342045430862, 37.78163887843763], [-122.49347245418718, 37.78163687841062], [-122.49368445479759, 37.78162687827476], [-122.49454645478805, 37.78158687842777], [-122.49561745501586, 37.78153687770115], [-122.49668645469555, 37.78148687836066], [-122.49882745532625, 37.78138687744825], [-122.49989745572917, 37.78133687729629], [-122.50097145633005, 37.7812868778205], [-122.50203845635988, 37.78123687760088], [-122.5030244561989, 37.78119087742582], [-122.50311245696075, 37.781186878057504], [-122.50418645845994, 37.78113687777026], [-122.50525245776656, 37.781086876029214], [-122.50603445828939, 37.78104987630945], [-122.50621445821443, 37.78104187613732], [-122.50632645836744, 37.781005876062096], [-122.50634245736265, 37.781128876187545], [-122.50781545817168, 37.78112187568952], [-122.51014345840017, 37.781015875571974], [-122.51080745892219, 37.78206887588814], [-122.51066246005554, 37.78213287635152], [-122.51053245946088, 37.782131875989755], [-122.51037645892697, 37.78206687658276], [-122.51024145920775, 37.782039876724895], [-122.51012845922985, 37.78207387699133], [-122.51000045918333, 37.78216987623916], [-122.5098634598143, 37.78220487609664], [-122.50976545900669, 37.7821998764223], [-122.5089504579736, 37.78202287623081], [-122.50878845849019, 37.78206087653631], [-122.50864245800203, 37.782231876604165], [-122.5085064593562, 37.78228887653891], [-122.50836345834277, 37.78228787688921], [-122.50780045810306, 37.78222687693165], [-122.50751045857315, 37.78219487603763], [-122.50779745773002, 37.78242487634261], [-122.50980945938761, 37.7840388761105], [-122.50985645924327, 37.78442887619867], [-122.50988032119218, 37.784801718184134], [-122.50986710787268, 37.78480105650664], [-122.50974698245793, 37.78479503609349], [-122.50962497147941, 37.78496501531309], [-122.50936206424014, 37.78523995750434], [-122.50906205298638, 37.78554398095622], [-122.50880800044088, 37.78569891754462], [-122.50855495490683, 37.785720979814755], [-122.50812407438752, 37.78590700447455], [-122.50788005153218, 37.786121943175836], [-122.50769202246512, 37.78638100682469], [-122.50725094516903, 37.78683294775269], [-122.50690396729726, 37.787203993552545], [-122.5067540456629, 37.78730795297483], [-122.50655698852722, 37.787359932631155], [-122.50621001155378, 37.787596935206174], [-122.50602198158839, 37.78779699818288], [-122.50607396170399, 37.787911989707965], [-122.50612995279734, 37.78799305167898], [-122.50610204124314, 37.78809701141111], [-122.50609201155301, 37.78819395129098], [-122.50590498500577, 37.78822303252021], [-122.50585396069766, 37.7882430970283], [-122.5057959582764, 37.78825374726666], [-122.50565093515524, 37.788193950581096], [-122.50548296187522, 37.788126928967124], [-122.50535092390149, 37.78813394867949], [-122.505267018559, 37.78809701141111], [-122.50516406264428, 37.787963969649304], [-122.50494795313975, 37.787979011516875], [-122.50484499542841, 37.78791900944076], [-122.50475106488736, 37.78801595026407], [-122.5046200294335, 37.788015949554136], [-122.50452593000917, 37.78797901222676], [-122.50436597958293, 37.78804503085342], [-122.50423494323076, 37.788074949140366], [-122.50409404517339, 37.788081968857725], [-122.50387793566885, 37.78800792741846], [-122.50372801493278, 37.7879709893772], [-122.50357792351679, 37.787970990087146], [-122.50340894861522, 37.7880229692771], [-122.50337723359412, 37.78803026019004], [-122.50336145738109, 37.788031878105286], [-122.50333097754351, 37.78804089342094], [-122.50327807845139, 37.78805305369494], [-122.50311896435667, 37.78806792942239], [-122.50297806719762, 37.78811907296538], [-122.50292126043401, 37.788144130384964], [-122.50286245851213, 37.78805987889544], [-122.50281545775815, 37.78804587779179], [-122.50273145899085, 37.788049878208824], [-122.50254245794669, 37.7880958783745], [-122.502506755304, 37.78810063911597], [-122.50245592772694, 37.788102024885], [-122.50236999758178, 37.7881287634066], [-122.50234245793014, 37.78812187857896], [-122.50228145872909, 37.788140878231125], [-122.50219645744195, 37.7881138784624], [-122.50213245786784, 37.788120878298216], [-122.50210489306336, 37.78815791849337], [-122.5020999235832, 37.788154006112535], [-122.50197808058965, 37.78813896286083], [-122.50194480339826, 37.788156361634165], [-122.501939457524, 37.78815087819551], [-122.50193845859741, 37.7881268778527], [-122.50190445826222, 37.788123878430476], [-122.50190445826222, 37.78814787877426], [-122.50188819606063, 37.78818627632648], [-122.50179572168865, 37.78823965036037], [-122.50179245900755, 37.78823787839672], [-122.50175245792626, 37.78816087815858], [-122.50172645798699, 37.78817787795066], [-122.50170445824567, 37.78817187840032], [-122.50164645851936, 37.78817887752071], [-122.50159800069798, 37.78820548254924], [-122.50151795092471, 37.78819094335243], [-122.50128395775948, 37.78819796305873], [-122.50115292140731, 37.788235067818114], [-122.50092695199423, 37.78827200501745], [-122.50067407085187, 37.78828704682227], [-122.50037405959809, 37.78837596435719], [-122.50025204682295, 37.788375963647255], [-122.50015393821751, 37.788497973949205], [-122.50012008700266, 37.78851134668915], [-122.50012645785466, 37.78848187866753], [-122.50009145769454, 37.788478878549796], [-122.50009345734438, 37.78850187850275], [-122.50003645834128, 37.78848687862684], [-122.49999345778527, 37.78844987906197], [-122.49996406490916, 37.78846624553971], [-122.49994702207161, 37.78845401718148], [-122.4998350389866, 37.788445995093376], [-122.49978807416524, 37.78852103991859], [-122.49970300011456, 37.7886689569938], [-122.49956147772808, 37.7886689569938], [-122.49953845839892, 37.788633877847076], [-122.49950745753846, 37.788539879026544], [-122.49945945785788, 37.78847187874795], [-122.49936345759842, 37.78843487846564], [-122.49929345817652, 37.78841987857613], [-122.49922945770413, 37.78842487853964], [-122.49921033526667, 37.78842156392524], [-122.49920593172513, 37.78840905798096], [-122.49903695682356, 37.78829807828179], [-122.49892497373855, 37.788379975405114], [-122.49885829089669, 37.788359670981194], [-122.49888445702429, 37.788283878445384], [-122.49883745716862, 37.78824187809344], [-122.49880645810481, 37.78825087847514], [-122.49874845748018, 37.7882928795319], [-122.4987256842894, 37.78831934608487], [-122.4986274840558, 37.788291766376055], [-122.49862445852993, 37.788275879766225], [-122.49864645827124, 37.788224879735886], [-122.49862945765447, 37.78816987996998], [-122.49856445825547, 37.7881448793529], [-122.49853445811823, 37.78815787944768], [-122.49850745745573, 37.78819087945945], [-122.49841945759222, 37.78817387967036], [-122.4983844574321, 37.788129879404586], [-122.49839345765294, 37.78805787904219], [-122.49828445607635, 37.78804187950434], [-122.498230456548, 37.78794087936863], [-122.49816745679881, 37.78789287924873], [-122.49804745714822, 37.78788487910738], [-122.49799145707172, 37.787917879241114], [-122.4979634565843, 37.787845879382104], [-122.49788845713955, 37.7878258793694], [-122.49785945592892, 37.787881879675346], [-122.49788313821476, 37.78793744191561], [-122.49777321676333, 37.78796388090884], [-122.49775345652202, 37.78794487979135], [-122.49770645576804, 37.78793887951215], [-122.49764745711512, 37.78795687963829], [-122.49756945639903, 37.78790087938917], [-122.49752945621603, 37.787863879530946], [-122.49757145604882, 37.78782588007934], [-122.49755345650547, 37.787788880183506], [-122.497526455843, 37.78775587928222], [-122.49754245663482, 37.78771487962638], [-122.49751245739593, 37.78762587965442], [-122.49748545673341, 37.787596879121914], [-122.49743345595657, 37.7875848799264], [-122.49739260776396, 37.7875848799264], [-122.4972460736765, 37.78748996680343], [-122.49708595526533, 37.78743096675015], [-122.49689415327406, 37.78738716837192], [-122.49688345613566, 37.78737787965364], [-122.49683845592982, 37.78736187925857], [-122.49680684331668, 37.7873703096739], [-122.49676396043995, 37.78736212276446], [-122.49675545608913, 37.78735287947853], [-122.49674133906446, 37.78735780426166], [-122.49669153736342, 37.787348296171345], [-122.49666545657576, 37.78732387954882], [-122.49657245579104, 37.78729687948164], [-122.49654345637704, 37.78731187959909], [-122.49649445597325, 37.787314879054264], [-122.49644641047858, 37.78732331515439], [-122.49632598143329, 37.7873199870019], [-122.49591298277802, 37.78745202679357], [-122.49567297269705, 37.78752606878976], [-122.4954750810265, 37.787625014253145], [-122.49516203162469, 37.78772395958399], [-122.49512115019442, 37.787767485860996], [-122.49510845610116, 37.78777187959199], [-122.4950764554158, 37.787790880044035], [-122.49496945618398, 37.787802879916036], [-122.49496595275437, 37.787817894839144], [-122.49486480335169, 37.78783895619219], [-122.49483045626681, 37.78784187966396], [-122.49478045513975, 37.787903879530376], [-122.49477517394422, 37.78794689100643], [-122.49475605510004, 37.7879709893772], [-122.49472755694595, 37.788060327566846], [-122.49471345609095, 37.78809087980861], [-122.49471535063786, 37.78809859382879], [-122.4947139357913, 37.788103028715625], [-122.49465172027135, 37.78813006682409], [-122.4945414556635, 37.78802587996296], [-122.49456145575498, 37.78796787991045], [-122.49453845618876, 37.787921879665085], [-122.49454545586144, 37.787843880233], [-122.49451845609728, 37.78781387950113], [-122.49444645612725, 37.78782887951365], [-122.49443445643169, 37.787848879525534], [-122.49443945645457, 37.787885880101264], [-122.49442345656104, 37.78791287995325], [-122.49438334139371, 37.787902637162425], [-122.49437999427096, 37.78789694711687], [-122.49437664445324, 37.78789445173184], [-122.49437845545685, 37.78783287994243], [-122.49435545589064, 37.787829879798345], [-122.4943364565224, 37.78781987979048], [-122.49429345596637, 37.787820880075294], [-122.49427429040978, 37.78781819371777], [-122.49420299471895, 37.78776507495271], [-122.49408800407438, 37.787649917786084], [-122.49407220540346, 37.78764202552731], [-122.49405145611703, 37.787617879484166], [-122.4940284565508, 37.7875908795244], [-122.49400545608627, 37.787594879966015], [-122.49399096087087, 37.78760143685627], [-122.49388994531716, 37.78755097235604], [-122.49376643774538, 37.78754682708673]]]]}, "properties": {"tract_fips": "06075980200", "fema_risk_rating": "Relatively Low", "fema_risk_score": 72.9858608921}}, {"type": "Feature", "geometry": {"type": "MultiPolygon", "coordinates": [[[[-122.49814045344137, 37.771943876216525], [-122.49707345251318, 37.771992876542086], [-122.49599845208742, 37.772041876835225], [-122.49492945240773, 37.772090876385796], [-122.49385845217992, 37.77213987803411], [-122.49278745195211, 37.772188877519746], [-122.49171445117615, 37.772236877897306], [-122.49064345184665, 37.77228587731866], [-122.4895654501495, 37.772334878127694], [-122.48849745029474, 37.77238387748405], [-122.4874244495188, 37.77243287822816], [-122.48636044986198, 37.77248187751962], [-122.48528844980926, 37.772529877706965], [-122.48422044995448, 37.77257887764423], [-122.48314544773208, 37.77262787896913], [-122.48207544822748, 37.77267687813136], [-122.48100544782459, 37.77272587939131], [-122.47993144812203, 37.77277588039715], [-122.47886344826728, 37.77282487946131], [-122.47779344786436, 37.77287387991309], [-122.47672044798672, 37.77292287962238], [-122.47564044663974, 37.772971880009216], [-122.47457744590956, 37.77302088036364], [-122.4734544458032, 37.773072880718665], [-122.47232344619924, 37.77312387984338], [-122.4718504454729, 37.77314588054091], [-122.47178844644696, 37.773148880570965], [-122.47173244547214, 37.773150880117605], [-122.47161844656763, 37.77315588040398], [-122.47126644531683, 37.77317188032403], [-122.47018944524122, 37.77321988006348], [-122.46911844411507, 37.773266880710096], [-122.46805044426033, 37.77331388132683], [-122.46697844420758, 37.7733608819137], [-122.46590944362958, 37.773407881760654], [-122.46535844398379, 37.773432881682126], [-122.46483844340177, 37.77349888205918], [-122.46377544267156, 37.773633881936824], [-122.46271044408817, 37.77376988133289], [-122.46164644173639, 37.77390488213581], [-122.46057944170654, 37.77404088245353], [-122.45951244167671, 37.77417688181101], [-122.45839744196628, 37.77431888159362], [-122.45631044176221, 37.774564882591754], [-122.45527944081906, 37.77469688339605], [-122.45470944090667, 37.77476488356775], [-122.45466844000046, 37.774655883596424], [-122.45456844044135, 37.774169883494785], [-122.45450744034197, 37.7738708830824], [-122.45447744020476, 37.77372088360507], [-122.4543114405234, 37.772904882935485], [-122.45410943995873, 37.77193988202854], [-122.45398544011017, 37.7720068821069], [-122.45246343979564, 37.772198883902874], [-122.45226843980197, 37.772190884193066], [-122.45081344033291, 37.772377883752405], [-122.44916943802302, 37.7725888832645], [-122.44752343875825, 37.77279988359463], [-122.44592843775048, 37.773004883961214], [-122.44424243740443, 37.77322188457858], [-122.44259143632017, 37.77343388500191], [-122.4409484356318, 37.773644885050764], [-122.44076143693239, 37.77272288431457], [-122.44240443672243, 37.77251388474868], [-122.44405043778382, 37.772304884592025], [-122.44574343780256, 37.77208988440899], [-122.44733843791202, 37.77188788371693], [-122.44898443807512, 37.77167888392107], [-122.45062643804022, 37.77146988353439], [-122.45189743918289, 37.77130888353701], [-122.45226843890364, 37.77123988393806], [-122.45380843965984, 37.77103188211245], [-122.45392843931043, 37.771063882158266], [-122.45375244048165, 37.77010788182804], [-122.45356343943746, 37.769174882206094], [-122.45337843769292, 37.768255882058334], [-122.45319143899346, 37.76731688197053], [-122.4530764375691, 37.766751881674125], [-122.45302243893907, 37.766485882270985], [-122.45297343853525, 37.766383881931056], [-122.45461943869834, 37.76617488149133], [-122.45693944032752, 37.76588388180827], [-122.45721543961375, 37.765890881618844], [-122.45751643991261, 37.76594088156546], [-122.45781644038658, 37.766024881314515], [-122.45800844000722, 37.7661138817307], [-122.45858044046774, 37.766299881879675], [-122.45885844030208, 37.76629488112965], [-122.45897443975471, 37.766295880995635], [-122.45910143997634, 37.766286881491204], [-122.45954844076338, 37.76626688132613], [-122.4597944408107, 37.766332881708344], [-122.45999043973094, 37.766318881460016], [-122.46013144019625, 37.766307881516724], [-122.46041744042653, 37.766241880402056], [-122.46098244031604, 37.76621788075679], [-122.46112344078138, 37.76621988049086], [-122.46122344123877, 37.76621288071138], [-122.46213744110776, 37.76616888015505], [-122.46219144063613, 37.766152880139906], [-122.4623134417332, 37.76616088050296], [-122.46318444104612, 37.76611687991568], [-122.463265441237, 37.766121879967585], [-122.46338244141288, 37.766121879967585], [-122.46433844201295, 37.76608187954279], [-122.46529444171473, 37.766031879691496], [-122.46540644186771, 37.76602587976384], [-122.4655244409702, 37.76602187957513], [-122.46634144255141, 37.76598687986743], [-122.4664674429481, 37.765984880127114], [-122.4665874417004, 37.765975879874695], [-122.46738044299217, 37.76594087943507], [-122.46754944214827, 37.76592887956458], [-122.46765444173025, 37.76592887956458], [-122.46846544256539, 37.765892879941454], [-122.46861044233034, 37.76588387967788], [-122.46872444303145, 37.76588187993473], [-122.46955744270959, 37.76584487970653], [-122.46968144345647, 37.765833880402816], [-122.46981644407401, 37.76583387969272], [-122.47064044353128, 37.7658008796414], [-122.47075644388224, 37.765788879748186], [-122.47088244338063, 37.765789879620996], [-122.47172844437586, 37.765748879853376], [-122.47182944465818, 37.765731879163646], [-122.47194644393574, 37.76573987957229], [-122.47282944474091, 37.765702879273036], [-122.47295544334098, 37.76568887961561], [-122.473070443867, 37.76568787974138], [-122.47396944366736, 37.76564687849696], [-122.47407244449786, 37.76563987866331], [-122.47418544447575, 37.76563687832859], [-122.4750474444662, 37.76559687835157], [-122.47514644509874, 37.765590878388686], [-122.4752794442698, 37.76558987851318], [-122.47609044600325, 37.765554878601044], [-122.47621744532653, 37.76554787804847], [-122.47633344567748, 37.76554387854405], [-122.4771514461853, 37.765507878023364], [-122.47728744572944, 37.76549587808262], [-122.47740544573021, 37.76549187786524], [-122.47751544623338, 37.76549587879276], [-122.47822944608583, 37.76546187800323], [-122.47834544643679, 37.765455878739495], [-122.47837344512756, 37.76544587854529], [-122.47929444646586, 37.76540487858696], [-122.47942844636016, 37.765395878264016], [-122.47954644546262, 37.765389878284765], [-122.48037544673943, 37.765354877567816], [-122.48050144623781, 37.7653608775499], [-122.4806214458884, 37.765347877706525], [-122.48143844657133, 37.765312877679854], [-122.48156844626766, 37.76531087792125], [-122.48167744694592, 37.7653038780558], [-122.48251244717217, 37.76526487777859], [-122.48264644706647, 37.76525487826872], [-122.48276644671708, 37.765253878388684], [-122.48354144756719, 37.765217877726776], [-122.48371444781958, 37.76521587725552], [-122.48383044727221, 37.76521187773314], [-122.48466744804662, 37.76517787752319], [-122.48478944824534, 37.765169877053815], [-122.48488144830684, 37.765168877882715], [-122.48575144779491, 37.76512987753437], [-122.48586044757484, 37.76512287765173], [-122.48598044722544, 37.765119877296044], [-122.48679544736022, 37.76508187609409], [-122.48693244852589, 37.76506387607857], [-122.48704144830585, 37.7650678763191], [-122.48786944796109, 37.76502987651073], [-122.48799244798472, 37.76500987671584], [-122.48811344746024, 37.76501287636588], [-122.48895544825751, 37.76497987665832], [-122.48907544790812, 37.76496787663194], [-122.4891944486321, 37.764965876864025], [-122.48994844956584, 37.76493187583088], [-122.49014744975746, 37.76492087568123], [-122.49025644953741, 37.7649178760275], [-122.4910634492763, 37.76488187662236], [-122.49121644943715, 37.76487287623576], [-122.49134444948368, 37.76487287623576], [-122.4921544504939, 37.7648328765557], [-122.49228744966499, 37.764829875478085], [-122.49240745021389, 37.76483087607403], [-122.49324744956469, 37.76479387603012], [-122.49336244919243, 37.764783875746396], [-122.49344745047958, 37.76478587622935], [-122.49434245098027, 37.76474687567898], [-122.49442945012059, 37.76473787598611], [-122.49454045044868, 37.76473987576014], [-122.49537144957866, 37.76471587562746], [-122.49550444964807, 37.76470487615585], [-122.49561245139974, 37.764705875333206], [-122.49596045065594, 37.76469087559939], [-122.49611145026869, 37.764684875562956], [-122.49645745077342, 37.76466987511472], [-122.49657145147454, 37.76465887563631], [-122.49665745168825, 37.764660875412474], [-122.4974834507954, 37.76461087531059], [-122.49764645190032, 37.76459587626768], [-122.497765451726, 37.76459587555751], [-122.49862445224171, 37.76455587501752], [-122.49871745122982, 37.76454987568029], [-122.49879645087255, 37.76454787590112], [-122.49966745198213, 37.76451087500553], [-122.49978745253107, 37.764495874522], [-122.49987645132117, 37.764496874412295], [-122.50075545192837, 37.764461873982896], [-122.50085945258377, 37.76445487403703], [-122.50096245251594, 37.76445287496546], [-122.50183645220194, 37.76441587402233], [-122.50193345228632, 37.76440887478227], [-122.50204145224136, 37.764402874723004], [-122.50288745233826, 37.764363873970666], [-122.50300545233905, 37.76435387433892], [-122.50311045281936, 37.76435287444671], [-122.50395245271831, 37.76431387437822], [-122.50408145438638, 37.76430387473972], [-122.50418445342022, 37.76430587381532], [-122.50500845377584, 37.764269874112344], [-122.50515545408892, 37.764264873935225], [-122.50525845402109, 37.76425887386423], [-122.50611645381358, 37.764219874456295], [-122.50621945464403, 37.76421687406397], [-122.50634945434038, 37.76421287377741], [-122.5071754534475, 37.76417387363505], [-122.50729345434661, 37.76416487387245], [-122.50739145425588, 37.764161874188005], [-122.50823545380467, 37.76412987399605], [-122.50836145420135, 37.76411687322618], [-122.50848845442296, 37.764115873330695], [-122.50931045423044, 37.764097873080075], [-122.50943745535035, 37.76409787379024], [-122.50989645403635, 37.76409987358157], [-122.51032345563026, 37.76408287393311], [-122.51046145572249, 37.764069873865104], [-122.51221006774556, 37.76364153220566], [-122.5121619575722, 37.76381004175227], [-122.51219404898742, 37.76410905231072], [-122.51234096306221, 37.764433967935354], [-122.51248904584526, 37.76463303051273], [-122.5130290680783, 37.76906903609349], [-122.51315636564226, 37.77011726786946], [-122.51313045822948, 37.7702418745927], [-122.51310945741477, 37.770510874114535], [-122.51317345788719, 37.770770874409095], [-122.51115045635892, 37.77133287442921], [-122.51097245608366, 37.771352874644364], [-122.50992145594735, 37.77140587454924], [-122.50884945679293, 37.771455875027534], [-122.50777745584188, 37.771504874966446], [-122.50671145563693, 37.771551875283116], [-122.5056374559344, 37.77160187566273], [-122.50457045500623, 37.77164987571127], [-122.5034994547784, 37.771698876231724], [-122.50242645490076, 37.7717478760096], [-122.50135445394973, 37.77179687575501], [-122.50028445354684, 37.771845876177984], [-122.49920945401936, 37.77189487656854], [-122.49814045344137, 37.771943876216525]]]]}, "properties": {"tract_fips": "06075980300", "fema_risk_rating": "Relatively Moderate", "fema_risk_score": 87.4412852437}}, {"type": "Feature", "geometry": {"type": "MultiPolygon", "coordinates": [[[[-122.40828141322552, 37.71809988039713], [-122.40841541401814, 37.71770588021504], [-122.40864741382173, 37.717126880957174], [-122.40878041478945, 37.71688888012547], [-122.4079754138021, 37.71668087970402], [-122.4080464139472, 37.71651888003721], [-122.40850241405677, 37.71660788030595], [-122.40858741354728, 37.71642188031717], [-122.40895541379331, 37.71652588025381], [-122.4089764137097, 37.71646788026613], [-122.40981441430903, 37.716679879878264], [-122.41032941396982, 37.71682187987583], [-122.41045941456449, 37.71642387997566], [-122.41053241435942, 37.71633187999448], [-122.41074941319609, 37.71583988004065], [-122.41076441416301, 37.71574887988326], [-122.41105141421819, 37.71506687968293], [-122.41134241357301, 37.714376880035395], [-122.41362741414378, 37.714996879661435], [-122.4154224160664, 37.71548387960817], [-122.41568541583213, 37.71550187960323], [-122.41589241552136, 37.715287879063155], [-122.41608141476895, 37.715023879829815], [-122.41618041540146, 37.71480887876868], [-122.41623641637625, 37.714540878410155], [-122.41622041558443, 37.714282878506765], [-122.41612241477682, 37.71402287869241], [-122.41597541536206, 37.71383187857824], [-122.41583241614522, 37.713703878081034], [-122.41564941584711, 37.71360387791627], [-122.41531741468779, 37.713513878434306], [-122.41566141464438, 37.71274287844005], [-122.42035741618261, 37.71397687793603], [-122.42150241692859, 37.71425987750223], [-122.42177041671718, 37.714033877880375], [-122.4222004177858, 37.71364987819363], [-122.42378041782665, 37.714084877905556], [-122.42426741789836, 37.71275587757556], [-122.42264141603015, 37.712268878175095], [-122.42321941633845, 37.71113787773056], [-122.42285641611532, 37.71096087735052], [-122.42298841635977, 37.710844877145114], [-122.42327641713818, 37.71067187782476], [-122.42371441680609, 37.710621878200655], [-122.42406141623741, 37.71057287774032], [-122.42439941724453, 37.710630878078646], [-122.42457241749692, 37.710753877959625], [-122.42520041803394, 37.71105987762723], [-122.42661841859136, 37.71162287624826], [-122.42654741844628, 37.71181487697348], [-122.42557441902605, 37.714526878311744], [-122.42733241934212, 37.715079877700084], [-122.42724941950145, 37.71555887695314], [-122.42721541916626, 37.715757878427915], [-122.42687442048103, 37.71666087821151], [-122.4267244197949, 37.717055878087], [-122.42669641930752, 37.71708787802789], [-122.4265704189108, 37.71725787783731], [-122.42616642047638, 37.71844287794059], [-122.42641642072164, 37.71857087806714], [-122.4260044200947, 37.71911687785524], [-122.42585641905835, 37.71931187842851], [-122.42550542032741, 37.7202428784155], [-122.42458141951434, 37.72165787863999], [-122.42436841997734, 37.72195687833765], [-122.42479742032272, 37.72218187890886], [-122.42383342022505, 37.72370087956453], [-122.42285641970855, 37.72395388000649], [-122.42245242037582, 37.72405788002739], [-122.42187342024262, 37.724208879743195], [-122.42088741950528, 37.72446388002302], [-122.41990141786965, 37.72471987985273], [-122.41940141827746, 37.72350788006456], [-122.41841841881151, 37.72377788013033], [-122.4179404180623, 37.722636879570295], [-122.41780741799292, 37.72260688009685], [-122.41694341835264, 37.72283488005355], [-122.41665841794729, 37.72216687979209], [-122.41657541810662, 37.72197087987425], [-122.41558441734644, 37.72223588039379], [-122.41594941721942, 37.723094880207256], [-122.4149624175555, 37.72335287997685], [-122.41398541703902, 37.72360888080442], [-122.41299541610373, 37.72386788064409], [-122.41249441668661, 37.722667880908205], [-122.41199941532068, 37.721467880206006], [-122.41150241520323, 37.72026187987403], [-122.41101641405808, 37.71908387970803], [-122.41002841367093, 37.71934188065756], [-122.40992041461425, 37.719122880875936], [-122.408947415194, 37.71937688040046], [-122.40884241471372, 37.71912188037254], [-122.40874141443139, 37.71891188023381], [-122.40802341438098, 37.71872887973923], [-122.40828141322552, 37.71809988039713]]]]}, "properties": {"tract_fips": "06075980501", "fema_risk_rating": "Relatively Moderate", "fema_risk_score": 80.0042809746}}, {"type": "Feature", "geometry": {"type": "MultiPolygon", "coordinates": [[[[-122.38338025458523, 37.72034908855504], [-122.38339340592098, 37.72034288454155], [-122.38342340785486, 37.72036288432941], [-122.38343440772549, 37.720442884847984], [-122.3834264073296, 37.720519884537204], [-122.38339640719236, 37.72062188414998], [-122.38335240770975, 37.72070888421024], [-122.38319340680276, 37.720927884987766], [-122.38314340747236, 37.72097588380625], [-122.38310802283335, 37.72099560701273], [-122.38312233119917, 37.72097533027453], [-122.38312401464201, 37.720972946322114], [-122.38322789941473, 37.72085724815026], [-122.38327393717472, 37.720805974954594], [-122.38331551210439, 37.72073657225981], [-122.38333711479035, 37.72070051085768], [-122.38336196398774, 37.720658938256754], [-122.38338107025551, 37.72062697041288], [-122.38338100737342, 37.720621285139075], [-122.38337906521579, 37.720450974000855], [-122.38338025458523, 37.72034908855504]]], [[[-122.38276500024377, 37.72154706380657], [-122.38277870943332, 37.72152319035567], [-122.38276440735568, 37.72156588444801], [-122.3827584075079, 37.721649884123494], [-122.38274840836047, 37.721699884832546], [-122.38274876499165, 37.72171203327732], [-122.38274695129309, 37.72170801790283], [-122.38276500024377, 37.72154706380657]]], [[[-122.38278756502541, 37.72179793779622], [-122.38277059944294, 37.72176037478797], [-122.38278940747006, 37.721783884356064], [-122.38284640737145, 37.72188188462724], [-122.38290340727285, 37.72194688505457], [-122.38291055247262, 37.72195185540565], [-122.38289270743951, 37.72194368470253], [-122.38284305575712, 37.72192095111446], [-122.38278865019026, 37.72180034374941], [-122.38278756502541, 37.72179793779622]]], [[[-122.38331133224337, 37.72213625199687], [-122.38318869154585, 37.72207923128501], [-122.38322440766322, 37.72208888419375], [-122.3832844079377, 37.72211388511487], [-122.38333008547325, 37.722144971227806], [-122.38331133224337, 37.72213625199687]]], [[[-122.38220240694088, 37.72225588535498], [-122.38221056723695, 37.722241029785266], [-122.38230403694224, 37.72227294364099], [-122.3824529560568, 37.722336957476244], [-122.38254552295523, 37.72238593026113], [-122.38255472080543, 37.72239079755249], [-122.38250640761282, 37.72238988591238], [-122.3824774073005, 37.722381885790504], [-122.38244340786363, 37.72234688533574], [-122.38240140713252, 37.72231888595481], [-122.38235140690381, 37.72230488590508], [-122.38229140752767, 37.72229388581345], [-122.38220240694088, 37.72225588535498]]], [[[-122.38261240791805, 37.72243188529483], [-122.38259859632056, 37.72241478512283], [-122.38282400159164, 37.7225570775335], [-122.38302122401731, 37.722687612901325], [-122.38312000186764, 37.7227529643439], [-122.38331204370908, 37.72287096244359], [-122.38350341630563, 37.722968404206945], [-122.3836030313858, 37.72301904636083], [-122.3836157973443, 37.723026895067335], [-122.38338040819714, 37.72292288578282], [-122.38329040688714, 37.7228728851888], [-122.38321140724443, 37.722810886224316], [-122.3831374076246, 37.722767885892026], [-122.38306540765457, 37.72274088570372], [-122.38301440760094, 37.7227148859604], [-122.38297440741796, 37.72267888520767], [-122.38295140785175, 37.7226438856038], [-122.38288140753156, 37.72263588550932], [-122.38278940836834, 37.72258488497543], [-122.3826684070962, 37.72251188571063], [-122.38262040741564, 37.722479885981016], [-122.38261240791805, 37.72243188529483]]], [[[-122.38337756323264, 37.722172668688394], [-122.38337534708883, 37.722171001725044], [-122.383447407246, 37.72220188459521], [-122.38351840739111, 37.72226188385796], [-122.3835964072089, 37.72231288461423], [-122.38368540779567, 37.722344884416], [-122.38373940822233, 37.72237988487165], [-122.38376840763635, 37.72240588402199], [-122.38382940773573, 37.72244888456443], [-122.38391140775147, 37.72248888441867], [-122.38401840788158, 37.72257088426546], [-122.38407940708267, 37.72260488486853], [-122.38421740807324, 37.72267188415131], [-122.38426540775382, 37.722694883965374], [-122.38454340848646, 37.72287188402548], [-122.3846274629493, 37.722944476501965], [-122.38461003742941, 37.72293497647263], [-122.3846069274619, 37.722933202944205], [-122.38370498567897, 37.7224190221516], [-122.38337756323264, 37.722172668688394]]], [[[-122.38464725014006, 37.72295526475367], [-122.38464179646796, 37.722952291110055], [-122.38466440706367, 37.72296188421898], [-122.38466912591385, 37.72296719201221], [-122.38465202827905, 37.72295787104387], [-122.38464725014006, 37.72295526475367]]], [[[-122.38367440792501, 37.723067885111945], [-122.38365428566266, 37.7230505584222], [-122.38377701978497, 37.72312601564674], [-122.38381569135963, 37.72319103061433], [-122.38381957657323, 37.72319756408251], [-122.38378840862615, 37.72320288606981], [-122.38376340851178, 37.72319388558728], [-122.38375840848892, 37.72317588532944], [-122.38373840749912, 37.72316588510541], [-122.38370840736191, 37.72314188569904], [-122.38367440792501, 37.723067885111945]]], [[[-122.38389940805592, 37.72335788576083], [-122.38389572855651, 37.72333924321079], [-122.38392694321601, 37.723403965247215], [-122.3839374750644, 37.7234292037565], [-122.38394499396333, 37.72344692044595], [-122.3839593867708, 37.72345813139776], [-122.38396464910174, 37.72346223052146], [-122.3839614079802, 37.72346188590801], [-122.38394040716548, 37.72345388519131], [-122.3839204079723, 37.72343088490242], [-122.38389940805592, 37.72335788576083]]], [[[-122.38462140740594, 37.72373788523545], [-122.38459484062976, 37.72370777607407], [-122.38489536841477, 37.72390794225946], [-122.38489776601827, 37.723909539550895], [-122.38490278939736, 37.72391288547844], [-122.38487840732391, 37.72391288547844], [-122.38485640848094, 37.72390688497756], [-122.38481640829794, 37.723884885268376], [-122.38478640816069, 37.72384888579485], [-122.38474740870099, 37.72381088542359], [-122.38467840820569, 37.72377688608466], [-122.38462140740594, 37.72373788523545]]], [[[-122.38517274032677, 37.72411096497304], [-122.38516740882554, 37.72411088539288], [-122.38511340839888, 37.72412288494005], [-122.38507640858896, 37.7241228856506], [-122.38505040864966, 37.724107885505774], [-122.38503240820803, 37.72407288515609], [-122.38500040842095, 37.72403388588378], [-122.3849554082151, 37.723959885477356], [-122.38492180044369, 37.72392554727983], [-122.38495701440286, 37.723949000738685], [-122.38516185364382, 37.72410605729411], [-122.38516694080326, 37.72410995530003], [-122.38517274032677, 37.72411096497304]]], [[[-122.3859260657274, 37.72361882483587], [-122.38517830628824, 37.723237644534606], [-122.38522740820167, 37.72325188457232], [-122.38530440819457, 37.72328888478319], [-122.38537540744137, 37.723317884244196], [-122.38543540771582, 37.72335388397586], [-122.38547240842406, 37.72337088445491], [-122.38552540812752, 37.723374884107294], [-122.38560640831837, 37.72341188425672], [-122.38571940829627, 37.723483884321716], [-122.3857434076874, 37.72349288405845], [-122.38576240795398, 37.72351488459462], [-122.38578640824343, 37.72353088388231], [-122.38588640870086, 37.72356588377756], [-122.38590740771893, 37.723596884726696], [-122.38593940750599, 37.72362388460298], [-122.38607740849656, 37.7236728842481], [-122.38645611127089, 37.72388566544035], [-122.38641700131835, 37.723866167533856], [-122.38633540105289, 37.72382548701577], [-122.38615606138957, 37.72373606838327], [-122.38592650410524, 37.72361904794597], [-122.3859260657274, 37.72361882483587]]], [[[-122.38535840862124, 37.724154885380955], [-122.38530801133719, 37.724134411978355], [-122.38532906425418, 37.72413803429454], [-122.38550305355166, 37.72413803500509], [-122.38553651849095, 37.72414836691847], [-122.38555168025631, 37.72415304864397], [-122.38548540794454, 37.724161884165504], [-122.38542340891858, 37.724164884050424], [-122.38535840862124, 37.724154885380955]]], [[[-122.38690061024987, 37.7241376484731], [-122.38689818839185, 37.724135226253466], [-122.38693140809109, 37.724150884349605], [-122.38695440855562, 37.724180884618754], [-122.38696240805322, 37.724254884093874], [-122.3869524089058, 37.72427988428393], [-122.3869254082433, 37.72429888470696], [-122.38686126673538, 37.724309250703584], [-122.3868685799201, 37.724300993575234], [-122.38693592661696, 37.7242249470924], [-122.38691102352065, 37.724148062808794], [-122.38690061024987, 37.7241376484731]]], [[[-122.38641440878045, 37.72448788397481], [-122.38627240849023, 37.72448388438247], [-122.38621140839085, 37.724472884614435], [-122.38615640903758, 37.72444888421047], [-122.3861154081314, 37.72441688460713], [-122.38605440803202, 37.72438988501991], [-122.38599240810775, 37.72436788403316], [-122.3859454082521, 37.72433188408378], [-122.38587940812985, 37.72429088479122], [-122.38577340872293, 37.72425288464677], [-122.38570140785461, 37.724213884048204], [-122.38567758632992, 37.724191924220214], [-122.3859339367659, 37.724271077197955], [-122.38601549750548, 37.724313028618376], [-122.38605394090808, 37.72433291862249], [-122.38622793110389, 37.724455931283536], [-122.38643308116194, 37.724478671198874], [-122.38643601775462, 37.7244789959127], [-122.3864397026439, 37.724477783032086], [-122.38659396134449, 37.72442701611109], [-122.38674595090069, 37.724371470100635], [-122.3867782309621, 37.72435967380662], [-122.38673240789944, 37.72439988436815], [-122.38666340830247, 37.72443588428447], [-122.38651140886482, 37.72447488405561], [-122.38641440878045, 37.72448788397481]]], [[[-122.38220240694088, 37.72225588535498], [-122.38145140727853, 37.72284388555352], [-122.38081340579744, 37.723397885834736], [-122.38017540701131, 37.72396888586681], [-122.37953740642853, 37.724686885622525], [-122.37897740656187, 37.725313886457364], [-122.37841840652013, 37.72594188594821], [-122.37785940647841, 37.726569885798206], [-122.3788434075659, 37.727128886475434], [-122.37972340709968, 37.72762788593446], [-122.37962540808871, 37.727741886088026], [-122.37920140776616, 37.72824188605991], [-122.37856840720627, 37.72895188618791], [-122.37830440761564, 37.72897388652346], [-122.37770740793907, 37.72863988640968], [-122.37670740605971, 37.72853988651231], [-122.37379240530211, 37.72801488749999], [-122.37372640607818, 37.72806688822998], [-122.37366640580373, 37.72811588706726], [-122.37346640668551, 37.72833588763866], [-122.37318440575488, 37.728648888361874], [-122.37280140544021, 37.72905988777237], [-122.37261040564452, 37.72926488857051], [-122.37226140566507, 37.72963788789124], [-122.37203240533621, 37.72988388828177], [-122.37147040581972, 37.730502887792234], [-122.37100440656275, 37.731018888106895], [-122.36997140596972, 37.73248588825606], [-122.3697784065242, 37.732376888502095], [-122.36968671099157, 37.73247902027174], [-122.36965303584653, 37.73245598513139], [-122.36957799238434, 37.732404004534395], [-122.36956896701065, 37.73238595323074], [-122.3695970456515, 37.73223201894009], [-122.3693749183329, 37.73203396045518], [-122.36925425213234, 37.73201894912434], [-122.36923140617803, 37.732002888439226], [-122.36917140590359, 37.73200688833592], [-122.36910540578134, 37.731995888264294], [-122.36903040543827, 37.73196188842005], [-122.3689534063437, 37.73194488849205], [-122.36887340507943, 37.73193988826174], [-122.36878840469063, 37.731949888011556], [-122.36872040581687, 37.73197088854752], [-122.36870782221636, 37.73198347224138], [-122.36858703204832, 37.732033961165605], [-122.36858703294666, 37.73215095765016], [-122.36846702610951, 37.73222399785705], [-122.36833699407383, 37.732254082242406], [-122.36815197256634, 37.7322019338353], [-122.36793511746012, 37.732122417763165], [-122.36785540545338, 37.732077888242344], [-122.36779340552911, 37.73202888847433], [-122.36772040483585, 37.73199088803742], [-122.36768772682078, 37.73198123357738], [-122.36759607261065, 37.7319310039358], [-122.36741105020484, 37.73193100464626], [-122.3673000696397, 37.731997024291935], [-122.36721828342296, 37.73208626812373], [-122.36713540485484, 37.73214288824705], [-122.36711540476335, 37.73215288867991], [-122.36705440466399, 37.73216688899948], [-122.36700940445814, 37.73218688914693], [-122.36693940413795, 37.73224188934696], [-122.36691740439663, 37.732281889595924], [-122.3668884040843, 37.732303888942106], [-122.36684840390136, 37.73231388935323], [-122.3668084046167, 37.73231088979844], [-122.36677940430438, 37.732297889831536], [-122.36670440485962, 37.73222488948324], [-122.36586140423742, 37.73314988939226], [-122.36587186422061, 37.73317698951163], [-122.3658482376303, 37.7332464039941], [-122.36582559828852, 37.733271841627314], [-122.3657179441849, 37.73337106429845], [-122.36557002579357, 37.733550069299625], [-122.36548537574771, 37.73365411410141], [-122.36534940494967, 37.73380688954337], [-122.36531340406633, 37.73381488985203], [-122.36527540353319, 37.733810890053], [-122.36524140319801, 37.73379188922863], [-122.36522240382975, 37.73376588910218], [-122.36521840453011, 37.733739889677004], [-122.3655327466076, 37.73337914422442], [-122.36557704702581, 37.73333596531148], [-122.36568185436835, 37.73320802338102], [-122.3657874046176, 37.73308688948026], [-122.36656840441718, 37.73219388930385], [-122.36654518835701, 37.732182964568665], [-122.36656700304533, 37.732158980872484], [-122.3662025466531, 37.731946327887655], [-122.36621640406469, 37.73192588932019], [-122.36602640409386, 37.73183788931551], [-122.36602307044588, 37.73184160645691], [-122.36583330493535, 37.73173088074827], [-122.3658364050214, 37.73172489011684], [-122.36567740411441, 37.73163588953886], [-122.36567502986713, 37.731638528915404], [-122.36563805161677, 37.73161695280863], [-122.36505971713515, 37.73232260738601], [-122.36498840437636, 37.73240188950268], [-122.36485440358372, 37.73255288996755], [-122.36476697145542, 37.73250043059098], [-122.3648991881939, 37.73233791491627], [-122.36490540453566, 37.73233088990698], [-122.36513440396621, 37.73207588971686], [-122.36476240442053, 37.73186888964394], [-122.36382140299075, 37.731345889332296], [-122.36372740417774, 37.73129388948385], [-122.36371240410911, 37.73130888959417], [-122.3630164038, 37.732083890212614], [-122.36290240399718, 37.732152890100856], [-122.3626494033789, 37.73201588987886], [-122.36285791942434, 37.731778007932], [-122.36344202827658, 37.731153980431834], [-122.36341679549858, 37.7311404147281], [-122.36343040317848, 37.73112488954658], [-122.36287940353267, 37.73081088970688], [-122.36208740386243, 37.731684889566985], [-122.36193440370155, 37.731611890035246], [-122.36180240345708, 37.731548890235565], [-122.36248440352247, 37.73077088937378], [-122.36259440312732, 37.73065288965054], [-122.36219040289629, 37.73043889025082], [-122.3620024025753, 37.73033888994084], [-122.36211240218014, 37.73021988988624], [-122.36204358314455, 37.73017375353924], [-122.36205394610967, 37.73015499760724], [-122.36199327748862, 37.730140028524254], [-122.36193340297832, 37.73009988928524], [-122.3618124026045, 37.73007888963963], [-122.36168840185762, 37.73007088963774], [-122.36153440187185, 37.73008088964], [-122.36148612281521, 37.73008738129258], [-122.36145191766413, 37.730086972766756], [-122.36124499882328, 37.73008697916108], [-122.36124492875467, 37.73008696850392], [-122.36118440206748, 37.730077889994696], [-122.36108040231039, 37.730044890336174], [-122.3610174025612, 37.730016889602446], [-122.3609054015099, 37.729915889785914], [-122.36077640253679, 37.729972889544534], [-122.36082240166921, 37.73000888959385], [-122.36083140548332, 37.73002256136643], [-122.36082398000917, 37.730026969896194], [-122.3608061322811, 37.73021486325173], [-122.36079240243032, 37.730227889872], [-122.36076740231594, 37.73024288948781], [-122.36057640252025, 37.73028889009044], [-122.36034040251867, 37.73032488927565], [-122.36014140232706, 37.73034088993419], [-122.35994140231051, 37.73034188957557], [-122.35926240171986, 37.73001988996065], [-122.35901772489099, 37.729895357584965], [-122.35886997178969, 37.72981403654248], [-122.35889073095758, 37.72976128819047], [-122.35898340116229, 37.729721890490566], [-122.35891806938662, 37.72969182568041], [-122.35896206347935, 37.72958004381921], [-122.36192692253188, 37.728884081205045], [-122.36214904895216, 37.728811041966665], [-122.36223194997817, 37.728745021612], [-122.36228794017319, 37.72867900332996], [-122.36229713353181, 37.72863989493559], [-122.3623004025011, 37.728636889547985], [-122.3623194018694, 37.72859788912648], [-122.36231840204448, 37.72855288927043], [-122.36230940182364, 37.72853088952031], [-122.3622084024396, 37.72848988971016], [-122.3621004024846, 37.728463889143015], [-122.36197740156264, 37.728452889966036], [-122.36187640217861, 37.72845788972129], [-122.36147540142228, 37.728533889938724], [-122.3592804012632, 37.729055889848], [-122.35889640112366, 37.72918188937283], [-122.35775740202207, 37.72945288972205], [-122.35752367206324, 37.72926924527982], [-122.3578459175186, 37.729007931079536], [-122.36005999340274, 37.728502004358525], [-122.36034696830511, 37.72839303000209], [-122.36044006431125, 37.72833403040098], [-122.36044892259827, 37.7282609913306], [-122.36043324609825, 37.72823297144944], [-122.36043040203205, 37.728197889920864], [-122.36041140176548, 37.72816988919927], [-122.36028940156675, 37.72815088905885], [-122.36014840199974, 37.72814688966438], [-122.3599894019911, 37.728162890082956], [-122.35855040241557, 37.72850689043135], [-122.35725826391426, 37.72881715503841], [-122.35717001252243, 37.728721957600854], [-122.35715763822937, 37.72871938490669], [-122.35714640210182, 37.72867089020845], [-122.35705901219434, 37.728698877241236], [-122.35703095241813, 37.728693042672965], [-122.3577349387501, 37.72630397427184], [-122.35802692894667, 37.72611393801929], [-122.36167705254232, 37.725257023086336], [-122.36133007287395, 37.72429999172072], [-122.36129697983718, 37.724209068745736], [-122.35802208253571, 37.72497506168969], [-122.35794402792068, 37.7249929449836], [-122.35784892507819, 37.72467805726895], [-122.36069093861728, 37.72402504892594], [-122.36143403310514, 37.72392593736558], [-122.36190502789344, 37.724273082328835], [-122.36205294448813, 37.724229960633295], [-122.3647119388645, 37.72599994957021], [-122.36485701678289, 37.72609404920399], [-122.3649220332499, 37.72610407745341], [-122.36499607509053, 37.726102072372036], [-122.36511106573512, 37.72606296190636], [-122.3651560273134, 37.725974044759425], [-122.36515502299692, 37.72591303885523], [-122.36514198574721, 37.72584200461719], [-122.36500994777347, 37.72572500882276], [-122.36228693855166, 37.72391406994669], [-122.3627069557442, 37.72349806533704], [-122.36000500482928, 37.721673921672966], [-122.36027292736276, 37.72138794829786], [-122.36304306939091, 37.72303007760891], [-122.36383597007139, 37.72215795308144], [-122.35923199105255, 37.71942508202921], [-122.35915293661259, 37.719359062545415], [-122.35916196198629, 37.71928602315124], [-122.3599309629886, 37.718501979218935], [-122.36087595922646, 37.71901492520066], [-122.36271999209562, 37.720107003739756], [-122.36365496043994, 37.71909598807847], [-122.36257591939203, 37.7184660446354], [-122.36267804077184, 37.71831194355614], [-122.35861107462983, 37.71590900236604], [-122.35874996764748, 37.715776964179035], [-122.36266801197999, 37.71805605517172], [-122.36364375755004, 37.71699911709908], [-122.3638924004409, 37.71673688627039], [-122.35998563086352, 37.714458767344006], [-122.36009693122892, 37.714369997580384], [-122.36398806742541, 37.716611984072415], [-122.3642939294066, 37.71632701443688], [-122.36439604898978, 37.71630495278512], [-122.36441070320703, 37.71628882260537], [-122.36442240017034, 37.71628788672936], [-122.36484061085085, 37.715815618175135], [-122.36522906483758, 37.715388034002245], [-122.36523065036405, 37.715375153291596], [-122.36524239942966, 37.71536188600098], [-122.36526440096762, 37.715310886144145], [-122.3652664006174, 37.71524488573385], [-122.36521940076177, 37.715186886164624], [-122.36479939973887, 37.714942886401296], [-122.36476264067744, 37.714980638339405], [-122.36475875097227, 37.71497839987209], [-122.36460539957012, 37.71487388611281], [-122.36457940052917, 37.71481388584059], [-122.36429540084704, 37.71464888679571], [-122.36421539958278, 37.714646886378674], [-122.36404040057892, 37.71455988630558], [-122.36407539984069, 37.71451988572312], [-122.36333239967593, 37.71408788601551], [-122.36329539986602, 37.7141258864001], [-122.36313839950719, 37.714019886213755], [-122.36311239956791, 37.71395988596062], [-122.36282839988579, 37.713793886570485], [-122.36274839951983, 37.71379188684101], [-122.36257339961766, 37.713704886474645], [-122.36260839977774, 37.713665886718296], [-122.36187639858534, 37.713238886367364], [-122.3618383989505, 37.71327688647673], [-122.36168239841659, 37.71317088578641], [-122.3616563984773, 37.713110885556425], [-122.36137139897028, 37.71294488639621], [-122.36129139860432, 37.71294288593312], [-122.36116739875577, 37.7128858858602], [-122.3611342751763, 37.712866674290865], [-122.36122594735272, 37.712794054172676], [-122.36138598581387, 37.712888893308175], [-122.36139239888668, 37.71290288589902], [-122.36170139868317, 37.71308288623788], [-122.36171402270784, 37.71308328704034], [-122.36191300493317, 37.713201202474046], [-122.36191039892053, 37.713203885856686], [-122.36242457302959, 37.71350435090197], [-122.365397267188, 37.71526583415692], [-122.36444240026182, 37.71632188595263], [-122.3644564005055, 37.71635488675128], [-122.3644564005055, 37.71637488619459], [-122.36450238975648, 37.71639754829173], [-122.36452106842619, 37.71643598878091], [-122.36464207688485, 37.716517050217], [-122.36478999527617, 37.71652407033085], [-122.3648919477727, 37.71645102956286], [-122.36491782374448, 37.716395974999074], [-122.36494240075233, 37.716367886674306], [-122.36495345811515, 37.716324391569295], [-122.3650119528132, 37.71623792997842], [-122.3651141550414, 37.7161629986973], [-122.36513640002276, 37.716152886670834], [-122.36513920635971, 37.71614463147572], [-122.3651510129175, 37.716135975493756], [-122.3652209126264, 37.71603869884338], [-122.36525340019864, 37.716017886366245], [-122.36532740071678, 37.715990885849465], [-122.36540740108273, 37.71597888640622], [-122.36548840037528, 37.715982886457724], [-122.36556040034529, 37.71599988578598], [-122.36563039976717, 37.71603288601748], [-122.36568540091709, 37.71607388632769], [-122.36586640066706, 37.71628888584979], [-122.36608639987675, 37.7165108863873], [-122.36616339986965, 37.71662288623317], [-122.36625740137764, 37.716725886062505], [-122.36636640205586, 37.71681988591289], [-122.3664884022546, 37.71690288617302], [-122.36678140215757, 37.717085886203954], [-122.36739440172767, 37.71744188675532], [-122.36779940178364, 37.71768288666855], [-122.36794240279707, 37.71774388656062], [-122.36806540282072, 37.717763886339526], [-122.36808852545613, 37.717766296687344], [-122.36813392002237, 37.717781950445016], [-122.36828720045763, 37.71778700990028], [-122.36853540227567, 37.717812885597475], [-122.36867740256592, 37.71781588645008], [-122.36881680672496, 37.71780491269453], [-122.36905602000027, 37.717813037665294], [-122.36953002414478, 37.71785799643661], [-122.36970200840256, 37.717943071185005], [-122.36990232732103, 37.718083187817065], [-122.36993840186622, 37.71811888666893], [-122.3699934021178, 37.718190886194016], [-122.37002840137957, 37.71831688643796], [-122.37008240180626, 37.71843688623422], [-122.37012440163905, 37.71850788635969], [-122.37020640255314, 37.71857888641712], [-122.37029940243954, 37.71863988628197], [-122.37031955524463, 37.718649532532986], [-122.37035300940413, 37.71868800383017], [-122.37054705628528, 37.71874901000053], [-122.37060700535578, 37.71874901000053], [-122.37064540204595, 37.71875688616181], [-122.37076540259486, 37.71876788606813], [-122.37088640207037, 37.718765885762316], [-122.37092252602291, 37.718757938543135], [-122.37101303667765, 37.71876505437409], [-122.37119705656362, 37.718834083015125], [-122.37144893428783, 37.71897197098469], [-122.37160905269899, 37.71893403064317], [-122.37169887434595, 37.718973579751975], [-122.37170240292838, 37.71897688610967], [-122.37174040346153, 37.719002886454355], [-122.37178039376303, 37.719009472875285], [-122.37178404541466, 37.71901108093115], [-122.37179015845017, 37.71901108093115], [-122.37182540385035, 37.71901688570696], [-122.37191240299066, 37.719018886716604], [-122.37198277521341, 37.719007966433196], [-122.37204356510696, 37.71900364251784], [-122.37210540333452, 37.71901488611847], [-122.3721884031752, 37.719016886417556], [-122.37229640402852, 37.719001886659925], [-122.37239040463817, 37.71902188609922], [-122.37248640399933, 37.719027885574675], [-122.37259340412946, 37.719019885800265], [-122.3726219184532, 37.719012805523086], [-122.37287094133144, 37.718995035189735], [-122.3737400595722, 37.718887064405834], [-122.37397610628614, 37.71888789223975], [-122.37402840440537, 37.71891988641519], [-122.37409240397945, 37.7189788856992], [-122.37414540368289, 37.71905288610777], [-122.37417740346993, 37.71913388641259], [-122.37418740351569, 37.719211885832905], [-122.37417540382013, 37.71933788576152], [-122.37419040388875, 37.71940788594505], [-122.37421840437614, 37.71946488597461], [-122.37427240390451, 37.71952788610582], [-122.37430004955736, 37.71954823998291], [-122.37431701783478, 37.71960208066493], [-122.37442398742216, 37.71970904849011], [-122.37453095431464, 37.71987802544826], [-122.3746860583299, 37.72002393672234], [-122.37485102315206, 37.72013207496616], [-122.37502601766434, 37.720207954402625], [-122.37559351846362, 37.72049442902279], [-122.37568240406604, 37.720762886058424], [-122.37577840432552, 37.721129886260016], [-122.37581840450846, 37.72116988611594], [-122.37586840473718, 37.721200885936135], [-122.3758974050495, 37.7212368859861], [-122.37590940384676, 37.72127888602232], [-122.37590640437202, 37.72129688603051], [-122.3758694045621, 37.72139988646715], [-122.37584840554402, 37.721529886689595], [-122.37585140591707, 37.72164588650968], [-122.37590840581848, 37.72192888591485], [-122.37592340498877, 37.72208488660357], [-122.37594640635163, 37.722163886221246], [-122.37594740617655, 37.72225088589159], [-122.37592840590997, 37.72236488650553], [-122.37592540553692, 37.72246288600803], [-122.37593740523248, 37.7225758865495], [-122.37596740536969, 37.72268788575278], [-122.37601440612369, 37.72279588581379], [-122.37611840588075, 37.72296588602507], [-122.37620740556923, 37.72307288594131], [-122.37629540543276, 37.72315688603945], [-122.37641140578371, 37.723245886149506], [-122.37648583030669, 37.72328973317375], [-122.37652006420387, 37.723324073797656], [-122.37670950452423, 37.72343199974512], [-122.37674740534437, 37.723484886187336], [-122.3767344058239, 37.723533885924404], [-122.37670340586176, 37.72357988572057], [-122.37668240594537, 37.72359788588017], [-122.37683345766038, 37.72382997336331], [-122.37681806951959, 37.724031066470175], [-122.37702512759931, 37.724124468726686], [-122.37710740609279, 37.724250885910116], [-122.37715740632152, 37.72421488590388], [-122.37723040611647, 37.7241838866345], [-122.37730640538612, 37.724170885951494], [-122.3774094062166, 37.72417588599585], [-122.37750340592792, 37.72417988560476], [-122.3776564060888, 37.72417288611136], [-122.37785040625756, 37.72414188611386], [-122.37788740606749, 37.724101885731244], [-122.37793040662352, 37.72411888532806], [-122.37812840609192, 37.724063886200376], [-122.37833040575825, 37.72401988615824], [-122.37856540593492, 37.72398088614748], [-122.37868740523533, 37.723947885903776], [-122.37880340648461, 37.72390288606445], [-122.37892640650827, 37.72383788593246], [-122.3790234056943, 37.72377088557277], [-122.37907640629606, 37.723725886336396], [-122.37914740554287, 37.723619885674594], [-122.37920340651769, 37.723507885748894], [-122.37924540635048, 37.723392885737816], [-122.37927140628975, 37.7232748863379], [-122.37928038495103, 37.72317547747611], [-122.37928903572721, 37.72315492919546], [-122.37950196968718, 37.723004004070184], [-122.37952456860481, 37.7229784705386], [-122.37956440619271, 37.722972886343086], [-122.37964940658154, 37.72294388603646], [-122.3797194060034, 37.722905885911494], [-122.37977940627786, 37.722857886211955], [-122.3798304072298, 37.72279588581379], [-122.37984940569976, 37.72276288575264], [-122.37984040547892, 37.722709886527994], [-122.3798944068039, 37.72260388583328], [-122.37997740664458, 37.72232388612418], [-122.38001340573129, 37.722259885778136], [-122.38006996366157, 37.722200403797984], [-122.380074703173, 37.72219664211821], [-122.38014340632594, 37.7221498854317], [-122.38020640607513, 37.72212288572864], [-122.38034440706569, 37.72202488506574], [-122.3804494066477, 37.72193088613532], [-122.38053140666344, 37.72184388537855], [-122.38060040626044, 37.721807884913005], [-122.38068440592603, 37.721780885795866], [-122.38077240668788, 37.72176888586927], [-122.38085540563023, 37.721770885383485], [-122.38093640671941, 37.721785886001534], [-122.38099540537232, 37.72180488564319], [-122.38123640629505, 37.721942886035656], [-122.38163240613018, 37.72215488561247], [-122.38169371345337, 37.722175697076054], [-122.38175398501906, 37.722207927156994], [-122.38202992950802, 37.722236006162035], [-122.38214089480182, 37.722233880892134], [-122.38220240694088, 37.72225588535498]]]]}, "properties": {"tract_fips": "06075980600", "fema_risk_rating": "Relatively Moderate", "fema_risk_score": 81.1851164782}}, {"type": "Feature", "geometry": {"type": "MultiPolygon", "coordinates": [[[[-122.39461341861688, 37.752436888464764], [-122.3936454174229, 37.75249488798295], [-122.39321141795294, 37.75252188797578], [-122.3926654174317, 37.752554888269344], [-122.39168241616909, 37.752613888456175], [-122.39159341558232, 37.75261888800031], [-122.39155641667072, 37.752621888863075], [-122.39131041662344, 37.75263688891349], [-122.39125741602167, 37.75263988835503], [-122.39115541591443, 37.75264588865817], [-122.39070941674889, 37.75267288859591], [-122.38975641562354, 37.752730890059865], [-122.38877941510704, 37.75278788929898], [-122.38811541548331, 37.75282688976237], [-122.38791641619001, 37.752828889858414], [-122.38772241602125, 37.752840889723394], [-122.3868384153912, 37.75289988968217], [-122.38587241654199, 37.75295589016531], [-122.38490641409952, 37.753011889895824], [-122.38394041435201, 37.75306789029419], [-122.38297741497755, 37.75312388993995], [-122.3820114143317, 37.75317989025355], [-122.381737413797, 37.753195890233904], [-122.3817058631676, 37.75319771488633], [-122.38170300742333, 37.753196957041204], [-122.38169699769406, 37.7531925193501], [-122.3816570451218, 37.75316302730611], [-122.38155793219985, 37.75309099075693], [-122.38143308074842, 37.75299906473682], [-122.38126995387937, 37.75296898025883], [-122.38068931611737, 37.75294624980359], [-122.38031232912523, 37.75293151332251], [-122.38031841341464, 37.752918890573795], [-122.38016543930492, 37.7529257715773], [-122.3800949745557, 37.75292301718725], [-122.3800889567416, 37.75275905479633], [-122.38006204860558, 37.7520639294319], [-122.37998950066326, 37.75206800353317], [-122.37998641315362, 37.752039889672986], [-122.37615579466119, 37.75225649368472], [-122.37599862721571, 37.750972323593224], [-122.37579741177859, 37.74871689068091], [-122.3849404135364, 37.748154889284386], [-122.38494741320908, 37.74819488945916], [-122.38467741377066, 37.74821188920723], [-122.38469141401437, 37.748313889034335], [-122.3847704136571, 37.74831288963561], [-122.38484641382504, 37.74829689001997], [-122.38490841374934, 37.7482698891958], [-122.38496041362787, 37.748240889562354], [-122.38502841339995, 37.748221888890065], [-122.38506241373514, 37.74820488914429], [-122.38508441347643, 37.7481758901957], [-122.3850954142454, 37.74814588899348], [-122.38512041435978, 37.748125888185236], [-122.38515541362155, 37.74811788871281], [-122.38518941395672, 37.74812388867239], [-122.38525241370591, 37.74816588908601], [-122.3852994135616, 37.74817588806474], [-122.38532541350087, 37.74817488866416], [-122.38542941415625, 37.748128888519936], [-122.38549841375323, 37.7481178880025], [-122.38556541370039, 37.748120888337525], [-122.38584641390777, 37.7481568887964], [-122.38588841463888, 37.748147887795476], [-122.38591841387777, 37.74812688829685], [-122.38593541449454, 37.74808888830948], [-122.38595641351263, 37.74807688838424], [-122.38597941397715, 37.74807588827195], [-122.386024414183, 37.74809588838339], [-122.3860744135134, 37.748102887746306], [-122.38613041448822, 37.7480948882714], [-122.38617441397082, 37.74807888860869], [-122.38621141467907, 37.7480478886751], [-122.38623041404733, 37.74801388838941], [-122.38623841444326, 37.74796988837251], [-122.38626241383439, 37.74793688816505], [-122.38627041423031, 37.74788388848992], [-122.3862914141467, 37.74780788824618], [-122.38631141333987, 37.7477898882892], [-122.3863414134771, 37.747766889166435], [-122.38639841427681, 37.747775888082835], [-122.38643841445979, 37.747796888391385], [-122.38656541468139, 37.74778688794075], [-122.38683741466795, 37.747758888234564], [-122.3869394147752, 37.74773688779842], [-122.38703241376331, 37.747726888050046], [-122.38707741396918, 37.74769288832714], [-122.38713841406853, 37.74763488788634], [-122.38718041479963, 37.74761488836063], [-122.38727941453382, 37.74760588800405], [-122.38729741497549, 37.74778288818635], [-122.38743841364418, 37.747774887966536], [-122.38742241375066, 37.747602887648206], [-122.3874174146261, 37.74754188819914], [-122.39024241497205, 37.74751388768993], [-122.39029041555092, 37.74753088830476], [-122.39220741677397, 37.74833988760288], [-122.39250741545132, 37.74843988774926], [-122.39280741592529, 37.747639887766944], [-122.39230741543477, 37.74753988796018], [-122.39050741528588, 37.747039888320124], [-122.3901544160068, 37.74706088812719], [-122.3901334160904, 37.74682788824276], [-122.3885724145195, 37.74693688803003], [-122.38823241386255, 37.74695688773897], [-122.38814341507242, 37.746961888375694], [-122.38762341359211, 37.746992888053796], [-122.38736841422228, 37.747007887824644], [-122.38721941336107, 37.747016888253995], [-122.3872294134068, 37.74711688805713], [-122.38723641397782, 37.747181887643606], [-122.38691441376254, 37.747183887892234], [-122.38626041418455, 37.74721988809671], [-122.38627741390299, 37.747071888801706], [-122.38627841462623, 37.74705088828743], [-122.38627641407807, 37.746993888891005], [-122.38627741390299, 37.74693688803003], [-122.38627441352993, 37.74688388834907], [-122.38627341370504, 37.746868887842766], [-122.38238241135753, 37.74712488905841], [-122.37648941188972, 37.747502889922366], [-122.37646641232351, 37.747487890251854], [-122.37635621958086, 37.74736939651246], [-122.3763559348149, 37.74715893379213], [-122.37584143192247, 37.74712851096022], [-122.3757639405511, 37.74711222625174], [-122.37560969263029, 37.74706848567465], [-122.37542241006325, 37.74698888967709], [-122.37520441050337, 37.74686489016963], [-122.37495740973283, 37.74666189006351], [-122.37489016005402, 37.74659002476567], [-122.3748521667074, 37.746527636512866], [-122.37484141028018, 37.74644389022872], [-122.37484141028018, 37.7463278901852], [-122.37492141064614, 37.74608788986089], [-122.37492547731944, 37.74606992642253], [-122.37496501127676, 37.745965067987065], [-122.37497704690495, 37.745892029261135], [-122.3749650121751, 37.74581798747901], [-122.37484199867669, 37.74572104744143], [-122.3742620301596, 37.745110994688254], [-122.37415706830686, 37.74504798293431], [-122.37412079792897, 37.74503695141447], [-122.37408595138076, 37.74502629566088], [-122.37404591975675, 37.745014054435], [-122.3739289249708, 37.745014054435], [-122.37385840632267, 37.7450597560432], [-122.3738239613214, 37.745082079767634], [-122.37360216727775, 37.74524570755364], [-122.37337402663661, 37.745414015359145], [-122.37335196580987, 37.745422037854496], [-122.37328093152878, 37.74544794367511], [-122.37313903095155, 37.74545696986609], [-122.37300398272332, 37.745447944385454], [-122.37287066734525, 37.74552850596005], [-122.37278841041135, 37.74551489032562], [-122.37478941040165, 37.74385289040316], [-122.3761394093904, 37.74148688954865], [-122.37687341023268, 37.740201888965025], [-122.37744640961976, 37.73956688805109], [-122.37774840974357, 37.73923088836986], [-122.37913641016381, 37.73768988812107], [-122.37919540881671, 37.73777588777181], [-122.3801364102465, 37.73831788779847], [-122.38039241033954, 37.73854088790896], [-122.38082340943646, 37.73878588831996], [-122.38091340984812, 37.73883788787957], [-122.38101641067861, 37.73872988776978], [-122.38158441004286, 37.73813288787239], [-122.38343641186691, 37.73918688810414], [-122.38530841198579, 37.74024988736843], [-122.38716941223406, 37.741306887905324], [-122.38662541226088, 37.74191088772738], [-122.38658141187996, 37.74195988805899], [-122.38652641252672, 37.74202088784658], [-122.38662941245889, 37.742077887521134], [-122.38773141444547, 37.742706887807394], [-122.38788741408108, 37.74270188759355], [-122.38802541417333, 37.74276688821608], [-122.3882764133452, 37.74196388741777], [-122.38857641381915, 37.74115988764752], [-122.38884741308249, 37.74036488819691], [-122.38913941405883, 37.739588887363894], [-122.38945141333006, 37.73881288621058], [-122.38955241361239, 37.73886688622458], [-122.38962141410771, 37.73890388644828], [-122.38971541292072, 37.73895588663535], [-122.39129441403493, 37.739862886523646], [-122.39185741427467, 37.73923788644], [-122.39194741378803, 37.7391378859369], [-122.39241941379112, 37.738612886052294], [-122.39299141425167, 37.737970886105884], [-122.39355041429339, 37.737360885982554], [-122.39411941348256, 37.736738886173605], [-122.39493441361734, 37.73720288640518], [-122.39514541440288, 37.73732388640851], [-122.39597141440828, 37.73779388519137], [-122.3978364157528, 37.73885688598819], [-122.39967141606178, 37.73988988544224], [-122.39971141624476, 37.739911886079845], [-122.39974441675503, 37.73991488532673], [-122.3997784161919, 37.73991788599427], [-122.39987441555306, 37.739946886047406], [-122.40000841634566, 37.73995888515969], [-122.4001734153038, 37.739923885197804], [-122.40093641735666, 37.7397088860837], [-122.40210641642038, 37.73937788606491], [-122.40322041810252, 37.73906888403343], [-122.40431841719621, 37.738763884506135], [-122.40507741725447, 37.738557884191344], [-122.40566841798159, 37.73838888378431], [-122.4068794179515, 37.73805988333143], [-122.40696041814235, 37.73803388399337], [-122.40703541758711, 37.73801188421845], [-122.40708041779295, 37.738467883770404], [-122.40709541786154, 37.738563884215516], [-122.40714041806741, 37.73906988426738], [-122.40708841818888, 37.73957988461055], [-122.40697841858403, 37.74050488426962], [-122.40686141840816, 37.74086488391524], [-122.40675641792785, 37.74112888481583], [-122.40660041829224, 37.74139088508011], [-122.40631541878521, 37.74178388480329], [-122.4058644186985, 37.74240188551049], [-122.405331418596, 37.743124885736975], [-122.404930418738, 37.74369088552696], [-122.40461641802035, 37.74413588592466], [-122.40455341827116, 37.744307885776436], [-122.4042114179644, 37.745246885998], [-122.40422941930439, 37.745493885817915], [-122.40425442031705, 37.74557788534448], [-122.40428341883272, 37.74567488665799], [-122.40434141945737, 37.745939886171215], [-122.40431642024133, 37.74597088556711], [-122.4041954189692, 37.74611988578186], [-122.40409041938722, 37.746262886297046], [-122.40395042054344, 37.74660388597341], [-122.40373841903471, 37.74721188639537], [-122.40368841970431, 37.747421886551166], [-122.40358741942197, 37.74777188619689], [-122.40370041939987, 37.74806588572816], [-122.4038284203447, 37.74833988618225], [-122.4038934197437, 37.74840688633081], [-122.40392341988094, 37.74843888622129], [-122.40407841969163, 37.748599886281724], [-122.40401741959226, 37.74879088623448], [-122.40385341956075, 37.749306886230215], [-122.40381041990304, 37.74944288561344], [-122.4036194201073, 37.749481886419346], [-122.4035954207162, 37.749484885988764], [-122.40328741984631, 37.74953988612285], [-122.40322942011997, 37.74954388649258], [-122.40308141998199, 37.74955388670579], [-122.4028874198132, 37.74955288590321], [-122.40288041924221, 37.74962288593786], [-122.40287742066579, 37.74965188645035], [-122.40286841954665, 37.749757886071436], [-122.40282741953875, 37.75021088617192], [-122.40281042071865, 37.75039588574316], [-122.40275142026911, 37.75050688611622], [-122.4026314206185, 37.75056788667264], [-122.40221041977071, 37.75059088634542], [-122.4012584202669, 37.75064188818842], [-122.40049841948537, 37.75068288780616], [-122.40024342011559, 37.750762887531984], [-122.39987141787496, 37.75089288734584], [-122.39944041787972, 37.750999887392844], [-122.39836741800208, 37.75106488783042], [-122.39643441778384, 37.75118888811341], [-122.39653941826414, 37.75232088787162], [-122.39557441834151, 37.75237888748067], [-122.39461341861688, 37.752436888464764]]]]}, "properties": {"tract_fips": "06075980900", "fema_risk_rating": "Very High", "fema_risk_score": 99.0427265052}}]}