{"type": "FeatureCollection", "features": [{"type": "Feature", "geometry": {"type": "MultiPolygon", "coordinates": [[[[-122.506038, 37.719089], [-122.50604, 37.71915], [-122.506013, 37.719151], [-122.506001, 37.718983], [-122.506038, 37.719089]]], [[[-122.50624, 37.722202], [-122.50632, 37.723278], [-122.506432, 37.723273], [-122.506506, 37.72426], [-122.506421, 37.724573], [-122.506214, 37.724496], [-122.506021, 37.723833], [-122.505994, 37.723474], [-122.505881, 37.723479], [-122.505874, 37.723389], [-122.505612, 37.723509], [-122.505536, 37.723405], [-122.505423, 37.72341], [-122.505416, 37.723321], [-122.505303, 37.723326], [-122.505296, 37.723236], [-122.50507, 37.723247], [-122.505064, 37.723157], [-122.504789, 37.723035], [-122.505276, 37.722967], [-122.505283, 37.723057], [-122.505396, 37.723052], [-122.505403, 37.723141], [-122.505629, 37.723131], [-122.505635, 37.72322], [-122.505748, 37.723215], [-122.505721, 37.722856], [-122.505834, 37.722851], [-122.505808, 37.722492], [-122.505695, 37.722497], [-122.505655, 37.721959], [-122.505542, 37.721964], [-122.505535, 37.721875], [-122.505356, 37.721844], [-122.505241, 37.721654], [-122.504476, 37.721456], [-122.504334, 37.721622], [-122.50416, 37.721669], [-122.504017, 37.721315], [-122.503724, 37.721], [-122.503861, 37.720693], [-122.503974, 37.720687], [-122.50412, 37.720199], [-122.504837, 37.720107], [-122.504797, 37.719569], [-122.504684, 37.719574], [-122.504671, 37.719394], [-122.504332, 37.71941], [-122.504339, 37.7195], [-122.503887, 37.719521], [-122.503867, 37.719252], [-122.503635, 37.719173], [-122.503621, 37.718993], [-122.503508, 37.718999], [-122.503495, 37.718819], [-122.503382, 37.718825], [-122.503369, 37.718645], [-122.503256, 37.71865], [-122.503243, 37.718471], [-122.50301, 37.718392], [-122.50299, 37.718123], [-122.502877, 37.718128], [-122.502824, 37.71741], [-122.503163, 37.717394], [-122.503467, 37.717441], [-122.504004, 37.718128], [-122.504246, 37.718244], [-122.504232, 37.718065], [-122.504119, 37.71807], [-122.504086, 37.717621], [-122.504004, 37.717586], [-122.503789, 37.717133], [-122.50404, 37.716993], [-122.504033, 37.716903], [-122.50392, 37.716909], [-122.503907, 37.716729], [-122.503373, 37.716534], [-122.503445, 37.715583], [-122.503648, 37.715442], [-122.503681, 37.715209], [-122.503568, 37.715215], [-122.503534, 37.714766], [-122.503421, 37.714771], [-122.503408, 37.714592], [-122.503295, 37.714597], [-122.503288, 37.714508], [-122.503176, 37.714513], [-122.503169, 37.714423], [-122.503021, 37.714385], [-122.503162, 37.714333], [-122.503149, 37.714154], [-122.503036, 37.714159], [-122.503009, 37.7138], [-122.502896, 37.713806], [-122.502883, 37.713626], [-122.502715, 37.713394], [-122.502131, 37.713332], [-122.502285, 37.713204], [-122.502279, 37.713114], [-122.502166, 37.71312], [-122.502146, 37.712851], [-122.502259, 37.712845], [-122.502252, 37.712756], [-122.502139, 37.712761], [-122.502119, 37.712492], [-122.501654, 37.712333], [-122.501634, 37.712064], [-122.501401, 37.711985], [-122.501388, 37.711806], [-122.500923, 37.711647], [-122.500916, 37.711558], [-122.500465, 37.711579], [-122.500458, 37.711489], [-122.500232, 37.7115], [-122.500122, 37.711633], [-122.499342, 37.711553], [-122.498911, 37.711151], [-122.49964, 37.711015], [-122.499973, 37.711062], [-122.49998, 37.711151], [-122.500093, 37.711146], [-122.500099, 37.711236], [-122.500438, 37.71122], [-122.500445, 37.71131], [-122.501116, 37.711188], [-122.501109, 37.711098], [-122.500883, 37.711109], [-122.500877, 37.711019], [-122.50099, 37.711014], [-122.500976, 37.710835], [-122.50075, 37.710845], [-122.500744, 37.710755], [-122.500073, 37.710877], [-122.500066, 37.710787], [-122.499811, 37.710758], [-122.499678, 37.710571], [-122.500159, 37.710513], [-122.500166, 37.710602], [-122.500392, 37.710592], [-122.500385, 37.710502], [-122.500272, 37.710507], [-122.500259, 37.710328], [-122.500026, 37.710249], [-122.50002, 37.710159], [-122.499907, 37.710164], [-122.4999, 37.710075], [-122.499674, 37.710085], [-122.499667, 37.709996], [-122.499555, 37.710001], [-122.499548, 37.709911], [-122.498925, 37.709991], [-122.498857, 37.709763], [-122.499302, 37.709653], [-122.499229, 37.708666], [-122.499116, 37.708671], [-122.499103, 37.708491], [-122.499216, 37.708486], [-122.499202, 37.708307], [-122.499275, 37.708273], [-122.499299, 37.708132], [-122.501116, 37.708133], [-122.501122, 37.708217], [-122.501009, 37.708222], [-122.501016, 37.708312], [-122.501129, 37.708307], [-122.501093, 37.708567], [-122.500672, 37.708537], [-122.500155, 37.708684], [-122.50027, 37.709122], [-122.500205, 37.70961], [-122.500333, 37.709784], [-122.500677, 37.709858], [-122.50069, 37.710038], [-122.501029, 37.710022], [-122.500989, 37.709484], [-122.500876, 37.709489], [-122.500863, 37.709309], [-122.50048, 37.70928], [-122.500571, 37.709021], [-122.500861, 37.708919], [-122.500956, 37.709035], [-122.501069, 37.70903], [-122.501076, 37.709119], [-122.501189, 37.709114], [-122.501202, 37.709294], [-122.501315, 37.709288], [-122.501328, 37.709468], [-122.501492, 37.70955], [-122.501341, 37.709647], [-122.501361, 37.709916], [-122.501474, 37.709911], [-122.501514, 37.710449], [-122.501627, 37.710444], [-122.501654, 37.710803], [-122.501767, 37.710798], [-122.50178, 37.710977], [-122.501893, 37.710972], [-122.501906, 37.711151], [-122.502019, 37.711146], [-122.502033, 37.711325], [-122.502145, 37.71132], [-122.502172, 37.711679], [-122.502285, 37.711674], [-122.502305, 37.711943], [-122.502486, 37.712005], [-122.502551, 37.712201], [-122.503002, 37.712437], [-122.503242, 37.712349], [-122.503228, 37.71217], [-122.503115, 37.712175], [-122.503082, 37.711726], [-122.502969, 37.711732], [-122.502956, 37.711552], [-122.502843, 37.711557], [-122.502836, 37.711468], [-122.502723, 37.711473], [-122.50271, 37.711294], [-122.502597, 37.711299], [-122.502557, 37.710761], [-122.502444, 37.710766], [-122.502391, 37.710048], [-122.502278, 37.710053], [-122.502258, 37.709784], [-122.502145, 37.70979], [-122.502125, 37.70952], [-122.502012, 37.709526], [-122.501999, 37.709346], [-122.50189, 37.709294], [-122.501697, 37.708947], [-122.501332, 37.708616], [-122.50172, 37.708471], [-122.502014, 37.708787], [-122.502092, 37.709072], [-122.502205, 37.709067], [-122.502218, 37.709246], [-122.502331, 37.709241], [-122.502351, 37.70951], [-122.502464, 37.709505], [-122.502484, 37.709774], [-122.502597, 37.709768], [-122.50263, 37.710217], [-122.502743, 37.710212], [-122.502796, 37.710929], [-122.502909, 37.710924], [-122.502936, 37.711283], [-122.503049, 37.711278], [-122.503062, 37.711457], [-122.503295, 37.711536], [-122.503315, 37.711805], [-122.503428, 37.7118], [-122.503474, 37.712428], [-122.503587, 37.712423], [-122.50366, 37.71341], [-122.503773, 37.713405], [-122.503807, 37.713853], [-122.50392, 37.713848], [-122.503946, 37.714207], [-122.504059, 37.714201], [-122.504086, 37.71456], [-122.504199, 37.714555], [-122.504225, 37.714914], [-122.504338, 37.714909], [-122.504371, 37.715357], [-122.504484, 37.715352], [-122.504571, 37.716518], [-122.504684, 37.716513], [-122.504717, 37.716961], [-122.50483, 37.716956], [-122.50487, 37.717494], [-122.504983, 37.717489], [-122.505016, 37.717938], [-122.505129, 37.717932], [-122.505163, 37.718381], [-122.505276, 37.718376], [-122.505309, 37.718824], [-122.505422, 37.718819], [-122.505462, 37.719357], [-122.505575, 37.719352], [-122.505655, 37.720429], [-122.505768, 37.720423], [-122.505788, 37.720693], [-122.505675, 37.720698], [-122.505695, 37.720967], [-122.505582, 37.720972], [-122.505588, 37.721062], [-122.505249, 37.721078], [-122.505256, 37.721168], [-122.505595, 37.721152], [-122.505602, 37.721241], [-122.505827, 37.721231], [-122.505841, 37.72141], [-122.505954, 37.721405], [-122.50598, 37.721764], [-122.506093, 37.721759], [-122.506127, 37.722207], [-122.50624, 37.722202]], [[-122.500398, 37.710682], [-122.500511, 37.710676], [-122.500505, 37.710587], [-122.500392, 37.710592], [-122.500398, 37.710682]], [[-122.503216, 37.718112], [-122.503329, 37.718107], [-122.503342, 37.718286], [-122.503455, 37.718281], [-122.503468, 37.71846], [-122.503581, 37.718455], [-122.503595, 37.718635], [-122.503708, 37.718629], [-122.503688, 37.71836], [-122.503575, 37.718365], [-122.503561, 37.718186], [-122.503448, 37.718191], [-122.503435, 37.718012], [-122.503322, 37.718017], [-122.503302, 37.717748], [-122.503189, 37.717753], [-122.503118, 37.717551], [-122.503083, 37.717848], [-122.503196, 37.717843], [-122.503209, 37.718022], [-122.503216, 37.718112]], [[-122.503714, 37.718719], [-122.503721, 37.718809], [-122.503834, 37.718803], [-122.503821, 37.718624], [-122.503708, 37.718629], [-122.503714, 37.718719]], [[-122.503841, 37.718893], [-122.503847, 37.718983], [-122.50396, 37.718978], [-122.503947, 37.718798], [-122.503834, 37.718803], [-122.503841, 37.718893]], [[-122.503967, 37.719067], [-122.504108, 37.719016], [-122.50396, 37.718978], [-122.503967, 37.719067]], [[-122.504911, 37.721094], [-122.504638, 37.721173], [-122.504811, 37.721278], [-122.504818, 37.721368], [-122.504931, 37.721363], [-122.504924, 37.721273], [-122.50515, 37.721263], [-122.505136, 37.721083], [-122.504911, 37.721094]], [[-122.504339, 37.72103], [-122.504386, 37.721138], [-122.504479, 37.721055], [-122.504339, 37.72103]]], [[[-122.506757, 37.723064], [-122.506774, 37.723167], [-122.506765, 37.723168], [-122.506757, 37.723064]]], [[[-122.505804, 37.724936], [-122.505722, 37.724387], [-122.506101, 37.724407], [-122.506063, 37.725031], [-122.505804, 37.724936]]], [[[-122.506772, 37.726318], [-122.506885, 37.726313], [-122.506905, 37.726582], [-122.506792, 37.726587], [-122.506832, 37.727126], [-122.506719, 37.727131], [-122.506726, 37.727221], [-122.506161, 37.727247], [-122.506148, 37.727068], [-122.506035, 37.727073], [-122.506021, 37.726894], [-122.505866, 37.726841], [-122.505337, 37.726836], [-122.505236, 37.726967], [-122.504916, 37.726857], [-122.504959, 37.726647], [-122.504739, 37.726413], [-122.5044, 37.726429], [-122.504393, 37.72634], [-122.50428, 37.726345], [-122.504274, 37.726255], [-122.503935, 37.726271], [-122.503922, 37.726092], [-122.504486, 37.726065], [-122.504493, 37.726155], [-122.504832, 37.726139], [-122.504838, 37.726229], [-122.505064, 37.726218], [-122.505118, 37.726099], [-122.505223, 37.726364], [-122.505304, 37.726387], [-122.505417, 37.726382], [-122.505527, 37.726248], [-122.506145, 37.726311], [-122.506234, 37.726704], [-122.506347, 37.726698], [-122.50636, 37.726878], [-122.506473, 37.726872], [-122.506493, 37.727142], [-122.506606, 37.727136], [-122.506573, 37.726688], [-122.50647, 37.726638], [-122.506314, 37.72625], [-122.506294, 37.72598], [-122.506181, 37.725986], [-122.506188, 37.725519], [-122.506366, 37.725437], [-122.506347, 37.725168], [-122.5062, 37.724791], [-122.50641, 37.724743], [-122.506559, 37.724978], [-122.506672, 37.724972], [-122.506719, 37.7256], [-122.506606, 37.725606], [-122.506632, 37.725965], [-122.506745, 37.725959], [-122.506772, 37.726318]]], [[[-122.507164, 37.725493], [-122.507208, 37.725758], [-122.507184, 37.725759], [-122.507164, 37.725493]]], [[[-122.50743, 37.727548], [-122.507317, 37.727553], [-122.507244, 37.726566], [-122.507343, 37.726562], [-122.50739, 37.727009], [-122.50743, 37.727548]]], [[[-122.50737, 37.728271], [-122.50735, 37.728002], [-122.507463, 37.727996], [-122.507483, 37.728265], [-122.50737, 37.728271]]], [[[-122.50749, 37.728355], [-122.507654, 37.728438], [-122.507503, 37.728535], [-122.50749, 37.728355]]], [[[-122.50765, 37.730508], [-122.507537, 37.730514], [-122.507444, 37.729258], [-122.507557, 37.729252], [-122.50765, 37.730508]]], [[[-122.507789, 37.730862], [-122.50769, 37.731047], [-122.507577, 37.731052], [-122.50755, 37.730693], [-122.507663, 37.730688], [-122.507789, 37.730862]]], [[[-122.507923, 37.732656], [-122.508036, 37.732651], [-122.508096, 37.733458], [-122.507983, 37.733464], [-122.50797, 37.733284], [-122.507923, 37.732656]]], [[[-122.507883, 37.733648], [-122.508116, 37.733728], [-122.508129, 37.733907], [-122.507903, 37.733918], [-122.507883, 37.733648]]], [[[-122.507983, 37.734994], [-122.508096, 37.734989], [-122.508295, 37.735516], [-122.508143, 37.735617], [-122.508156, 37.735796], [-122.508043, 37.735802], [-122.507983, 37.734994]]], [[[-122.50809, 37.73643], [-122.508203, 37.736424], [-122.50827, 37.737321], [-122.508157, 37.737327], [-122.508137, 37.737058], [-122.50809, 37.73643]]], [[[-122.508283, 37.739031], [-122.50817, 37.739037], [-122.508077, 37.737781], [-122.50819, 37.737775], [-122.508316, 37.73795], [-122.508217, 37.738134], [-122.508283, 37.739031]]], [[[-122.508071, 37.739221], [-122.508184, 37.739216], [-122.50823, 37.739844], [-122.508117, 37.739849], [-122.508071, 37.739221]]], [[[-122.508144, 37.740208], [-122.508257, 37.740203], [-122.508333, 37.740709], [-122.508417, 37.740826], [-122.50845, 37.741274], [-122.508337, 37.74128], [-122.50831, 37.740921], [-122.508197, 37.740926], [-122.508144, 37.740208]]], [[[-122.508723, 37.741892], [-122.508497, 37.741902], [-122.508483, 37.741723], [-122.508716, 37.741802], [-122.508723, 37.741892]]], [[[-122.508996, 37.74557], [-122.508969, 37.745211], [-122.508857, 37.745216], [-122.508783, 37.74423], [-122.50867, 37.744235], [-122.508657, 37.744055], [-122.508883, 37.744045], [-122.508923, 37.744583], [-122.509036, 37.744578], [-122.509042, 37.744668], [-122.508901, 37.744719], [-122.509049, 37.744757], [-122.509109, 37.745565], [-122.508996, 37.74557]]], [[[-122.509083, 37.746736], [-122.509056, 37.746377], [-122.508943, 37.746383], [-122.508923, 37.746114], [-122.509149, 37.746103], [-122.509196, 37.746731], [-122.509083, 37.746736]]], [[[-122.509249, 37.747449], [-122.509136, 37.747454], [-122.509123, 37.747275], [-122.509236, 37.747269], [-122.509249, 37.747449]]], [[[-122.509476, 37.748969], [-122.509642, 37.749681], [-122.509529, 37.749686], [-122.509516, 37.749507], [-122.509403, 37.749512], [-122.509363, 37.748974], [-122.509476, 37.748969]]], [[[-122.510161, 37.752087], [-122.510168, 37.752177], [-122.51002, 37.752139], [-122.510161, 37.752087]]], [[[-122.510215, 37.752805], [-122.510181, 37.752357], [-122.510294, 37.752351], [-122.510328, 37.7528], [-122.510215, 37.752805]]], [[[-122.510368, 37.754869], [-122.510481, 37.754863], [-122.510501, 37.755132], [-122.510388, 37.755138], [-122.510368, 37.754869]]], [[[-122.510534, 37.755581], [-122.510541, 37.755671], [-122.510428, 37.755676], [-122.510421, 37.755586], [-122.510534, 37.755581]]], [[[-122.510801, 37.75917], [-122.510781, 37.758901], [-122.510894, 37.758895], [-122.510914, 37.759164], [-122.510801, 37.75917]]], [[[-122.511527, 37.762827], [-122.51164, 37.762821], [-122.511687, 37.763449], [-122.511574, 37.763455], [-122.511527, 37.762827]]], [[[-122.511661, 37.766152], [-122.511774, 37.766146], [-122.511788, 37.766326], [-122.511675, 37.766331], [-122.511661, 37.766152]]], [[[-122.512142, 37.772611], [-122.512096, 37.771983], [-122.512209, 37.771978], [-122.512255, 37.772606], [-122.512142, 37.772611]]], [[[-122.512162, 37.77288], [-122.512275, 37.772875], [-122.512336, 37.773682], [-122.512222, 37.773688], [-122.512162, 37.77288]]], [[[-122.512243, 37.773957], [-122.512356, 37.773951], [-122.512376, 37.774221], [-122.512263, 37.774226], [-122.512243, 37.773957]]], [[[-122.512309, 37.774854], [-122.512276, 37.774405], [-122.512389, 37.7744], [-122.512422, 37.774849], [-122.512309, 37.774854]]], [[[-122.508333, 37.77477], [-122.508473, 37.774794], [-122.50838, 37.774878], [-122.508333, 37.77477]]], [[[-122.510787, 37.775736], [-122.5109, 37.77573], [-122.510913, 37.77591], [-122.511027, 37.775904], [-122.511047, 37.776173], [-122.511279, 37.776253], [-122.511299, 37.776522], [-122.511412, 37.776516], [-122.511419, 37.776606], [-122.511645, 37.776596], [-122.511652, 37.776685], [-122.511765, 37.77668], [-122.511771, 37.77677], [-122.512117, 37.776843], [-122.512124, 37.776933], [-122.512237, 37.776928], [-122.512244, 37.777018], [-122.512357, 37.777012], [-122.512363, 37.777102], [-122.512815, 37.777081], [-122.512809, 37.776991], [-122.512922, 37.776986], [-122.512985, 37.777216], [-122.513181, 37.777424], [-122.513414, 37.777503], [-122.513427, 37.777682], [-122.513695, 37.77773], [-122.513906, 37.77802], [-122.51418, 37.778062], [-122.514272, 37.778363], [-122.514385, 37.778358], [-122.514425, 37.778896], [-122.514206, 37.778996], [-122.514213, 37.779086], [-122.5141, 37.779091], [-122.514113, 37.779271], [-122.513887, 37.779281], [-122.513787, 37.779466], [-122.513674, 37.779471], [-122.513681, 37.779561], [-122.513455, 37.779572], [-122.513461, 37.779661], [-122.513348, 37.779667], [-122.513175, 37.780194], [-122.513296, 37.780479], [-122.513409, 37.780474], [-122.513415, 37.780564], [-122.513754, 37.780548], [-122.513761, 37.780638], [-122.513874, 37.780632], [-122.513881, 37.780722], [-122.514107, 37.780711], [-122.5141, 37.780622], [-122.514213, 37.780616], [-122.514206, 37.780527], [-122.51432, 37.780521], [-122.514333, 37.780701], [-122.514566, 37.78078], [-122.514592, 37.781139], [-122.514707, 37.781154], [-122.514647, 37.781226], [-122.514486, 37.781234], [-122.514491, 37.781302], [-122.514293, 37.781279], [-122.514242, 37.781465], [-122.513822, 37.781449], [-122.513962, 37.781389], [-122.513632, 37.781337], [-122.513602, 37.781545], [-122.513812, 37.781535], [-122.51384, 37.781691], [-122.513728, 37.781719], [-122.513653, 37.781993], [-122.513402, 37.781915], [-122.513409, 37.782004], [-122.513296, 37.78201], [-122.513323, 37.782369], [-122.513436, 37.782363], [-122.513443, 37.782453], [-122.51333, 37.782458], [-122.513343, 37.782638], [-122.512778, 37.782664], [-122.512791, 37.782844], [-122.512678, 37.782849], [-122.512718, 37.783387], [-122.512499, 37.783488], [-122.512505, 37.783577], [-122.512279, 37.783588], [-122.512293, 37.783767], [-122.51218, 37.783773], [-122.512186, 37.783854], [-122.512111, 37.783793], [-122.511854, 37.783968], [-122.511861, 37.784058], [-122.511748, 37.784063], [-122.511721, 37.784214], [-122.51153, 37.784302], [-122.511301, 37.784284], [-122.511311, 37.784534], [-122.511137, 37.784542], [-122.511096, 37.784454], [-122.51087, 37.784464], [-122.510877, 37.784554], [-122.510764, 37.784559], [-122.510757, 37.78447], [-122.510644, 37.784475], [-122.510637, 37.784385], [-122.510524, 37.784391], [-122.510531, 37.78448], [-122.510418, 37.784486], [-122.510425, 37.784575], [-122.509972, 37.784596], [-122.509979, 37.784686], [-122.50964, 37.784702], [-122.509647, 37.784792], [-122.509534, 37.784797], [-122.50954, 37.784887], [-122.509427, 37.784892], [-122.509434, 37.784982], [-122.509321, 37.784987], [-122.509334, 37.785167], [-122.509221, 37.785172], [-122.509128, 37.785446], [-122.509015, 37.785452], [-122.509022, 37.785541], [-122.50823, 37.785578], [-122.508237, 37.785668], [-122.508124, 37.785673], [-122.508137, 37.785853], [-122.508024, 37.785858], [-122.508031, 37.785948], [-122.507774, 37.785998], [-122.507925, 37.786043], [-122.507931, 37.786133], [-122.508044, 37.786127], [-122.507791, 37.786382], [-122.507612, 37.786418], [-122.507592, 37.786149], [-122.507734, 37.786097], [-122.507586, 37.786059], [-122.507453, 37.785795], [-122.50683, 37.785951], [-122.506729, 37.786082], [-122.506591, 37.785512], [-122.506289, 37.785399], [-122.506118, 37.785485], [-122.506059, 37.785929], [-122.50583, 37.785866], [-122.506015, 37.786169], [-122.505897, 37.786228], [-122.505903, 37.786318], [-122.506342, 37.78621], [-122.506279, 37.78652], [-122.506036, 37.786582], [-122.506043, 37.786671], [-122.506276, 37.78675], [-122.506303, 37.787109], [-122.50619, 37.787115], [-122.506149, 37.787326], [-122.506056, 37.786851], [-122.505943, 37.786856], [-122.505957, 37.787035], [-122.505844, 37.787041], [-122.50587, 37.7874], [-122.505757, 37.787405], [-122.505764, 37.787495], [-122.505771, 37.787584], [-122.505884, 37.787579], [-122.505924, 37.788117], [-122.505698, 37.788128], [-122.505704, 37.788218], [-122.505591, 37.788223], [-122.505585, 37.788133], [-122.505472, 37.788139], [-122.505478, 37.788228], [-122.505365, 37.788234], [-122.505359, 37.788144], [-122.505132, 37.788154], [-122.505119, 37.787975], [-122.505006, 37.78798], [-122.504999, 37.787891], [-122.504886, 37.787896], [-122.50488, 37.787806], [-122.504654, 37.787817], [-122.504673, 37.788077], [-122.504108, 37.788108], [-122.504102, 37.788023], [-122.503876, 37.788033], [-122.50388, 37.788095], [-122.503374, 37.788018], [-122.502926, 37.788157], [-122.502789, 37.788036], [-122.502376, 37.788127], [-122.502106, 37.788111], [-122.502071, 37.78818], [-122.502067, 37.788118], [-122.501276, 37.788155], [-122.501282, 37.788244], [-122.501172, 37.78829], [-122.500717, 37.788271], [-122.500384, 37.788377], [-122.500273, 37.788428], [-122.500251, 37.788563], [-122.499967, 37.78844], [-122.499811, 37.78849], [-122.499762, 37.788662], [-122.499727, 37.78861], [-122.499553, 37.788686], [-122.499433, 37.788462], [-122.499042, 37.78834], [-122.498831, 37.788354], [-122.49881, 37.788232], [-122.498693, 37.788317], [-122.498603, 37.788293], [-122.498603, 37.78816], [-122.498393, 37.788164], [-122.498367, 37.788048], [-122.498258, 37.788032], [-122.498141, 37.787883], [-122.497966, 37.787908], [-122.497863, 37.787816], [-122.497841, 37.787956], [-122.497754, 37.78796], [-122.497738, 37.787871], [-122.497532, 37.78788], [-122.497492, 37.787612], [-122.497372, 37.787528], [-122.497156, 37.787538], [-122.497139, 37.787448], [-122.496924, 37.787437], [-122.496547, 37.787287], [-122.495776, 37.787422], [-122.495783, 37.787512], [-122.495443, 37.787528], [-122.495452, 37.787644], [-122.495335, 37.787713], [-122.494803, 37.787832], [-122.494693, 37.788103], [-122.494516, 37.788016], [-122.494493, 37.787804], [-122.49435, 37.787891], [-122.494353, 37.787823], [-122.494244, 37.787808], [-122.494002, 37.787581], [-122.493299, 37.787677], [-122.493295, 37.787628], [-122.493069, 37.787639], [-122.493085, 37.787728], [-122.492855, 37.787786], [-122.492858, 37.787854], [-122.492724, 37.787835], [-122.492679, 37.787751], [-122.492065, 37.787866], [-122.491975, 37.78796], [-122.490975, 37.788044], [-122.490622, 37.788293], [-122.490629, 37.788383], [-122.490516, 37.788388], [-122.490442, 37.788527], [-122.49051, 37.788623], [-122.490423, 37.788663], [-122.490436, 37.788842], [-122.490217, 37.788943], [-122.490223, 37.789032], [-122.49011, 37.789038], [-122.490117, 37.789127], [-122.490004, 37.789133], [-122.48988, 37.789409], [-122.489685, 37.789418], [-122.489678, 37.789328], [-122.489452, 37.789338], [-122.489386, 37.789424], [-122.489339, 37.789344], [-122.489207, 37.78935], [-122.489106, 37.789265], [-122.488541, 37.789291], [-122.488547, 37.789381], [-122.488089, 37.789312], [-122.488095, 37.789402], [-122.486958, 37.789365], [-122.486965, 37.789455], [-122.486626, 37.789471], [-122.486632, 37.78956], [-122.486519, 37.789566], [-122.486526, 37.789655], [-122.486306, 37.789756], [-122.486313, 37.789845], [-122.4862, 37.789851], [-122.486207, 37.78994], [-122.485981, 37.789951], [-122.485987, 37.790041], [-122.485196, 37.790077], [-122.485189, 37.789988], [-122.485076, 37.789993], [-122.485069, 37.789903], [-122.484837, 37.789824], [-122.48483, 37.789734], [-122.484717, 37.78974], [-122.48471, 37.78965], [-122.484484, 37.789661], [-122.484471, 37.789481], [-122.484923, 37.78946], [-122.48493, 37.78955], [-122.485043, 37.789544], [-122.485134, 37.78975], [-122.485402, 37.789798], [-122.485409, 37.789887], [-122.485748, 37.789872], [-122.485741, 37.789782], [-122.485854, 37.789777], [-122.486286, 37.789486], [-122.48628, 37.789397], [-122.486393, 37.789391], [-122.486386, 37.789302], [-122.486499, 37.789296], [-122.486493, 37.789207], [-122.486606, 37.789201], [-122.486786, 37.788999], [-122.487672, 37.789045], [-122.489306, 37.788895], [-122.489414, 37.789013], [-122.489758, 37.788874], [-122.489711, 37.788246], [-122.489824, 37.788241], [-122.489818, 37.788151], [-122.489931, 37.788146], [-122.489917, 37.787966], [-122.49003, 37.787961], [-122.490024, 37.787871], [-122.490137, 37.787866], [-122.49013, 37.787776], [-122.490243, 37.787771], [-122.49023, 37.787592], [-122.490456, 37.787581], [-122.490449, 37.787491], [-122.490675, 37.787481], [-122.490792, 37.787359], [-122.491615, 37.7872], [-122.491154, 37.786878], [-122.490646, 37.786869], [-122.490077, 37.78746], [-122.489817, 37.787329], [-122.49014, 37.786807], [-122.490788, 37.78654], [-122.490991, 37.78633], [-122.491756, 37.786296], [-122.491903, 37.786385], [-122.491965, 37.78652], [-122.49252, 37.786829], [-122.493681, 37.78671], [-122.494299, 37.786536], [-122.494472, 37.786673], [-122.494479, 37.786763], [-122.494592, 37.786757], [-122.494599, 37.786847], [-122.494938, 37.786831], [-122.494931, 37.786742], [-122.495157, 37.786731], [-122.495151, 37.786641], [-122.495377, 37.786631], [-122.49537, 37.786541], [-122.495709, 37.786525], [-122.495955, 37.786333], [-122.495319, 37.785989], [-122.49563, 37.785774], [-122.495416, 37.785638], [-122.495023, 37.785603], [-122.49515, 37.785341], [-122.49529, 37.785464], [-122.495629, 37.785448], [-122.495636, 37.785538], [-122.495826, 37.78556], [-122.495964, 37.785748], [-122.496365, 37.785819], [-122.496503, 37.786008], [-122.496997, 37.786045], [-122.497039, 37.786103], [-122.497455, 37.786045], [-122.497206, 37.785778], [-122.497409, 37.785509], [-122.497697, 37.785802], [-122.49781, 37.785797], [-122.497817, 37.785886], [-122.498389, 37.785784], [-122.498721, 37.785922], [-122.499385, 37.786036], [-122.499361, 37.786251], [-122.498982, 37.786224], [-122.498801, 37.786059], [-122.498107, 37.785999], [-122.497837, 37.786155], [-122.49785, 37.786335], [-122.49819, 37.786319], [-122.498196, 37.786409], [-122.498309, 37.786403], [-122.498316, 37.786493], [-122.498569, 37.786522], [-122.498668, 37.786657], [-122.498977, 37.786619], [-122.499138, 37.786478], [-122.499446, 37.78644], [-122.49944, 37.78635], [-122.499666, 37.78634], [-122.499727, 37.786092], [-122.500085, 37.78587], [-122.500692, 37.785695], [-122.500816, 37.785026], [-122.500929, 37.78502], [-122.50097, 37.784853], [-122.501296, 37.784895], [-122.501321, 37.784777], [-122.501175, 37.784374], [-122.501583, 37.784036], [-122.501986, 37.783981], [-122.502111, 37.783846], [-122.502664, 37.783949], [-122.502658, 37.783859], [-122.502884, 37.783848], [-122.502877, 37.783759], [-122.503216, 37.783743], [-122.503209, 37.783653], [-122.503436, 37.783643], [-122.503429, 37.783553], [-122.503542, 37.783548], [-122.503529, 37.783368], [-122.503642, 37.783363], [-122.503791, 37.783168], [-122.5043, 37.783062], [-122.504307, 37.783152], [-122.50536, 37.783147], [-122.50569, 37.783447], [-122.506481, 37.78341], [-122.5067, 37.783309], [-122.506694, 37.78322], [-122.506807, 37.783214], [-122.5068, 37.783125], [-122.507139, 37.783109], [-122.507132, 37.783019], [-122.507472, 37.783003], [-122.507465, 37.782914], [-122.50803, 37.782887], [-122.507968, 37.78256], [-122.5078, 37.782327], [-122.507744, 37.78209], [-122.508216, 37.782338], [-122.508229, 37.782518], [-122.508343, 37.782512], [-122.508363, 37.782781], [-122.50825, 37.782787], [-122.508217, 37.783019], [-122.50795, 37.783341], [-122.508064, 37.783336], [-122.50807, 37.783425], [-122.508296, 37.783415], [-122.50829, 37.783325], [-122.508629, 37.783309], [-122.508615, 37.78313], [-122.508841, 37.783119], [-122.508828, 37.78294], [-122.508941, 37.782934], [-122.508921, 37.782665], [-122.508981, 37.782619], [-122.508798, 37.782286], [-122.509043, 37.782097], [-122.508615, 37.781599], [-122.507734, 37.781091], [-122.507832, 37.780941], [-122.508575, 37.780911], [-122.509432, 37.780986], [-122.510251, 37.781647], [-122.51042, 37.782102], [-122.510303, 37.782279], [-122.510291, 37.782781], [-122.510178, 37.782786], [-122.510191, 37.782966], [-122.510078, 37.782971], [-122.510085, 37.783061], [-122.509859, 37.783071], [-122.509865, 37.783161], [-122.509752, 37.783166], [-122.509766, 37.783346], [-122.509879, 37.78334], [-122.509872, 37.783251], [-122.510324, 37.78323], [-122.510318, 37.78314], [-122.511109, 37.783103], [-122.511102, 37.783013], [-122.511328, 37.783002], [-122.511295, 37.782554], [-122.511182, 37.782559], [-122.511162, 37.78229], [-122.511049, 37.782295], [-122.511042, 37.782206], [-122.510929, 37.782211], [-122.510922, 37.782121], [-122.510641, 37.781963], [-122.511059, 37.781604], [-122.511135, 37.781931], [-122.511483, 37.782091], [-122.511766, 37.782026], [-122.512053, 37.782068], [-122.512046, 37.781978], [-122.512265, 37.781878], [-122.512325, 37.781155], [-122.512057, 37.781119], [-122.511927, 37.780868], [-122.512254, 37.780765], [-122.512285, 37.780617], [-122.512085, 37.780509], [-122.511657, 37.779801], [-122.511292, 37.779702], [-122.511159, 37.779197], [-122.511438, 37.779151], [-122.511634, 37.779474], [-122.512217, 37.779088], [-122.513089, 37.779229], [-122.513082, 37.779139], [-122.513534, 37.779118], [-122.513528, 37.779028], [-122.513747, 37.778928], [-122.513675, 37.778695], [-122.512829, 37.778791], [-122.512836, 37.77888], [-122.512024, 37.778865], [-122.511511, 37.778266], [-122.511752, 37.778031], [-122.512091, 37.778015], [-122.512, 37.77781], [-122.511732, 37.777762], [-122.511725, 37.777672], [-122.511612, 37.777677], [-122.511606, 37.777588], [-122.511373, 37.777509], [-122.511366, 37.777419], [-122.510801, 37.777445], [-122.510808, 37.777535], [-122.510526, 37.777604], [-122.51001, 37.777482], [-122.510003, 37.777393], [-122.509777, 37.777403], [-122.50977, 37.777314], [-122.509488, 37.777178], [-122.509398, 37.776881], [-122.50922, 37.776761], [-122.509316, 37.776475], [-122.508722, 37.776073], [-122.509386, 37.775937], [-122.509318, 37.775804], [-122.508639, 37.775715], [-122.508474, 37.7759], [-122.508183, 37.775644], [-122.507947, 37.775909], [-122.507115, 37.77584], [-122.507316, 37.775668], [-122.50794, 37.775552], [-122.508204, 37.775255], [-122.508837, 37.775288], [-122.50935, 37.775087], [-122.509257, 37.774687], [-122.509775, 37.774746], [-122.509996, 37.775102], [-122.510175, 37.775134], [-122.510182, 37.775224], [-122.510295, 37.775218], [-122.510302, 37.775308], [-122.510534, 37.775387], [-122.510548, 37.775567], [-122.51078, 37.775646], [-122.510787, 37.775736]], [[-122.512098, 37.778105], [-122.512211, 37.778099], [-122.512204, 37.77801], [-122.512091, 37.778015], [-122.512098, 37.778105]], [[-122.513622, 37.781814], [-122.513509, 37.78182], [-122.513516, 37.781909], [-122.513629, 37.781904], [-122.513622, 37.781814]], [[-122.500431, 37.787474], [-122.500519, 37.78726], [-122.500072, 37.787221], [-122.500078, 37.787311], [-122.499965, 37.787316], [-122.499979, 37.787496], [-122.499753, 37.787506], [-122.499759, 37.787596], [-122.499307, 37.787617], [-122.49932, 37.787797], [-122.499433, 37.787791], [-122.49944, 37.787881], [-122.499892, 37.78786], [-122.499879, 37.78768], [-122.500105, 37.78767], [-122.500098, 37.78758], [-122.500211, 37.787575], [-122.500205, 37.787485], [-122.500431, 37.787474]], [[-122.50196, 37.786683], [-122.501953, 37.786593], [-122.50218, 37.786582], [-122.502512, 37.786477], [-122.502505, 37.786387], [-122.502731, 37.786376], [-122.502725, 37.786287], [-122.503403, 37.786255], [-122.503309, 37.786005], [-122.503447, 37.785674], [-122.503872, 37.78587], [-122.50366, 37.786011], [-122.503629, 37.786244], [-122.503742, 37.786239], [-122.503821, 37.786531], [-122.503869, 37.786413], [-122.504321, 37.786392], [-122.504289, 37.785391], [-122.504453, 37.785125], [-122.504427, 37.784766], [-122.503909, 37.78488], [-122.503921, 37.78407], [-122.504063, 37.784018], [-122.503914, 37.78398], [-122.503908, 37.78389], [-122.503682, 37.783901], [-122.503688, 37.783991], [-122.503462, 37.784001], [-122.50339, 37.784096], [-122.503069, 37.784055], [-122.501545, 37.784433], [-122.501416, 37.784654], [-122.501803, 37.784751], [-122.502195, 37.784553], [-122.502532, 37.784516], [-122.502175, 37.78497], [-122.501669, 37.785117], [-122.500761, 37.785812], [-122.500954, 37.786052], [-122.500949, 37.786232], [-122.501431, 37.786584], [-122.501778, 37.786578], [-122.501563, 37.786743], [-122.501528, 37.786973], [-122.501747, 37.786873], [-122.501741, 37.786783], [-122.50196, 37.786683]], [[-122.509736, 37.776384], [-122.509997, 37.776433], [-122.510023, 37.776131], [-122.509797, 37.776142], [-122.50979, 37.776052], [-122.509538, 37.776105], [-122.509736, 37.776384]], [[-122.510461, 37.777158], [-122.51021, 37.777079], [-122.510295, 37.777244], [-122.510235, 37.777414], [-122.510562, 37.777277], [-122.510461, 37.777158]], [[-122.509997, 37.776974], [-122.509857, 37.77695], [-122.509904, 37.777057], [-122.509997, 37.776974]], [[-122.50981, 37.776842], [-122.509717, 37.776925], [-122.509857, 37.77695], [-122.50981, 37.776842]], [[-122.512444, 37.778179], [-122.512344, 37.778363], [-122.512457, 37.778358], [-122.512464, 37.778448], [-122.512577, 37.778442], [-122.512557, 37.778173], [-122.512444, 37.778179]], [[-122.514112, 37.778261], [-122.514019, 37.778344], [-122.514159, 37.778368], [-122.514112, 37.778261]], [[-122.512493, 37.779857], [-122.512719, 37.779848], [-122.51255, 37.779614], [-122.512324, 37.779625], [-122.512338, 37.779804], [-122.512493, 37.779857]], [[-122.512897, 37.781218], [-122.512883, 37.781039], [-122.512657, 37.781049], [-122.512671, 37.781229], [-122.512897, 37.781218]], [[-122.513901, 37.780991], [-122.513894, 37.780901], [-122.513329, 37.780928], [-122.513336, 37.781018], [-122.513901, 37.780991]], [[-122.510084, 37.782479], [-122.509812, 37.782443], [-122.509887, 37.782738], [-122.510084, 37.782479]], [[-122.509253, 37.781628], [-122.509854, 37.781943], [-122.5098, 37.781638], [-122.509485, 37.781246], [-122.509153, 37.781214], [-122.509253, 37.781628]], [[-122.507571, 37.784044], [-122.507784, 37.783647], [-122.507559, 37.78366], [-122.507475, 37.783812], [-122.507412, 37.783726], [-122.507073, 37.783742], [-122.50708, 37.783832], [-122.506967, 37.783837], [-122.50698, 37.784017], [-122.507093, 37.784011], [-122.5071, 37.784101], [-122.507571, 37.784044]], [[-122.506195, 37.784143], [-122.506534, 37.784128], [-122.506528, 37.784038], [-122.505736, 37.784075], [-122.505743, 37.784165], [-122.505976, 37.784244], [-122.505983, 37.784333], [-122.506209, 37.784323], [-122.506195, 37.784143]], [[-122.506581, 37.784235], [-122.506674, 37.784152], [-122.506534, 37.784128], [-122.506581, 37.784235]], [[-122.505132, 37.785094], [-122.505145, 37.785273], [-122.505258, 37.785268], [-122.505271, 37.785447], [-122.505497, 37.785437], [-122.505491, 37.785347], [-122.505378, 37.785352], [-122.505364, 37.785173], [-122.505251, 37.785178], [-122.505245, 37.785088], [-122.505132, 37.785094]], [[-122.50422, 37.783516], [-122.504234, 37.783695], [-122.50412, 37.7837], [-122.504201, 37.783987], [-122.504749, 37.783892], [-122.504566, 37.78359], [-122.504333, 37.78351], [-122.50422, 37.783516]], [[-122.504905, 37.783574], [-122.504952, 37.783681], [-122.505045, 37.783598], [-122.504905, 37.783574]], [[-122.505264, 37.783827], [-122.505311, 37.783934], [-122.505404, 37.783851], [-122.505264, 37.783827]], [[-122.505217, 37.783719], [-122.505124, 37.783803], [-122.505264, 37.783827], [-122.505217, 37.783719]], [[-122.504978, 37.784561], [-122.504865, 37.784566], [-122.504872, 37.784656], [-122.504985, 37.78465], [-122.504978, 37.784561]], [[-122.505309, 37.784935], [-122.505464, 37.784988], [-122.505451, 37.784808], [-122.505225, 37.784819], [-122.505309, 37.784935]], [[-122.503616, 37.787075], [-122.503709, 37.786992], [-122.503569, 37.786967], [-122.503616, 37.787075]], [[-122.502388, 37.787428], [-122.50224, 37.78739], [-122.502246, 37.787479], [-122.502309, 37.787587], [-122.502388, 37.787428]], [[-122.503829, 37.787405], [-122.503836, 37.787495], [-122.503949, 37.78749], [-122.503955, 37.787579], [-122.504181, 37.787569], [-122.504161, 37.7873], [-122.503935, 37.78731], [-122.503942, 37.7874], [-122.503829, 37.787405]], [[-122.505192, 37.787431], [-122.505199, 37.787521], [-122.505312, 37.787516], [-122.505305, 37.787426], [-122.505192, 37.787431]], [[-122.505185, 37.787342], [-122.505072, 37.787347], [-122.505079, 37.787437], [-122.505192, 37.787431], [-122.505185, 37.787342]], [[-122.505066, 37.787257], [-122.504953, 37.787263], [-122.504959, 37.787352], [-122.505072, 37.787347], [-122.505066, 37.787257]], [[-122.505319, 37.787606], [-122.505325, 37.787695], [-122.505438, 37.78769], [-122.505425, 37.787511], [-122.505312, 37.787516], [-122.505319, 37.787606]], [[-122.505445, 37.78778], [-122.505558, 37.787774], [-122.505551, 37.787685], [-122.505438, 37.78769], [-122.505445, 37.78778]]], [[[-122.508114, 37.776401], [-122.508494, 37.776421], [-122.508249, 37.776585], [-122.508114, 37.776401]]], [[[-122.506492, 37.776787], [-122.506376, 37.776917], [-122.505695, 37.776833], [-122.505826, 37.776631], [-122.505755, 37.776328], [-122.505827, 37.776148], [-122.507443, 37.776299], [-122.507833, 37.776518], [-122.507565, 37.776629], [-122.506492, 37.776787]]], [[[-122.509266, 37.77848], [-122.509468, 37.778375], [-122.509498, 37.778227], [-122.509221, 37.778113], [-122.509516, 37.778028], [-122.509764, 37.778194], [-122.509592, 37.778615], [-122.509266, 37.77848]]], [[[-122.510648, 37.778443], [-122.510764, 37.778492], [-122.510612, 37.778929], [-122.510588, 37.77857], [-122.510648, 37.778443]]], [[[-122.510627, 37.779737], [-122.510472, 37.779605], [-122.510602, 37.779345], [-122.510761, 37.779408], [-122.510627, 37.779737]]], [[[-122.514013, 37.779455], [-122.514126, 37.77945], [-122.514146, 37.779719], [-122.514033, 37.779724], [-122.514013, 37.779455]]], [[[-122.51404, 37.779814], [-122.514153, 37.779809], [-122.5142, 37.780437], [-122.513967, 37.780358], [-122.51394, 37.779999], [-122.514053, 37.779994], [-122.51404, 37.779814]]], [[[-122.508918, 37.78035], [-122.508847, 37.780148], [-122.509058, 37.780174], [-122.509215, 37.780432], [-122.508918, 37.78035]]], [[[-122.508338, 37.780335], [-122.508282, 37.780174], [-122.508544, 37.780206], [-122.508682, 37.780432], [-122.508338, 37.780335]]], [[[-122.509991, 37.780274], [-122.510274, 37.780411], [-122.510112, 37.780575], [-122.509991, 37.780274]]], [[[-122.507125, 37.780538], [-122.506327, 37.780486], [-122.507265, 37.780222], [-122.507991, 37.780285], [-122.508054, 37.780524], [-122.507586, 37.780491], [-122.507435, 37.780667], [-122.507125, 37.780538]]], [[[-122.513867, 37.780543], [-122.513861, 37.780453], [-122.513974, 37.780447], [-122.51398, 37.780537], [-122.513867, 37.780543]]], [[[-122.511016, 37.781146], [-122.510935, 37.78077], [-122.511217, 37.7809], [-122.511351, 37.781237], [-122.511016, 37.781146]]], [[[-122.507048, 37.780984], [-122.507355, 37.780977], [-122.507541, 37.781177], [-122.507345, 37.781299], [-122.507048, 37.780984]]], [[[-122.505097, 37.781584], [-122.505159, 37.781452], [-122.505071, 37.781225], [-122.50547, 37.781166], [-122.505832, 37.780974], [-122.505968, 37.781093], [-122.506689, 37.780988], [-122.506499, 37.781474], [-122.506677, 37.78169], [-122.505097, 37.781584]]], [[[-122.507345, 37.781299], [-122.507792, 37.781669], [-122.507989, 37.781948], [-122.507737, 37.782], [-122.507505, 37.781921], [-122.507498, 37.781832], [-122.507159, 37.781848], [-122.507233, 37.781709], [-122.507038, 37.781439], [-122.507345, 37.781299]]], [[[-122.513436, 37.782363], [-122.513423, 37.782184], [-122.513472, 37.782182], [-122.513549, 37.782358], [-122.513436, 37.782363]]], [[[-122.513343, 37.782638], [-122.513456, 37.782632], [-122.513463, 37.782722], [-122.51335, 37.782727], [-122.513343, 37.782638]]], [[[-122.513091, 37.78283], [-122.513017, 37.782833], [-122.51301, 37.782743], [-122.513126, 37.782766], [-122.513091, 37.78283]]], [[[-122.512519, 37.78362], [-122.51251, 37.78364], [-122.512505, 37.783577], [-122.512619, 37.783572], [-122.512573, 37.783601], [-122.512519, 37.78362]]], [[[-122.512412, 37.783852], [-122.512406, 37.783762], [-122.512487, 37.783758], [-122.512603, 37.783843], [-122.512412, 37.783852]]], [[[-122.512306, 37.783947], [-122.512196, 37.783862], [-122.512299, 37.783857], [-122.512306, 37.783947]]], [[[-122.512714, 37.783931], [-122.512653, 37.784021], [-122.512426, 37.784031], [-122.512419, 37.783942], [-122.512645, 37.783931], [-122.512714, 37.783931]]], [[[-122.510434, 37.784698], [-122.510431, 37.784665], [-122.510544, 37.78466], [-122.510547, 37.784692], [-122.510434, 37.784698]]], [[[-122.508696, 37.785737], [-122.508697, 37.785745], [-122.508479, 37.785872], [-122.50847, 37.785747], [-122.508696, 37.785737]]], [[[-122.508456, 37.785928], [-122.508264, 37.786027], [-122.508257, 37.785937], [-122.508456, 37.785928]]], [[[-122.507586, 37.786059], [-122.507592, 37.786149], [-122.507326, 37.786116], [-122.507586, 37.786059]]], [[[-122.507715, 37.786586], [-122.507513, 37.786602], [-122.507499, 37.786423], [-122.507612, 37.786418], [-122.507715, 37.786586]]], [[[-122.507001, 37.787347], [-122.507087, 37.786982], [-122.5072, 37.786977], [-122.507187, 37.786798], [-122.5073, 37.786792], [-122.507287, 37.786613], [-122.507513, 37.786602], [-122.507526, 37.786782], [-122.507413, 37.786787], [-122.507107, 37.787272], [-122.507001, 37.787347]]], [[[-122.506655, 37.787273], [-122.506881, 37.787262], [-122.506888, 37.787352], [-122.506775, 37.787357], [-122.506781, 37.787447], [-122.506555, 37.787458], [-122.506549, 37.787368], [-122.506662, 37.787363], [-122.506655, 37.787273]]], [[[-122.506329, 37.787468], [-122.506343, 37.787648], [-122.50623, 37.787653], [-122.506223, 37.787563], [-122.506075, 37.787525], [-122.506216, 37.787473], [-122.50621, 37.787384], [-122.506436, 37.787373], [-122.506442, 37.787463], [-122.506329, 37.787468]]], [[[-122.502702, 37.708133], [-122.502777, 37.708133], [-122.502785, 37.708229], [-122.50271, 37.708233], [-122.502702, 37.708133]]], [[[-122.504092, 37.71312], [-122.503979, 37.713125], [-122.503919, 37.712317], [-122.504019, 37.712338], [-122.504092, 37.71312]]], [[[-122.504525, 37.71454], [-122.504425, 37.714544], [-122.504405, 37.714275], [-122.504499, 37.714451], [-122.504525, 37.71454]]], [[[-122.503169, 37.715954], [-122.503282, 37.715948], [-122.503289, 37.716038], [-122.503176, 37.716043], [-122.503169, 37.715954]]], [[[-122.504989, 37.716048], [-122.505044, 37.716046], [-122.505122, 37.716312], [-122.505009, 37.716318], [-122.504989, 37.716048]]], [[[-122.505269, 37.716756], [-122.505156, 37.716761], [-122.505142, 37.716581], [-122.505229, 37.716577], [-122.505269, 37.716756]]], [[[-122.505282, 37.716935], [-122.505275, 37.716845], [-122.50534, 37.716842], [-122.505378, 37.71692], [-122.505282, 37.716935]]], [[[-122.505428, 37.717378], [-122.505421, 37.717289], [-122.505535, 37.717318], [-122.505536, 37.717339], [-122.505428, 37.717378]]], [[[-122.505601, 37.71818], [-122.505594, 37.718091], [-122.505707, 37.718085], [-122.505714, 37.718175], [-122.505601, 37.71818]]], [[[-122.50295, 37.719115], [-122.502399, 37.719321], [-122.50224, 37.719548], [-122.50218, 37.720101], [-122.502026, 37.720279], [-122.501681, 37.719721], [-122.50115, 37.719799], [-122.50111, 37.720281], [-122.500997, 37.720287], [-122.501031, 37.720735], [-122.501143, 37.72073], [-122.501157, 37.720909], [-122.50127, 37.720904], [-122.501283, 37.721084], [-122.501396, 37.721078], [-122.501409, 37.721258], [-122.501522, 37.721252], [-122.501655, 37.721516], [-122.501768, 37.721511], [-122.501775, 37.721601], [-122.501888, 37.721595], [-122.501894, 37.721685], [-122.502007, 37.72168], [-122.502021, 37.721859], [-122.502134, 37.721854], [-122.50214, 37.721944], [-122.502373, 37.722023], [-122.502386, 37.722202], [-122.502619, 37.722281], [-122.502787, 37.722515], [-122.502556, 37.722638], [-122.50197, 37.722191], [-122.501921, 37.722044], [-122.501688, 37.721965], [-122.501675, 37.721785], [-122.501562, 37.721791], [-122.501556, 37.721701], [-122.501401, 37.721648], [-122.501316, 37.721532], [-122.501203, 37.721537], [-122.501197, 37.721448], [-122.501084, 37.721453], [-122.50107, 37.721274], [-122.500957, 37.721279], [-122.500938, 37.72101], [-122.500825, 37.721015], [-122.500811, 37.720835], [-122.500698, 37.720841], [-122.500685, 37.720661], [-122.500511, 37.720556], [-122.500577, 37.719967], [-122.501157, 37.719379], [-122.501143, 37.719199], [-122.501256, 37.719194], [-122.50141, 37.718976], [-122.501595, 37.719178], [-122.501821, 37.719168], [-122.501928, 37.718707], [-122.500939, 37.718501], [-122.500399, 37.718241], [-122.500465, 37.717921], [-122.500346, 37.717616], [-122.500233, 37.717622], [-122.500213, 37.717352], [-122.49998, 37.717273], [-122.499967, 37.717094], [-122.499854, 37.717099], [-122.499847, 37.717009], [-122.499622, 37.71702], [-122.499595, 37.716661], [-122.499482, 37.716666], [-122.499469, 37.716487], [-122.499356, 37.716492], [-122.499343, 37.716313], [-122.49906, 37.716259], [-122.499216, 37.716139], [-122.49921, 37.716049], [-122.499097, 37.716054], [-122.499077, 37.715785], [-122.498964, 37.71579], [-122.49895, 37.715611], [-122.498838, 37.715616], [-122.498824, 37.715437], [-122.498711, 37.715442], [-122.498705, 37.715352], [-122.498532, 37.715252], [-122.498893, 37.715125], [-122.499037, 37.715247], [-122.499043, 37.715336], [-122.499156, 37.715331], [-122.49917, 37.715511], [-122.499283, 37.715505], [-122.499296, 37.715685], [-122.499788, 37.716202], [-122.50002, 37.716281], [-122.500027, 37.716371], [-122.50014, 37.716365], [-122.500146, 37.716455], [-122.500259, 37.71645], [-122.500266, 37.71654], [-122.500724, 37.716608], [-122.500821, 37.716742], [-122.500661, 37.716923], [-122.500891, 37.717321], [-122.501004, 37.717315], [-122.50101, 37.717405], [-122.501304, 37.717687], [-122.50173, 37.717781], [-122.501841, 37.717906], [-122.502067, 37.717896], [-122.502073, 37.717986], [-122.502299, 37.717975], [-122.502306, 37.718065], [-122.502505, 37.718078], [-122.502863, 37.71833], [-122.502937, 37.718935], [-122.50295, 37.719115]], [[-122.501924, 37.719644], [-122.502119, 37.719511], [-122.501954, 37.719432], [-122.501841, 37.719437], [-122.501924, 37.719644]]], [[[-122.503728, 37.719908], [-122.503681, 37.719801], [-122.503821, 37.719825], [-122.503728, 37.719908]]], [[[-122.503329, 37.721168], [-122.503336, 37.721257], [-122.503449, 37.721252], [-122.503456, 37.721342], [-122.503688, 37.721421], [-122.503695, 37.721511], [-122.503808, 37.721505], [-122.503814, 37.721595], [-122.50416, 37.721669], [-122.504173, 37.721848], [-122.503609, 37.721875], [-122.503602, 37.721785], [-122.503369, 37.721706], [-122.503363, 37.721616], [-122.502898, 37.721458], [-122.502891, 37.721368], [-122.502778, 37.721374], [-122.502771, 37.721284], [-122.50232, 37.721305], [-122.502823, 37.721748], [-122.503496, 37.72188], [-122.503502, 37.72197], [-122.503967, 37.722128], [-122.503974, 37.722218], [-122.504087, 37.722213], [-122.504094, 37.722302], [-122.504489, 37.72235], [-122.504333, 37.722471], [-122.503881, 37.722492], [-122.503874, 37.722403], [-122.503761, 37.722408], [-122.503755, 37.722318], [-122.503529, 37.722329], [-122.503522, 37.722239], [-122.503177, 37.722165], [-122.50317, 37.722076], [-122.502607, 37.721961], [-122.502472, 37.721838], [-122.502246, 37.721849], [-122.50224, 37.721759], [-122.502127, 37.721764], [-122.502114, 37.721585], [-122.502001, 37.72159], [-122.501863, 37.721104], [-122.502074, 37.721046], [-122.502192, 37.720831], [-122.502858, 37.72092], [-122.502864, 37.721009], [-122.502977, 37.721004], [-122.502984, 37.721094], [-122.503097, 37.721089], [-122.503103, 37.721178], [-122.503329, 37.721168]]], [[[-122.502493, 37.723638], [-122.502662, 37.723729], [-122.502523, 37.723941], [-122.502393, 37.723822], [-122.50228, 37.723828], [-122.502267, 37.723648], [-122.502154, 37.723654], [-122.50214, 37.723474], [-122.502027, 37.723479], [-122.502008, 37.72321], [-122.501895, 37.723216], [-122.501881, 37.723036], [-122.501768, 37.723041], [-122.501755, 37.722862], [-122.501642, 37.722867], [-122.501629, 37.722688], [-122.501396, 37.722609], [-122.501263, 37.722345], [-122.50115, 37.72235], [-122.501137, 37.722171], [-122.501024, 37.722176], [-122.501011, 37.721997], [-122.500898, 37.722002], [-122.500891, 37.721912], [-122.500778, 37.721917], [-122.500772, 37.721828], [-122.500659, 37.721833], [-122.500526, 37.721569], [-122.500413, 37.721574], [-122.500399, 37.721395], [-122.500167, 37.721316], [-122.500154, 37.721136], [-122.500041, 37.721142], [-122.500027, 37.720962], [-122.499914, 37.720968], [-122.499901, 37.720788], [-122.499788, 37.720793], [-122.499768, 37.720524], [-122.499607, 37.720455], [-122.499644, 37.71969], [-122.499987, 37.720424], [-122.5001, 37.720419], [-122.50012, 37.720688], [-122.500233, 37.720682], [-122.500247, 37.720862], [-122.500479, 37.720941], [-122.500486, 37.721031], [-122.500599, 37.721026], [-122.500612, 37.721205], [-122.500725, 37.7212], [-122.500745, 37.721469], [-122.500858, 37.721464], [-122.500865, 37.721553], [-122.501097, 37.721632], [-122.501104, 37.721722], [-122.501217, 37.721717], [-122.501223, 37.721807], [-122.501336, 37.721801], [-122.501343, 37.721891], [-122.501456, 37.721886], [-122.501476, 37.722155], [-122.501656, 37.722217], [-122.501722, 37.722413], [-122.501835, 37.722408], [-122.501848, 37.722588], [-122.501961, 37.722582], [-122.501974, 37.722762], [-122.502087, 37.722756], [-122.5021, 37.722936], [-122.502213, 37.722931], [-122.502233, 37.7232], [-122.502346, 37.723194], [-122.50236, 37.723374], [-122.502473, 37.723369], [-122.502493, 37.723638]]], [[[-122.504313, 37.723733], [-122.50432, 37.723822], [-122.504433, 37.723817], [-122.504439, 37.723907], [-122.504552, 37.723901], [-122.504566, 37.724081], [-122.504518, 37.724198], [-122.504453, 37.724086], [-122.50434, 37.724091], [-122.504333, 37.724002], [-122.50422, 37.724007], [-122.504213, 37.723917], [-122.503875, 37.723933], [-122.503868, 37.723843], [-122.503642, 37.723854], [-122.503594, 37.723971], [-122.503493, 37.723796], [-122.50341, 37.723775], [-122.503529, 37.72539], [-122.503416, 37.725395], [-122.503436, 37.725664], [-122.503323, 37.725669], [-122.503337, 37.725849], [-122.503224, 37.725854], [-122.503237, 37.726034], [-122.503124, 37.726039], [-122.503144, 37.726308], [-122.503031, 37.726313], [-122.503045, 37.726493], [-122.502932, 37.726498], [-122.502958, 37.726857], [-122.502845, 37.726862], [-122.502865, 37.727131], [-122.502752, 37.727137], [-122.502772, 37.727406], [-122.502659, 37.727411], [-122.502686, 37.72777], [-122.502573, 37.727775], [-122.502586, 37.727955], [-122.502473, 37.72796], [-122.502493, 37.728229], [-122.50238, 37.728234], [-122.50254, 37.728791], [-122.502175, 37.728874], [-122.502068, 37.728609], [-122.502021, 37.727981], [-122.502134, 37.727976], [-122.502114, 37.727707], [-122.502227, 37.727701], [-122.502207, 37.727432], [-122.50232, 37.727427], [-122.5023, 37.727158], [-122.502413, 37.727153], [-122.5024, 37.726973], [-122.502513, 37.726968], [-122.5025, 37.726788], [-122.502613, 37.726783], [-122.502593, 37.726514], [-122.502706, 37.726509], [-122.502679, 37.72615], [-122.502792, 37.726144], [-122.502828, 37.725703], [-122.502978, 37.725596], [-122.502965, 37.725416], [-122.503078, 37.725411], [-122.503058, 37.725142], [-122.503171, 37.725136], [-122.503091, 37.72406], [-122.502978, 37.724065], [-122.502944, 37.723617], [-122.502723, 37.723576], [-122.50327, 37.72311], [-122.50339, 37.723506], [-122.503502, 37.7235], [-122.503516, 37.72368], [-122.503855, 37.723664], [-122.504313, 37.723733]]], [[[-122.504984, 37.725142], [-122.504871, 37.725147], [-122.504865, 37.725057], [-122.504639, 37.725068], [-122.504653, 37.724723], [-122.504845, 37.724788], [-122.504851, 37.724878], [-122.504964, 37.724872], [-122.504971, 37.724962], [-122.50543, 37.725031], [-122.505613, 37.725333], [-122.505465, 37.725514], [-122.505213, 37.725267], [-122.504991, 37.725231], [-122.504984, 37.725142]]], [[[-122.505429, 37.72745], [-122.505159, 37.727678], [-122.505051, 37.727569], [-122.504825, 37.72758], [-122.504819, 37.72749], [-122.504646, 37.727389], [-122.504799, 37.727186], [-122.505038, 37.72739], [-122.505429, 37.72745]]], [[[-122.504367, 37.727511], [-122.504636, 37.727544], [-122.504523, 37.727709], [-122.504367, 37.727511]]], [[[-122.504121, 37.728783], [-122.504353, 37.728819], [-122.504159, 37.729073], [-122.50358, 37.729205], [-122.503073, 37.729028], [-122.503247, 37.728883], [-122.503876, 37.728964], [-122.504079, 37.728838], [-122.504121, 37.728783]]], [[[-122.502788, 37.765367], [-122.502879, 37.765483], [-122.502093, 37.766009], [-122.502321, 37.765599], [-122.502504, 37.765559], [-122.502788, 37.765367]]], [[[-122.504479, 37.765999], [-122.504791, 37.766194], [-122.504626, 37.76633], [-122.504521, 37.766216], [-122.504182, 37.766232], [-122.50406, 37.766112], [-122.503956, 37.766243], [-122.503113, 37.766541], [-122.50265, 37.766793], [-122.502689, 37.76648], [-122.503574, 37.766143], [-122.50371, 37.765984], [-122.504479, 37.765999]]], [[[-122.504376, 37.766466], [-122.504576, 37.766538], [-122.504322, 37.766586], [-122.504376, 37.766466]]], [[[-122.503099, 37.766913], [-122.503325, 37.766902], [-122.503318, 37.766813], [-122.503657, 37.766797], [-122.503748, 37.766691], [-122.504322, 37.766586], [-122.504221, 37.76677], [-122.503671, 37.766976], [-122.503677, 37.767066], [-122.503451, 37.767077], [-122.503458, 37.767166], [-122.502749, 37.767174], [-122.50291, 37.767035], [-122.503106, 37.767003], [-122.503099, 37.766913]]], [[[-122.505303, 37.767195], [-122.505143, 37.767335], [-122.504834, 37.767372], [-122.504841, 37.767462], [-122.504578, 37.767528], [-122.504111, 37.767803], [-122.503941, 37.767698], [-122.504424, 37.767338], [-122.504602, 37.767293], [-122.504595, 37.767203], [-122.505303, 37.767195]]], [[[-122.505014, 37.768264], [-122.505423, 37.768503], [-122.504928, 37.768484], [-122.505014, 37.768264]]], [[[-122.502668, 37.773325], [-122.502808, 37.773349], [-122.502715, 37.773433], [-122.502668, 37.773325]]], [[[-122.505531, 37.776282], [-122.505175, 37.776236], [-122.505255, 37.776085], [-122.505635, 37.776105], [-122.505531, 37.776282]]], [[[-122.504386, 37.781167], [-122.504499, 37.781162], [-122.504512, 37.781341], [-122.504399, 37.781347], [-122.504386, 37.781167]]], [[[-122.504532, 37.781611], [-122.50408, 37.781632], [-122.504067, 37.781452], [-122.504406, 37.781436], [-122.504412, 37.781526], [-122.504525, 37.781521], [-122.504532, 37.781611]]], [[[-122.502472, 37.785938], [-122.503207, 37.785978], [-122.503003, 37.786143], [-122.502546, 37.786246], [-122.502165, 37.786444], [-122.50178, 37.786353], [-122.502212, 37.78618], [-122.502307, 37.786077], [-122.502472, 37.785938]]], [[[-122.498678, 37.711932], [-122.499242, 37.711906], [-122.499236, 37.711816], [-122.500292, 37.711808], [-122.50004, 37.711959], [-122.500046, 37.712048], [-122.499256, 37.712085], [-122.499262, 37.712175], [-122.498698, 37.712202], [-122.498577, 37.712337], [-122.498419, 37.712096], [-122.498684, 37.712022], [-122.498678, 37.711932]]], [[[-122.499289, 37.717126], [-122.499565, 37.717234], [-122.499282, 37.717423], [-122.498752, 37.716985], [-122.497697, 37.716507], [-122.497361, 37.716562], [-122.497092, 37.716251], [-122.497126, 37.715943], [-122.496964, 37.715473], [-122.496648, 37.714979], [-122.496922, 37.714933], [-122.497622, 37.715364], [-122.498188, 37.715461], [-122.497886, 37.71567], [-122.49837, 37.716118], [-122.498956, 37.716436], [-122.49909, 37.716826], [-122.49923, 37.716987], [-122.499289, 37.717126]]], [[[-122.499183, 37.718751], [-122.49907, 37.718756], [-122.498918, 37.718223], [-122.498805, 37.718229], [-122.498791, 37.718049], [-122.498678, 37.718054], [-122.498672, 37.717965], [-122.498378, 37.71778], [-122.498751, 37.717659], [-122.499004, 37.717859], [-122.499117, 37.717854], [-122.499137, 37.718123], [-122.499247, 37.718183], [-122.499409, 37.71874], [-122.499491, 37.718785], [-122.499697, 37.719569], [-122.499457, 37.719609], [-122.499256, 37.719068], [-122.499183, 37.718751]]], [[[-122.497822, 37.729438], [-122.497935, 37.729433], [-122.497949, 37.729612], [-122.498061, 37.729607], [-122.498081, 37.729876], [-122.498239, 37.729968], [-122.49853, 37.730638], [-122.498426, 37.730834], [-122.497917, 37.730023], [-122.497849, 37.729797], [-122.497736, 37.729802], [-122.497723, 37.729623], [-122.49761, 37.729628], [-122.497596, 37.729449], [-122.497483, 37.729454], [-122.49747, 37.729274], [-122.497238, 37.729195], [-122.497231, 37.729106], [-122.496998, 37.729026], [-122.496992, 37.728937], [-122.496766, 37.728947], [-122.496759, 37.728858], [-122.494726, 37.728953], [-122.494428, 37.728906], [-122.494168, 37.728486], [-122.494221, 37.728256], [-122.49444, 37.728156], [-122.494427, 37.727976], [-122.493749, 37.728008], [-122.493585, 37.72817], [-122.493063, 37.728133], [-122.492407, 37.728251], [-122.492413, 37.728341], [-122.491962, 37.728362], [-122.491968, 37.728451], [-122.491742, 37.728462], [-122.491749, 37.728552], [-122.491636, 37.728557], [-122.491643, 37.728647], [-122.491197, 37.728757], [-122.491204, 37.728847], [-122.491091, 37.728852], [-122.491098, 37.728942], [-122.490872, 37.728953], [-122.490879, 37.729042], [-122.490766, 37.729048], [-122.490772, 37.729137], [-122.490553, 37.729238], [-122.49056, 37.729327], [-122.49034, 37.729428], [-122.490347, 37.729517], [-122.490234, 37.729523], [-122.490247, 37.729702], [-122.489809, 37.729903], [-122.489815, 37.729992], [-122.488918, 37.730124], [-122.488912, 37.730035], [-122.488686, 37.730045], [-122.488679, 37.729955], [-122.488447, 37.729876], [-122.488407, 37.729338], [-122.488626, 37.729238], [-122.488613, 37.729058], [-122.488832, 37.728958], [-122.488819, 37.728779], [-122.488932, 37.728773], [-122.488912, 37.728504], [-122.488799, 37.728509], [-122.488792, 37.72842], [-122.488679, 37.728425], [-122.488672, 37.728335], [-122.488221, 37.728356], [-122.488227, 37.728446], [-122.488001, 37.728457], [-122.488008, 37.728546], [-122.487895, 37.728552], [-122.487902, 37.728641], [-122.487456, 37.728752], [-122.487463, 37.728842], [-122.487237, 37.728852], [-122.487244, 37.728942], [-122.487018, 37.728953], [-122.487025, 37.729042], [-122.486686, 37.729058], [-122.486692, 37.729148], [-122.485789, 37.72919], [-122.485782, 37.7291], [-122.485549, 37.729021], [-122.485536, 37.728842], [-122.485423, 37.728847], [-122.485397, 37.728488], [-122.485284, 37.728493], [-122.485202, 37.727897], [-122.485118, 37.727781], [-122.485005, 37.727786], [-122.484872, 37.727522], [-122.484639, 37.727443], [-122.484626, 37.727264], [-122.484513, 37.727269], [-122.484506, 37.727179], [-122.484274, 37.7271], [-122.484261, 37.726921], [-122.484148, 37.726926], [-122.484128, 37.726657], [-122.484241, 37.726652], [-122.484207, 37.726203], [-122.48432, 37.726198], [-122.484307, 37.726018], [-122.48442, 37.726013], [-122.484407, 37.725834], [-122.48452, 37.725828], [-122.484638, 37.725612], [-122.485304, 37.725702], [-122.48531, 37.725791], [-122.485423, 37.725786], [-122.48543, 37.725876], [-122.485656, 37.725865], [-122.485663, 37.725955], [-122.485776, 37.72595], [-122.485782, 37.726039], [-122.486008, 37.726029], [-122.486015, 37.726119], [-122.486128, 37.726113], [-122.486134, 37.726203], [-122.486247, 37.726198], [-122.486254, 37.726287], [-122.486712, 37.726356], [-122.486719, 37.726446], [-122.487171, 37.726425], [-122.487164, 37.726335], [-122.487503, 37.726319], [-122.487496, 37.726229], [-122.487609, 37.726224], [-122.487603, 37.726134], [-122.487829, 37.726124], [-122.487822, 37.726034], [-122.488839, 37.725987], [-122.488845, 37.726076], [-122.48953, 37.726135], [-122.489536, 37.726224], [-122.490214, 37.726193], [-122.490221, 37.726282], [-122.490666, 37.726171], [-122.490679, 37.726351], [-122.491922, 37.726293], [-122.491915, 37.726203], [-122.492593, 37.726171], [-122.492599, 37.726261], [-122.493277, 37.726229], [-122.493271, 37.72614], [-122.493383, 37.726134], [-122.49337, 37.725955], [-122.493483, 37.72595], [-122.49347, 37.72577], [-122.493583, 37.725765], [-122.49361, 37.725476], [-122.493843, 37.725363], [-122.493917, 37.725614], [-122.493802, 37.725665], [-122.493815, 37.725844], [-122.493702, 37.72585], [-122.493716, 37.726029], [-122.493603, 37.726034], [-122.493616, 37.726214], [-122.493503, 37.726219], [-122.493448, 37.72639], [-122.492958, 37.726514], [-122.492952, 37.726425], [-122.491483, 37.726493], [-122.49149, 37.726583], [-122.489908, 37.726657], [-122.489902, 37.726567], [-122.48945, 37.726588], [-122.489443, 37.726499], [-122.488759, 37.726441], [-122.488752, 37.726351], [-122.488526, 37.726361], [-122.48852, 37.726272], [-122.488068, 37.726293], [-122.488075, 37.726383], [-122.487849, 37.726393], [-122.487855, 37.726483], [-122.48741, 37.726594], [-122.487417, 37.726683], [-122.487191, 37.726694], [-122.487197, 37.726784], [-122.486746, 37.726805], [-122.486739, 37.726715], [-122.486513, 37.726726], [-122.486506, 37.726636], [-122.486281, 37.726646], [-122.486274, 37.726557], [-122.485815, 37.726488], [-122.485809, 37.726398], [-122.485696, 37.726404], [-122.485689, 37.726314], [-122.485231, 37.726245], [-122.485224, 37.726155], [-122.484977, 37.726207], [-122.484792, 37.726446], [-122.484812, 37.726715], [-122.484699, 37.72672], [-122.484719, 37.726989], [-122.484832, 37.726984], [-122.484839, 37.727074], [-122.484952, 37.727068], [-122.484958, 37.727158], [-122.485071, 37.727153], [-122.485078, 37.727243], [-122.485191, 37.727237], [-122.485197, 37.727327], [-122.48531, 37.727322], [-122.485317, 37.727412], [-122.48555, 37.727491], [-122.485556, 37.72758], [-122.485669, 37.727575], [-122.485676, 37.727665], [-122.485789, 37.72766], [-122.485795, 37.727749], [-122.485908, 37.727744], [-122.485928, 37.728013], [-122.485815, 37.728018], [-122.485829, 37.728198], [-122.485716, 37.728203], [-122.485749, 37.728652], [-122.485862, 37.728647], [-122.485875, 37.728826], [-122.485988, 37.728821], [-122.485995, 37.72891], [-122.486559, 37.728884], [-122.486553, 37.728794], [-122.486779, 37.728784], [-122.486772, 37.728694], [-122.487217, 37.728583], [-122.487211, 37.728494], [-122.487324, 37.728488], [-122.487317, 37.728399], [-122.487543, 37.728388], [-122.487536, 37.728298], [-122.487649, 37.728293], [-122.487643, 37.728203], [-122.488088, 37.728092], [-122.488081, 37.728003], [-122.488872, 37.727966], [-122.488878, 37.728056], [-122.488991, 37.72805], [-122.488998, 37.72814], [-122.489231, 37.728219], [-122.489251, 37.728488], [-122.489364, 37.728483], [-122.489377, 37.728662], [-122.489264, 37.728668], [-122.48929, 37.729027], [-122.489177, 37.729032], [-122.489191, 37.729211], [-122.488971, 37.729312], [-122.488978, 37.729401], [-122.488865, 37.729407], [-122.488878, 37.729586], [-122.488991, 37.729581], [-122.488998, 37.72967], [-122.489676, 37.729639], [-122.489669, 37.729549], [-122.489888, 37.729448], [-122.489988, 37.729264], [-122.490101, 37.729259], [-122.490094, 37.729169], [-122.490207, 37.729164], [-122.490201, 37.729074], [-122.490314, 37.729069], [-122.490307, 37.728979], [-122.490526, 37.728879], [-122.49052, 37.728789], [-122.490633, 37.728784], [-122.490626, 37.728694], [-122.490739, 37.728689], [-122.490732, 37.728599], [-122.491178, 37.728488], [-122.491171, 37.728399], [-122.491284, 37.728393], [-122.491277, 37.728304], [-122.491503, 37.728293], [-122.491496, 37.728203], [-122.491835, 37.728187], [-122.491829, 37.728098], [-122.492055, 37.728087], [-122.492048, 37.727997], [-122.492274, 37.727987], [-122.492267, 37.727897], [-122.492493, 37.727887], [-122.492487, 37.727797], [-122.493609, 37.727654], [-122.493616, 37.727744], [-122.493955, 37.727728], [-122.493962, 37.727818], [-122.494593, 37.727789], [-122.494646, 37.727876], [-122.49476, 37.727889], [-122.494779, 37.72814], [-122.494666, 37.728145], [-122.494679, 37.728325], [-122.494566, 37.72833], [-122.494519, 37.728654], [-122.494706, 37.728684], [-122.494713, 37.728773], [-122.495164, 37.728752], [-122.495158, 37.728662], [-122.496739, 37.728588], [-122.496746, 37.728678], [-122.496972, 37.728668], [-122.496978, 37.728757], [-122.497091, 37.728752], [-122.497098, 37.728842], [-122.497324, 37.728831], [-122.497331, 37.728921], [-122.497563, 37.729], [-122.49757, 37.72909], [-122.497683, 37.729084], [-122.497696, 37.729264], [-122.497809, 37.729259], [-122.497816, 37.729348], [-122.497822, 37.729438]]], [[[-122.498397, 37.732869], [-122.498177, 37.732781], [-122.498268, 37.732388], [-122.498551, 37.732525], [-122.498397, 37.732869]]], [[[-122.499723, 37.73367], [-122.499949, 37.73366], [-122.499956, 37.73375], [-122.500069, 37.733744], [-122.500075, 37.733834], [-122.500301, 37.733823], [-122.500308, 37.733913], [-122.500421, 37.733908], [-122.500428, 37.733998], [-122.500654, 37.733987], [-122.50066, 37.734077], [-122.500773, 37.734071], [-122.50078, 37.734161], [-122.500893, 37.734156], [-122.500899, 37.734246], [-122.501012, 37.73424], [-122.501026, 37.73442], [-122.501139, 37.734414], [-122.501145, 37.734504], [-122.501378, 37.734583], [-122.501385, 37.734673], [-122.501539, 37.734726], [-122.501624, 37.734842], [-122.501737, 37.734837], [-122.501743, 37.734926], [-122.501995, 37.734953], [-122.502136, 37.735138], [-122.501718, 37.735216], [-122.501644, 37.735111], [-122.501418, 37.735122], [-122.501411, 37.735032], [-122.501298, 37.735037], [-122.501292, 37.734948], [-122.501179, 37.734953], [-122.501172, 37.734863], [-122.500926, 37.734604], [-122.500693, 37.734525], [-122.500687, 37.734436], [-122.500574, 37.734441], [-122.500567, 37.734351], [-122.500454, 37.734356], [-122.500448, 37.734267], [-122.500335, 37.734272], [-122.500328, 37.734182], [-122.500102, 37.734193], [-122.500095, 37.734103], [-122.499982, 37.734108], [-122.499976, 37.734019], [-122.49975, 37.734029], [-122.499743, 37.73394], [-122.49963, 37.733945], [-122.499624, 37.733855], [-122.499398, 37.733866], [-122.499391, 37.733776], [-122.499278, 37.733781], [-122.499271, 37.733692], [-122.498813, 37.733623], [-122.498806, 37.733533], [-122.498523, 37.733397], [-122.498669, 37.733249], [-122.499245, 37.733333], [-122.499251, 37.733422], [-122.499364, 37.733417], [-122.499371, 37.733507], [-122.499597, 37.733496], [-122.499604, 37.733586], [-122.499717, 37.733581], [-122.499723, 37.73367]]], [[[-122.499857, 37.738526], [-122.499863, 37.738615], [-122.500261, 37.738764], [-122.500011, 37.738858], [-122.499651, 37.738806], [-122.499644, 37.738716], [-122.499305, 37.738732], [-122.499205, 37.738863], [-122.499084, 37.738629], [-122.499518, 37.738542], [-122.499857, 37.738526]]], [[[-122.500675, 37.741909], [-122.500527, 37.74187], [-122.500727, 37.741798], [-122.500788, 37.741903], [-122.500675, 37.741909]]], [[[-122.499719, 37.742008], [-122.500669, 37.742058], [-122.501018, 37.742735], [-122.50013, 37.742204], [-122.500017, 37.742209], [-122.499719, 37.742008]]], [[[-122.497979, 37.743339], [-122.497824, 37.743212], [-122.499012, 37.743236], [-122.498866, 37.743475], [-122.497979, 37.743339]]], [[[-122.498787, 37.743673], [-122.498867, 37.743524], [-122.499134, 37.743554], [-122.499028, 37.743726], [-122.498787, 37.743673]]], [[[-122.500768, 37.744695], [-122.500925, 37.744752], [-122.500838, 37.744988], [-122.500768, 37.744695]]], [[[-122.502172, 37.747715], [-122.502111, 37.747513], [-122.502262, 37.747556], [-122.502172, 37.747715]]], [[[-122.499861, 37.764544], [-122.500645, 37.764417], [-122.500748, 37.764559], [-122.50036, 37.764641], [-122.500326, 37.764702], [-122.499874, 37.764723], [-122.499861, 37.764544]]], [[[-122.499648, 37.764734], [-122.499655, 37.764824], [-122.499916, 37.764856], [-122.499323, 37.764929], [-122.499309, 37.76475], [-122.499535, 37.764739], [-122.499648, 37.764734]]], [[[-122.498857, 37.766301], [-122.498744, 37.766307], [-122.498751, 37.766396], [-122.498638, 37.766402], [-122.498645, 37.766491], [-122.498532, 37.766497], [-122.498515, 37.766983], [-122.498254, 37.766413], [-122.498518, 37.766317], [-122.498512, 37.766228], [-122.498625, 37.766222], [-122.498618, 37.766133], [-122.498731, 37.766127], [-122.498724, 37.766037], [-122.498837, 37.766032], [-122.498831, 37.765942], [-122.49905, 37.765842], [-122.49903, 37.765573], [-122.499143, 37.765568], [-122.499284, 37.76526], [-122.499369, 37.765557], [-122.499256, 37.765562], [-122.499283, 37.765921], [-122.499063, 37.766022], [-122.49907, 37.766111], [-122.498957, 37.766117], [-122.498964, 37.766206], [-122.498851, 37.766212], [-122.498857, 37.766301]]], [[[-122.501119, 37.769383], [-122.500527, 37.768924], [-122.501023, 37.768969], [-122.501119, 37.769383]]], [[[-122.501584, 37.769415], [-122.501419, 37.769332], [-122.50157, 37.769235], [-122.501584, 37.769415]]], [[[-122.501724, 37.769439], [-122.501631, 37.769522], [-122.501584, 37.769415], [-122.501724, 37.769439]]], [[[-122.500753, 37.770444], [-122.50105, 37.770645], [-122.501078, 37.770923], [-122.500032, 37.770629], [-122.500753, 37.770444]]], [[[-122.501543, 37.771275], [-122.50117, 37.77145], [-122.501265, 37.77123], [-122.501543, 37.771275]]], [[[-122.501775, 37.771527], [-122.501685, 37.771685], [-122.501624, 37.771484], [-122.501775, 37.771527]]], [[[-122.500436, 37.781442], [-122.500937, 37.781465], [-122.500985, 37.781611], [-122.500302, 37.781752], [-122.500436, 37.781442]]], [[[-122.499665, 37.781748], [-122.4991, 37.781775], [-122.499147, 37.781582], [-122.499645, 37.781479], [-122.499665, 37.781748]]], [[[-122.497584, 37.782746], [-122.497872, 37.782921], [-122.497941, 37.783309], [-122.497704, 37.783335], [-122.497584, 37.782746]]], [[[-122.501801, 37.788247], [-122.501764, 37.788222], [-122.501844, 37.788219], [-122.501801, 37.788247]]], [[[-122.501439, 37.788237], [-122.501438, 37.78824], [-122.501426, 37.788238], [-122.501439, 37.788237]]], [[[-122.501527, 37.788233], [-122.501581, 37.788231], [-122.501533, 37.788248], [-122.501527, 37.788233]]], [[[-122.494546, 37.709695], [-122.494813, 37.709725], [-122.494733, 37.709987], [-122.494421, 37.709924], [-122.49432, 37.709705], [-122.494032, 37.709389], [-122.493842, 37.709368], [-122.493695, 37.709504], [-122.493589, 37.709019], [-122.493476, 37.709025], [-122.49345, 37.708666], [-122.49362, 37.708587], [-122.49365, 37.70823], [-122.494241, 37.708216], [-122.494477, 37.708773], [-122.494168, 37.708733], [-122.494413, 37.709431], [-122.494526, 37.709426], [-122.494539, 37.709605], [-122.494546, 37.709695]]], [[[-122.495894, 37.711072], [-122.495908, 37.711252], [-122.496075, 37.711361], [-122.496349, 37.711882], [-122.496162, 37.711937], [-122.496005, 37.711834], [-122.49559, 37.711383], [-122.49485, 37.711442], [-122.494725, 37.710587], [-122.494442, 37.71045], [-122.494617, 37.710272], [-122.49509, 37.710152], [-122.495117, 37.709758], [-122.494832, 37.709616], [-122.495213, 37.709453], [-122.49533, 37.709568], [-122.495603, 37.709411], [-122.495856, 37.709959], [-122.495543, 37.709954], [-122.495536, 37.710819], [-122.495648, 37.710814], [-122.495662, 37.710993], [-122.495894, 37.711072]]], [[[-122.492695, 37.709812], [-122.492812, 37.709236], [-122.49301, 37.709331], [-122.492948, 37.709633], [-122.493407, 37.710522], [-122.493633, 37.710765], [-122.493242, 37.710648], [-122.492941, 37.710077], [-122.492695, 37.709812]]], [[[-122.494404, 37.712823], [-122.494336, 37.712527], [-122.494413, 37.711812], [-122.494579, 37.711674], [-122.495159, 37.712705], [-122.494404, 37.712823]]], [[[-122.490408, 37.712781], [-122.489712, 37.712404], [-122.490095, 37.712334], [-122.490101, 37.712423], [-122.490214, 37.712418], [-122.490623, 37.712679], [-122.490408, 37.712781]]], [[[-122.496457, 37.713421], [-122.496196, 37.71345], [-122.495214, 37.712612], [-122.49531, 37.71236], [-122.496118, 37.712563], [-122.497021, 37.713375], [-122.497056, 37.713579], [-122.496827, 37.713605], [-122.496457, 37.713421]]], [[[-122.497762, 37.714145], [-122.497469, 37.714267], [-122.497349, 37.713885], [-122.497762, 37.714145]]], [[[-122.492821, 37.715119], [-122.49195, 37.714335], [-122.491136, 37.713321], [-122.491102, 37.713127], [-122.49153, 37.713347], [-122.491643, 37.713628], [-122.491782, 37.713695], [-122.491795, 37.713875], [-122.491908, 37.713869], [-122.492035, 37.714184], [-122.49228, 37.714302], [-122.492385, 37.71453], [-122.493127, 37.715137], [-122.494132, 37.715642], [-122.493679, 37.715608], [-122.492821, 37.715119]]], [[[-122.496343, 37.715143], [-122.495932, 37.714849], [-122.495519, 37.714359], [-122.495429, 37.713975], [-122.496204, 37.714097], [-122.496494, 37.714606], [-122.496343, 37.715143]]], [[[-122.489165, 37.718139], [-122.489277, 37.718134], [-122.489405, 37.718307], [-122.489636, 37.718387], [-122.489643, 37.718477], [-122.489869, 37.718466], [-122.489875, 37.718556], [-122.490108, 37.718635], [-122.490121, 37.718815], [-122.490234, 37.718809], [-122.490247, 37.718989], [-122.49036, 37.718983], [-122.490374, 37.719163], [-122.490667, 37.719474], [-122.490752, 37.719685], [-122.490865, 37.71968], [-122.490879, 37.719859], [-122.490992, 37.719854], [-122.491005, 37.720034], [-122.491118, 37.720028], [-122.491131, 37.720208], [-122.491244, 37.720203], [-122.491257, 37.720382], [-122.49137, 37.720377], [-122.491384, 37.720556], [-122.491496, 37.720551], [-122.491756, 37.720989], [-122.491988, 37.721068], [-122.492001, 37.721247], [-122.492114, 37.721242], [-122.492121, 37.721332], [-122.492354, 37.721411], [-122.49236, 37.721501], [-122.492473, 37.721496], [-122.492486, 37.721675], [-122.492719, 37.721754], [-122.492732, 37.721934], [-122.492958, 37.721923], [-122.492965, 37.722013], [-122.493191, 37.722002], [-122.493197, 37.722092], [-122.494666, 37.722023], [-122.494672, 37.722113], [-122.494785, 37.722108], [-122.494792, 37.722197], [-122.495018, 37.722187], [-122.495024, 37.722277], [-122.495137, 37.722271], [-122.495104, 37.722664], [-122.494925, 37.722461], [-122.494812, 37.722467], [-122.494805, 37.722377], [-122.494692, 37.722382], [-122.494686, 37.722292], [-122.49446, 37.722303], [-122.494453, 37.722213], [-122.494001, 37.722234], [-122.494008, 37.722324], [-122.493895, 37.722329], [-122.493888, 37.72224], [-122.493638, 37.722337], [-122.492752, 37.722203], [-122.492746, 37.722113], [-122.492633, 37.722118], [-122.492626, 37.722029], [-122.492513, 37.722034], [-122.492506, 37.721944], [-122.492393, 37.721949], [-122.49238, 37.72177], [-122.492267, 37.721775], [-122.492261, 37.721686], [-122.492028, 37.721606], [-122.492021, 37.721517], [-122.491908, 37.721522], [-122.491775, 37.721258], [-122.491663, 37.721263], [-122.491656, 37.721174], [-122.491369, 37.721244], [-122.491297, 37.72092], [-122.491184, 37.720926], [-122.491171, 37.720746], [-122.491058, 37.720751], [-122.491045, 37.720572], [-122.490932, 37.720577], [-122.490918, 37.720398], [-122.490805, 37.720403], [-122.490792, 37.720224], [-122.490679, 37.720229], [-122.490666, 37.720049], [-122.490553, 37.720055], [-122.49054, 37.719875], [-122.490427, 37.719881], [-122.49042, 37.719791], [-122.490307, 37.719796], [-122.490301, 37.719706], [-122.490162, 37.719659], [-122.490274, 37.719348], [-122.490161, 37.719353], [-122.490148, 37.719173], [-122.490035, 37.719179], [-122.490022, 37.718999], [-122.489909, 37.719005], [-122.489776, 37.718741], [-122.489574, 37.718709], [-122.488963, 37.718415], [-122.488713, 37.71816], [-122.4886, 37.718165], [-122.488593, 37.718076], [-122.48823, 37.718056], [-122.488121, 37.717828], [-122.488009, 37.717833], [-122.488002, 37.717743], [-122.487889, 37.717748], [-122.487882, 37.717659], [-122.487769, 37.717664], [-122.487685, 37.717548], [-122.487417, 37.7175], [-122.487411, 37.717411], [-122.487298, 37.717416], [-122.487291, 37.717326], [-122.486833, 37.717258], [-122.486839, 37.717347], [-122.486613, 37.717358], [-122.48662, 37.717448], [-122.486401, 37.717548], [-122.486407, 37.717638], [-122.486294, 37.717643], [-122.486301, 37.717733], [-122.486188, 37.717738], [-122.486195, 37.717827], [-122.485404, 37.717864], [-122.485398, 37.717775], [-122.485285, 37.71778], [-122.485258, 37.717421], [-122.485325, 37.717298], [-122.485471, 37.717231], [-122.485457, 37.717052], [-122.48557, 37.717046], [-122.485557, 37.716867], [-122.485444, 37.716872], [-122.485424, 37.716603], [-122.485311, 37.716608], [-122.485305, 37.716519], [-122.485252, 37.715801], [-122.485364, 37.715796], [-122.485331, 37.715347], [-122.485444, 37.715342], [-122.485418, 37.714983], [-122.485531, 37.714978], [-122.485491, 37.714439], [-122.485378, 37.714445], [-122.485371, 37.714355], [-122.484733, 37.714511], [-122.482824, 37.714527], [-122.482355, 37.714465], [-122.481889, 37.714306], [-122.481748, 37.714107], [-122.48195, 37.714064], [-122.481957, 37.714154], [-122.48207, 37.714149], [-122.482076, 37.714238], [-122.482302, 37.714228], [-122.482309, 37.714318], [-122.483438, 37.714265], [-122.483445, 37.714355], [-122.485521, 37.714199], [-122.485703, 37.714249], [-122.48571, 37.714339], [-122.485823, 37.714334], [-122.485869, 37.714962], [-122.485757, 37.714967], [-122.485796, 37.715505], [-122.485683, 37.715511], [-122.48571, 37.715869], [-122.485597, 37.715875], [-122.48565, 37.716593], [-122.485763, 37.716587], [-122.485823, 37.717395], [-122.486042, 37.717294], [-122.486035, 37.717205], [-122.486148, 37.717199], [-122.486135, 37.71702], [-122.486686, 37.716814], [-122.486912, 37.716804], [-122.486919, 37.716893], [-122.487377, 37.716962], [-122.487384, 37.717052], [-122.487497, 37.717046], [-122.487504, 37.717136], [-122.487849, 37.71721], [-122.487856, 37.7173], [-122.488321, 37.717458], [-122.488327, 37.717548], [-122.48844, 37.717543], [-122.488447, 37.717632], [-122.48868, 37.717711], [-122.488686, 37.717801], [-122.488799, 37.717796], [-122.488806, 37.717886], [-122.488919, 37.71788], [-122.488925, 37.71797], [-122.489158, 37.718049], [-122.489165, 37.718139]]], [[[-122.49631, 37.734792], [-122.496414, 37.734906], [-122.49664, 37.734895], [-122.496653, 37.735075], [-122.496314, 37.73509], [-122.496308, 37.735001], [-122.496145, 37.734928], [-122.49631, 37.734792]]], [[[-122.490128, 37.73574], [-122.490241, 37.735734], [-122.490254, 37.735914], [-122.490367, 37.735909], [-122.490387, 37.736178], [-122.4905, 37.736172], [-122.490546, 37.7368], [-122.490616, 37.736834], [-122.490858, 37.737434], [-122.490235, 37.737228], [-122.490134, 37.73736], [-122.490652, 37.737602], [-122.490548, 37.737674], [-122.489689, 37.737471], [-122.489682, 37.737381], [-122.489569, 37.737386], [-122.489563, 37.737297], [-122.48933, 37.737217], [-122.489239, 37.737012], [-122.488971, 37.736964], [-122.488965, 37.736874], [-122.488626, 37.73689], [-122.488619, 37.7368], [-122.488167, 37.736822], [-122.488161, 37.736732], [-122.487642, 37.736791], [-122.487559, 37.73691], [-122.487288, 37.736863], [-122.487448, 37.73723], [-122.487236, 37.737339], [-122.487057, 37.737143], [-122.486944, 37.737149], [-122.486938, 37.737059], [-122.486599, 37.737075], [-122.486592, 37.736985], [-122.485914, 37.737017], [-122.485921, 37.737107], [-122.485469, 37.737128], [-122.485476, 37.737217], [-122.48525, 37.737228], [-122.485203, 37.73744], [-122.484825, 37.737608], [-122.484192, 37.737672], [-122.483775, 37.737803], [-122.482578, 37.737893], [-122.482475, 37.738023], [-122.482352, 37.737903], [-122.482126, 37.737914], [-122.48212, 37.737824], [-122.481781, 37.73784], [-122.481774, 37.73775], [-122.481322, 37.737771], [-122.481316, 37.737682], [-122.480747, 37.737647], [-122.480786, 37.737298], [-122.480711, 37.73717], [-122.480485, 37.73718], [-122.480478, 37.73709], [-122.480252, 37.737101], [-122.479909, 37.73724], [-122.479801, 37.737122], [-122.479688, 37.737127], [-122.479681, 37.737038], [-122.479229, 37.737059], [-122.479222, 37.736969], [-122.478771, 37.73699], [-122.478764, 37.7369], [-122.477664, 37.73702], [-122.477289, 37.736879], [-122.477063, 37.736889], [-122.477056, 37.7368], [-122.476943, 37.736805], [-122.476936, 37.736715], [-122.476704, 37.736636], [-122.476697, 37.736546], [-122.476584, 37.736552], [-122.476571, 37.736372], [-122.476458, 37.736377], [-122.476451, 37.736288], [-122.476338, 37.736293], [-122.476332, 37.736203], [-122.476219, 37.736209], [-122.476206, 37.736029], [-122.47598, 37.73604], [-122.475973, 37.73595], [-122.47586, 37.735955], [-122.475847, 37.735776], [-122.475614, 37.735697], [-122.475594, 37.735427], [-122.475481, 37.735433], [-122.475455, 37.735074], [-122.475568, 37.735069], [-122.475561, 37.734979], [-122.475674, 37.734974], [-122.475667, 37.734884], [-122.47578, 37.734879], [-122.475774, 37.734789], [-122.476113, 37.734773], [-122.476126, 37.734952], [-122.478046, 37.734863], [-122.478053, 37.734953], [-122.478505, 37.734932], [-122.478512, 37.735021], [-122.478625, 37.735016], [-122.478631, 37.735106], [-122.479535, 37.735064], [-122.479542, 37.735153], [-122.479881, 37.735138], [-122.479887, 37.735227], [-122.480113, 37.735217], [-122.48012, 37.735307], [-122.480459, 37.735291], [-122.480465, 37.73538], [-122.480917, 37.735359], [-122.480924, 37.735449], [-122.481376, 37.735428], [-122.481382, 37.735518], [-122.481862, 37.735536], [-122.481961, 37.735671], [-122.482864, 37.735629], [-122.482858, 37.735539], [-122.484546, 37.73537], [-122.484539, 37.73528], [-122.484991, 37.735259], [-122.484984, 37.73517], [-122.485323, 37.735154], [-122.485316, 37.735064], [-122.485768, 37.735043], [-122.485762, 37.734953], [-122.486898, 37.73499], [-122.486905, 37.73508], [-122.487695, 37.735043], [-122.487702, 37.735133], [-122.488836, 37.734966], [-122.489757, 37.735199], [-122.489882, 37.735481], [-122.490114, 37.73556], [-122.490128, 37.73574]], [[-122.488998, 37.735792], [-122.488991, 37.735703], [-122.488088, 37.735745], [-122.488187, 37.73556], [-122.487058, 37.735613], [-122.487051, 37.735523], [-122.486599, 37.735544], [-122.486592, 37.735455], [-122.485689, 37.735497], [-122.485695, 37.735587], [-122.484805, 37.735808], [-122.484811, 37.735898], [-122.484472, 37.735914], [-122.484479, 37.736003], [-122.484253, 37.736014], [-122.48426, 37.736104], [-122.483921, 37.73612], [-122.483804, 37.73625], [-122.482277, 37.736361], [-122.480667, 37.7361], [-122.479727, 37.735872], [-122.479058, 37.73553], [-122.477747, 37.735417], [-122.477634, 37.735422], [-122.477586, 37.73554], [-122.477521, 37.735428], [-122.477131, 37.735497], [-122.476618, 37.73547], [-122.476631, 37.735649], [-122.476863, 37.735728], [-122.47687, 37.735818], [-122.476983, 37.735813], [-122.47699, 37.735903], [-122.477745, 37.736233], [-122.47992, 37.736345], [-122.480672, 37.73654], [-122.481349, 37.7366], [-122.481356, 37.736689], [-122.481582, 37.736679], [-122.481588, 37.736769], [-122.483522, 37.736858], [-122.485102, 37.736248], [-122.485875, 37.73612], [-122.486878, 37.736252], [-122.487443, 37.736225], [-122.48745, 37.736315], [-122.487788, 37.736299], [-122.487795, 37.736389], [-122.48836, 37.736362], [-122.488367, 37.736452], [-122.488931, 37.736426], [-122.488938, 37.736515], [-122.489164, 37.736505], [-122.489171, 37.736595], [-122.48951, 37.736579], [-122.489516, 37.736669], [-122.489629, 37.736663], [-122.489636, 37.736753], [-122.489749, 37.736748], [-122.489876, 37.736921], [-122.490108, 37.737001], [-122.490094, 37.736822], [-122.489981, 37.736827], [-122.489962, 37.736558], [-122.489849, 37.736563], [-122.489815, 37.736114], [-122.489702, 37.73612], [-122.489689, 37.73594], [-122.489576, 37.735946], [-122.489569, 37.735856], [-122.489188, 37.735814], [-122.488998, 37.735792]], [[-122.48158, 37.737214], [-122.481787, 37.737336], [-122.481841, 37.737117], [-122.481728, 37.737122], [-122.48158, 37.737214]], [[-122.483781, 37.737296], [-122.48412, 37.737281], [-122.484202, 37.737173], [-122.486323, 37.736594], [-122.485988, 37.736473], [-122.485536, 37.736494], [-122.484175, 37.737046], [-122.483542, 37.737128], [-122.483421, 37.737263], [-122.48218, 37.737101], [-122.482186, 37.737191], [-122.482073, 37.737196], [-122.482087, 37.737375], [-122.483788, 37.737386], [-122.483781, 37.737296]], [[-122.476166, 37.735491], [-122.476317, 37.735394], [-122.476152, 37.735311], [-122.476166, 37.735491]], [[-122.476133, 37.735042], [-122.475907, 37.735053], [-122.475972, 37.735249], [-122.476152, 37.735311], [-122.476133, 37.735042]]], [[[-122.491251, 37.747841], [-122.491081, 37.747749], [-122.49122, 37.747537], [-122.491351, 37.747656], [-122.491464, 37.747651], [-122.491537, 37.748638], [-122.491691, 37.748689], [-122.491611, 37.748934], [-122.491373, 37.748839], [-122.491311, 37.748649], [-122.491251, 37.747841]]], [[[-122.490042, 37.756], [-122.490217, 37.756301], [-122.489764, 37.756162], [-122.489069, 37.755786], [-122.489216, 37.755683], [-122.489669, 37.755872], [-122.490042, 37.756]]], [[[-122.495593, 37.763573], [-122.495904, 37.763604], [-122.49545, 37.764253], [-122.495462, 37.763926], [-122.495593, 37.763573]]], [[[-122.496863, 37.766606], [-122.49677, 37.766689], [-122.496723, 37.766581], [-122.496863, 37.766606]]], [[[-122.488746, 37.767584], [-122.488633, 37.76759], [-122.488639, 37.767679], [-122.488413, 37.76769], [-122.488365, 37.767808], [-122.488165, 37.767745], [-122.4883, 37.767695], [-122.488294, 37.767606], [-122.488407, 37.7676], [-122.4884, 37.767511], [-122.488513, 37.767505], [-122.488506, 37.767416], [-122.488619, 37.76741], [-122.488613, 37.767321], [-122.488771, 37.767256], [-122.489065, 37.767299], [-122.489085, 37.767569], [-122.488972, 37.767574], [-122.488965, 37.767484], [-122.488739, 37.767495], [-122.488746, 37.767584]]], [[[-122.490328, 37.767511], [-122.490335, 37.7676], [-122.490222, 37.767606], [-122.490228, 37.767695], [-122.489783, 37.767806], [-122.48979, 37.767896], [-122.489564, 37.767906], [-122.48957, 37.767996], [-122.488899, 37.768117], [-122.488905, 37.768207], [-122.488566, 37.768223], [-122.488573, 37.768313], [-122.488121, 37.768334], [-122.488127, 37.768424], [-122.487562, 37.76845], [-122.487569, 37.76854], [-122.486898, 37.768661], [-122.486904, 37.768751], [-122.486226, 37.768783], [-122.486074, 37.768924], [-122.484817, 37.768886], [-122.48537, 37.768648], [-122.48598, 37.768524], [-122.485973, 37.768434], [-122.486539, 37.768408], [-122.486532, 37.768318], [-122.487323, 37.768281], [-122.487316, 37.768191], [-122.487655, 37.768176], [-122.487649, 37.768086], [-122.488327, 37.768054], [-122.488509, 37.767815], [-122.48955, 37.767727], [-122.489544, 37.767637], [-122.48977, 37.767627], [-122.489763, 37.767537], [-122.490102, 37.767521], [-122.490095, 37.767431], [-122.490208, 37.767426], [-122.4903, 37.767297], [-122.490471, 37.767428], [-122.490328, 37.767511]]], [[[-122.493473, 37.770154], [-122.49336, 37.77016], [-122.493367, 37.770249], [-122.49314, 37.77026], [-122.493147, 37.77035], [-122.492921, 37.77036], [-122.492928, 37.77045], [-122.492256, 37.770571], [-122.492263, 37.770661], [-122.491924, 37.770677], [-122.491931, 37.770767], [-122.491591, 37.770783], [-122.491585, 37.770693], [-122.491472, 37.770698], [-122.491465, 37.770608], [-122.49125, 37.770392], [-122.491525, 37.770037], [-122.492057, 37.769726], [-122.492642, 37.769653], [-122.492635, 37.769563], [-122.493313, 37.769532], [-122.493307, 37.769442], [-122.493765, 37.769511], [-122.493792, 37.769869], [-122.493573, 37.76997], [-122.493579, 37.770059], [-122.493466, 37.770065], [-122.493473, 37.770154]], [[-122.492555, 37.770017], [-122.492089, 37.770082], [-122.491558, 37.770334], [-122.491565, 37.770424], [-122.49213, 37.770397], [-122.492123, 37.770308], [-122.492462, 37.770292], [-122.492456, 37.770202], [-122.492682, 37.770191], [-122.492675, 37.770102], [-122.493014, 37.770086], [-122.493007, 37.769996], [-122.493121, 37.769991], [-122.493114, 37.769901], [-122.49334, 37.769891], [-122.493333, 37.769801], [-122.493446, 37.769796], [-122.49344, 37.769706], [-122.492994, 37.769817], [-122.493001, 37.769906], [-122.492549, 37.769928], [-122.492555, 37.770017]]], [[[-122.487695, 37.770244], [-122.487702, 37.770334], [-122.487363, 37.77035], [-122.48737, 37.77044], [-122.486805, 37.770466], [-122.486798, 37.770376], [-122.486405, 37.770257], [-122.487011, 37.770186], [-122.487004, 37.770097], [-122.487675, 37.769975], [-122.487669, 37.769886], [-122.488347, 37.769854], [-122.48834, 37.769764], [-122.488792, 37.769743], [-122.488799, 37.769833], [-122.489196, 37.769957], [-122.489882, 37.770033], [-122.489596, 37.770283], [-122.488877, 37.770242], [-122.488775, 37.770142], [-122.488141, 37.770134], [-122.488148, 37.770223], [-122.487695, 37.770244]]], [[[-122.49707, 37.770838], [-122.49693, 37.770893], [-122.496961, 37.770685], [-122.49707, 37.770838]]], [[[-122.49693, 37.770893], [-122.4969, 37.771004], [-122.496795, 37.77093], [-122.49693, 37.770893]]], [[[-122.48993, 37.775902], [-122.49031, 37.775922], [-122.490031, 37.776107], [-122.48985, 37.77605], [-122.48993, 37.775902]]], [[[-122.493932, 37.778531], [-122.4935, 37.778166], [-122.493961, 37.77825], [-122.494251, 37.778419], [-122.493932, 37.778531]]], [[[-122.489063, 37.778604], [-122.489166, 37.778473], [-122.489557, 37.77853], [-122.489564, 37.77862], [-122.48979, 37.778609], [-122.489797, 37.778699], [-122.48991, 37.778694], [-122.489856, 37.778913], [-122.489063, 37.778604]]], [[[-122.490323, 37.779473], [-122.490435, 37.779659], [-122.490707, 37.779753], [-122.490514, 37.779906], [-122.490258, 37.779818], [-122.490209, 37.77967], [-122.489567, 37.779121], [-122.490323, 37.779473]]], [[[-122.496426, 37.78091], [-122.496403, 37.781401], [-122.495912, 37.780774], [-122.496002, 37.78002], [-122.496635, 37.779927], [-122.496706, 37.780086], [-122.496253, 37.780108], [-122.496267, 37.780287], [-122.496081, 37.780326], [-122.496028, 37.780642], [-122.4963, 37.780736], [-122.496313, 37.780915], [-122.496426, 37.78091]]], [[[-122.493774, 37.783375], [-122.493887, 37.783369], [-122.49398, 37.784625], [-122.494155, 37.784735], [-122.49408, 37.785383], [-122.493542, 37.784026], [-122.493553, 37.782352], [-122.493885, 37.782424], [-122.493754, 37.783105], [-122.493774, 37.783375]]], [[[-122.497554, 37.785218], [-122.497287, 37.785123], [-122.497617, 37.784725], [-122.497863, 37.784858], [-122.497554, 37.785218]]], [[[-122.491892, 37.785533], [-122.491885, 37.785444], [-122.491104, 37.784792], [-122.491413, 37.784791], [-122.491985, 37.785259], [-122.492098, 37.785254], [-122.492105, 37.785343], [-122.492218, 37.785338], [-122.492231, 37.785517], [-122.492409, 37.785638], [-122.492302, 37.786278], [-122.491991, 37.786013], [-122.492145, 37.785882], [-122.492138, 37.785792], [-122.492025, 37.785797], [-122.492005, 37.785528], [-122.491892, 37.785533]]], [[[-122.497065, 37.785958], [-122.496738, 37.785865], [-122.49666, 37.78558], [-122.497166, 37.785658], [-122.497065, 37.785958]]], [[[-122.493098, 37.787728], [-122.49315, 37.787725], [-122.493127, 37.787734], [-122.493113, 37.787731], [-122.493098, 37.787728]]], [[[-122.486201, 37.708233], [-122.486247, 37.708233], [-122.486219, 37.70831], [-122.486201, 37.708233]]], [[[-122.484787, 37.70952], [-122.484794, 37.70961], [-122.484907, 37.709605], [-122.484913, 37.709695], [-122.485026, 37.709689], [-122.485046, 37.709959], [-122.485159, 37.709953], [-122.485199, 37.710492], [-122.48498, 37.710592], [-122.484986, 37.710682], [-122.48476, 37.710692], [-122.484639, 37.710828], [-122.484481, 37.710587], [-122.484854, 37.710418], [-122.484834, 37.710149], [-122.484721, 37.710154], [-122.484694, 37.709795], [-122.484581, 37.7098], [-122.484575, 37.70971], [-122.484236, 37.709726], [-122.484229, 37.709637], [-122.483842, 37.709267], [-122.48407, 37.709014], [-122.484037, 37.708565], [-122.483924, 37.70857], [-122.483917, 37.708481], [-122.483804, 37.708486], [-122.483798, 37.708396], [-122.483533, 37.708328], [-122.482565, 37.708488], [-122.482436, 37.70837], [-122.481645, 37.708407], [-122.481652, 37.708496], [-122.481313, 37.708512], [-122.481326, 37.708692], [-122.480084, 37.70875], [-122.480077, 37.70866], [-122.4794, 37.708691], [-122.479393, 37.708602], [-122.478737, 37.708713], [-122.477792, 37.708406], [-122.477566, 37.708417], [-122.47756, 37.708327], [-122.477176, 37.708299], [-122.481083, 37.708232], [-122.484246, 37.708332], [-122.484262, 37.708555], [-122.484375, 37.708549], [-122.484409, 37.708998], [-122.484296, 37.709003], [-122.484316, 37.709272], [-122.484203, 37.709278], [-122.484216, 37.709457], [-122.484668, 37.709436], [-122.484674, 37.709526], [-122.484787, 37.70952]]], [[[-122.487399, 37.708863], [-122.486853, 37.708672], [-122.486361, 37.708351], [-122.487092, 37.708513], [-122.487399, 37.708863]]], [[[-122.482641, 37.711151], [-122.482635, 37.711061], [-122.48205, 37.71101], [-122.481944, 37.710914], [-122.481718, 37.710924], [-122.481711, 37.710834], [-122.481315, 37.710786], [-122.481576, 37.710535], [-122.481698, 37.710655], [-122.482376, 37.710623], [-122.482382, 37.710713], [-122.482834, 37.710692], [-122.482841, 37.710782], [-122.483744, 37.71074], [-122.483751, 37.710829], [-122.484469, 37.710829], [-122.484355, 37.711031], [-122.484109, 37.711083], [-122.484116, 37.711172], [-122.483664, 37.711193], [-122.483658, 37.711104], [-122.483093, 37.71113], [-122.482641, 37.711151]]], [[[-122.489038, 37.711615], [-122.488652, 37.711298], [-122.488255, 37.710439], [-122.488509, 37.710489], [-122.489038, 37.711615]]], [[[-122.48474, 37.711953], [-122.484747, 37.712043], [-122.484634, 37.712048], [-122.484641, 37.712138], [-122.484421, 37.712238], [-122.484435, 37.712418], [-122.484209, 37.712428], [-122.484182, 37.71207], [-122.484295, 37.712064], [-122.484289, 37.711975], [-122.484402, 37.711969], [-122.484395, 37.71188], [-122.484552, 37.711759], [-122.483857, 37.711628], [-122.48343, 37.711845], [-122.481778, 37.711732], [-122.481771, 37.711642], [-122.481658, 37.711647], [-122.481651, 37.711557], [-122.481313, 37.711573], [-122.481306, 37.711483], [-122.481193, 37.711489], [-122.481186, 37.711399], [-122.48096, 37.71141], [-122.480954, 37.71132], [-122.480728, 37.71133], [-122.480721, 37.711241], [-122.480436, 37.711145], [-122.480797, 37.711019], [-122.480941, 37.71114], [-122.481723, 37.711159], [-122.481857, 37.711278], [-122.482083, 37.711267], [-122.48209, 37.711357], [-122.483671, 37.711283], [-122.483678, 37.711373], [-122.484129, 37.711352], [-122.484136, 37.711441], [-122.484612, 37.711455], [-122.484714, 37.711595], [-122.484827, 37.711589], [-122.484853, 37.711948], [-122.48474, 37.711953]]], [[[-122.483981, 37.712972], [-122.484154, 37.712491], [-122.484444, 37.712603], [-122.484348, 37.712782], [-122.484235, 37.712787], [-122.484382, 37.713083], [-122.483981, 37.712972]]], [[[-122.484534, 37.713764], [-122.484541, 37.713853], [-122.48375, 37.71389], [-122.483744, 37.713801], [-122.483179, 37.713827], [-122.483172, 37.713737], [-122.482269, 37.713779], [-122.482262, 37.71369], [-122.481585, 37.713721], [-122.481578, 37.713631], [-122.481352, 37.713642], [-122.481345, 37.713552], [-122.481233, 37.713558], [-122.481226, 37.713468], [-122.481113, 37.713473], [-122.481106, 37.713383], [-122.480874, 37.713304], [-122.480861, 37.713125], [-122.480748, 37.71313], [-122.480768, 37.713399], [-122.480655, 37.713404], [-122.480668, 37.713584], [-122.480555, 37.713589], [-122.480568, 37.713769], [-122.480342, 37.713779], [-122.480349, 37.713869], [-122.479897, 37.71389], [-122.479904, 37.71398], [-122.479565, 37.713995], [-122.479558, 37.713906], [-122.47809, 37.713974], [-122.478083, 37.713884], [-122.477406, 37.713916], [-122.477426, 37.714185], [-122.47799, 37.714159], [-122.477997, 37.714249], [-122.478336, 37.714233], [-122.478356, 37.714502], [-122.478017, 37.714518], [-122.47801, 37.714428], [-122.47722, 37.714465], [-122.477206, 37.714285], [-122.477094, 37.714291], [-122.477067, 37.713932], [-122.47718, 37.713927], [-122.477111, 37.713682], [-122.476682, 37.71332], [-122.476384, 37.713299], [-122.475749, 37.713097], [-122.475286, 37.712833], [-122.474776, 37.712986], [-122.474742, 37.71314], [-122.474855, 37.713135], [-122.474868, 37.713314], [-122.474981, 37.713309], [-122.475021, 37.713847], [-122.474908, 37.713852], [-122.474886, 37.714053], [-122.474716, 37.713928], [-122.474649, 37.713414], [-122.474536, 37.713419], [-122.474523, 37.71324], [-122.47441, 37.713245], [-122.474397, 37.713066], [-122.474284, 37.713071], [-122.474151, 37.713209], [-122.474044, 37.712902], [-122.473616, 37.713002], [-122.473196, 37.712775], [-122.473568, 37.712801], [-122.474025, 37.712633], [-122.474018, 37.712543], [-122.474244, 37.712533], [-122.474237, 37.712443], [-122.475593, 37.71238], [-122.475599, 37.71247], [-122.475825, 37.712459], [-122.475832, 37.712549], [-122.475945, 37.712544], [-122.475951, 37.712633], [-122.476177, 37.712623], [-122.476184, 37.712713], [-122.476297, 37.712707], [-122.476303, 37.712797], [-122.476529, 37.712786], [-122.476536, 37.712876], [-122.476875, 37.71286], [-122.476881, 37.71295], [-122.477716, 37.712996], [-122.478721, 37.713315], [-122.479173, 37.713293], [-122.47918, 37.713383], [-122.479744, 37.713357], [-122.479738, 37.713267], [-122.479851, 37.713262], [-122.479831, 37.712993], [-122.479944, 37.712987], [-122.479967, 37.712602], [-122.480263, 37.712702], [-122.480256, 37.712613], [-122.480708, 37.712592], [-122.480714, 37.712681], [-122.48106, 37.712755], [-122.481067, 37.712845], [-122.481179, 37.71284], [-122.481186, 37.71293], [-122.481419, 37.713009], [-122.481432, 37.713188], [-122.481545, 37.713183], [-122.481551, 37.713273], [-122.481664, 37.713267], [-122.481671, 37.713357], [-122.483033, 37.713384], [-122.48304, 37.713473], [-122.483378, 37.713457], [-122.483385, 37.713547], [-122.484401, 37.7135], [-122.484408, 37.713589], [-122.484724, 37.713598], [-122.484892, 37.71372], [-122.484534, 37.713764]], [[-122.480741, 37.71304], [-122.480628, 37.713046], [-122.480635, 37.713135], [-122.480748, 37.71313], [-122.480741, 37.71304]]], [[[-122.48448, 37.72529], [-122.484367, 37.725295], [-122.48438, 37.725475], [-122.484267, 37.72548], [-122.484287, 37.725749], [-122.484174, 37.725754], [-122.484194, 37.726023], [-122.484081, 37.726029], [-122.484101, 37.726298], [-122.483882, 37.726398], [-122.483888, 37.726488], [-122.48355, 37.726504], [-122.483543, 37.726414], [-122.483317, 37.726425], [-122.48331, 37.726335], [-122.483197, 37.72634], [-122.483191, 37.72625], [-122.482574, 37.726169], [-122.482518, 37.725955], [-122.483516, 37.726055], [-122.483523, 37.726145], [-122.483636, 37.72614], [-122.483623, 37.72596], [-122.483736, 37.725955], [-122.483722, 37.725775], [-122.483835, 37.72577], [-122.483815, 37.725501], [-122.483928, 37.725496], [-122.483915, 37.725316], [-122.484028, 37.725311], [-122.483937, 37.725105], [-122.48324, 37.724867], [-122.483191, 37.72472], [-122.483019, 37.724619], [-122.483171, 37.724416], [-122.48341, 37.72462], [-122.483636, 37.724609], [-122.483643, 37.724699], [-122.483869, 37.724688], [-122.483875, 37.724778], [-122.484101, 37.724767], [-122.484108, 37.724857], [-122.484334, 37.724847], [-122.484347, 37.725026], [-122.48446, 37.725021], [-122.484467, 37.72511], [-122.48448, 37.72529]]], [[[-122.486014, 37.744485], [-122.486164, 37.744528], [-122.486074, 37.744686], [-122.486014, 37.744485]]], [[[-122.485981, 37.745566], [-122.486276, 37.74576], [-122.486104, 37.745955], [-122.485981, 37.745566]]], [[[-122.486778, 37.745619], [-122.487149, 37.745677], [-122.487296, 37.746082], [-122.486841, 37.745776], [-122.486778, 37.745619]]], [[[-122.484327, 37.747116], [-122.484049, 37.747195], [-122.483674, 37.746574], [-122.484026, 37.746629], [-122.484327, 37.747116]]], [[[-122.487353, 37.746751], [-122.487472, 37.747429], [-122.487203, 37.747312], [-122.486957, 37.746511], [-122.487353, 37.746751]]], [[[-122.484197, 37.74767], [-122.4839, 37.747425], [-122.483834, 37.747197], [-122.484358, 37.747481], [-122.484197, 37.74767]]], [[[-122.488047, 37.747451], [-122.48833, 37.747502], [-122.488221, 37.747836], [-122.488047, 37.747451]]], [[[-122.485404, 37.747876], [-122.485166, 37.747943], [-122.484758, 37.747424], [-122.485143, 37.747454], [-122.485404, 37.747876]]], [[[-122.488433, 37.748063], [-122.488584, 37.748106], [-122.488493, 37.748265], [-122.488433, 37.748063]]], [[[-122.486243, 37.747815], [-122.486607, 37.748782], [-122.486229, 37.74873], [-122.485999, 37.748228], [-122.485907, 37.747641], [-122.486243, 37.747815]]], [[[-122.484279, 37.748617], [-122.484272, 37.748527], [-122.484611, 37.748511], [-122.484618, 37.748601], [-122.484279, 37.748617]]], [[[-122.487608, 37.748806], [-122.487754, 37.749212], [-122.487378, 37.749101], [-122.487237, 37.748749], [-122.487608, 37.748806]]], [[[-122.486279, 37.749604], [-122.486318, 37.749295], [-122.4866, 37.749449], [-122.48675, 37.749864], [-122.486456, 37.750248], [-122.486114, 37.750326], [-122.486457, 37.749848], [-122.486279, 37.749604]]], [[[-122.484385, 37.751583], [-122.484378, 37.751493], [-122.48483, 37.751472], [-122.484824, 37.751382], [-122.485155, 37.751276], [-122.485249, 37.751002], [-122.485469, 37.750902], [-122.485455, 37.750723], [-122.485568, 37.750717], [-122.485555, 37.750538], [-122.485721, 37.750355], [-122.486018, 37.750414], [-122.485884, 37.750844], [-122.485808, 37.750886], [-122.485932, 37.75124], [-122.485101, 37.7519], [-122.484511, 37.751757], [-122.484398, 37.75188], [-122.483912, 37.751942], [-122.484046, 37.751599], [-122.484385, 37.751583]]], [[[-122.48546, 37.757995], [-122.485155, 37.758333], [-122.485123, 37.758481], [-122.484961, 37.758412], [-122.485102, 37.758103], [-122.48546, 37.757995]]], [[[-122.485263, 37.758505], [-122.485169, 37.758588], [-122.485123, 37.758481], [-122.485263, 37.758505]]], [[[-122.485043, 37.766204], [-122.484863, 37.766078], [-122.484664, 37.766065], [-122.484438, 37.766075], [-122.484398, 37.76619], [-122.483676, 37.766177], [-122.483511, 37.766057], [-122.484092, 37.766001], [-122.484085, 37.765911], [-122.484764, 37.76588], [-122.484757, 37.76579], [-122.486678, 37.7657], [-122.487493, 37.765268], [-122.487641, 37.765336], [-122.487429, 37.765609], [-122.487843, 37.7657], [-122.487489, 37.765933], [-122.48715, 37.765948], [-122.487157, 37.766038], [-122.485575, 37.766112], [-122.485581, 37.766202], [-122.485355, 37.766212], [-122.485043, 37.766204]]], [[[-122.485176, 37.766851], [-122.48512, 37.767071], [-122.48477, 37.766601], [-122.484966, 37.766475], [-122.485107, 37.766816], [-122.485176, 37.766851]]], [[[-122.486655, 37.766706], [-122.486851, 37.766503], [-122.487179, 37.766534], [-122.486714, 37.766892], [-122.487281, 37.766999], [-122.487015, 37.767221], [-122.486426, 37.767519], [-122.486387, 37.767298], [-122.486552, 37.767028], [-122.486247, 37.766936], [-122.486655, 37.766706]]], [[[-122.487334, 37.767522], [-122.487469, 37.767194], [-122.487571, 37.767249], [-122.487729, 37.767851], [-122.487334, 37.767522]]], [[[-122.485907, 37.767537], [-122.486375, 37.767561], [-122.485454, 37.76822], [-122.485645, 37.767743], [-122.485907, 37.767537]]], [[[-122.487462, 37.769411], [-122.48701, 37.769775], [-122.486474, 37.769809], [-122.486456, 37.76963], [-122.486951, 37.769379], [-122.487462, 37.769411]]], [[[-122.486366, 37.770667], [-122.486226, 37.770642], [-122.486319, 37.770559], [-122.486366, 37.770667]]], [[[-122.486506, 37.770691], [-122.486413, 37.770774], [-122.486366, 37.770667], [-122.486506, 37.770691]]], [[[-122.486492, 37.770841], [-122.486632, 37.770865], [-122.486539, 37.770948], [-122.486492, 37.770841]]], [[[-122.48358, 37.771337], [-122.483587, 37.771427], [-122.483474, 37.771432], [-122.48348, 37.771522], [-122.483367, 37.771527], [-122.483328, 37.77174], [-122.483103, 37.771512], [-122.483248, 37.771442], [-122.483241, 37.771353], [-122.483354, 37.771347], [-122.483347, 37.771258], [-122.48346, 37.771252], [-122.483454, 37.771163], [-122.483567, 37.771157], [-122.48356, 37.771068], [-122.483786, 37.771057], [-122.483875, 37.770941], [-122.48415, 37.770878], [-122.484192, 37.770997], [-122.484025, 37.771226], [-122.483799, 37.771237], [-122.483806, 37.771326], [-122.48358, 37.771337]]], [[[-122.488671, 37.77221], [-122.487634, 37.772197], [-122.487715, 37.772044], [-122.488773, 37.772027], [-122.488671, 37.77221]]], [[[-122.488463, 37.778539], [-122.488591, 37.778789], [-122.488269, 37.778708], [-122.488194, 37.778504], [-122.488463, 37.778539]]], [[[-122.487798, 37.778729], [-122.487592, 37.778823], [-122.487523, 37.778625], [-122.487798, 37.778729]]], [[[-122.488593, 37.779295], [-122.488733, 37.77932], [-122.48864, 37.779403], [-122.488593, 37.779295]]], [[[-122.483746, 37.787354], [-122.483739, 37.787265], [-122.4834, 37.78728], [-122.483394, 37.787191], [-122.481924, 37.787259], [-122.481931, 37.787349], [-122.481365, 37.787375], [-122.481359, 37.787286], [-122.481133, 37.787296], [-122.481126, 37.787206], [-122.4809, 37.787217], [-122.480893, 37.787127], [-122.480102, 37.787164], [-122.480095, 37.787075], [-122.478782, 37.787099], [-122.478393, 37.787064], [-122.478386, 37.786974], [-122.476916, 37.787043], [-122.476834, 37.78717], [-122.476537, 37.787089], [-122.476797, 37.786791], [-122.477255, 37.786642], [-122.477349, 37.786752], [-122.478479, 37.7867], [-122.478486, 37.786789], [-122.478712, 37.786779], [-122.478719, 37.786869], [-122.479397, 37.786837], [-122.47939, 37.786747], [-122.479842, 37.786726], [-122.479849, 37.786816], [-122.480301, 37.786795], [-122.480308, 37.786885], [-122.480986, 37.786853], [-122.480993, 37.786943], [-122.481219, 37.786932], [-122.481226, 37.787022], [-122.482243, 37.786974], [-122.482311, 37.786851], [-122.482609, 37.786916], [-122.482702, 37.787043], [-122.483916, 37.786947], [-122.484065, 37.787069], [-122.484404, 37.787053], [-122.484411, 37.787143], [-122.484524, 37.787138], [-122.484531, 37.787228], [-122.484644, 37.787222], [-122.484657, 37.787402], [-122.484539, 37.787618], [-122.484352, 37.78756], [-122.484431, 37.787412], [-122.484318, 37.787418], [-122.484311, 37.787328], [-122.483746, 37.787354]]], [[[-122.484165, 37.788415], [-122.484178, 37.788594], [-122.484065, 37.7886], [-122.484085, 37.788869], [-122.484376, 37.789039], [-122.484121, 37.789168], [-122.483985, 37.789054], [-122.483872, 37.789059], [-122.483832, 37.788521], [-122.483946, 37.788515], [-122.483932, 37.788336], [-122.484045, 37.788331], [-122.484019, 37.787972], [-122.483906, 37.787977], [-122.483912, 37.788067], [-122.483686, 37.788077], [-122.483619, 37.788201], [-122.483108, 37.788157], [-122.48338, 37.788031], [-122.483447, 37.787908], [-122.483673, 37.787898], [-122.483666, 37.787808], [-122.484231, 37.787782], [-122.484238, 37.787871], [-122.484351, 37.787866], [-122.484371, 37.788135], [-122.484258, 37.788141], [-122.484278, 37.78841], [-122.484165, 37.788415]]], [[[-122.488113, 37.788231], [-122.487882, 37.788061], [-122.489298, 37.788048], [-122.48897, 37.788325], [-122.488113, 37.788231]]], [[[-122.484394, 37.789686], [-122.484484, 37.789661], [-122.484421, 37.789884], [-122.484218, 37.789735], [-122.484394, 37.789686]]], [[[-122.48371, 37.709883], [-122.483456, 37.709668], [-122.483525, 37.709309], [-122.483819, 37.709494], [-122.48371, 37.709883]]], [[[-122.483837, 37.710465], [-122.483988, 37.710508], [-122.483897, 37.710667], [-122.483837, 37.710465]]], [[[-122.483877, 37.712205], [-122.483784, 37.712288], [-122.483737, 37.71218], [-122.483877, 37.712205]]], [[[-122.482813, 37.715014], [-122.482362, 37.715035], [-122.482368, 37.715125], [-122.48203, 37.715141], [-122.482023, 37.715051], [-122.480969, 37.715166], [-122.480893, 37.715104], [-122.480329, 37.71513], [-122.480322, 37.71504], [-122.478967, 37.715104], [-122.47896, 37.715014], [-122.477831, 37.715067], [-122.47742, 37.715219], [-122.477485, 37.715468], [-122.477101, 37.715678], [-122.476339, 37.715624], [-122.476003, 37.715747], [-122.475432, 37.715679], [-122.474647, 37.715425], [-122.474562, 37.715309], [-122.474449, 37.715314], [-122.474443, 37.715224], [-122.474217, 37.715235], [-122.47421, 37.715145], [-122.473938, 37.715051], [-122.473985, 37.714646], [-122.474057, 37.714612], [-122.474051, 37.714522], [-122.474164, 37.714517], [-122.474137, 37.714158], [-122.474024, 37.714164], [-122.473891, 37.7139], [-122.473779, 37.713905], [-122.473772, 37.713815], [-122.473659, 37.71382], [-122.473652, 37.713731], [-122.473539, 37.713736], [-122.473533, 37.713646], [-122.4733, 37.713567], [-122.473287, 37.713388], [-122.473022, 37.7131], [-122.473302, 37.713167], [-122.473393, 37.713293], [-122.473506, 37.713287], [-122.473513, 37.713377], [-122.473626, 37.713372], [-122.473632, 37.713462], [-122.473745, 37.713456], [-122.473752, 37.713546], [-122.473906, 37.713599], [-122.473991, 37.713715], [-122.474104, 37.71371], [-122.474111, 37.713799], [-122.474337, 37.713789], [-122.474343, 37.713879], [-122.474456, 37.713873], [-122.474469, 37.714053], [-122.474582, 37.714048], [-122.474596, 37.714227], [-122.474709, 37.714222], [-122.474715, 37.714311], [-122.475023, 37.714515], [-122.475365, 37.714926], [-122.476198, 37.715019], [-122.476766, 37.715349], [-122.477151, 37.715406], [-122.477043, 37.715075], [-122.477147, 37.715008], [-122.47714, 37.714919], [-122.477479, 37.714903], [-122.477472, 37.714813], [-122.477924, 37.714792], [-122.477917, 37.714702], [-122.479385, 37.714634], [-122.479392, 37.714724], [-122.480747, 37.714661], [-122.480754, 37.71475], [-122.481658, 37.714708], [-122.481664, 37.714798], [-122.48348, 37.714775], [-122.483732, 37.715105], [-122.482813, 37.715014]], [[-122.47429, 37.714691], [-122.474389, 37.714938], [-122.474939, 37.714813], [-122.474901, 37.714706], [-122.47429, 37.714691]]], [[[-122.480267, 37.723711], [-122.480719, 37.723485], [-122.481344, 37.723509], [-122.480654, 37.723802], [-122.480267, 37.723711]]], [[[-122.479348, 37.724132], [-122.47951, 37.723991], [-122.479796, 37.724049], [-122.479348, 37.724402], [-122.479348, 37.724132]]], [[[-122.480168, 37.725221], [-122.4804, 37.7253], [-122.480414, 37.72548], [-122.480526, 37.725474], [-122.48054, 37.725654], [-122.480653, 37.725649], [-122.480666, 37.725828], [-122.480779, 37.725823], [-122.480792, 37.726002], [-122.480905, 37.725997], [-122.480918, 37.726176], [-122.481031, 37.726171], [-122.481045, 37.72635], [-122.481158, 37.726345], [-122.481191, 37.726794], [-122.481304, 37.726789], [-122.481317, 37.726968], [-122.48143, 37.726963], [-122.481437, 37.727052], [-122.481585, 37.727091], [-122.481443, 37.727142], [-122.481395, 37.72726], [-122.48133, 37.727147], [-122.481098, 37.727068], [-122.481091, 37.726979], [-122.480978, 37.726984], [-122.480965, 37.726804], [-122.480852, 37.72681], [-122.480839, 37.72663], [-122.480726, 37.726635], [-122.480712, 37.726456], [-122.480599, 37.726461], [-122.480586, 37.726282], [-122.480473, 37.726287], [-122.48046, 37.726108], [-122.480347, 37.726113], [-122.480334, 37.725933], [-122.480221, 37.725939], [-122.480208, 37.725759], [-122.479975, 37.72568], [-122.479962, 37.725501], [-122.479849, 37.725506], [-122.479842, 37.725416], [-122.4786, 37.725474], [-122.478606, 37.725564], [-122.47747, 37.725527], [-122.477463, 37.725437], [-122.477237, 37.725448], [-122.477231, 37.725358], [-122.477005, 37.725368], [-122.476985, 37.725099], [-122.476816, 37.725007], [-122.47691, 37.724613], [-122.477113, 37.72475], [-122.477211, 37.725089], [-122.477443, 37.725168], [-122.47745, 37.725258], [-122.478241, 37.725221], [-122.478247, 37.725311], [-122.478925, 37.725279], [-122.478919, 37.725189], [-122.47937, 37.725168], [-122.479364, 37.725078], [-122.480042, 37.725047], [-122.480048, 37.725137], [-122.480161, 37.725131], [-122.480168, 37.725221]]], [[[-122.480739, 37.728856], [-122.480679, 37.729068], [-122.480566, 37.729074], [-122.480586, 37.729343], [-122.480833, 37.729601], [-122.481416, 37.729844], [-122.481868, 37.729823], [-122.481875, 37.729913], [-122.48298, 37.729884], [-122.483277, 37.730097], [-122.481549, 37.730108], [-122.481543, 37.730018], [-122.481042, 37.729993], [-122.48047, 37.729684], [-122.480366, 37.729443], [-122.480253, 37.729448], [-122.480227, 37.729089], [-122.48034, 37.729084], [-122.480327, 37.728905], [-122.48044, 37.7289], [-122.480426, 37.72872], [-122.480759, 37.728615], [-122.480752, 37.728525], [-122.480865, 37.72852], [-122.480858, 37.72843], [-122.480971, 37.728425], [-122.480965, 37.728335], [-122.481078, 37.72833], [-122.481071, 37.72824], [-122.481184, 37.728235], [-122.481334, 37.728013], [-122.48144, 37.728337], [-122.48131, 37.728409], [-122.481317, 37.728498], [-122.481204, 37.728504], [-122.48121, 37.728593], [-122.481097, 37.728599], [-122.481104, 37.728688], [-122.480991, 37.728694], [-122.480998, 37.728783], [-122.480885, 37.728789], [-122.480739, 37.728856]]], [[[-122.480546, 37.737846], [-122.480412, 37.737724], [-122.481032, 37.737778], [-122.480932, 37.737951], [-122.480546, 37.737846]]], [[[-122.479926, 37.743418], [-122.479474, 37.743439], [-122.479461, 37.74326], [-122.480139, 37.743228], [-122.480145, 37.743318], [-122.480517, 37.743375], [-122.480631, 37.743692], [-122.479976, 37.743469], [-122.479926, 37.743418]]], [[[-122.482291, 37.745637], [-122.482103, 37.745784], [-122.4819, 37.745577], [-122.482291, 37.745637]]], [[[-122.482415, 37.745858], [-122.482392, 37.745416], [-122.482445, 37.745281], [-122.482794, 37.745345], [-122.483339, 37.74595], [-122.482803, 37.746296], [-122.482415, 37.745858]]], [[[-122.483614, 37.745767], [-122.483916, 37.74579], [-122.484236, 37.746135], [-122.48391, 37.746076], [-122.483614, 37.745767]]], [[[-122.483058, 37.746372], [-122.483265, 37.746808], [-122.483, 37.746736], [-122.482893, 37.746511], [-122.482976, 37.746337], [-122.483058, 37.746372]]], [[[-122.483375, 37.748659], [-122.483368, 37.748569], [-122.482238, 37.748622], [-122.481906, 37.748728], [-122.481913, 37.748817], [-122.4818, 37.748823], [-122.481806, 37.748912], [-122.481919, 37.748907], [-122.481926, 37.748997], [-122.4817, 37.749007], [-122.481713, 37.749187], [-122.481826, 37.749181], [-122.481866, 37.74972], [-122.481753, 37.749725], [-122.481733, 37.749456], [-122.48162, 37.749461], [-122.481607, 37.749282], [-122.481381, 37.749292], [-122.481348, 37.748844], [-122.481461, 37.748838], [-122.481447, 37.748659], [-122.48156, 37.748654], [-122.481554, 37.748564], [-122.48178, 37.748553], [-122.481773, 37.748464], [-122.481999, 37.748453], [-122.481993, 37.748363], [-122.483556, 37.748322], [-122.483481, 37.748564], [-122.483933, 37.748543], [-122.48394, 37.748633], [-122.483827, 37.748638], [-122.483375, 37.748659]]], [[[-122.481853, 37.751071], [-122.481806, 37.750443], [-122.481919, 37.750438], [-122.481966, 37.751066], [-122.481853, 37.751071]]], [[[-122.483772, 37.765753], [-122.483648, 37.765971], [-122.483514, 37.765848], [-122.483772, 37.765753]]], [[[-122.481449, 37.766245], [-122.481309, 37.766191], [-122.48124, 37.765774], [-122.481512, 37.765868], [-122.481449, 37.766245]]], [[[-122.480555, 37.767556], [-122.480491, 37.767452], [-122.480542, 37.767067], [-122.480751, 37.767103], [-122.480555, 37.767556]]], [[[-122.482862, 37.7693], [-122.482869, 37.769389], [-122.482643, 37.7694], [-122.482649, 37.76949], [-122.482051, 37.769699], [-122.482173, 37.769313], [-122.482516, 37.769226], [-122.48251, 37.769136], [-122.482849, 37.76912], [-122.482842, 37.769031], [-122.483181, 37.769015], [-122.483174, 37.768925], [-122.483627, 37.768904], [-122.48362, 37.768814], [-122.483914, 37.768767], [-122.484202, 37.768581], [-122.484108, 37.76885], [-122.483746, 37.768988], [-122.483753, 37.769078], [-122.483527, 37.769089], [-122.483533, 37.769178], [-122.482862, 37.7693]]], [[[-122.481074, 37.769653], [-122.481187, 37.769648], [-122.481441, 37.769328], [-122.481886, 37.769401], [-122.481463, 37.769673], [-122.481426, 37.769817], [-122.481313, 37.769822], [-122.481197, 37.769957], [-122.48093, 37.769846], [-122.48108, 37.769743], [-122.481074, 37.769653]]], [[[-122.48055, 37.771195], [-122.480477, 37.771606], [-122.480289, 37.77131], [-122.480176, 37.771316], [-122.480169, 37.771226], [-122.480056, 37.771231], [-122.48005, 37.771141], [-122.479937, 37.771147], [-122.479923, 37.770967], [-122.479697, 37.770978], [-122.479691, 37.770888], [-122.479096, 37.770889], [-122.479256, 37.770751], [-122.479939, 37.770743], [-122.480149, 37.770957], [-122.480262, 37.770951], [-122.480269, 37.771041], [-122.480382, 37.771036], [-122.480389, 37.771126], [-122.48055, 37.771195]]], [[[-122.479358, 37.772524], [-122.479132, 37.772535], [-122.479139, 37.772624], [-122.478234, 37.772667], [-122.478228, 37.772577], [-122.478002, 37.772587], [-122.477988, 37.772408], [-122.478327, 37.772392], [-122.478334, 37.772482], [-122.478786, 37.772461], [-122.47878, 37.772371], [-122.479451, 37.77225], [-122.479601, 37.772028], [-122.479829, 37.772273], [-122.479571, 37.772334], [-122.479577, 37.772424], [-122.479351, 37.772434], [-122.479358, 37.772524]]], [[[-122.483608, 37.774157], [-122.483347, 37.774319], [-122.483423, 37.774008], [-122.483608, 37.774157]]], [[[-122.483347, 37.774319], [-122.48332, 37.774621], [-122.483206, 37.774386], [-122.483347, 37.774319]]], [[[-122.48215, 37.776535], [-122.482037, 37.77654], [-122.481991, 37.777215], [-122.481761, 37.777128], [-122.481817, 37.775789], [-122.482011, 37.776182], [-122.482124, 37.776176], [-122.48215, 37.776535]]], [[[-122.480149, 37.787463], [-122.480056, 37.787546], [-122.480009, 37.787439], [-122.480149, 37.787463]]], [[[-122.48317, 37.787702], [-122.483533, 37.787544], [-122.484128, 37.78755], [-122.483773, 37.787713], [-122.483547, 37.787724], [-122.48317, 37.787702]]], [[[-122.48305, 37.788915], [-122.482921, 37.788473], [-122.483327, 37.788693], [-122.483225, 37.789038], [-122.48305, 37.788915]]], [[[-122.480467, 37.789038], [-122.480734, 37.789147], [-122.480871, 37.789413], [-122.480537, 37.789227], [-122.480467, 37.789038]]], [[[-122.482808, 37.790009], [-122.482802, 37.789919], [-122.482915, 37.789914], [-122.482921, 37.790004], [-122.483487, 37.789977], [-122.48348, 37.789888], [-122.483593, 37.789882], [-122.48373, 37.789663], [-122.483968, 37.789888], [-122.483826, 37.789961], [-122.483832, 37.790051], [-122.483719, 37.790056], [-122.483726, 37.790146], [-122.48254, 37.790142], [-122.482695, 37.790014], [-122.482808, 37.790009]]], [[[-122.481977, 37.791038], [-122.48201, 37.791487], [-122.481784, 37.791497], [-122.481764, 37.791228], [-122.481651, 37.791233], [-122.481525, 37.791058], [-122.481788, 37.79094], [-122.481864, 37.791043], [-122.481977, 37.791038]]], [[[-122.482639, 37.791578], [-122.482505, 37.791523], [-122.482443, 37.791196], [-122.482715, 37.79129], [-122.482639, 37.791578]]], [[[-122.479782, 37.792041], [-122.480008, 37.79203], [-122.480035, 37.792389], [-122.479809, 37.7924], [-122.479782, 37.792041]]], [[[-122.480681, 37.792395], [-122.480879, 37.792812], [-122.480615, 37.792891], [-122.480422, 37.792504], [-122.480487, 37.792368], [-122.480681, 37.792395]]], [[[-122.482513, 37.791846], [-122.48177, 37.792438], [-122.482224, 37.792843], [-122.482125, 37.793996], [-122.481643, 37.794245], [-122.48148, 37.794043], [-122.481787, 37.793815], [-122.481824, 37.793566], [-122.481385, 37.793767], [-122.481546, 37.793038], [-122.481133, 37.792624], [-122.48123, 37.792464], [-122.481548, 37.792582], [-122.481548, 37.792091], [-122.48131, 37.791941], [-122.48157, 37.791906], [-122.482513, 37.791846]], [[-122.482074, 37.793442], [-122.481866, 37.793352], [-122.481824, 37.793566], [-122.482074, 37.793442]], [[-122.481845, 37.79323], [-122.481935, 37.793071], [-122.481784, 37.793028], [-122.481845, 37.79323]]], [[[-122.480435, 37.794164], [-122.480374, 37.793904], [-122.480646, 37.793997], [-122.480435, 37.794164]]], [[[-122.479902, 37.793656], [-122.480036, 37.793723], [-122.479898, 37.794504], [-122.479683, 37.794096], [-122.479902, 37.793656]]], [[[-122.481243, 37.794814], [-122.481551, 37.794969], [-122.481456, 37.79456], [-122.481656, 37.794344], [-122.481852, 37.794786], [-122.482151, 37.794743], [-122.482365, 37.795597], [-122.48221, 37.795709], [-122.482223, 37.795888], [-122.482004, 37.795988], [-122.482024, 37.796258], [-122.481804, 37.796358], [-122.481851, 37.796986], [-122.481738, 37.796991], [-122.481757, 37.79726], [-122.481118, 37.797506], [-122.481217, 37.797646], [-122.481145, 37.797784], [-122.481277, 37.797971], [-122.481358, 37.797999], [-122.481352, 37.797909], [-122.481465, 37.797904], [-122.481485, 37.798173], [-122.481718, 37.798252], [-122.481644, 37.798796], [-122.481554, 37.798748], [-122.481556, 37.7988], [-122.481305, 37.798812], [-122.481319, 37.798991], [-122.481099, 37.799092], [-122.481058, 37.799299], [-122.480993, 37.799187], [-122.480766, 37.799197], [-122.480906, 37.799551], [-122.481019, 37.799545], [-122.481043, 37.799867], [-122.480933, 37.79991], [-122.480953, 37.800179], [-122.48084, 37.800184], [-122.480846, 37.800274], [-122.480683, 37.800334], [-122.480281, 37.8003], [-122.480294, 37.80048], [-122.480407, 37.800474], [-122.480427, 37.800743], [-122.480208, 37.800844], [-122.480214, 37.800933], [-122.480101, 37.800939], [-122.480108, 37.801028], [-122.479995, 37.801034], [-122.480002, 37.801123], [-122.479888, 37.801129], [-122.479915, 37.801488], [-122.479802, 37.801493], [-122.479829, 37.801852], [-122.479716, 37.801857], [-122.479769, 37.802575], [-122.479656, 37.80258], [-122.479702, 37.803208], [-122.479589, 37.803213], [-122.479602, 37.803393], [-122.479489, 37.803398], [-122.479496, 37.803488], [-122.479383, 37.803493], [-122.479403, 37.803762], [-122.478964, 37.803963], [-122.478977, 37.804142], [-122.478864, 37.804147], [-122.478897, 37.804596], [-122.478784, 37.804601], [-122.478798, 37.804781], [-122.478684, 37.804786], [-122.478698, 37.804965], [-122.478585, 37.804971], [-122.478598, 37.80515], [-122.478485, 37.805155], [-122.478551, 37.806053], [-122.478438, 37.806058], [-122.478458, 37.806327], [-122.478345, 37.806332], [-122.478412, 37.80723], [-122.47827, 37.807281], [-122.478418, 37.807319], [-122.478461, 37.80789], [-122.478352, 37.807953], [-122.478364, 37.808115], [-122.478252, 37.808137], [-122.477896, 37.808449], [-122.477925, 37.808693], [-122.477839, 37.808697], [-122.477886, 37.809325], [-122.477773, 37.80933], [-122.47762, 37.810328], [-122.477444, 37.810407], [-122.477267, 37.810164], [-122.476356, 37.810116], [-122.476349, 37.810027], [-122.476236, 37.810032], [-122.476083, 37.809499], [-122.47597, 37.809504], [-122.475964, 37.809414], [-122.475392, 37.809351], [-122.475385, 37.809261], [-122.474651, 37.809056], [-122.473669, 37.809071], [-122.473662, 37.808982], [-122.473097, 37.809008], [-122.47309, 37.808918], [-122.472194, 37.808905], [-122.472059, 37.808786], [-122.471833, 37.808797], [-122.471826, 37.808707], [-122.471713, 37.808712], [-122.4717, 37.808533], [-122.471587, 37.808538], [-122.47158, 37.808448], [-122.471347, 37.808369], [-122.471334, 37.80819], [-122.471221, 37.808195], [-122.471194, 37.807836], [-122.471081, 37.807841], [-122.471061, 37.807572], [-122.470809, 37.807224], [-122.470582, 37.807234], [-122.470576, 37.807145], [-122.470463, 37.80715], [-122.470456, 37.80706], [-122.470343, 37.807066], [-122.470336, 37.806976], [-122.470223, 37.806981], [-122.470217, 37.806891], [-122.470103, 37.806897], [-122.470012, 37.806691], [-122.469857, 37.806638], [-122.469851, 37.806548], [-122.469738, 37.806554], [-122.469724, 37.806374], [-122.469611, 37.806379], [-122.469578, 37.805931], [-122.469465, 37.805936], [-122.469379, 37.80477], [-122.469146, 37.80469], [-122.469133, 37.804511], [-122.4689, 37.804432], [-122.46874, 37.803809], [-122.468627, 37.803814], [-122.468614, 37.803635], [-122.468501, 37.80364], [-122.468494, 37.80355], [-122.468381, 37.803556], [-122.467776, 37.803044], [-122.467663, 37.803049], [-122.467636, 37.80269], [-122.467523, 37.802695], [-122.467574, 37.802368], [-122.468082, 37.802377], [-122.468406, 37.802127], [-122.468642, 37.801341], [-122.468958, 37.8016], [-122.468577, 37.802602], [-122.468901, 37.803303], [-122.469185, 37.802922], [-122.469416, 37.802926], [-122.469741, 37.80272], [-122.469931, 37.803033], [-122.469801, 37.803608], [-122.469548, 37.803331], [-122.469525, 37.803682], [-122.469638, 37.803677], [-122.469645, 37.803767], [-122.469845, 37.803971], [-122.470237, 37.804099], [-122.470244, 37.804189], [-122.470845, 37.804201], [-122.470989, 37.80448], [-122.471175, 37.804506], [-122.471168, 37.804416], [-122.471281, 37.804411], [-122.471384, 37.80506], [-122.47168, 37.805203], [-122.471813, 37.805467], [-122.472669, 37.805618], [-122.472584, 37.805843], [-122.471833, 37.805736], [-122.471507, 37.805931], [-122.471501, 37.805841], [-122.471268, 37.805762], [-122.471261, 37.805672], [-122.471035, 37.805683], [-122.470968, 37.805997], [-122.470223, 37.805451], [-122.470217, 37.805361], [-122.470104, 37.805366], [-122.470138, 37.804549], [-122.470047, 37.804429], [-122.469931, 37.804564], [-122.469818, 37.804569], [-122.469931, 37.806094], [-122.470044, 37.806089], [-122.470057, 37.806269], [-122.470338, 37.806308], [-122.47065, 37.806256], [-122.471168, 37.80655], [-122.471432, 37.806507], [-122.471824, 37.806865], [-122.471632, 37.807155], [-122.471791, 37.80776], [-122.472174, 37.807967], [-122.472607, 37.807808], [-122.472774, 37.80782], [-122.472691, 37.808127], [-122.472917, 37.808116], [-122.472924, 37.808206], [-122.473376, 37.808185], [-122.473383, 37.808274], [-122.473722, 37.808259], [-122.473729, 37.808348], [-122.474068, 37.808332], [-122.474074, 37.808422], [-122.474301, 37.808412], [-122.474307, 37.808501], [-122.47476, 37.80848], [-122.474671, 37.808252], [-122.47503, 37.808161], [-122.475066, 37.808016], [-122.474948, 37.807714], [-122.475241, 37.807778], [-122.475425, 37.808269], [-122.475651, 37.808259], [-122.475658, 37.808348], [-122.476183, 37.808294], [-122.476426, 37.808121], [-122.476286, 37.807923], [-122.476579, 37.807788], [-122.476755, 37.807847], [-122.476735, 37.807578], [-122.476848, 37.807573], [-122.476835, 37.807393], [-122.476948, 37.807388], [-122.476922, 37.807029], [-122.477035, 37.807024], [-122.476962, 37.806639], [-122.476795, 37.806855], [-122.476809, 37.807034], [-122.476582, 37.807045], [-122.476569, 37.806865], [-122.476682, 37.80686], [-122.476669, 37.806681], [-122.476782, 37.806675], [-122.476775, 37.806586], [-122.477001, 37.806575], [-122.476995, 37.806485], [-122.477214, 37.806385], [-122.477061, 37.805852], [-122.477174, 37.805847], [-122.477141, 37.805398], [-122.477254, 37.805393], [-122.477234, 37.805124], [-122.477121, 37.805129], [-122.477088, 37.80468], [-122.477201, 37.804675], [-122.477168, 37.804227], [-122.477281, 37.804221], [-122.477274, 37.804132], [-122.477387, 37.804126], [-122.477381, 37.804037], [-122.477494, 37.804031], [-122.477481, 37.803852], [-122.477594, 37.803847], [-122.477574, 37.803577], [-122.477687, 37.803572], [-122.477673, 37.803393], [-122.477787, 37.803387], [-122.477773, 37.803208], [-122.477886, 37.803203], [-122.477846, 37.802664], [-122.4775, 37.802611], [-122.477637, 37.802257], [-122.47777, 37.802275], [-122.477793, 37.801947], [-122.47768, 37.801952], [-122.477674, 37.801862], [-122.47756, 37.801868], [-122.477554, 37.801778], [-122.477441, 37.801783], [-122.477434, 37.801693], [-122.47726, 37.801634], [-122.477095, 37.801709], [-122.477102, 37.801799], [-122.476875, 37.801809], [-122.476882, 37.801899], [-122.476204, 37.801931], [-122.476197, 37.801841], [-122.475971, 37.801852], [-122.475964, 37.801762], [-122.475731, 37.801683], [-122.475698, 37.801234], [-122.475811, 37.801229], [-122.475805, 37.801139], [-122.475918, 37.801134], [-122.475911, 37.801044], [-122.476024, 37.801039], [-122.476017, 37.800949], [-122.47613, 37.800944], [-122.476124, 37.800854], [-122.47635, 37.800844], [-122.476398, 37.800726], [-122.476463, 37.800838], [-122.476576, 37.800833], [-122.476596, 37.801102], [-122.47637, 37.801113], [-122.476377, 37.801202], [-122.476263, 37.801208], [-122.47627, 37.801297], [-122.476157, 37.801303], [-122.476164, 37.801392], [-122.476051, 37.801398], [-122.476057, 37.801487], [-122.47629, 37.801567], [-122.476297, 37.801656], [-122.476749, 37.801635], [-122.476742, 37.801546], [-122.476969, 37.801535], [-122.477053, 37.801425], [-122.477408, 37.801334], [-122.477443, 37.801133], [-122.477614, 37.801055], [-122.477607, 37.800965], [-122.47772, 37.80096], [-122.477714, 37.80087], [-122.477827, 37.800865], [-122.47782, 37.800775], [-122.477933, 37.80077], [-122.47792, 37.80059], [-122.478033, 37.800585], [-122.478019, 37.800406], [-122.478239, 37.800305], [-122.478226, 37.800126], [-122.478339, 37.800121], [-122.478306, 37.799672], [-122.478419, 37.799667], [-122.478405, 37.799487], [-122.478246, 37.799425], [-122.478348, 37.799176], [-122.478605, 37.799118], [-122.478592, 37.798938], [-122.478818, 37.798928], [-122.478811, 37.798838], [-122.478924, 37.798833], [-122.478997, 37.798289], [-122.478984, 37.79811], [-122.478871, 37.798115], [-122.478831, 37.79796], [-122.478657, 37.797833], [-122.478651, 37.798215], [-122.478548, 37.798346], [-122.478425, 37.798226], [-122.478312, 37.798231], [-122.478299, 37.798052], [-122.478186, 37.798057], [-122.47804, 37.797696], [-122.477421, 37.797545], [-122.47743, 37.796419], [-122.477488, 37.796289], [-122.477714, 37.796279], [-122.477707, 37.796189], [-122.47782, 37.796184], [-122.47778, 37.795645], [-122.477667, 37.795651], [-122.477654, 37.795471], [-122.477541, 37.795476], [-122.477528, 37.795297], [-122.477415, 37.795302], [-122.477401, 37.795123], [-122.477288, 37.795128], [-122.477282, 37.795038], [-122.477169, 37.795044], [-122.477162, 37.794954], [-122.477049, 37.794959], [-122.477042, 37.794869], [-122.476929, 37.794875], [-122.476922, 37.794785], [-122.47669, 37.794706], [-122.476683, 37.794616], [-122.476457, 37.794627], [-122.476342, 37.794756], [-122.476041, 37.79442], [-122.476319, 37.794299], [-122.475979, 37.793472], [-122.476785, 37.793069], [-122.476599, 37.792683], [-122.476366, 37.792531], [-122.476182, 37.792082], [-122.476442, 37.79197], [-122.476397, 37.791615], [-122.476725, 37.791821], [-122.476957, 37.792124], [-122.477249, 37.792895], [-122.477417, 37.793005], [-122.477781, 37.794518], [-122.477863, 37.794428], [-122.477977, 37.79373], [-122.479097, 37.794464], [-122.479405, 37.79444], [-122.480373, 37.794749], [-122.480417, 37.795104], [-122.480248, 37.795267], [-122.479963, 37.79505], [-122.479977, 37.79559], [-122.480213, 37.795571], [-122.480499, 37.795881], [-122.480691, 37.795502], [-122.481518, 37.795561], [-122.481498, 37.795292], [-122.481023, 37.795377], [-122.480633, 37.795007], [-122.480719, 37.794827], [-122.480871, 37.794722], [-122.48076, 37.794299], [-122.480937, 37.793888], [-122.481385, 37.793767], [-122.481349, 37.794019], [-122.4811, 37.794197], [-122.481243, 37.794814]], [[-122.48076, 37.798683], [-122.480981, 37.798602], [-122.480607, 37.798574], [-122.480693, 37.79821], [-122.48058, 37.798216], [-122.480574, 37.798126], [-122.480398, 37.798066], [-122.480162, 37.798175], [-122.480022, 37.798332], [-122.480028, 37.798421], [-122.479842, 37.79846], [-122.479775, 37.798583], [-122.479483, 37.798717], [-122.479489, 37.798807], [-122.480124, 37.798814], [-122.480544, 37.798931], [-122.480653, 37.799202], [-122.480766, 37.799197], [-122.48076, 37.798683]], [[-122.471028, 37.805593], [-122.470769, 37.80565], [-122.471035, 37.805683], [-122.471028, 37.805593]], [[-122.476902, 37.809821], [-122.477128, 37.80981], [-122.477176, 37.809693], [-122.477241, 37.809805], [-122.477354, 37.8098], [-122.477334, 37.809531], [-122.477221, 37.809536], [-122.477214, 37.809446], [-122.477327, 37.809441], [-122.477307, 37.809172], [-122.477194, 37.809177], [-122.477188, 37.809087], [-122.477074, 37.809093], [-122.477068, 37.809003], [-122.476955, 37.809008], [-122.476961, 37.809098], [-122.476848, 37.809103], [-122.476782, 37.809226], [-122.476782, 37.809736], [-122.476895, 37.809731], [-122.476902, 37.809821]], [[-122.477181, 37.808998], [-122.477168, 37.808818], [-122.477055, 37.808823], [-122.477068, 37.809003], [-122.477181, 37.808998]], [[-122.476908, 37.80838], [-122.476682, 37.808391], [-122.476702, 37.80866], [-122.476828, 37.808834], [-122.476957, 37.808754], [-122.477028, 37.808464], [-122.476915, 37.80847], [-122.476908, 37.80838]], [[-122.479716, 37.797266], [-122.479722, 37.797355], [-122.479835, 37.79735], [-122.479829, 37.79726], [-122.479716, 37.797266]], [[-122.48052, 37.797408], [-122.480633, 37.797403], [-122.480627, 37.797313], [-122.480514, 37.797318], [-122.48052, 37.797408]], [[-122.479177, 37.79663], [-122.478805, 37.796708], [-122.478693, 37.796913], [-122.478445, 37.796965], [-122.478523, 37.797286], [-122.478711, 37.797091], [-122.478811, 37.797308], [-122.478924, 37.797302], [-122.478931, 37.797392], [-122.479121, 37.797348], [-122.478982, 37.797078], [-122.479243, 37.797017], [-122.4795, 37.796554], [-122.47972, 37.796418], [-122.479729, 37.795914], [-122.479647, 37.795864], [-122.479655, 37.795547], [-122.479443, 37.795346], [-122.479184, 37.79621], [-122.479204, 37.796479], [-122.479177, 37.79663]], [[-122.481482, 37.796143], [-122.481545, 37.79592], [-122.481279, 37.795994], [-122.481482, 37.796143]], [[-122.478911, 37.795593], [-122.479253, 37.795601], [-122.479164, 37.795356], [-122.479213, 37.795119], [-122.478869, 37.794806], [-122.478625, 37.794862], [-122.478785, 37.795418], [-122.478898, 37.795413], [-122.478911, 37.795593]], [[-122.4809, 37.79588], [-122.480993, 37.795796], [-122.480853, 37.795772], [-122.4809, 37.79588]], [[-122.477215, 37.793621], [-122.477309, 37.793537], [-122.477169, 37.793513], [-122.477215, 37.793621]], [[-122.479443, 37.795118], [-122.479493, 37.79531], [-122.479696, 37.795135], [-122.479443, 37.795118]], [[-122.480215, 37.796342], [-122.480186, 37.796577], [-122.479985, 37.796855], [-122.480154, 37.797012], [-122.480389, 37.796705], [-122.480711, 37.796746], [-122.480837, 37.796459], [-122.480378, 37.796388], [-122.480215, 37.796342]], [[-122.480041, 37.800131], [-122.480048, 37.800221], [-122.480234, 37.800182], [-122.480335, 37.799998], [-122.48048, 37.799931], [-122.480405, 37.799634], [-122.480162, 37.799706], [-122.480086, 37.799971], [-122.479922, 37.800047], [-122.479928, 37.800137], [-122.480041, 37.800131]], [[-122.479177, 37.800712], [-122.479197, 37.800981], [-122.479342, 37.800914], [-122.479443, 37.80073], [-122.479629, 37.800691], [-122.479609, 37.800422], [-122.479496, 37.800427], [-122.479489, 37.800337], [-122.479319, 37.800416], [-122.47929, 37.800706], [-122.479177, 37.800712]], [[-122.478977, 37.801081], [-122.478899, 37.801281], [-122.478707, 37.801401], [-122.478721, 37.80167], [-122.479117, 37.801435], [-122.479197, 37.800981], [-122.478977, 37.801081]], [[-122.479396, 37.799081], [-122.479283, 37.799086], [-122.47929, 37.799176], [-122.479403, 37.799171], [-122.479396, 37.799081]], [[-122.476895, 37.808201], [-122.477008, 37.808195], [-122.477001, 37.808106], [-122.476888, 37.808111], [-122.476895, 37.808201]], [[-122.476782, 37.808206], [-122.476847, 37.808318], [-122.476895, 37.808201], [-122.476782, 37.808206]], [[-122.470818, 37.805269], [-122.470543, 37.805166], [-122.470549, 37.805255], [-122.47071, 37.805458], [-122.470818, 37.805269]], [[-122.47113, 37.804916], [-122.470862, 37.804881], [-122.470933, 37.805228], [-122.471267, 37.80518], [-122.47113, 37.804916]]], [[[-122.479243, 37.732647], [-122.479394, 37.73269], [-122.479303, 37.732848], [-122.479243, 37.732647]]], [[[-122.476998, 37.762221], [-122.477042, 37.762225], [-122.476849, 37.762312], [-122.47678, 37.762201], [-122.476998, 37.762221]]], [[[-122.477198, 37.766323], [-122.477597, 37.766473], [-122.477154, 37.766633], [-122.476947, 37.766511], [-122.477155, 37.766377], [-122.477198, 37.766323]]], [[[-122.478049, 37.768624], [-122.477936, 37.768629], [-122.477962, 37.768988], [-122.478075, 37.768983], [-122.478135, 37.76979], [-122.477909, 37.769801], [-122.477896, 37.769621], [-122.477783, 37.769627], [-122.477749, 37.769178], [-122.477636, 37.769183], [-122.477583, 37.768466], [-122.477696, 37.76846], [-122.47765, 37.767832], [-122.477537, 37.767838], [-122.477497, 37.767299], [-122.477384, 37.767304], [-122.477371, 37.767125], [-122.477019, 37.766963], [-122.476533, 37.767248], [-122.475994, 37.767371], [-122.475908, 37.767283], [-122.475343, 37.76731], [-122.475336, 37.76722], [-122.474997, 37.767236], [-122.474991, 37.767146], [-122.474723, 37.767116], [-122.474801, 37.766862], [-122.47521, 37.767046], [-122.476001, 37.767009], [-122.476008, 37.767099], [-122.476121, 37.767093], [-122.476715, 37.766832], [-122.477266, 37.766733], [-122.47747, 37.76694], [-122.477583, 37.766935], [-122.477597, 37.767114], [-122.477829, 37.767194], [-122.477843, 37.767373], [-122.477956, 37.767368], [-122.478015, 37.768175], [-122.478049, 37.768624]]], [[[-122.476925, 37.768766], [-122.476932, 37.768856], [-122.477045, 37.768851], [-122.477058, 37.76903], [-122.476945, 37.769035], [-122.476958, 37.769215], [-122.476845, 37.76922], [-122.476852, 37.76931], [-122.476739, 37.769315], [-122.476745, 37.769405], [-122.476293, 37.769426], [-122.4763, 37.769516], [-122.475735, 37.769542], [-122.475728, 37.769452], [-122.475276, 37.769473], [-122.475269, 37.769384], [-122.47493, 37.769399], [-122.474924, 37.76931], [-122.474013, 37.769262], [-122.474006, 37.769172], [-122.473893, 37.769178], [-122.47388, 37.768998], [-122.474031, 37.768901], [-122.473867, 37.768819], [-122.47386, 37.768729], [-122.473747, 37.768734], [-122.47374, 37.768645], [-122.474029, 37.768558], [-122.474053, 37.76827], [-122.474532, 37.767928], [-122.474705, 37.76788], [-122.474691, 37.7677], [-122.475596, 37.767658], [-122.475602, 37.767748], [-122.475941, 37.767732], [-122.475948, 37.767822], [-122.476174, 37.767811], [-122.476181, 37.767901], [-122.476294, 37.767895], [-122.47642, 37.76807], [-122.476574, 37.768123], [-122.47677, 37.768713], [-122.476925, 37.768766]], [[-122.475316, 37.768481], [-122.475323, 37.768571], [-122.475549, 37.76856], [-122.475542, 37.768471], [-122.475429, 37.768476], [-122.475423, 37.768386], [-122.47497, 37.768407], [-122.474977, 37.768497], [-122.475316, 37.768481]], [[-122.474751, 37.768508], [-122.474864, 37.768502], [-122.474857, 37.768413], [-122.474518, 37.768428], [-122.474532, 37.768608], [-122.474419, 37.768613], [-122.474432, 37.768793], [-122.474771, 37.768777], [-122.474764, 37.768687], [-122.474616, 37.768649], [-122.474758, 37.768597], [-122.474751, 37.768508]], [[-122.475668, 37.768645], [-122.475895, 37.768634], [-122.475888, 37.768545], [-122.475662, 37.768555], [-122.475668, 37.768645]]], [[[-122.477723, 37.77035], [-122.47761, 37.770355], [-122.477563, 37.769727], [-122.477676, 37.769722], [-122.477723, 37.77035]]], [[[-122.477623, 37.770534], [-122.47751, 37.77054], [-122.477497, 37.77036], [-122.47761, 37.770355], [-122.477623, 37.770534]]], [[[-122.478393, 37.770737], [-122.478208, 37.770777], [-122.478201, 37.770687], [-122.478088, 37.770693], [-122.478082, 37.770603], [-122.478195, 37.770598], [-122.478222, 37.770295], [-122.478561, 37.770428], [-122.478393, 37.770737]]], [[[-122.477643, 37.770804], [-122.47753, 37.770809], [-122.477404, 37.770635], [-122.477743, 37.770619], [-122.477749, 37.770709], [-122.477636, 37.770714], [-122.477643, 37.770804]]], [[[-122.477789, 37.771247], [-122.476772, 37.771294], [-122.476759, 37.771115], [-122.477211, 37.771094], [-122.477233, 37.770795], [-122.47731, 37.770909], [-122.477536, 37.770899], [-122.477543, 37.770988], [-122.477656, 37.770983], [-122.477669, 37.771162], [-122.477782, 37.771157], [-122.477789, 37.771247]]], [[[-122.477018, 37.771553], [-122.477244, 37.771542], [-122.477237, 37.771453], [-122.477689, 37.771432], [-122.477696, 37.771521], [-122.477357, 37.771537], [-122.477364, 37.771627], [-122.47725, 37.771632], [-122.477264, 37.771812], [-122.476884, 37.771905], [-122.477031, 37.771732], [-122.477018, 37.771553]]], [[[-122.478607, 37.771569], [-122.478381, 37.771579], [-122.478367, 37.7714], [-122.478594, 37.771389], [-122.478607, 37.771569]]], [[[-122.47882, 37.771379], [-122.478813, 37.771289], [-122.47899, 37.771323], [-122.478972, 37.771912], [-122.478859, 37.771917], [-122.47882, 37.771379]]], [[[-122.477756, 37.772329], [-122.477749, 37.772239], [-122.477862, 37.772234], [-122.477869, 37.772324], [-122.477756, 37.772329]]], [[[-122.478818, 37.787204], [-122.478865, 37.787312], [-122.478725, 37.787288], [-122.478818, 37.787204]]], [[[-122.479027, 37.787435], [-122.478865, 37.787312], [-122.479543, 37.78728], [-122.47995, 37.787436], [-122.479027, 37.787435]]], [[[-122.477227, 37.788792], [-122.476759, 37.788887], [-122.476675, 37.788998], [-122.476236, 37.789198], [-122.475493, 37.78927], [-122.4755, 37.789359], [-122.474821, 37.789391], [-122.474828, 37.789481], [-122.473697, 37.789534], [-122.473704, 37.789623], [-122.473213, 37.789744], [-122.473377, 37.789432], [-122.473797, 37.789349], [-122.473791, 37.789259], [-122.475147, 37.789196], [-122.476091, 37.788994], [-122.475721, 37.78877], [-122.47594, 37.788602], [-122.475646, 37.788272], [-122.475533, 37.788278], [-122.475526, 37.788188], [-122.475252, 37.788039], [-122.475211, 37.787884], [-122.475332, 37.787701], [-122.475014, 37.787401], [-122.474901, 37.787407], [-122.474895, 37.787317], [-122.474782, 37.787322], [-122.474775, 37.787233], [-122.474499, 37.78719], [-122.474579, 37.787005], [-122.474708, 37.787022], [-122.474975, 37.786863], [-122.474968, 37.786773], [-122.475646, 37.786742], [-122.475738, 37.786612], [-122.476255, 37.786705], [-122.476065, 37.786867], [-122.47566, 37.786921], [-122.475666, 37.787011], [-122.475553, 37.787016], [-122.475547, 37.786927], [-122.475207, 37.786942], [-122.475214, 37.787032], [-122.475327, 37.787027], [-122.475334, 37.787116], [-122.475447, 37.787111], [-122.475453, 37.787201], [-122.47568, 37.78719], [-122.475686, 37.78728], [-122.475799, 37.787275], [-122.475806, 37.787365], [-122.475986, 37.787395], [-122.476457, 37.787835], [-122.476701, 37.787967], [-122.477448, 37.788098], [-122.477788, 37.788082], [-122.477794, 37.788172], [-122.478133, 37.788156], [-122.47814, 37.788246], [-122.47839, 37.788285], [-122.478565, 37.788771], [-122.478336, 37.78874], [-122.478032, 37.788431], [-122.477668, 37.788684], [-122.477341, 37.788642], [-122.477227, 37.788792]]], [[[-122.478113, 37.78935], [-122.477824, 37.789392], [-122.477483, 37.789245], [-122.477621, 37.7889], [-122.477917, 37.78914], [-122.478039, 37.788865], [-122.478562, 37.789133], [-122.47872, 37.788956], [-122.479891, 37.789163], [-122.480093, 37.789426], [-122.478992, 37.789314], [-122.478571, 37.789466], [-122.478113, 37.78935]]], [[[-122.47677, 37.78966], [-122.476763, 37.789571], [-122.47665, 37.789576], [-122.476401, 37.789238], [-122.476856, 37.789102], [-122.477101, 37.789594], [-122.476916, 37.789868], [-122.476587, 37.789812], [-122.476657, 37.789666], [-122.47677, 37.78966]]], [[[-122.47669, 37.790114], [-122.47683, 37.790139], [-122.476737, 37.790222], [-122.47669, 37.790114]]], [[[-122.478244, 37.790552], [-122.478082, 37.790716], [-122.47796, 37.790415], [-122.478244, 37.790552]]], [[[-122.479304, 37.791703], [-122.479581, 37.791747], [-122.479464, 37.792363], [-122.479203, 37.792147], [-122.479304, 37.791703]]], [[[-122.478104, 37.791856], [-122.478224, 37.792657], [-122.477994, 37.792887], [-122.47779, 37.791998], [-122.477827, 37.791682], [-122.478104, 37.791856]]], [[[-122.47877, 37.793152], [-122.478705, 37.792811], [-122.478786, 37.792839], [-122.478951, 37.793071], [-122.47877, 37.793152]]], [[[-122.479293, 37.793649], [-122.47917, 37.79297], [-122.479446, 37.793022], [-122.479552, 37.79362], [-122.479293, 37.793649]]], [[[-122.476976, 37.795503], [-122.477009, 37.795951], [-122.476783, 37.795962], [-122.476769, 37.795782], [-122.476615, 37.795729], [-122.47653, 37.795614], [-122.476417, 37.795619], [-122.47641, 37.795529], [-122.476297, 37.795534], [-122.476291, 37.795445], [-122.476178, 37.79545], [-122.476171, 37.79536], [-122.476058, 37.795365], [-122.476051, 37.795276], [-122.475938, 37.795281], [-122.475918, 37.795012], [-122.476144, 37.795001], [-122.476151, 37.795091], [-122.476264, 37.795086], [-122.476271, 37.795175], [-122.476384, 37.79517], [-122.47639, 37.79526], [-122.476616, 37.795249], [-122.476623, 37.795339], [-122.476736, 37.795334], [-122.476743, 37.795424], [-122.476856, 37.795418], [-122.476863, 37.795508], [-122.476976, 37.795503]]], [[[-122.476287, 37.796469], [-122.476314, 37.796222], [-122.476104, 37.795993], [-122.475696, 37.795826], [-122.476036, 37.795686], [-122.476204, 37.795809], [-122.476478, 37.795851], [-122.47662, 37.796203], [-122.476803, 37.796231], [-122.476902, 37.796046], [-122.477468, 37.79602], [-122.477481, 37.796199], [-122.477368, 37.796205], [-122.477375, 37.796294], [-122.477262, 37.7963], [-122.477268, 37.796389], [-122.477042, 37.7964], [-122.477049, 37.79649], [-122.476287, 37.796469]]], [[[-122.476762, 37.800284], [-122.476671, 37.800691], [-122.476381, 37.800419], [-122.476536, 37.800295], [-122.476516, 37.800026], [-122.476629, 37.80002], [-122.476616, 37.799841], [-122.476503, 37.799846], [-122.476483, 37.799577], [-122.476335, 37.799539], [-122.476609, 37.79935], [-122.476716, 37.799656], [-122.476829, 37.799651], [-122.476842, 37.79983], [-122.477007, 37.799913], [-122.476856, 37.80001], [-122.476875, 37.800279], [-122.476762, 37.800284]]], [[[-122.476922, 37.803968], [-122.476806, 37.804103], [-122.476315, 37.80399], [-122.47622, 37.803628], [-122.476469, 37.80305], [-122.476591, 37.803215], [-122.476526, 37.803801], [-122.476689, 37.803889], [-122.476682, 37.803799], [-122.476909, 37.803789], [-122.477184, 37.803906], [-122.476922, 37.803968]]], [[[-122.476367, 37.804171], [-122.477115, 37.804374], [-122.476233, 37.804411], [-122.475897, 37.803926], [-122.476367, 37.804171]]], [[[-122.477167, 37.809339], [-122.477214, 37.809446], [-122.477074, 37.809422], [-122.477167, 37.809339]]], [[[-122.475351, 37.724455], [-122.475577, 37.724445], [-122.47551, 37.724657], [-122.475351, 37.724455]]], [[[-122.47313, 37.72969], [-122.473137, 37.72978], [-122.473363, 37.729769], [-122.473496, 37.730033], [-122.473608, 37.730028], [-122.473615, 37.730118], [-122.473787, 37.730218], [-122.473635, 37.730421], [-122.473396, 37.730218], [-122.473389, 37.730128], [-122.473157, 37.730049], [-122.47315, 37.729959], [-122.472924, 37.72997], [-122.472917, 37.72988], [-122.472353, 37.729907], [-122.472207, 37.729463], [-122.472094, 37.729468], [-122.47208, 37.729289], [-122.472193, 37.729284], [-122.472173, 37.729015], [-122.472277, 37.728884], [-122.472399, 37.729004], [-122.472439, 37.729542], [-122.472552, 37.729537], [-122.472559, 37.729627], [-122.472785, 37.729616], [-122.472791, 37.729706], [-122.47313, 37.72969]]], [[[-122.472353, 37.729907], [-122.472322, 37.730115], [-122.472213, 37.729962], [-122.472353, 37.729907]]], [[[-122.474969, 37.737707], [-122.474743, 37.737718], [-122.474752, 37.738456], [-122.474509, 37.738565], [-122.474417, 37.737913], [-122.474305, 37.737918], [-122.474265, 37.73738], [-122.474039, 37.737391], [-122.474032, 37.737301], [-122.473467, 37.737327], [-122.473253, 37.737558], [-122.473081, 37.737344], [-122.473321, 37.736884], [-122.473208, 37.736889], [-122.473202, 37.736799], [-122.472976, 37.73681], [-122.472969, 37.73672], [-122.472291, 37.736752], [-122.472298, 37.736841], [-122.472072, 37.736852], [-122.472078, 37.736942], [-122.471965, 37.736947], [-122.471924, 37.737158], [-122.471839, 37.736773], [-122.471613, 37.736783], [-122.471607, 37.736694], [-122.471381, 37.736704], [-122.471374, 37.736614], [-122.471261, 37.73662], [-122.471215, 37.735992], [-122.471434, 37.735891], [-122.471421, 37.735712], [-122.471534, 37.735707], [-122.471527, 37.735617], [-122.471747, 37.735517], [-122.47174, 37.735427], [-122.471999, 37.735157], [-122.472168, 37.735619], [-122.47289, 37.735643], [-122.473002, 37.735638], [-122.472996, 37.735548], [-122.473109, 37.735543], [-122.473102, 37.735453], [-122.473328, 37.735443], [-122.473322, 37.735353], [-122.473435, 37.735348], [-122.473428, 37.735258], [-122.474106, 37.735227], [-122.474119, 37.735406], [-122.474232, 37.735401], [-122.474353, 37.736378], [-122.474746, 37.736568], [-122.474916, 37.73699], [-122.474956, 37.737528], [-122.474969, 37.737707]], [[-122.472232, 37.735944], [-122.472238, 37.736034], [-122.471899, 37.73605], [-122.471906, 37.736139], [-122.471793, 37.736145], [-122.4718, 37.736234], [-122.471687, 37.73624], [-122.471693, 37.736329], [-122.472032, 37.736314], [-122.472025, 37.736224], [-122.473813, 37.735871], [-122.473793, 37.735601], [-122.473567, 37.735612], [-122.473574, 37.735702], [-122.473461, 37.735707], [-122.473468, 37.735797], [-122.473129, 37.735812], [-122.473135, 37.735902], [-122.472457, 37.735934], [-122.472232, 37.735944]]], [[[-122.47574, 37.737401], [-122.476015, 37.737442], [-122.476148, 37.737778], [-122.47581, 37.73758], [-122.47574, 37.737401]]], [[[-122.472513, 37.73759], [-122.472696, 37.737633], [-122.47271, 37.737813], [-122.472276, 37.738235], [-122.471998, 37.738107], [-122.472327, 37.737968], [-122.472513, 37.73759]]], [[[-122.476086, 37.738676], [-122.475993, 37.73876], [-122.475946, 37.738652], [-122.476086, 37.738676]]], [[[-122.472142, 37.74174], [-122.471942, 37.741793], [-122.471724, 37.741112], [-122.471805, 37.740916], [-122.471946, 37.740992], [-122.472142, 37.74174]]], [[[-122.472896, 37.742072], [-122.472775, 37.741771], [-122.473058, 37.741907], [-122.472896, 37.742072]]], [[[-122.472649, 37.743127], [-122.47316, 37.743314], [-122.473062, 37.743593], [-122.472565, 37.743306], [-122.472649, 37.743127]]], [[[-122.474057, 37.743782], [-122.47432, 37.743806], [-122.474127, 37.743893], [-122.474057, 37.743782]]], [[[-122.473356, 37.744068], [-122.472795, 37.743876], [-122.472914, 37.743655], [-122.473419, 37.743827], [-122.473356, 37.744068]]], [[[-122.474262, 37.749624], [-122.474402, 37.749648], [-122.474309, 37.749732], [-122.474262, 37.749624]]], [[[-122.473551, 37.750407], [-122.473348, 37.750582], [-122.473298, 37.750389], [-122.473551, 37.750407]]], [[[-122.474438, 37.751813], [-122.474151, 37.751599], [-122.474289, 37.751514], [-122.474337, 37.750931], [-122.474644, 37.751037], [-122.474574, 37.75146], [-122.474438, 37.751813]]], [[[-122.473138, 37.754454], [-122.473087, 37.754702], [-122.472731, 37.754709], [-122.472845, 37.755002], [-122.472958, 37.754997], [-122.472972, 37.755176], [-122.473286, 37.755458], [-122.473404, 37.756416], [-122.473568, 37.756499], [-122.473417, 37.756596], [-122.47343, 37.756775], [-122.473211, 37.756875], [-122.473217, 37.756965], [-122.473104, 37.75697], [-122.473118, 37.75715], [-122.472779, 37.757166], [-122.472792, 37.757345], [-122.472679, 37.75735], [-122.472712, 37.757799], [-122.472486, 37.75781], [-122.472479, 37.75772], [-122.472366, 37.757725], [-122.472307, 37.756918], [-122.472194, 37.756923], [-122.4722, 37.757013], [-122.471974, 37.757023], [-122.471516, 37.756954], [-122.471529, 37.757134], [-122.471416, 37.757139], [-122.471423, 37.757229], [-122.471768, 37.757303], [-122.471608, 37.757802], [-122.47123, 37.757529], [-122.470946, 37.757625], [-122.471724, 37.758016], [-122.472074, 37.758369], [-122.472123, 37.758516], [-122.472355, 37.758596], [-122.472439, 37.758712], [-122.472665, 37.758701], [-122.472732, 37.758579], [-122.472878, 37.758511], [-122.472871, 37.758422], [-122.472984, 37.758417], [-122.472999, 37.757654], [-122.473281, 37.757747], [-122.473476, 37.758934], [-122.473363, 37.758939], [-122.472996, 37.759248], [-122.473842, 37.759277], [-122.473815, 37.758918], [-122.473928, 37.758913], [-122.473902, 37.758554], [-122.473978, 37.758243], [-122.474184, 37.758397], [-122.474247, 37.758628], [-122.474028, 37.758728], [-122.474088, 37.759535], [-122.473862, 37.759546], [-122.473882, 37.759815], [-122.473543, 37.759831], [-122.473549, 37.759921], [-122.472871, 37.759952], [-122.472864, 37.759863], [-122.472299, 37.759889], [-122.472293, 37.759799], [-122.471954, 37.759815], [-122.471947, 37.759725], [-122.471721, 37.759736], [-122.471714, 37.759646], [-122.471601, 37.759651], [-122.471595, 37.759562], [-122.47144, 37.759508], [-122.471356, 37.759393], [-122.471243, 37.759398], [-122.471236, 37.759308], [-122.470953, 37.759264], [-122.470864, 37.758875], [-122.470751, 37.758881], [-122.470744, 37.758791], [-122.470631, 37.758796], [-122.470624, 37.758706], [-122.470344, 37.758548], [-122.470676, 37.758311], [-122.470153, 37.757872], [-122.470478, 37.757583], [-122.470758, 37.75744], [-122.470645, 37.757445], [-122.470638, 37.757355], [-122.470267, 37.757298], [-122.47018, 37.757057], [-122.470253, 37.756743], [-122.47014, 37.756748], [-122.47012, 37.756479], [-122.470346, 37.756469], [-122.470333, 37.756289], [-122.470152, 37.756227], [-122.470087, 37.756031], [-122.469944, 37.756366], [-122.469825, 37.756262], [-122.469545, 37.756303], [-122.468539, 37.755883], [-122.46822, 37.755669], [-122.467952, 37.755199], [-122.468244, 37.755156], [-122.469362, 37.755434], [-122.469369, 37.755524], [-122.469221, 37.75563], [-122.469502, 37.755788], [-122.469567, 37.7559], [-122.469615, 37.755783], [-122.469728, 37.755777], [-122.469721, 37.755688], [-122.469901, 37.755738], [-122.470107, 37.755468], [-122.470147, 37.755308], [-122.469695, 37.755329], [-122.469688, 37.755239], [-122.469349, 37.755255], [-122.469342, 37.755165], [-122.469116, 37.755175], [-122.46911, 37.755086], [-122.468884, 37.755096], [-122.468877, 37.755007], [-122.468764, 37.755012], [-122.468757, 37.754922], [-122.468531, 37.754933], [-122.468525, 37.754843], [-122.468412, 37.754848], [-122.468405, 37.754758], [-122.468179, 37.754769], [-122.468166, 37.75459], [-122.468053, 37.754595], [-122.46804, 37.754415], [-122.467927, 37.754421], [-122.467913, 37.754241], [-122.467546, 37.753911], [-122.466921, 37.752914], [-122.467163, 37.752734], [-122.466637, 37.752096], [-122.466664, 37.7516], [-122.466491, 37.7512], [-122.466604, 37.75102], [-122.466632, 37.7507], [-122.466532, 37.750645], [-122.46658, 37.750207], [-122.466509, 37.749937], [-122.466688, 37.749667], [-122.466549, 37.749134], [-122.466728, 37.749219], [-122.466975, 37.749628], [-122.467338, 37.749727], [-122.467287, 37.750184], [-122.467423, 37.750663], [-122.467655, 37.750742], [-122.467662, 37.750832], [-122.467928, 37.750673], [-122.46824, 37.750714], [-122.468174, 37.751033], [-122.46826, 37.751254], [-122.468648, 37.751386], [-122.469297, 37.751476], [-122.46931, 37.751655], [-122.469197, 37.751661], [-122.46921, 37.75184], [-122.468871, 37.751856], [-122.468898, 37.752215], [-122.469124, 37.752204], [-122.46913, 37.752294], [-122.46885, 37.752436], [-122.468712, 37.752764], [-122.468878, 37.753093], [-122.469296, 37.753389], [-122.469343, 37.753634], [-122.469561, 37.753854], [-122.470005, 37.753904], [-122.470047, 37.753962], [-122.470499, 37.753941], [-122.470506, 37.75403], [-122.470619, 37.754025], [-122.470592, 37.753666], [-122.470734, 37.753615], [-122.470586, 37.753577], [-122.470553, 37.753128], [-122.47044, 37.753133], [-122.47042, 37.752864], [-122.470307, 37.752869], [-122.470294, 37.75269], [-122.470181, 37.752695], [-122.470167, 37.752516], [-122.470054, 37.752521], [-122.469988, 37.751624], [-122.469755, 37.751545], [-122.469687, 37.751128], [-122.46935, 37.750663], [-122.46933, 37.750394], [-122.469217, 37.750399], [-122.469204, 37.75022], [-122.469882, 37.750188], [-122.469889, 37.750278], [-122.470002, 37.750273], [-122.470057, 37.75051], [-122.470275, 37.750704], [-122.47048, 37.750611], [-122.470487, 37.7507], [-122.470713, 37.75069], [-122.470706, 37.7506], [-122.470852, 37.750533], [-122.470919, 37.75041], [-122.470906, 37.750231], [-122.471019, 37.750225], [-122.471012, 37.750136], [-122.471238, 37.750125], [-122.471205, 37.749676], [-122.470973, 37.749598], [-122.470879, 37.749872], [-122.470766, 37.749877], [-122.470746, 37.749608], [-122.470679, 37.749645], [-122.470576, 37.749939], [-122.470773, 37.749967], [-122.470779, 37.750056], [-122.470553, 37.750067], [-122.47056, 37.750157], [-122.470101, 37.750088], [-122.470095, 37.749998], [-122.469982, 37.750004], [-122.469969, 37.749824], [-122.469503, 37.749666], [-122.469497, 37.749576], [-122.469342, 37.749523], [-122.469125, 37.749143], [-122.469012, 37.749148], [-122.468998, 37.748969], [-122.468752, 37.74871], [-122.468526, 37.748721], [-122.468409, 37.748558], [-122.468653, 37.748385], [-122.468839, 37.748346], [-122.468556, 37.74787], [-122.468406, 37.747955], [-122.468154, 37.748288], [-122.468181, 37.748647], [-122.467893, 37.748593], [-122.467729, 37.748668], [-122.467738, 37.748164], [-122.467902, 37.74794], [-122.468234, 37.747834], [-122.468228, 37.747744], [-122.468567, 37.747729], [-122.46856, 37.747639], [-122.468673, 37.747634], [-122.46864, 37.747185], [-122.468753, 37.74718], [-122.468726, 37.746821], [-122.468048, 37.746852], [-122.468055, 37.746942], [-122.467829, 37.746953], [-122.467842, 37.747132], [-122.467729, 37.747137], [-122.467736, 37.747227], [-122.46751, 37.747238], [-122.467517, 37.747327], [-122.466639, 37.747728], [-122.467364, 37.747637], [-122.46743, 37.747691], [-122.467317, 37.747697], [-122.467324, 37.747786], [-122.466533, 37.747823], [-122.466526, 37.747734], [-122.465961, 37.74776], [-122.465968, 37.74785], [-122.465855, 37.747855], [-122.465861, 37.747945], [-122.465748, 37.74795], [-122.465755, 37.748039], [-122.465642, 37.748045], [-122.465649, 37.748134], [-122.465536, 37.74814], [-122.465549, 37.748319], [-122.465662, 37.748314], [-122.465972, 37.748553], [-122.466887, 37.748655], [-122.467058, 37.748789], [-122.46751, 37.748768], [-122.467516, 37.748858], [-122.46723, 37.748911], [-122.467069, 37.749092], [-122.466838, 37.748889], [-122.465236, 37.748694], [-122.46519, 37.748066], [-122.465303, 37.748061], [-122.465277, 37.747702], [-122.465503, 37.747691], [-122.465489, 37.747512], [-122.465602, 37.747506], [-122.465596, 37.747417], [-122.46537, 37.747427], [-122.465363, 37.747337], [-122.465177, 37.747376], [-122.465114, 37.74773], [-122.464876, 37.747836], [-122.464798, 37.747364], [-122.46513, 37.747258], [-122.465111, 37.746989], [-122.464998, 37.746994], [-122.464991, 37.746905], [-122.464652, 37.74692], [-122.464659, 37.74701], [-122.464094, 37.747036], [-122.464087, 37.746947], [-122.463939, 37.746909], [-122.46408, 37.746857], [-122.464074, 37.746767], [-122.464526, 37.746746], [-122.464417, 37.746213], [-122.464028, 37.746139], [-122.463894, 37.746385], [-122.463369, 37.74644], [-122.463363, 37.74635], [-122.463137, 37.746361], [-122.463143, 37.74645], [-122.462804, 37.746466], [-122.462811, 37.746556], [-122.462536, 37.746686], [-122.46246, 37.747334], [-122.46223, 37.747173], [-122.461745, 37.746628], [-122.461901, 37.746508], [-122.461894, 37.746418], [-122.462007, 37.746413], [-122.461994, 37.746234], [-122.462213, 37.746133], [-122.462206, 37.746044], [-122.462432, 37.746033], [-122.462426, 37.745944], [-122.462652, 37.745933], [-122.462709, 37.745866], [-122.463551, 37.745925], [-122.463708, 37.745743], [-122.464107, 37.745685], [-122.46423, 37.745553], [-122.46474, 37.745986], [-122.465589, 37.745958], [-122.46625, 37.745725], [-122.466952, 37.745823], [-122.467404, 37.745802], [-122.467411, 37.745892], [-122.468315, 37.74585], [-122.468363, 37.745732], [-122.468428, 37.745844], [-122.468767, 37.745829], [-122.46878, 37.746008], [-122.469183, 37.746244], [-122.469032, 37.746356], [-122.469124, 37.746473], [-122.469425, 37.746269], [-122.469464, 37.746066], [-122.469577, 37.746061], [-122.469571, 37.745971], [-122.469803, 37.746051], [-122.46981, 37.74614], [-122.469923, 37.746135], [-122.46993, 37.746225], [-122.470156, 37.746214], [-122.470242, 37.747381], [-122.470355, 37.747375], [-122.470361, 37.747465], [-122.47085, 37.747351], [-122.470654, 37.746238], [-122.470801, 37.746142], [-122.470953, 37.746267], [-122.471066, 37.746262], [-122.471112, 37.74689], [-122.471418, 37.747956], [-122.471605, 37.748], [-122.472512, 37.747941], [-122.47251, 37.749284], [-122.472371, 37.749395], [-122.472255, 37.749769], [-122.471993, 37.749769], [-122.471815, 37.749504], [-122.471723, 37.749743], [-122.472033, 37.750485], [-122.47178, 37.750593], [-122.471643, 37.751007], [-122.471656, 37.751186], [-122.471543, 37.751191], [-122.47155, 37.751281], [-122.471324, 37.751291], [-122.471331, 37.751381], [-122.471218, 37.751386], [-122.471224, 37.751476], [-122.471005, 37.751576], [-122.471012, 37.751666], [-122.471455, 37.751461], [-122.471846, 37.751612], [-122.47165, 37.752032], [-122.471636, 37.752447], [-122.471749, 37.752442], [-122.471769, 37.752711], [-122.472176, 37.753096], [-122.472381, 37.751932], [-122.471981, 37.751804], [-122.471973, 37.751491], [-122.471721, 37.751259], [-122.472508, 37.750743], [-122.472533, 37.751785], [-122.472689, 37.752082], [-122.472717, 37.75328], [-122.473136, 37.753707], [-122.472718, 37.754053], [-122.472679, 37.754289], [-122.472858, 37.754518], [-122.473138, 37.754454]], [[-122.472891, 37.758691], [-122.473004, 37.758686], [-122.473011, 37.758775], [-122.473124, 37.75877], [-122.473111, 37.758591], [-122.472998, 37.758596], [-122.472991, 37.758506], [-122.472878, 37.758511], [-122.472891, 37.758691]], [[-122.470227, 37.755975], [-122.470117, 37.755822], [-122.470087, 37.756031], [-122.470227, 37.755975]], [[-122.468828, 37.752181], [-122.468658, 37.751759], [-122.468368, 37.751619], [-122.467816, 37.751745], [-122.468322, 37.751944], [-122.468433, 37.752056], [-122.468546, 37.752051], [-122.468559, 37.75223], [-122.468838, 37.752325], [-122.468898, 37.752215], [-122.468828, 37.752181]], [[-122.470746, 37.751138], [-122.470965, 37.751038], [-122.470939, 37.750679], [-122.470713, 37.75069], [-122.470746, 37.751138]], [[-122.469021, 37.748566], [-122.469602, 37.749015], [-122.469803, 37.748806], [-122.470671, 37.749113], [-122.470793, 37.748705], [-122.47068, 37.748711], [-122.470673, 37.748621], [-122.47056, 37.748626], [-122.470554, 37.748536], [-122.470173, 37.74863], [-122.469989, 37.748563], [-122.469982, 37.748473], [-122.469869, 37.748478], [-122.469863, 37.748389], [-122.469637, 37.748399], [-122.46963, 37.748309], [-122.469163, 37.74827], [-122.468839, 37.748346], [-122.469021, 37.748566]], [[-122.469975, 37.751444], [-122.469862, 37.75145], [-122.469868, 37.751539], [-122.469981, 37.751534], [-122.469975, 37.751444]], [[-122.472699, 37.756089], [-122.472586, 37.756094], [-122.472573, 37.755915], [-122.47234, 37.755836], [-122.472334, 37.755746], [-122.47222, 37.755751], [-122.472214, 37.755661], [-122.472327, 37.755656], [-122.472314, 37.755477], [-122.471868, 37.755588], [-122.471881, 37.755767], [-122.472347, 37.755925], [-122.47236, 37.756105], [-122.472473, 37.7561], [-122.472486, 37.756279], [-122.472599, 37.756274], [-122.472613, 37.756453], [-122.472726, 37.756448], [-122.472713, 37.756284], [-122.472699, 37.756089]], [[-122.471853, 37.755561], [-122.471803, 37.755475], [-122.471755, 37.755593], [-122.471868, 37.755588], [-122.471853, 37.755561]], [[-122.472184, 37.754899], [-122.472065, 37.754736], [-122.471935, 37.754954], [-122.472184, 37.754899]], [[-122.471979, 37.754531], [-122.472325, 37.754651], [-122.47234, 37.754305], [-122.472046, 37.754206], [-122.471979, 37.754531]], [[-122.472805, 37.759055], [-122.472692, 37.75906], [-122.472698, 37.75915], [-122.472811, 37.759145], [-122.472805, 37.759055]], [[-122.472038, 37.758794], [-122.472007, 37.759002], [-122.472147, 37.758947], [-122.472038, 37.758794]], [[-122.470866, 37.748162], [-122.470853, 37.747982], [-122.47074, 37.747988], [-122.470733, 37.747898], [-122.47062, 37.747903], [-122.470614, 37.747813], [-122.470434, 37.747857], [-122.470266, 37.748096], [-122.470888, 37.748286], [-122.470979, 37.748156], [-122.470866, 37.748162]], [[-122.469513, 37.747924], [-122.469408, 37.74785], [-122.469377, 37.747961], [-122.469513, 37.747924]], [[-122.469837, 37.7477], [-122.469697, 37.747676], [-122.469743, 37.747784], [-122.469837, 37.7477]], [[-122.470092, 37.747883], [-122.469823, 37.74785], [-122.469979, 37.748048], [-122.470092, 37.747883]], [[-122.471863, 37.748739], [-122.471627, 37.748269], [-122.471478, 37.748763], [-122.471252, 37.748774], [-122.471258, 37.748864], [-122.471145, 37.748869], [-122.471178, 37.749318], [-122.471291, 37.749312], [-122.471285, 37.749223], [-122.471398, 37.749217], [-122.471391, 37.749128], [-122.471788, 37.749236], [-122.471863, 37.748739]], [[-122.467944, 37.752302], [-122.467552, 37.751875], [-122.467588, 37.752906], [-122.468286, 37.753143], [-122.468259, 37.752785], [-122.468146, 37.75279], [-122.468127, 37.752521], [-122.468064, 37.752481], [-122.467944, 37.752302]], [[-122.471297, 37.755524], [-122.47129, 37.755434], [-122.471516, 37.755424], [-122.471503, 37.755244], [-122.47127, 37.755165], [-122.471263, 37.755076], [-122.471044, 37.755176], [-122.470958, 37.75554], [-122.471184, 37.755529], [-122.471297, 37.755524]], [[-122.470732, 37.75555], [-122.470845, 37.755545], [-122.470718, 37.755371], [-122.47046, 37.755448], [-122.470732, 37.75555]], [[-122.470227, 37.751793], [-122.47034, 37.751787], [-122.470327, 37.751608], [-122.470546, 37.751508], [-122.47054, 37.751418], [-122.470685, 37.751351], [-122.470752, 37.751228], [-122.470188, 37.751254], [-122.470227, 37.751793]], [[-122.469769, 37.750855], [-122.46997, 37.750714], [-122.469683, 37.750558], [-122.469769, 37.750855]], [[-122.470991, 37.752927], [-122.470972, 37.752658], [-122.470746, 37.752669], [-122.470752, 37.752759], [-122.470865, 37.752753], [-122.470878, 37.752933], [-122.470991, 37.752927]], [[-122.471237, 37.753186], [-122.471011, 37.753197], [-122.471064, 37.753914], [-122.470951, 37.75392], [-122.470965, 37.754099], [-122.471191, 37.754089], [-122.471171, 37.753819], [-122.471284, 37.753814], [-122.471237, 37.753186]], [[-122.470719, 37.75231], [-122.470726, 37.7524], [-122.470915, 37.752464], [-122.470973, 37.752169], [-122.470667, 37.752102], [-122.470606, 37.752315], [-122.470719, 37.75231]], [[-122.470572, 37.754928], [-122.470685, 37.754922], [-122.470692, 37.755012], [-122.470918, 37.755002], [-122.471037, 37.754677], [-122.4701, 37.75468], [-122.470107, 37.754769], [-122.47022, 37.754764], [-122.470227, 37.754854], [-122.47034, 37.754848], [-122.470346, 37.754938], [-122.470459, 37.754933], [-122.470507, 37.754815], [-122.470572, 37.754928]], [[-122.46983, 37.754622], [-122.469861, 37.754511], [-122.469726, 37.754548], [-122.46983, 37.754622]], [[-122.471019, 37.755598], [-122.470977, 37.755809], [-122.47109, 37.755804], [-122.471019, 37.755598]], [[-122.471747, 37.756249], [-122.471795, 37.756131], [-122.471682, 37.756136], [-122.471747, 37.756249]], [[-122.466527, 37.746203], [-122.466301, 37.746214], [-122.466423, 37.746333], [-122.466527, 37.746203]], [[-122.465782, 37.746868], [-122.46603, 37.746514], [-122.465643, 37.746571], [-122.465556, 37.746878], [-122.465782, 37.746868]], [[-122.464752, 37.746736], [-122.464858, 37.746852], [-122.465364, 37.746748], [-122.464752, 37.746736]], [[-122.466593, 37.7471], [-122.466367, 37.747111], [-122.466373, 37.7472], [-122.466147, 37.747211], [-122.466154, 37.747301], [-122.466606, 37.74728], [-122.467093, 37.747042], [-122.466586, 37.74701], [-122.466593, 37.7471]], [[-122.466984, 37.751873], [-122.467077, 37.75179], [-122.466937, 37.751766], [-122.466984, 37.751873]], [[-122.467559, 37.751671], [-122.467751, 37.751584], [-122.467489, 37.75156], [-122.467559, 37.751671]]], [[[-122.473379, 37.753632], [-122.473491, 37.752991], [-122.473772, 37.753122], [-122.473613, 37.753742], [-122.473379, 37.753632]]], [[[-122.473759, 37.755177], [-122.473575, 37.75502], [-122.47349, 37.754522], [-122.473883, 37.754585], [-122.473759, 37.755177]]], [[[-122.475026, 37.755866], [-122.47507, 37.7577], [-122.474764, 37.758017], [-122.474542, 37.757217], [-122.474224, 37.756478], [-122.473927, 37.75662], [-122.47377, 37.755969], [-122.473909, 37.755583], [-122.474083, 37.755696], [-122.47433, 37.756055], [-122.474524, 37.756137], [-122.474763, 37.755665], [-122.475026, 37.755866]]], [[[-122.474403, 37.758061], [-122.474247, 37.758196], [-122.474174, 37.757641], [-122.474431, 37.757658], [-122.474403, 37.758061]]], [[[-122.474543, 37.758507], [-122.474673, 37.758248], [-122.474832, 37.75831], [-122.474698, 37.758639], [-122.474543, 37.758507]]], [[[-122.475396, 37.758277], [-122.475207, 37.75905], [-122.475078, 37.759129], [-122.475048, 37.75929], [-122.474752, 37.759412], [-122.474593, 37.759171], [-122.474846, 37.75905], [-122.474871, 37.758683], [-122.475062, 37.758193], [-122.475396, 37.758277]]], [[[-122.474534, 37.759576], [-122.474327, 37.759704], [-122.474334, 37.759794], [-122.474221, 37.759799], [-122.474201, 37.75953], [-122.474314, 37.759525], [-122.474294, 37.759256], [-122.474407, 37.759251], [-122.474534, 37.759576]]], [[[-122.476009, 37.759446], [-122.476149, 37.75947], [-122.476056, 37.759554], [-122.476009, 37.759446]]], [[[-122.475802, 37.765848], [-122.475795, 37.765758], [-122.475682, 37.765763], [-122.475695, 37.765473], [-122.476161, 37.765804], [-122.475802, 37.765848]]], [[[-122.472927, 37.766316], [-122.472614, 37.766475], [-122.472538, 37.76618], [-122.472422, 37.766131], [-122.47255, 37.765763], [-122.47273, 37.765721], [-122.472724, 37.765631], [-122.473289, 37.765605], [-122.473296, 37.765694], [-122.473721, 37.765697], [-122.474019, 37.765906], [-122.472781, 37.766011], [-122.47277, 37.766259], [-122.472927, 37.766316]]], [[[-122.474034, 37.766139], [-122.473831, 37.766314], [-122.473781, 37.766122], [-122.474034, 37.766139]]], [[[-122.472603, 37.76791], [-122.472086, 37.768997], [-122.471623, 37.769232], [-122.471239, 37.769274], [-122.472104, 37.768554], [-122.472431, 37.767805], [-122.472603, 37.76791]]], [[[-122.474292, 37.769969], [-122.474285, 37.76988], [-122.474059, 37.76989], [-122.474053, 37.7698], [-122.472809, 37.769858], [-122.472816, 37.769948], [-122.472251, 37.769974], [-122.472258, 37.770064], [-122.47116, 37.770085], [-122.47087, 37.769985], [-122.471227, 37.769932], [-122.47122, 37.769842], [-122.472238, 37.769795], [-122.472231, 37.769705], [-122.472796, 37.769679], [-122.47279, 37.769589], [-122.474033, 37.769531], [-122.474039, 37.769621], [-122.474379, 37.769605], [-122.474385, 37.769695], [-122.474498, 37.76969], [-122.474505, 37.769779], [-122.47468, 37.76989], [-122.474511, 37.770264], [-122.474405, 37.769964], [-122.474292, 37.769969]]], [[[-122.471883, 37.790337], [-122.471597, 37.790978], [-122.470706, 37.791514], [-122.47055, 37.791404], [-122.470729, 37.791126], [-122.470146, 37.791211], [-122.470104, 37.79103], [-122.470572, 37.790899], [-122.470934, 37.790707], [-122.471211, 37.79095], [-122.47125, 37.790741], [-122.471178, 37.790428], [-122.471263, 37.790367], [-122.471257, 37.790277], [-122.471476, 37.790177], [-122.471463, 37.789998], [-122.471576, 37.789992], [-122.471563, 37.789813], [-122.471676, 37.789808], [-122.471669, 37.789718], [-122.471782, 37.789713], [-122.471776, 37.789623], [-122.471889, 37.789618], [-122.472103, 37.789387], [-122.472266, 37.78959], [-122.472121, 37.789697], [-122.472135, 37.789876], [-122.472022, 37.789882], [-122.472035, 37.790061], [-122.471922, 37.790066], [-122.471883, 37.790337]]], [[[-122.474401, 37.792085], [-122.474223, 37.792041], [-122.473885, 37.792161], [-122.47399, 37.791951], [-122.474599, 37.79196], [-122.474401, 37.792085]]], [[[-122.472382, 37.795668], [-122.472164, 37.795517], [-122.47252, 37.79508], [-122.472693, 37.795186], [-122.472382, 37.795668]]], [[[-122.472007, 37.795824], [-122.472147, 37.795849], [-122.472054, 37.795932], [-122.472007, 37.795824]]], [[[-122.474588, 37.796635], [-122.474495, 37.796718], [-122.474448, 37.796611], [-122.474588, 37.796635]]], [[[-122.473248, 37.796534], [-122.473404, 37.796299], [-122.473914, 37.796332], [-122.473487, 37.796698], [-122.473623, 37.796881], [-122.474181, 37.796846], [-122.474706, 37.797232], [-122.474593, 37.797368], [-122.473859, 37.796978], [-122.472965, 37.797255], [-122.473266, 37.796717], [-122.473248, 37.796534]]], [[[-122.473144, 37.797392], [-122.473422, 37.797554], [-122.472944, 37.797802], [-122.472662, 37.797685], [-122.473144, 37.797392]]], [[[-122.473384, 37.799091], [-122.473271, 37.799097], [-122.473264, 37.799007], [-122.473109, 37.798954], [-122.473025, 37.798838], [-122.472073, 37.798957], [-122.472299, 37.798656], [-122.472913, 37.79861], [-122.473357, 37.798732], [-122.473364, 37.798822], [-122.473477, 37.798817], [-122.473484, 37.798907], [-122.473597, 37.798901], [-122.47361, 37.799081], [-122.473723, 37.799075], [-122.473749, 37.799434], [-122.473523, 37.799445], [-122.47351, 37.799265], [-122.473397, 37.799271], [-122.473384, 37.799091]]], [[[-122.472752, 37.799751], [-122.473035, 37.799805], [-122.472695, 37.800065], [-122.472529, 37.799935], [-122.472752, 37.799751]]], [[[-122.471315, 37.800664], [-122.471402, 37.800403], [-122.471654, 37.800252], [-122.471648, 37.800162], [-122.471761, 37.800157], [-122.471754, 37.800067], [-122.471867, 37.800062], [-122.471967, 37.799878], [-122.472358, 37.799938], [-122.472237, 37.800174], [-122.471993, 37.800236], [-122.471829, 37.80046], [-122.471315, 37.800664]]], [[[-122.474919, 37.806042], [-122.475033, 37.806037], [-122.475013, 37.805768], [-122.474734, 37.805621], [-122.474875, 37.805471], [-122.475296, 37.805595], [-122.475359, 37.805841], [-122.475245, 37.805847], [-122.475162, 37.806248], [-122.474919, 37.806042]]], [[[-122.473948, 37.806717], [-122.474236, 37.806873], [-122.474035, 37.807015], [-122.473948, 37.806717]]], [[[-122.46932, 37.712607], [-122.469255, 37.712495], [-122.469002, 37.712478], [-122.469159, 37.712342], [-122.46958, 37.7123], [-122.469648, 37.712176], [-122.469817, 37.712376], [-122.469594, 37.712479], [-122.469368, 37.71249], [-122.46932, 37.712607]]], [[[-122.469303, 37.71279], [-122.469853, 37.712917], [-122.469859, 37.713007], [-122.470701, 37.713068], [-122.470734, 37.713208], [-122.469663, 37.713364], [-122.468957, 37.713239], [-122.468849, 37.713144], [-122.468623, 37.713155], [-122.468617, 37.713065], [-122.468391, 37.713075], [-122.468384, 37.712986], [-122.468158, 37.712996], [-122.468152, 37.712906], [-122.4677, 37.712927], [-122.467693, 37.712838], [-122.466842, 37.712916], [-122.46671, 37.71307], [-122.465924, 37.712927], [-122.464582, 37.712809], [-122.464716, 37.712577], [-122.466213, 37.712741], [-122.46677, 37.712611], [-122.467787, 37.712563], [-122.467793, 37.712653], [-122.468245, 37.712632], [-122.468251, 37.712722], [-122.468477, 37.712711], [-122.468484, 37.712801], [-122.46871, 37.71279], [-122.468716, 37.71288], [-122.469303, 37.71279]]], [[[-122.469494, 37.715011], [-122.469194, 37.715144], [-122.469095, 37.714933], [-122.469494, 37.715011]]], [[[-122.469556, 37.715573], [-122.469606, 37.71572], [-122.46985, 37.715838], [-122.469655, 37.716093], [-122.469387, 37.71582], [-122.469114, 37.715721], [-122.469249, 37.715462], [-122.469556, 37.715573]]], [[[-122.470452, 37.715924], [-122.470111, 37.715936], [-122.469977, 37.715747], [-122.470051, 37.715609], [-122.470244, 37.715631], [-122.470452, 37.715924]]], [[[-122.469619, 37.71743], [-122.469665, 37.718058], [-122.469552, 37.718063], [-122.469565, 37.718242], [-122.469452, 37.718248], [-122.469465, 37.718427], [-122.46924, 37.718438], [-122.469192, 37.718555], [-122.469127, 37.718443], [-122.469014, 37.718448], [-122.469161, 37.71809], [-122.46916, 37.717361], [-122.469147, 37.717182], [-122.469034, 37.717187], [-122.468935, 37.716701], [-122.468618, 37.716953], [-122.468547, 37.71761], [-122.468051, 37.717683], [-122.468057, 37.717772], [-122.467944, 37.717778], [-122.467951, 37.717867], [-122.467838, 37.717873], [-122.467892, 37.718016], [-122.468131, 37.718185], [-122.468589, 37.718248], [-122.468382, 37.718507], [-122.467871, 37.718321], [-122.467878, 37.718411], [-122.467652, 37.718421], [-122.467573, 37.718569], [-122.467665, 37.718601], [-122.467598, 37.718724], [-122.467382, 37.718882], [-122.466731, 37.719031], [-122.466065, 37.718729], [-122.46449, 37.718879], [-122.464178, 37.719072], [-122.464286, 37.719373], [-122.464103, 37.719487], [-122.464097, 37.719397], [-122.463456, 37.719231], [-122.463141, 37.719402], [-122.46177, 37.719539], [-122.461677, 37.719809], [-122.460476, 37.719475], [-122.460469, 37.719386], [-122.460356, 37.719391], [-122.460423, 37.719103], [-122.460022, 37.718921], [-122.459752, 37.718879], [-122.459745, 37.718789], [-122.459406, 37.718805], [-122.459279, 37.718585], [-122.459678, 37.718368], [-122.460536, 37.718226], [-122.460729, 37.718293], [-122.460735, 37.718383], [-122.461081, 37.718457], [-122.461157, 37.71858], [-122.46225, 37.718742], [-122.462834, 37.718553], [-122.462549, 37.718389], [-122.462215, 37.718362], [-122.462005, 37.717781], [-122.462157, 37.717687], [-122.462144, 37.717507], [-122.462257, 37.717502], [-122.462131, 37.717189], [-122.461666, 37.717169], [-122.461123, 37.717778], [-122.46047, 37.717855], [-122.460457, 37.717676], [-122.461015, 37.71756], [-122.461095, 37.717106], [-122.461208, 37.717101], [-122.461282, 37.716863], [-122.461902, 37.716744], [-122.462474, 37.716408], [-122.463012, 37.716478], [-122.46333, 37.716802], [-122.46435, 37.717147], [-122.465044, 37.717032], [-122.465807, 37.716752], [-122.465692, 37.716442], [-122.466171, 37.71627], [-122.46726, 37.716189], [-122.467516, 37.716008], [-122.46734, 37.715735], [-122.467001, 37.715751], [-122.466995, 37.715661], [-122.466769, 37.715672], [-122.466572, 37.715274], [-122.466098, 37.715123], [-122.46609, 37.714772], [-122.462685, 37.714812], [-122.462828, 37.714697], [-122.46554, 37.714485], [-122.467061, 37.714637], [-122.467431, 37.714459], [-122.468581, 37.71495], [-122.468609, 37.715176], [-122.468497, 37.715371], [-122.468873, 37.715864], [-122.468603, 37.715946], [-122.468622, 37.716216], [-122.468735, 37.71621], [-122.468862, 37.716385], [-122.468974, 37.716379], [-122.468981, 37.716469], [-122.469586, 37.716321], [-122.469727, 37.716735], [-122.469481, 37.717076], [-122.469619, 37.71743]], [[-122.463131, 37.71742], [-122.463035, 37.717286], [-122.462922, 37.717291], [-122.462915, 37.717201], [-122.462302, 37.717283], [-122.462654, 37.717522], [-122.46239, 37.717766], [-122.462529, 37.718119], [-122.462755, 37.718109], [-122.462749, 37.718019], [-122.462934, 37.71798], [-122.462982, 37.717589], [-122.463131, 37.71742]], [[-122.467005, 37.717852], [-122.466815, 37.71783], [-122.466864, 37.717978], [-122.467131, 37.71807], [-122.46716, 37.717906], [-122.467005, 37.717852]], [[-122.466707, 37.717552], [-122.467169, 37.717389], [-122.467013, 37.717146], [-122.466536, 37.717123], [-122.466468, 37.717246], [-122.466222, 37.717193], [-122.466379, 37.716905], [-122.466702, 37.716815], [-122.466882, 37.716687], [-122.467253, 37.716609], [-122.46728, 37.716458], [-122.466603, 37.71649], [-122.466058, 37.716785], [-122.466064, 37.716875], [-122.465803, 37.71703], [-122.464997, 37.717141], [-122.464961, 37.717286], [-122.464622, 37.717302], [-122.464629, 37.717392], [-122.464064, 37.717418], [-122.464058, 37.717328], [-122.463292, 37.717522], [-122.46343, 37.717995], [-122.464183, 37.718081], [-122.464844, 37.717959], [-122.465581, 37.718106], [-122.465736, 37.717919], [-122.466815, 37.71783], [-122.466707, 37.717552]], [[-122.468241, 37.71519], [-122.467978, 37.715165], [-122.468048, 37.715276], [-122.468241, 37.71519]], [[-122.466836, 37.715038], [-122.46691, 37.715295], [-122.467166, 37.715422], [-122.467342, 37.715083], [-122.466836, 37.715038]], [[-122.468144, 37.715878], [-122.468031, 37.715883], [-122.468025, 37.715793], [-122.467763, 37.715869], [-122.467921, 37.71611], [-122.468144, 37.715878]], [[-122.468167, 37.717183], [-122.467898, 37.71715], [-122.46803, 37.717317], [-122.468167, 37.717183]], [[-122.467187, 37.716733], [-122.466961, 37.716743], [-122.466981, 37.717012], [-122.467207, 37.717002], [-122.467187, 37.716733]], [[-122.467655, 37.717927], [-122.467386, 37.717894], [-122.467395, 37.717904], [-122.467542, 37.718092], [-122.467655, 37.717927]], [[-122.463797, 37.718933], [-122.463852, 37.718636], [-122.463473, 37.718616], [-122.463374, 37.7188], [-122.463547, 37.719045], [-122.463797, 37.718933]]], [[[-122.470284, 37.716556], [-122.470506, 37.717236], [-122.470256, 37.717288], [-122.470088, 37.71701], [-122.470004, 37.716511], [-122.470284, 37.716556]]], [[[-122.471625, 37.716976], [-122.471793, 37.717064], [-122.471686, 37.717722], [-122.471417, 37.717772], [-122.471581, 37.71703], [-122.471625, 37.716976]]], [[[-122.471113, 37.71772], [-122.471284, 37.717816], [-122.471098, 37.718301], [-122.470877, 37.718168], [-122.471113, 37.71772]]], [[[-122.470289, 37.718839], [-122.47021, 37.71915], [-122.469985, 37.718977], [-122.470085, 37.71841], [-122.470348, 37.718078], [-122.47052, 37.718256], [-122.470372, 37.718786], [-122.470289, 37.718839]]], [[[-122.471007, 37.719346], [-122.471147, 37.71937], [-122.471053, 37.719453], [-122.471007, 37.719346]]], [[[-122.469375, 37.719638], [-122.469072, 37.719556], [-122.469299, 37.719245], [-122.469688, 37.719275], [-122.469375, 37.719638]]], [[[-122.4701, 37.719489], [-122.470203, 37.719203], [-122.470488, 37.71926], [-122.470225, 37.719695], [-122.4701, 37.719489]]], [[[-122.468216, 37.719926], [-122.468819, 37.71993], [-122.468558, 37.720119], [-122.467968, 37.720081], [-122.468185, 37.719989], [-122.468216, 37.719926]]], [[[-122.471386, 37.725396], [-122.470988, 37.725491], [-122.470872, 37.725204], [-122.471386, 37.725396]]], [[[-122.46848, 37.726576], [-122.468473, 37.726486], [-122.468247, 37.726496], [-122.468176, 37.726419], [-122.467666, 37.726559], [-122.467823, 37.726301], [-122.469031, 37.72637], [-122.46897, 37.726684], [-122.468819, 37.72656], [-122.46848, 37.726576]]], [[[-122.469031, 37.729286], [-122.468778, 37.729208], [-122.468984, 37.728803], [-122.469147, 37.728876], [-122.469031, 37.729286]]], [[[-122.471979, 37.738268], [-122.471733, 37.738786], [-122.471114, 37.739099], [-122.470592, 37.739019], [-122.471333, 37.738779], [-122.471719, 37.738219], [-122.471979, 37.738268]]], [[[-122.470426, 37.739834], [-122.470357, 37.739723], [-122.470619, 37.739747], [-122.470426, 37.739834]]], [[[-122.469589, 37.739944], [-122.469685, 37.739844], [-122.470083, 37.739919], [-122.469527, 37.740343], [-122.468736, 37.740295], [-122.469589, 37.739944]]], [[[-122.470762, 37.740604], [-122.470902, 37.740628], [-122.470809, 37.740712], [-122.470762, 37.740604]]], [[[-122.469285, 37.745174], [-122.468268, 37.745222], [-122.468262, 37.745132], [-122.46668, 37.745206], [-122.466559, 37.745322], [-122.465628, 37.745394], [-122.465384, 37.745235], [-122.465769, 37.745158], [-122.465763, 37.745068], [-122.466779, 37.745021], [-122.466773, 37.744931], [-122.468242, 37.744863], [-122.468248, 37.744953], [-122.469039, 37.744916], [-122.469046, 37.745005], [-122.469926, 37.745059], [-122.470488, 37.745399], [-122.470261, 37.745449], [-122.469285, 37.745174]]], [[[-122.469204, 37.75022], [-122.469091, 37.750225], [-122.469078, 37.750046], [-122.469191, 37.75004], [-122.469204, 37.75022]]], [[[-122.469649, 37.75164], [-122.469642, 37.75155], [-122.469755, 37.751545], [-122.469762, 37.751634], [-122.469649, 37.75164]]], [[[-122.46935, 37.752194], [-122.469282, 37.752418], [-122.46913, 37.752294], [-122.469243, 37.752289], [-122.469237, 37.752199], [-122.46935, 37.752194]]], [[[-122.470147, 37.753777], [-122.470034, 37.753782], [-122.470027, 37.753693], [-122.469795, 37.753613], [-122.469782, 37.753434], [-122.469258, 37.753221], [-122.469416, 37.753091], [-122.469396, 37.752822], [-122.469622, 37.752811], [-122.469649, 37.75317], [-122.469875, 37.75316], [-122.469888, 37.753339], [-122.470001, 37.753334], [-122.470021, 37.753603], [-122.470134, 37.753598], [-122.47014, 37.753687], [-122.470147, 37.753777]]], [[[-122.469809, 37.757431], [-122.469375, 37.757144], [-122.47011, 37.757169], [-122.469809, 37.757431]]], [[[-122.470096, 37.758768], [-122.469903, 37.758854], [-122.469833, 37.758743], [-122.470096, 37.758768]]], [[[-122.470748, 37.769594], [-122.470888, 37.769619], [-122.470795, 37.769702], [-122.470748, 37.769594]]], [[[-122.471224, 37.772107], [-122.471395, 37.771595], [-122.471532, 37.771669], [-122.471592, 37.771806], [-122.471495, 37.771876], [-122.471634, 37.772474], [-122.471224, 37.772107]]], [[[-122.469834, 37.787913], [-122.469841, 37.788003], [-122.470067, 37.787992], [-122.470073, 37.788082], [-122.470299, 37.788071], [-122.470306, 37.788161], [-122.470419, 37.788156], [-122.470426, 37.788245], [-122.470539, 37.78824], [-122.470552, 37.78842], [-122.470665, 37.788414], [-122.470765, 37.789186], [-122.471, 37.789286], [-122.470791, 37.78937], [-122.470433, 37.789291], [-122.470333, 37.78852], [-122.47022, 37.788525], [-122.470206, 37.788346], [-122.46998, 37.788356], [-122.469974, 37.788267], [-122.469634, 37.788282], [-122.469628, 37.788193], [-122.469402, 37.788203], [-122.469388, 37.788024], [-122.46924, 37.787986], [-122.469382, 37.787934], [-122.469362, 37.787665], [-122.469588, 37.787654], [-122.469581, 37.787565], [-122.469694, 37.787559], [-122.469688, 37.78747], [-122.47028, 37.787234], [-122.47017, 37.787508], [-122.469927, 37.787638], [-122.469934, 37.787728], [-122.469708, 37.787739], [-122.469714, 37.787828], [-122.469601, 37.787834], [-122.469608, 37.787923], [-122.469834, 37.787913]]], [[[-122.471769, 37.788003], [-122.472229, 37.787361], [-122.472365, 37.787702], [-122.471949, 37.788215], [-122.471866, 37.788465], [-122.47222, 37.788564], [-122.471907, 37.789049], [-122.471586, 37.789032], [-122.471155, 37.789188], [-122.471044, 37.788937], [-122.471157, 37.788932], [-122.471151, 37.788842], [-122.471264, 37.788837], [-122.471257, 37.788747], [-122.47137, 37.788742], [-122.471357, 37.788562], [-122.471727, 37.788307], [-122.471769, 37.788003]]], [[[-122.468497, 37.788245], [-122.469005, 37.788273], [-122.467787, 37.788949], [-122.46783, 37.788641], [-122.468449, 37.788297], [-122.468497, 37.788245]]], [[[-122.468557, 37.790583], [-122.468477, 37.791037], [-122.468364, 37.791042], [-122.468384, 37.791312], [-122.468603, 37.791211], [-122.468596, 37.791122], [-122.468709, 37.791116], [-122.468915, 37.790887], [-122.46954, 37.791025], [-122.469162, 37.791095], [-122.468557, 37.791523], [-122.468219, 37.791353], [-122.467945, 37.791512], [-122.467951, 37.791602], [-122.468199, 37.791687], [-122.468001, 37.791911], [-122.468097, 37.792045], [-122.468461, 37.792064], [-122.46857, 37.792293], [-122.467425, 37.792271], [-122.46724, 37.792041], [-122.467344, 37.791768], [-122.467366, 37.791359], [-122.467658, 37.791225], [-122.467859, 37.790856], [-122.46815, 37.790722], [-122.468324, 37.790504], [-122.468317, 37.790414], [-122.46843, 37.790409], [-122.468521, 37.790258], [-122.468981, 37.790081], [-122.468837, 37.790402], [-122.468663, 37.790488], [-122.46867, 37.790578], [-122.468557, 37.790583]]], [[[-122.469471, 37.792106], [-122.469341, 37.791987], [-122.469228, 37.791992], [-122.469208, 37.791723], [-122.469276, 37.791499], [-122.469428, 37.791623], [-122.469441, 37.791802], [-122.469611, 37.791894], [-122.469471, 37.792106]]], [[[-122.469678, 37.792], [-122.46978, 37.791787], [-122.470053, 37.791824], [-122.469767, 37.792182], [-122.469678, 37.792]]], [[[-122.469953, 37.792405], [-122.469727, 37.792599], [-122.469733, 37.792689], [-122.469281, 37.79271], [-122.469274, 37.79262], [-122.469096, 37.7925], [-122.469953, 37.792405]]], [[[-122.471762, 37.793697], [-122.470748, 37.794211], [-122.470251, 37.794266], [-122.470347, 37.794143], [-122.47134, 37.793653], [-122.472041, 37.793212], [-122.472437, 37.79325], [-122.471762, 37.793697]]], [[[-122.469351, 37.796091], [-122.469294, 37.795951], [-122.469793, 37.795972], [-122.469865, 37.796171], [-122.469351, 37.796091]]], [[[-122.4702, 37.796134], [-122.470957, 37.796908], [-122.471104, 37.796627], [-122.471446, 37.796617], [-122.471402, 37.796186], [-122.471542, 37.795666], [-122.471728, 37.795799], [-122.471758, 37.796428], [-122.472591, 37.796375], [-122.473038, 37.79673], [-122.472472, 37.796747], [-122.472314, 37.796893], [-122.471533, 37.796721], [-122.471198, 37.797021], [-122.471966, 37.797874], [-122.471767, 37.798045], [-122.471492, 37.798571], [-122.47133, 37.798151], [-122.471085, 37.797822], [-122.470152, 37.797059], [-122.47032, 37.796758], [-122.470079, 37.796435], [-122.4702, 37.796134]]], [[[-122.469754, 37.797017], [-122.469848, 37.797374], [-122.469009, 37.797231], [-122.468972, 37.797088], [-122.469028, 37.796953], [-122.469754, 37.797017]]], [[[-122.468528, 37.797574], [-122.468608, 37.797423], [-122.469324, 37.797423], [-122.468883, 37.797621], [-122.468528, 37.797574]]], [[[-122.469509, 37.797436], [-122.469639, 37.797555], [-122.469752, 37.79755], [-122.469759, 37.79764], [-122.470005, 37.797899], [-122.469726, 37.798024], [-122.469659, 37.797824], [-122.469546, 37.79783], [-122.46954, 37.79774], [-122.46937, 37.797648], [-122.469509, 37.797436]]], [[[-122.470726, 37.800157], [-122.470551, 37.79999], [-122.469794, 37.798826], [-122.469991, 37.798487], [-122.470197, 37.798616], [-122.470457, 37.799328], [-122.471013, 37.799604], [-122.471686, 37.799321], [-122.472305, 37.799252], [-122.471967, 37.799878], [-122.471118, 37.799959], [-122.470726, 37.800157]]], [[[-122.471055, 37.802891], [-122.471075, 37.80316], [-122.471188, 37.803155], [-122.471228, 37.803693], [-122.471002, 37.803704], [-122.470982, 37.803435], [-122.470869, 37.80344], [-122.470849, 37.803171], [-122.470736, 37.803176], [-122.47055, 37.802194], [-122.470442, 37.802134], [-122.470474, 37.801748], [-122.470414, 37.801488], [-122.470677, 37.800551], [-122.471127, 37.800257], [-122.471199, 37.800566], [-122.470834, 37.801015], [-122.470641, 37.801701], [-122.470776, 37.802184], [-122.470946, 37.802337], [-122.471184, 37.802231], [-122.471303, 37.802652], [-122.470969, 37.802745], [-122.470942, 37.802896], [-122.471055, 37.802891]]], [[[-122.470085, 37.801707], [-122.469991, 37.80179], [-122.469945, 37.801682], [-122.470085, 37.801707]]], [[[-122.465237, 37.708721], [-122.465124, 37.708726], [-122.46539, 37.709092], [-122.465044, 37.70918], [-122.465051, 37.709269], [-122.464938, 37.709275], [-122.464944, 37.709364], [-122.464776, 37.709425], [-122.464542, 37.709219], [-122.463357, 37.709348], [-122.46335, 37.709258], [-122.463011, 37.709274], [-122.463005, 37.709184], [-122.46273, 37.709081], [-122.463052, 37.708933], [-122.463104, 37.709], [-122.463782, 37.708968], [-122.463649, 37.708704], [-122.463304, 37.70863], [-122.463297, 37.708541], [-122.463184, 37.708546], [-122.463178, 37.708456], [-122.462952, 37.708467], [-122.46297, 37.708255], [-122.463711, 37.708306], [-122.463849, 37.708335], [-122.463855, 37.708425], [-122.464081, 37.708414], [-122.464068, 37.708235], [-122.464746, 37.708212], [-122.464752, 37.708293], [-122.464639, 37.708298], [-122.464646, 37.708388], [-122.464991, 37.708462], [-122.464978, 37.708282], [-122.465091, 37.708277], [-122.465086, 37.708212], [-122.465723, 37.70821], [-122.465785, 37.708271], [-122.46533, 37.708446], [-122.465343, 37.708626], [-122.46523, 37.708631], [-122.465237, 37.708721]]], [[[-122.466293, 37.708209], [-122.466347, 37.708643], [-122.466131, 37.709068], [-122.465478, 37.709383], [-122.465616, 37.709045], [-122.465862, 37.708841], [-122.4659, 37.70821], [-122.466293, 37.708209]]], [[[-122.465928, 37.709709], [-122.465392, 37.710015], [-122.464645, 37.709918], [-122.462838, 37.710002], [-122.462457, 37.710261], [-122.4624, 37.710203], [-122.461609, 37.71024], [-122.460954, 37.709795], [-122.461518, 37.70966], [-122.461689, 37.709786], [-122.463157, 37.709717], [-122.463151, 37.709628], [-122.464393, 37.70957], [-122.464399, 37.70966], [-122.464738, 37.709644], [-122.464732, 37.709554], [-122.464958, 37.709544], [-122.465203, 37.709843], [-122.465727, 37.709571], [-122.465928, 37.709709]]], [[[-122.465362, 37.711956], [-122.465453, 37.711826], [-122.465625, 37.711958], [-122.465284, 37.712265], [-122.464537, 37.712131], [-122.464618, 37.712026], [-122.465136, 37.711966], [-122.465362, 37.711956]]], [[[-122.463387, 37.715919], [-122.462935, 37.71594], [-122.462949, 37.716119], [-122.462723, 37.71613], [-122.462729, 37.71622], [-122.462616, 37.716225], [-122.46261, 37.716135], [-122.462384, 37.716146], [-122.462391, 37.716235], [-122.461112, 37.716477], [-122.461216, 37.716174], [-122.462354, 37.71597], [-122.462829, 37.716035], [-122.462525, 37.715694], [-122.463006, 37.715613], [-122.463989, 37.71563], [-122.465671, 37.715444], [-122.465247, 37.715766], [-122.463394, 37.716009], [-122.463387, 37.715919]]], [[[-122.463062, 37.716114], [-122.463324, 37.716138], [-122.463131, 37.716225], [-122.463062, 37.716114]]], [[[-122.465565, 37.719329], [-122.46605, 37.719341], [-122.465631, 37.719529], [-122.465565, 37.719329]]], [[[-122.463924, 37.720125], [-122.463911, 37.719946], [-122.464319, 37.719971], [-122.464319, 37.720195], [-122.4655, 37.719936], [-122.465677, 37.720126], [-122.464558, 37.720318], [-122.464095, 37.720609], [-122.463892, 37.720425], [-122.464107, 37.720254], [-122.46415, 37.720115], [-122.463924, 37.720125]]], [[[-122.461671, 37.72032], [-122.461658, 37.720141], [-122.463585, 37.720141], [-122.463592, 37.720231], [-122.463479, 37.720236], [-122.463385, 37.720341], [-122.462791, 37.720428], [-122.462256, 37.720391], [-122.461671, 37.72032]]], [[[-122.46789, 37.72609], [-122.467975, 37.725879], [-122.468708, 37.725917], [-122.468574, 37.726161], [-122.46789, 37.72609]]], [[[-122.464468, 37.728031], [-122.463508, 37.727916], [-122.463105, 37.728138], [-122.463628, 37.728422], [-122.463642, 37.728601], [-122.463479, 37.728663], [-122.462948, 37.728605], [-122.462877, 37.728997], [-122.463054, 37.729272], [-122.46277, 37.72943], [-122.463081, 37.729742], [-122.462973, 37.730088], [-122.462657, 37.730025], [-122.462631, 37.730269], [-122.462716, 37.730384], [-122.463103, 37.730517], [-122.463116, 37.730696], [-122.463229, 37.730691], [-122.463235, 37.730781], [-122.463348, 37.730776], [-122.463355, 37.730865], [-122.463581, 37.730855], [-122.463574, 37.730765], [-122.463461, 37.73077], [-122.463448, 37.730591], [-122.463335, 37.730596], [-122.463322, 37.730417], [-122.463156, 37.730337], [-122.463259, 37.729843], [-122.463432, 37.729972], [-122.463541, 37.730317], [-122.463654, 37.730311], [-122.463667, 37.730491], [-122.46378, 37.730485], [-122.463827, 37.731114], [-122.463601, 37.731124], [-122.463627, 37.731483], [-122.463514, 37.731488], [-122.463469, 37.731701], [-122.463118, 37.731624], [-122.462913, 37.731974], [-122.462637, 37.731889], [-122.46265, 37.732068], [-122.462763, 37.732063], [-122.462776, 37.732243], [-122.462889, 37.732237], [-122.462922, 37.732686], [-122.462809, 37.732691], [-122.462823, 37.732871], [-122.46271, 37.732876], [-122.462716, 37.732966], [-122.46249, 37.732976], [-122.462504, 37.733156], [-122.462617, 37.73315], [-122.462623, 37.73324], [-122.46325, 37.733083], [-122.463214, 37.732983], [-122.463629, 37.732537], [-122.463381, 37.73185], [-122.46361, 37.731881], [-122.463906, 37.73219], [-122.463904, 37.732747], [-122.463726, 37.732829], [-122.463627, 37.733013], [-122.463514, 37.733019], [-122.463534, 37.733288], [-122.463647, 37.733283], [-122.46366, 37.733462], [-122.463773, 37.733457], [-122.463766, 37.733367], [-122.464105, 37.733351], [-122.464131, 37.73371], [-122.464287, 37.733764], [-122.464205, 37.734], [-122.464045, 37.734074], [-122.464038, 37.733985], [-122.463925, 37.73399], [-122.463906, 37.733721], [-122.463793, 37.733726], [-122.463779, 37.733547], [-122.463666, 37.733552], [-122.46368, 37.733731], [-122.463567, 37.733736], [-122.463573, 37.733826], [-122.463686, 37.733821], [-122.463732, 37.734449], [-122.463845, 37.734444], [-122.463865, 37.734713], [-122.464159, 37.734898], [-122.464048, 37.735459], [-122.463735, 37.735212], [-122.463559, 37.735177], [-122.463654, 37.735309], [-122.463473, 37.735541], [-122.463622, 37.735803], [-122.463045, 37.735888], [-122.462476, 37.735858], [-122.462496, 37.736127], [-122.462609, 37.736122], [-122.462615, 37.736211], [-122.462728, 37.736206], [-122.462735, 37.736296], [-122.462907, 37.73635], [-122.463211, 37.736243], [-122.463306, 37.736359], [-122.463645, 37.736344], [-122.463778, 37.736608], [-122.463891, 37.736602], [-122.463898, 37.736692], [-122.464011, 37.736687], [-122.464017, 37.736777], [-122.46413, 37.736771], [-122.464137, 37.736861], [-122.46425, 37.736856], [-122.464257, 37.736945], [-122.46437, 37.73694], [-122.464324, 37.737127], [-122.463877, 37.737069], [-122.463717, 37.737277], [-122.463552, 37.737124], [-122.463459, 37.736893], [-122.463227, 37.736813], [-122.463213, 37.736634], [-122.462924, 37.736536], [-122.462649, 37.736659], [-122.462522, 37.736486], [-122.462409, 37.736491], [-122.462403, 37.736401], [-122.462229, 37.736341], [-122.462115, 37.736085], [-122.46177, 37.736023], [-122.461891, 37.735615], [-122.462111, 37.735515], [-122.462248, 37.735143], [-122.46123, 37.735411], [-122.46123, 37.735058], [-122.460766, 37.734914], [-122.461432, 37.734757], [-122.462235, 37.734914], [-122.46236, 37.7351], [-122.462536, 37.735135], [-122.462717, 37.734998], [-122.462543, 37.73465], [-122.46247, 37.734238], [-122.462357, 37.734243], [-122.462337, 37.733974], [-122.46245, 37.733968], [-122.462365, 37.733853], [-122.462211, 37.733799], [-122.461879, 37.733905], [-122.461831, 37.734023], [-122.461766, 37.73391], [-122.461653, 37.733915], [-122.461646, 37.733826], [-122.461414, 37.733747], [-122.4614, 37.733567], [-122.461287, 37.733572], [-122.461274, 37.733393], [-122.461161, 37.733398], [-122.461148, 37.733219], [-122.461035, 37.733224], [-122.461028, 37.733134], [-122.460856, 37.733034], [-122.461008, 37.732831], [-122.461248, 37.733034], [-122.461361, 37.733029], [-122.461374, 37.733208], [-122.461487, 37.733203], [-122.461493, 37.733293], [-122.461606, 37.733287], [-122.461613, 37.733377], [-122.461726, 37.733372], [-122.461733, 37.733462], [-122.461959, 37.733451], [-122.461919, 37.732913], [-122.462032, 37.732908], [-122.462025, 37.732818], [-122.462245, 37.732718], [-122.462225, 37.732448], [-122.461886, 37.732464], [-122.461873, 37.732285], [-122.46176, 37.73229], [-122.461746, 37.732111], [-122.461633, 37.732116], [-122.46162, 37.731936], [-122.461507, 37.731942], [-122.461487, 37.731672], [-122.4616, 37.731667], [-122.461594, 37.731577], [-122.461707, 37.731572], [-122.4617, 37.731482], [-122.461813, 37.731477], [-122.461806, 37.731387], [-122.461919, 37.731382], [-122.462043, 37.731249], [-122.462491, 37.731446], [-122.462637, 37.731378], [-122.462704, 37.731256], [-122.462544, 37.730633], [-122.462418, 37.730459], [-122.462305, 37.730464], [-122.462285, 37.730195], [-122.462384, 37.730011], [-122.462235, 37.729801], [-122.462365, 37.729741], [-122.462339, 37.729382], [-122.462457, 37.728831], [-122.461835, 37.728573], [-122.462026, 37.728129], [-122.462796, 37.728183], [-122.462985, 37.728052], [-122.463017, 37.72782], [-122.462273, 37.727577], [-122.462382, 37.727391], [-122.462632, 37.727208], [-122.462745, 37.727202], [-122.462628, 37.726808], [-122.462433, 37.726897], [-122.462181, 37.727179], [-122.46099, 37.727147], [-122.461186, 37.726944], [-122.462749, 37.726652], [-122.462759, 37.726523], [-122.462521, 37.726389], [-122.462834, 37.726321], [-122.463057, 37.726828], [-122.46317, 37.726823], [-122.46319, 37.727092], [-122.463376, 37.727156], [-122.463443, 37.72744], [-122.463959, 37.727341], [-122.464734, 37.727482], [-122.464866, 37.727626], [-122.464408, 37.7278], [-122.464468, 37.728031]], [[-122.462588, 37.731742], [-122.462504, 37.731625], [-122.462272, 37.731546], [-122.462052, 37.731646], [-122.462065, 37.731826], [-122.462221, 37.731878], [-122.462637, 37.731889], [-122.462588, 37.731742]], [[-122.463513, 37.73507], [-122.463419, 37.735153], [-122.463559, 37.735177], [-122.463513, 37.73507]], [[-122.462862, 37.733409], [-122.462889, 37.733768], [-122.463088, 37.733965], [-122.463088, 37.733399], [-122.462862, 37.733409]], [[-122.463108, 37.734678], [-122.463201, 37.734594], [-122.463061, 37.73457], [-122.463108, 37.734678]], [[-122.462915, 37.735137], [-122.463008, 37.735054], [-122.462868, 37.735029], [-122.462915, 37.735137]]], [[[-122.46608, 37.727858], [-122.466355, 37.727961], [-122.46615, 37.728055], [-122.46608, 37.727858]]], [[[-122.464067, 37.728683], [-122.463961, 37.728316], [-122.464304, 37.728375], [-122.464607, 37.728726], [-122.464067, 37.728683]]], [[[-122.468069, 37.729716], [-122.468007, 37.729389], [-122.468088, 37.729416], [-122.468295, 37.729709], [-122.468069, 37.729716]]], [[[-122.466775, 37.730496], [-122.466613, 37.73066], [-122.466492, 37.730359], [-122.466775, 37.730496]]], [[[-122.464402, 37.735824], [-122.464567, 37.735829], [-122.464221, 37.736089], [-122.463641, 37.736004], [-122.463719, 37.7358], [-122.464402, 37.735824]]], [[[-122.465333, 37.737376], [-122.46524, 37.73746], [-122.465193, 37.737352], [-122.465333, 37.737376]]], [[[-122.463764, 37.737959], [-122.463921, 37.738015], [-122.463835, 37.738252], [-122.463764, 37.737959]]], [[[-122.463813, 37.738803], [-122.463551, 37.738706], [-122.463685, 37.738413], [-122.46396, 37.738454], [-122.463813, 37.738803]]], [[[-122.466555, 37.738909], [-122.466725, 37.739001], [-122.466623, 37.739426], [-122.466173, 37.73995], [-122.465906, 37.739994], [-122.46631, 37.739332], [-122.466555, 37.738909]]], [[[-122.462863, 37.740502], [-122.461477, 37.740766], [-122.461464, 37.740586], [-122.460368, 37.740859], [-122.460408, 37.740527], [-122.461604, 37.74017], [-122.461972, 37.740259], [-122.462793, 37.740165], [-122.462787, 37.740075], [-122.463352, 37.740049], [-122.463372, 37.740318], [-122.463259, 37.740323], [-122.463265, 37.740413], [-122.462926, 37.740428], [-122.462863, 37.740502]]], [[[-122.464076, 37.74034], [-122.464156, 37.740191], [-122.464423, 37.740221], [-122.464316, 37.740394], [-122.464076, 37.74034]]], [[[-122.46809, 37.740964], [-122.46817, 37.740815], [-122.468437, 37.740845], [-122.46833, 37.741018], [-122.46809, 37.740964]]], [[[-122.46657, 37.743068], [-122.466277, 37.743187], [-122.466062, 37.742984], [-122.46657, 37.743068]]], [[[-122.464331, 37.744733], [-122.464763, 37.744572], [-122.465178, 37.744825], [-122.465291, 37.74482], [-122.465317, 37.745179], [-122.465091, 37.745189], [-122.46497, 37.74489], [-122.464331, 37.744733]]], [[[-122.464898, 37.745649], [-122.464892, 37.745559], [-122.464736, 37.745505], [-122.464799, 37.745323], [-122.465091, 37.745189], [-122.465104, 37.745369], [-122.465337, 37.745448], [-122.465357, 37.745717], [-122.465018, 37.745733], [-122.465011, 37.745643], [-122.464898, 37.745649]]], [[[-122.463087, 37.745582], [-122.463177, 37.745368], [-122.463906, 37.745379], [-122.46379, 37.745648], [-122.463087, 37.745582]]], [[[-122.463839, 37.74866], [-122.46398, 37.748572], [-122.463654, 37.747898], [-122.463812, 37.74737], [-122.464026, 37.747473], [-122.464226, 37.748163], [-122.464555, 37.748109], [-122.46466, 37.748509], [-122.464445, 37.748731], [-122.464514, 37.749147], [-122.464883, 37.74943], [-122.464625, 37.749623], [-122.464223, 37.749402], [-122.463839, 37.74866]]], [[[-122.468181, 37.748647], [-122.468294, 37.748642], [-122.4683, 37.748731], [-122.468187, 37.748737], [-122.468181, 37.748647]]], [[[-122.468632, 37.750156], [-122.468746, 37.750347], [-122.467938, 37.750497], [-122.467848, 37.750283], [-122.467735, 37.750288], [-122.467722, 37.750109], [-122.467976, 37.750052], [-122.467828, 37.750014], [-122.467822, 37.749924], [-122.467935, 37.749919], [-122.467942, 37.749499], [-122.468008, 37.749375], [-122.468121, 37.74937], [-122.468141, 37.749639], [-122.468028, 37.749644], [-122.468061, 37.750093], [-122.468174, 37.750088], [-122.468187, 37.750267], [-122.468526, 37.750251], [-122.468519, 37.750162], [-122.468632, 37.750156]]], [[[-122.465936, 37.750225], [-122.466061, 37.750766], [-122.465672, 37.750605], [-122.465568, 37.750119], [-122.465371, 37.749785], [-122.465031, 37.749593], [-122.465231, 37.749282], [-122.46517, 37.749021], [-122.46594, 37.748954], [-122.466028, 37.749333], [-122.465936, 37.750225]]], [[[-122.465966, 37.75121], [-122.465655, 37.75128], [-122.465515, 37.750932], [-122.465878, 37.750965], [-122.465966, 37.75121]]], [[[-122.465069, 37.751042], [-122.465353, 37.751179], [-122.465191, 37.751343], [-122.465069, 37.751042]]], [[[-122.465637, 37.751683], [-122.465329, 37.75148], [-122.465664, 37.751507], [-122.466079, 37.751803], [-122.465964, 37.752015], [-122.465637, 37.751683]]], [[[-122.46368, 37.752187], [-122.463687, 37.752277], [-122.463813, 37.752451], [-122.463926, 37.752446], [-122.463932, 37.752536], [-122.464045, 37.75253], [-122.464059, 37.75271], [-122.464172, 37.752705], [-122.464185, 37.752884], [-122.464298, 37.752879], [-122.464318, 37.753148], [-122.464431, 37.753143], [-122.464504, 37.75413], [-122.464391, 37.754135], [-122.46449, 37.755481], [-122.464652, 37.755572], [-122.464397, 37.755755], [-122.464416, 37.756024], [-122.46453, 37.756019], [-122.464576, 37.756647], [-122.464689, 37.756642], [-122.46466, 37.756877], [-122.464444, 37.757011], [-122.464618, 37.757495], [-122.464398, 37.757631], [-122.464608, 37.758213], [-122.464296, 37.758121], [-122.464216, 37.757924], [-122.464103, 37.75793], [-122.46409, 37.75775], [-122.463977, 37.757755], [-122.463938, 37.757217], [-122.463825, 37.757222], [-122.463785, 37.756684], [-122.463898, 37.756679], [-122.463851, 37.756051], [-122.463738, 37.756056], [-122.463639, 37.75471], [-122.463752, 37.754705], [-122.463732, 37.754436], [-122.463845, 37.75443], [-122.463806, 37.753892], [-122.463919, 37.753887], [-122.463899, 37.753618], [-122.463786, 37.753623], [-122.463759, 37.753264], [-122.463469, 37.752648], [-122.462537, 37.75206], [-122.462424, 37.752066], [-122.462417, 37.751976], [-122.462304, 37.751981], [-122.462297, 37.751891], [-122.462065, 37.751812], [-122.462052, 37.751633], [-122.461819, 37.751554], [-122.461806, 37.751374], [-122.461693, 37.751379], [-122.461679, 37.7512], [-122.461566, 37.751205], [-122.461553, 37.751026], [-122.46144, 37.751031], [-122.461427, 37.750852], [-122.461314, 37.750857], [-122.461294, 37.750588], [-122.461181, 37.750593], [-122.461122, 37.749785], [-122.461009, 37.749791], [-122.460982, 37.749432], [-122.460869, 37.749437], [-122.460863, 37.749347], [-122.460312, 37.749332], [-122.460366, 37.749068], [-122.460128, 37.74864], [-122.459604, 37.748559], [-122.459441, 37.748513], [-122.459434, 37.748423], [-122.459321, 37.748429], [-122.45923, 37.748293], [-122.45926, 37.748026], [-122.459101, 37.747421], [-122.459353, 37.747379], [-122.459752, 37.748066], [-122.459534, 37.748239], [-122.459905, 37.748178], [-122.460045, 37.747776], [-122.460233, 37.747814], [-122.460318, 37.748112], [-122.460431, 37.748107], [-122.460444, 37.748286], [-122.461183, 37.748528], [-122.461262, 37.748609], [-122.461668, 37.748645], [-122.461828, 37.748444], [-122.462286, 37.748253], [-122.462559, 37.748521], [-122.462727, 37.749278], [-122.463066, 37.749373], [-122.463183, 37.748707], [-122.463479, 37.748739], [-122.463632, 37.749361], [-122.463906, 37.749613], [-122.464625, 37.749623], [-122.464821, 37.749752], [-122.46489, 37.750371], [-122.464584, 37.750295], [-122.464292, 37.750047], [-122.463823, 37.750172], [-122.46359, 37.750345], [-122.464203, 37.75089], [-122.464064, 37.751127], [-122.463581, 37.75065], [-122.462924, 37.750323], [-122.463017, 37.750188], [-122.463801, 37.750058], [-122.463339, 37.749812], [-122.463021, 37.749853], [-122.462748, 37.74948], [-122.462474, 37.749515], [-122.46194, 37.749336], [-122.461773, 37.749395], [-122.461786, 37.749574], [-122.462102, 37.749692], [-122.462269, 37.750155], [-122.461946, 37.750197], [-122.461979, 37.750646], [-122.462092, 37.750641], [-122.462112, 37.75091], [-122.462225, 37.750905], [-122.462238, 37.751084], [-122.462351, 37.751079], [-122.462484, 37.751343], [-122.462597, 37.751337], [-122.462603, 37.751427], [-122.462716, 37.751422], [-122.462723, 37.751512], [-122.462836, 37.751506], [-122.462843, 37.751596], [-122.463075, 37.751675], [-122.463082, 37.751765], [-122.463195, 37.75176], [-122.463201, 37.751849], [-122.463314, 37.751844], [-122.463321, 37.751934], [-122.463447, 37.752108], [-122.46356, 37.752103], [-122.463567, 37.752193], [-122.46368, 37.752187]], [[-122.461656, 37.748998], [-122.461945, 37.749237], [-122.461953, 37.748756], [-122.461767, 37.748795], [-122.461656, 37.748998]]], [[[-122.463559, 37.755164], [-122.463446, 37.755169], [-122.463493, 37.755797], [-122.46338, 37.755803], [-122.463393, 37.755982], [-122.462637, 37.756546], [-122.462475, 37.756788], [-122.462568, 37.757101], [-122.462681, 37.757095], [-122.462778, 37.757391], [-122.462893, 37.758436], [-122.462441, 37.758457], [-122.46212, 37.757724], [-122.461325, 37.757482], [-122.460407, 37.757745], [-122.460233, 37.757313], [-122.459919, 37.757171], [-122.459736, 37.757142], [-122.460024, 37.7577], [-122.459584, 37.757365], [-122.459491, 37.757654], [-122.459246, 37.757388], [-122.458839, 37.757274], [-122.458882, 37.757117], [-122.459165, 37.757137], [-122.459222, 37.756626], [-122.459149, 37.75635], [-122.459242, 37.755686], [-122.459358, 37.755759], [-122.45955, 37.757022], [-122.459617, 37.757058], [-122.45988, 37.756698], [-122.45989, 37.756145], [-122.460116, 37.756134], [-122.460109, 37.756045], [-122.46076, 37.755882], [-122.460629, 37.755519], [-122.460854, 37.75538], [-122.46127, 37.755391], [-122.461658, 37.755522], [-122.461784, 37.755697], [-122.462456, 37.755575], [-122.462409, 37.754947], [-122.46207, 37.754963], [-122.461787, 37.754827], [-122.462017, 37.754245], [-122.461791, 37.754256], [-122.461778, 37.754076], [-122.461665, 37.754082], [-122.461652, 37.753902], [-122.461271, 37.753859], [-122.461187, 37.753744], [-122.461074, 37.753749], [-122.461067, 37.753659], [-122.460602, 37.753501], [-122.459585, 37.753548], [-122.4595, 37.753432], [-122.459346, 37.753379], [-122.459339, 37.753289], [-122.459226, 37.753295], [-122.459219, 37.753205], [-122.458761, 37.753136], [-122.458639, 37.752872], [-122.457278, 37.753025], [-122.457272, 37.752935], [-122.457046, 37.752946], [-122.457052, 37.753035], [-122.456867, 37.753074], [-122.456733, 37.75332], [-122.456507, 37.753331], [-122.456514, 37.753421], [-122.456401, 37.753426], [-122.456427, 37.753785], [-122.456314, 37.75379], [-122.456321, 37.75388], [-122.456095, 37.75389], [-122.456075, 37.753621], [-122.456188, 37.753616], [-122.456181, 37.753526], [-122.455723, 37.753457], [-122.455716, 37.753368], [-122.456003, 37.75323], [-122.456138, 37.752842], [-122.45592, 37.752508], [-122.45565, 37.75247], [-122.45575, 37.752286], [-122.456687, 37.752692], [-122.456729, 37.752522], [-122.457358, 37.752571], [-122.457345, 37.752392], [-122.457684, 37.752376], [-122.457678, 37.752286], [-122.457791, 37.752281], [-122.457623, 37.752035], [-122.457768, 37.751664], [-122.457544, 37.751449], [-122.457492, 37.751305], [-122.457266, 37.751315], [-122.457259, 37.751225], [-122.457146, 37.751231], [-122.45714, 37.751141], [-122.456801, 37.751157], [-122.456794, 37.751067], [-122.456455, 37.751083], [-122.456448, 37.750993], [-122.456335, 37.750998], [-122.456342, 37.751088], [-122.45589, 37.751109], [-122.455883, 37.751019], [-122.454979, 37.751061], [-122.454973, 37.750971], [-122.454514, 37.750903], [-122.454494, 37.750633], [-122.454381, 37.750639], [-122.454348, 37.75019], [-122.454461, 37.750185], [-122.454455, 37.750095], [-122.454568, 37.75009], [-122.454561, 37.75], [-122.454781, 37.7499], [-122.454774, 37.74981], [-122.454661, 37.749815], [-122.454648, 37.749636], [-122.454847, 37.749413], [-122.45498, 37.749531], [-122.454867, 37.749536], [-122.45488, 37.749715], [-122.455671, 37.749678], [-122.455507, 37.749911], [-122.455691, 37.750124], [-122.456502, 37.75018], [-122.456509, 37.75027], [-122.456735, 37.750259], [-122.456728, 37.75017], [-122.457067, 37.750154], [-122.457074, 37.750244], [-122.457758, 37.750302], [-122.457765, 37.750392], [-122.458556, 37.750355], [-122.458569, 37.750534], [-122.458682, 37.750529], [-122.458689, 37.750619], [-122.459147, 37.750687], [-122.459154, 37.750777], [-122.459239, 37.750893], [-122.459393, 37.750946], [-122.4594, 37.751036], [-122.459632, 37.751115], [-122.459756, 37.751044], [-122.45965, 37.7508], [-122.459212, 37.750605], [-122.459305, 37.750268], [-122.459084, 37.75017], [-122.458874, 37.74994], [-122.458564, 37.749869], [-122.458397, 37.749686], [-122.458164, 37.749653], [-122.458181, 37.749154], [-122.458331, 37.749035], [-122.458125, 37.747659], [-122.458506, 37.747471], [-122.458533, 37.74822], [-122.459579, 37.749522], [-122.460454, 37.750148], [-122.460842, 37.750609], [-122.460955, 37.750603], [-122.460968, 37.750783], [-122.461081, 37.750778], [-122.461121, 37.751316], [-122.461008, 37.751321], [-122.461021, 37.751501], [-122.460908, 37.751506], [-122.460915, 37.751596], [-122.460802, 37.751601], [-122.460809, 37.751691], [-122.46047, 37.751706], [-122.460476, 37.751796], [-122.46025, 37.751807], [-122.460263, 37.751986], [-122.460037, 37.751997], [-122.460044, 37.752086], [-122.459931, 37.752092], [-122.459924, 37.752002], [-122.459832, 37.75197], [-122.459911, 37.751822], [-122.459391, 37.751689], [-122.459227, 37.751763], [-122.4591, 37.75159], [-122.458987, 37.751595], [-122.458981, 37.751505], [-122.458868, 37.751511], [-122.458861, 37.751421], [-122.458748, 37.751426], [-122.458741, 37.751337], [-122.458628, 37.751342], [-122.458622, 37.751252], [-122.458396, 37.751263], [-122.458389, 37.751173], [-122.45805, 37.751189], [-122.458057, 37.751278], [-122.458283, 37.751268], [-122.458289, 37.751357], [-122.458402, 37.751352], [-122.458416, 37.751532], [-122.458564, 37.75157], [-122.458319, 37.751752], [-122.458196, 37.751632], [-122.458083, 37.751637], [-122.458077, 37.751547], [-122.457876, 37.751599], [-122.458053, 37.752141], [-122.458462, 37.75216], [-122.458566, 37.752029], [-122.458688, 37.752149], [-122.458801, 37.752144], [-122.458808, 37.752234], [-122.458921, 37.752228], [-122.458927, 37.752318], [-122.459605, 37.752287], [-122.459612, 37.752376], [-122.459838, 37.752366], [-122.459844, 37.752456], [-122.460183, 37.75244], [-122.46019, 37.75253], [-122.460416, 37.752519], [-122.460619, 37.752726], [-122.461579, 37.752915], [-122.461918, 37.752899], [-122.461925, 37.752989], [-122.462203, 37.753123], [-122.462403, 37.753327], [-122.462862, 37.753396], [-122.462869, 37.753485], [-122.462982, 37.75348], [-122.462988, 37.75357], [-122.463214, 37.753559], [-122.463221, 37.753649], [-122.463334, 37.753644], [-122.463544, 37.753934], [-122.463606, 37.754261], [-122.463626, 37.754531], [-122.463513, 37.754536], [-122.463539, 37.754895], [-122.463559, 37.755164]], [[-122.456694, 37.752782], [-122.456807, 37.752777], [-122.4568, 37.752687], [-122.456687, 37.752692], [-122.456694, 37.752782]], [[-122.460024, 37.751817], [-122.459959, 37.751705], [-122.459911, 37.751822], [-122.460024, 37.751817]], [[-122.458044, 37.751099], [-122.457818, 37.751109], [-122.457824, 37.751199], [-122.45805, 37.751189], [-122.458044, 37.751099]], [[-122.457811, 37.75102], [-122.457698, 37.751025], [-122.457705, 37.751115], [-122.457818, 37.751109], [-122.457811, 37.75102]], [[-122.457007, 37.750877], [-122.457, 37.750787], [-122.456322, 37.750819], [-122.456329, 37.750908], [-122.456894, 37.750882], [-122.4569, 37.750972], [-122.457239, 37.750956], [-122.457233, 37.750866], [-122.45712, 37.750872], [-122.457007, 37.750877]], [[-122.456316, 37.750729], [-122.455977, 37.750745], [-122.455745, 37.750665], [-122.455618, 37.750491], [-122.455505, 37.750496], [-122.455498, 37.750407], [-122.455385, 37.750412], [-122.455379, 37.750322], [-122.454814, 37.750349], [-122.45484, 37.750707], [-122.454953, 37.750702], [-122.45496, 37.750792], [-122.456322, 37.750819], [-122.456316, 37.750729]]], [[[-122.46772, 37.754119], [-122.467523, 37.754378], [-122.467448, 37.754083], [-122.46772, 37.754119]]], [[[-122.467548, 37.755429], [-122.467688, 37.755453], [-122.467594, 37.755536], [-122.467548, 37.755429]]], [[[-122.463987, 37.768649], [-122.464387, 37.768726], [-122.464087, 37.768859], [-122.463987, 37.768649]]], [[[-122.463391, 37.769456], [-122.463256, 37.769493], [-122.463286, 37.769382], [-122.463391, 37.769456]]], [[[-122.46312, 37.76953], [-122.463256, 37.769493], [-122.463225, 37.769604], [-122.46312, 37.76953]]], [[[-122.46455, 37.770883], [-122.464804, 37.770501], [-122.464917, 37.770496], [-122.464911, 37.770406], [-122.465189, 37.770251], [-122.465204, 37.770566], [-122.46455, 37.770883]]], [[[-122.464844, 37.771039], [-122.465413, 37.77105], [-122.465527, 37.771291], [-122.464955, 37.771165], [-122.464844, 37.771039]]], [[[-122.464312, 37.771514], [-122.464452, 37.771539], [-122.464359, 37.771622], [-122.464312, 37.771514]]], [[[-122.465117, 37.771657], [-122.464854, 37.771633], [-122.465047, 37.771546], [-122.465117, 37.771657]]], [[[-122.462856, 37.771762], [-122.46263, 37.771773], [-122.462623, 37.771683], [-122.46251, 37.771688], [-122.462504, 37.771598], [-122.462271, 37.771519], [-122.462251, 37.77125], [-122.462364, 37.771245], [-122.462351, 37.771065], [-122.462238, 37.771071], [-122.462225, 37.770891], [-122.462451, 37.770881], [-122.462437, 37.770701], [-122.46255, 37.770696], [-122.462577, 37.771055], [-122.462741, 37.771137], [-122.46259, 37.771234], [-122.462603, 37.771414], [-122.463062, 37.771482], [-122.463069, 37.771572], [-122.463634, 37.771546], [-122.463647, 37.771725], [-122.463308, 37.771741], [-122.463315, 37.771831], [-122.462863, 37.771852], [-122.462856, 37.771762]]], [[[-122.465123, 37.771747], [-122.465117, 37.771657], [-122.46523, 37.771652], [-122.465236, 37.771741], [-122.465123, 37.771747]]], [[[-122.465283, 37.771849], [-122.465236, 37.771741], [-122.465376, 37.771766], [-122.465283, 37.771849]]], [[[-122.463288, 37.773002], [-122.463294, 37.773092], [-122.4627, 37.773086], [-122.463055, 37.772923], [-122.463048, 37.772834], [-122.463162, 37.772828], [-122.463155, 37.772739], [-122.463268, 37.772733], [-122.463261, 37.772644], [-122.463148, 37.772649], [-122.463142, 37.772559], [-122.462401, 37.772428], [-122.462518, 37.772221], [-122.463354, 37.772369], [-122.463361, 37.772459], [-122.463474, 37.772454], [-122.463481, 37.772543], [-122.463594, 37.772538], [-122.463607, 37.772718], [-122.463494, 37.772723], [-122.463507, 37.772902], [-122.463394, 37.772908], [-122.463401, 37.772997], [-122.463288, 37.773002]]], [[[-122.468079, 37.77292], [-122.467989, 37.773078], [-122.467929, 37.772877], [-122.468079, 37.77292]]], [[[-122.466356, 37.788435], [-122.466349, 37.788345], [-122.466688, 37.788329], [-122.466682, 37.78824], [-122.467096, 37.788138], [-122.467034, 37.788403], [-122.466808, 37.788414], [-122.466815, 37.788504], [-122.466475, 37.788519], [-122.466482, 37.788609], [-122.466102, 37.788702], [-122.466179, 37.78848], [-122.466356, 37.788435]]], [[[-122.463226, 37.789246], [-122.462973, 37.789414], [-122.463163, 37.789754], [-122.463616, 37.789733], [-122.463676, 37.789511], [-122.465008, 37.789533], [-122.4652, 37.790118], [-122.464728, 37.790196], [-122.464356, 37.79017], [-122.464595, 37.790447], [-122.463663, 37.790196], [-122.463063, 37.790416], [-122.462447, 37.790082], [-122.462246, 37.789616], [-122.462273, 37.789223], [-122.462997, 37.789041], [-122.462991, 37.788952], [-122.463104, 37.788946], [-122.463176, 37.788852], [-122.463758, 37.788927], [-122.464334, 37.788589], [-122.464518, 37.788776], [-122.465571, 37.788561], [-122.465564, 37.788472], [-122.465677, 37.788466], [-122.465892, 37.788236], [-122.466063, 37.788448], [-122.465804, 37.788641], [-122.46581, 37.78873], [-122.465471, 37.788746], [-122.465478, 37.788836], [-122.465026, 37.788857], [-122.465032, 37.788947], [-122.464537, 37.789033], [-122.464409, 37.788924], [-122.463598, 37.789258], [-122.463226, 37.789246]], [[-122.462811, 37.78959], [-122.462698, 37.789595], [-122.462704, 37.789685], [-122.462818, 37.78968], [-122.462811, 37.78959]], [[-122.462628, 37.789302], [-122.462541, 37.789539], [-122.462698, 37.789595], [-122.462628, 37.789302]]], [[[-122.467308, 37.789865], [-122.467668, 37.789912], [-122.468155, 37.789741], [-122.468258, 37.789607], [-122.468423, 37.789687], [-122.467941, 37.790095], [-122.467103, 37.789965], [-122.467308, 37.789865]]], [[[-122.467072, 37.789831], [-122.466885, 37.789978], [-122.466681, 37.78977], [-122.467072, 37.789831]]], [[[-122.466129, 37.789976], [-122.466501, 37.790033], [-122.466615, 37.79035], [-122.466199, 37.79015], [-122.466129, 37.789976]]], [[[-122.466156, 37.790335], [-122.466108, 37.790452], [-122.465907, 37.79039], [-122.466043, 37.79034], [-122.466156, 37.790335]]], [[[-122.466553, 37.792177], [-122.466621, 37.792024], [-122.466965, 37.792077], [-122.467146, 37.792576], [-122.466553, 37.792177]]], [[[-122.46447, 37.794333], [-122.464129, 37.794432], [-122.464002, 37.794563], [-122.463318, 37.794473], [-122.463106, 37.794299], [-122.462832, 37.794329], [-122.462583, 37.79379], [-122.461043, 37.792483], [-122.461171, 37.79226], [-122.4623, 37.792971], [-122.463101, 37.792936], [-122.463315, 37.793348], [-122.463501, 37.793412], [-122.463568, 37.793696], [-122.463821, 37.794045], [-122.464556, 37.79407], [-122.46447, 37.794333]], [[-122.463685, 37.794082], [-122.46379, 37.794156], [-122.463821, 37.794045], [-122.463685, 37.794082]], [[-122.462923, 37.793847], [-122.462783, 37.793823], [-122.46283, 37.79393], [-122.462923, 37.793847]]], [[[-122.467822, 37.793828], [-122.46766, 37.793993], [-122.467538, 37.793692], [-122.467822, 37.793828]]], [[[-122.467221, 37.794808], [-122.467525, 37.794309], [-122.467565, 37.794051], [-122.467835, 37.794102], [-122.467341, 37.794913], [-122.467231, 37.795278], [-122.467221, 37.794808]]], [[[-122.465086, 37.795486], [-122.464951, 37.795523], [-122.464982, 37.795411], [-122.465086, 37.795486]]], [[[-122.466029, 37.795762], [-122.465982, 37.795655], [-122.466122, 37.795679], [-122.466029, 37.795762]]], [[[-122.461917, 37.795253], [-122.462248, 37.795127], [-122.461732, 37.794952], [-122.461731, 37.794193], [-122.461969, 37.794328], [-122.462245, 37.794967], [-122.462473, 37.794878], [-122.462384, 37.794562], [-122.46267, 37.794689], [-122.463412, 37.794754], [-122.464364, 37.794584], [-122.464544, 37.794748], [-122.46451, 37.795051], [-122.464585, 37.79518], [-122.464698, 37.795174], [-122.464951, 37.795523], [-122.464863, 37.795844], [-122.463993, 37.796377], [-122.463963, 37.79672], [-122.463541, 37.797022], [-122.463394, 37.797541], [-122.463116, 37.797527], [-122.462915, 37.797828], [-122.462537, 37.797976], [-122.46261, 37.798292], [-122.462263, 37.798389], [-122.46219, 37.798763], [-122.461961, 37.798751], [-122.461699, 37.799045], [-122.461494, 37.798832], [-122.46152, 37.798518], [-122.461406, 37.798028], [-122.461439, 37.797126], [-122.461552, 37.797121], [-122.461525, 37.796762], [-122.461412, 37.796768], [-122.461419, 37.796857], [-122.461193, 37.796868], [-122.461199, 37.796958], [-122.46086, 37.796973], [-122.460733, 37.79711], [-122.459566, 37.79705], [-122.459657, 37.79689], [-122.460096, 37.796689], [-122.460721, 37.79662], [-122.460714, 37.79653], [-122.46094, 37.796519], [-122.460933, 37.79643], [-122.46116, 37.796419], [-122.461227, 37.796297], [-122.461372, 37.796229], [-122.461366, 37.79614], [-122.461592, 37.796129], [-122.461585, 37.796039], [-122.461991, 37.7959], [-122.462228, 37.795732], [-122.462608, 37.795863], [-122.462159, 37.795957], [-122.462348, 37.796124], [-122.462403, 37.796361], [-122.46229, 37.796367], [-122.462084, 37.796646], [-122.46222, 37.797352], [-122.462686, 37.797284], [-122.462915, 37.796468], [-122.463414, 37.796224], [-122.463436, 37.79597], [-122.46374, 37.796029], [-122.463727, 37.79585], [-122.463429, 37.79548], [-122.462909, 37.795443], [-122.462584, 37.79562], [-122.461836, 37.795491], [-122.461917, 37.795253]], [[-122.462038, 37.797218], [-122.461785, 37.7972], [-122.461841, 37.797387], [-122.462038, 37.797218]], [[-122.461944, 37.796293], [-122.461991, 37.7964], [-122.462085, 37.796317], [-122.461944, 37.796293]]], [[[-122.467613, 37.797203], [-122.467238, 37.797307], [-122.467334, 37.797564], [-122.466857, 37.797821], [-122.467222, 37.797956], [-122.466801, 37.798117], [-122.466707, 37.798466], [-122.467122, 37.798612], [-122.467397, 37.798292], [-122.467882, 37.798326], [-122.468281, 37.798463], [-122.467689, 37.798591], [-122.467803, 37.799029], [-122.467418, 37.798868], [-122.467012, 37.798848], [-122.467019, 37.798938], [-122.466799, 37.799038], [-122.466812, 37.799217], [-122.466699, 37.799223], [-122.466663, 37.799424], [-122.466493, 37.799502], [-122.4665, 37.799592], [-122.466387, 37.799597], [-122.466393, 37.799687], [-122.46628, 37.799692], [-122.466287, 37.799782], [-122.466174, 37.799787], [-122.46618, 37.799877], [-122.466067, 37.799882], [-122.466074, 37.799972], [-122.465961, 37.799977], [-122.465789, 37.800201], [-122.465528, 37.800267], [-122.465374, 37.800469], [-122.464846, 37.800589], [-122.464771, 37.800383], [-122.465069, 37.800199], [-122.465311, 37.799774], [-122.465489, 37.799729], [-122.465482, 37.799639], [-122.465595, 37.799634], [-122.465582, 37.799455], [-122.465988, 37.798805], [-122.465762, 37.798816], [-122.465755, 37.798726], [-122.465981, 37.798716], [-122.466325, 37.798142], [-122.466052, 37.797995], [-122.46555, 37.798109], [-122.465672, 37.797716], [-122.466179, 37.797409], [-122.466384, 37.797081], [-122.467418, 37.796668], [-122.467684, 37.796346], [-122.467777, 37.795874], [-122.468749, 37.795486], [-122.468762, 37.795575], [-122.468271, 37.795926], [-122.46856, 37.796089], [-122.468469, 37.796219], [-122.468227, 37.796314], [-122.467929, 37.796776], [-122.467951, 37.796873], [-122.46783, 37.796959], [-122.467613, 37.797203]]], [[[-122.468226, 37.797928], [-122.468033, 37.798014], [-122.467963, 37.797903], [-122.468226, 37.797928]]], [[[-122.463101, 37.799537], [-122.462438, 37.798841], [-122.462738, 37.798936], [-122.463174, 37.799333], [-122.463063, 37.79891], [-122.463231, 37.798794], [-122.463071, 37.798182], [-122.463475, 37.798365], [-122.46366, 37.798683], [-122.463816, 37.799426], [-122.46422, 37.799594], [-122.464415, 37.799459], [-122.464364, 37.799265], [-122.464983, 37.799032], [-122.464977, 37.798943], [-122.465387, 37.798761], [-122.465762, 37.798816], [-122.46511, 37.799206], [-122.46505, 37.799342], [-122.465271, 37.799598], [-122.464616, 37.79974], [-122.464727, 37.800164], [-122.464318, 37.800104], [-122.464104, 37.799909], [-122.46373, 37.800113], [-122.463385, 37.799786], [-122.463418, 37.799485], [-122.463101, 37.799537]]], [[[-122.466601, 37.80027], [-122.466833, 37.80039], [-122.465759, 37.800979], [-122.46556, 37.801472], [-122.465319, 37.801522], [-122.465428, 37.800903], [-122.465354, 37.800678], [-122.466601, 37.80027]]], [[[-122.463293, 37.802262], [-122.4633, 37.802352], [-122.465914, 37.80241], [-122.466032, 37.802194], [-122.466268, 37.802266], [-122.466113, 37.802551], [-122.465927, 37.80259], [-122.465934, 37.802679], [-122.46469, 37.802737], [-122.464696, 37.802827], [-122.463905, 37.802864], [-122.463898, 37.802774], [-122.463446, 37.802795], [-122.463439, 37.802705], [-122.462987, 37.802726], [-122.46298, 37.802637], [-122.462641, 37.802652], [-122.462634, 37.802563], [-122.461949, 37.802505], [-122.461943, 37.802415], [-122.461484, 37.802346], [-122.461477, 37.802256], [-122.461364, 37.802262], [-122.461357, 37.802172], [-122.461244, 37.802177], [-122.461238, 37.802087], [-122.461125, 37.802093], [-122.461118, 37.802003], [-122.460779, 37.802019], [-122.460772, 37.801929], [-122.460425, 37.801878], [-122.458963, 37.802013], [-122.458956, 37.801923], [-122.458671, 37.801866], [-122.458904, 37.801707], [-122.459063, 37.801828], [-122.460331, 37.801694], [-122.460449, 37.801446], [-122.460587, 37.801356], [-122.460739, 37.80148], [-122.460991, 37.801523], [-122.460872, 37.801744], [-122.461324, 37.801723], [-122.461331, 37.801813], [-122.461444, 37.801808], [-122.461451, 37.801897], [-122.462255, 37.80204], [-122.462262, 37.80213], [-122.462767, 37.802208], [-122.462841, 37.802283], [-122.463293, 37.802262]]], [[[-122.461851, 37.708232], [-122.462576, 37.708232], [-122.462839, 37.708472], [-122.462952, 37.708467], [-122.463064, 37.708757], [-122.462752, 37.708836], [-122.462746, 37.708746], [-122.462633, 37.708752], [-122.462626, 37.708662], [-122.462299, 37.7086], [-122.461851, 37.708232]]], [[[-122.461721, 37.726242], [-122.461417, 37.726094], [-122.461796, 37.726114], [-122.461721, 37.726242]]], [[[-122.460672, 37.726759], [-122.460659, 37.726579], [-122.461111, 37.726558], [-122.461124, 37.726738], [-122.460672, 37.726759]]], [[[-122.460556, 37.729594], [-122.46089, 37.729719], [-122.460917, 37.730078], [-122.460691, 37.730089], [-122.460501, 37.72978], [-122.460155, 37.729812], [-122.460217, 37.728767], [-122.460158, 37.728372], [-122.460269, 37.72826], [-122.461336, 37.728078], [-122.461373, 37.727781], [-122.461642, 37.727614], [-122.462242, 37.727633], [-122.462308, 37.727886], [-122.461464, 37.728041], [-122.461532, 37.728299], [-122.461137, 37.728448], [-122.460911, 37.728458], [-122.460917, 37.728548], [-122.460691, 37.728558], [-122.460698, 37.728648], [-122.460585, 37.728653], [-122.460556, 37.729594]]], [[[-122.461256, 37.728532], [-122.461537, 37.728582], [-122.461349, 37.728743], [-122.461256, 37.728532]]], [[[-122.460445, 37.731745], [-122.460324, 37.73219], [-122.460065, 37.732369], [-122.460078, 37.732548], [-122.459965, 37.732553], [-122.459972, 37.732643], [-122.459753, 37.732743], [-122.459812, 37.732881], [-122.460048, 37.733009], [-122.459942, 37.733854], [-122.459639, 37.73361], [-122.4595, 37.733064], [-122.458982, 37.733049], [-122.458817, 37.732967], [-122.459343, 37.732414], [-122.459833, 37.732289], [-122.460028, 37.731923], [-122.459866, 37.731677], [-122.460119, 37.731556], [-122.460112, 37.731466], [-122.460225, 37.731461], [-122.460235, 37.731213], [-122.460433, 37.731035], [-122.460305, 37.731007], [-122.460086, 37.731107], [-122.459683, 37.731074], [-122.459584, 37.731121], [-122.459873, 37.731297], [-122.459986, 37.731292], [-122.459992, 37.731382], [-122.459879, 37.731387], [-122.459886, 37.731477], [-122.459321, 37.731503], [-122.459315, 37.731413], [-122.459202, 37.731418], [-122.459331, 37.731178], [-122.458843, 37.731165], [-122.458693, 37.731386], [-122.458587, 37.731063], [-122.458717, 37.730991], [-122.45871, 37.730901], [-122.459788, 37.730812], [-122.460498, 37.730548], [-122.460491, 37.730458], [-122.460717, 37.730448], [-122.46071, 37.730358], [-122.460823, 37.730353], [-122.460817, 37.730263], [-122.46093, 37.730258], [-122.460923, 37.730168], [-122.461036, 37.730163], [-122.461152, 37.730028], [-122.461418, 37.730139], [-122.461269, 37.730242], [-122.461282, 37.730422], [-122.461169, 37.730427], [-122.461261, 37.730751], [-122.461172, 37.731222], [-122.460445, 37.731745]]], [[[-122.462248, 37.731222], [-122.462126, 37.731103], [-122.462013, 37.731108], [-122.462006, 37.731018], [-122.461441, 37.731044], [-122.461421, 37.730775], [-122.46176, 37.730759], [-122.461864, 37.730629], [-122.461986, 37.730749], [-122.462099, 37.730744], [-122.462106, 37.730833], [-122.462219, 37.730828], [-122.462225, 37.730918], [-122.462338, 37.730913], [-122.462345, 37.731002], [-122.462493, 37.73104], [-122.462352, 37.731092], [-122.462248, 37.731222]]], [[[-122.461487, 37.731672], [-122.461149, 37.731688], [-122.461135, 37.731509], [-122.461474, 37.731493], [-122.461487, 37.731672]]], [[[-122.461892, 37.734084], [-122.462159, 37.734114], [-122.462112, 37.734645], [-122.461777, 37.734582], [-122.461826, 37.734208], [-122.461892, 37.734084]]], [[[-122.461173, 37.738169], [-122.46106, 37.738174], [-122.461046, 37.737995], [-122.460933, 37.738], [-122.460907, 37.737641], [-122.460794, 37.737647], [-122.460772, 37.737945], [-122.460575, 37.737747], [-122.460568, 37.737657], [-122.460681, 37.737652], [-122.460641, 37.737114], [-122.460528, 37.737119], [-122.460522, 37.737029], [-122.460289, 37.73695], [-122.460283, 37.73686], [-122.460396, 37.736855], [-122.460382, 37.736675], [-122.460163, 37.736776], [-122.459698, 37.736617], [-122.459678, 37.736348], [-122.459565, 37.736353], [-122.459558, 37.736264], [-122.459445, 37.736269], [-122.459439, 37.736179], [-122.459326, 37.736184], [-122.459319, 37.736095], [-122.459206, 37.7361], [-122.4592, 37.73601], [-122.459087, 37.736015], [-122.45908, 37.735926], [-122.458967, 37.735931], [-122.45896, 37.735841], [-122.458848, 37.735846], [-122.458841, 37.735757], [-122.458454, 37.735624], [-122.458369, 37.735508], [-122.458143, 37.735519], [-122.45815, 37.735609], [-122.458037, 37.735614], [-122.458057, 37.735883], [-122.457605, 37.735904], [-122.457611, 37.735994], [-122.457385, 37.736004], [-122.457379, 37.735915], [-122.457146, 37.735835], [-122.45712, 37.735476], [-122.456887, 37.735397], [-122.456641, 37.735139], [-122.456529, 37.735144], [-122.456522, 37.735054], [-122.457077, 37.734974], [-122.458129, 37.73501], [-122.458264, 37.734717], [-122.458806, 37.734735], [-122.458628, 37.735385], [-122.459261, 37.735304], [-122.459447, 37.735598], [-122.459957, 37.735836], [-122.459825, 37.735261], [-122.459559, 37.734973], [-122.459882, 37.735018], [-122.460037, 37.735071], [-122.460044, 37.735161], [-122.460157, 37.735155], [-122.460164, 37.735245], [-122.46039, 37.735235], [-122.460396, 37.735324], [-122.460509, 37.735319], [-122.460522, 37.735498], [-122.460635, 37.735493], [-122.460649, 37.735673], [-122.460952, 37.735689], [-122.46152, 37.735882], [-122.461592, 37.736169], [-122.461773, 37.73625], [-122.462084, 37.736886], [-122.461852, 37.737192], [-122.462191, 37.737539], [-122.462136, 37.738935], [-122.462023, 37.73894], [-122.46201, 37.73876], [-122.461805, 37.73856], [-122.461425, 37.738518], [-122.461418, 37.738428], [-122.461238, 37.738366], [-122.461173, 37.738169]], [[-122.457446, 37.735281], [-122.457452, 37.735371], [-122.457226, 37.735382], [-122.457239, 37.735561], [-122.458368, 37.735373], [-122.457723, 37.735321], [-122.457446, 37.735281]], [[-122.461112, 37.736581], [-122.461153, 37.736369], [-122.46104, 37.736375], [-122.461112, 37.736581]]], [[[-122.46217, 37.73691], [-122.462268, 37.736644], [-122.462674, 37.736747], [-122.462913, 37.737227], [-122.462664, 37.737594], [-122.462529, 37.737532], [-122.462449, 37.737029], [-122.46217, 37.73691]]], [[[-122.461697, 37.739135], [-122.461584, 37.73914], [-122.461591, 37.73923], [-122.461139, 37.739251], [-122.461132, 37.739161], [-122.461471, 37.739146], [-122.461465, 37.739056], [-122.461691, 37.739045], [-122.461697, 37.739135]]], [[[-122.46072, 37.739721], [-122.460727, 37.73981], [-122.460614, 37.739816], [-122.460627, 37.739995], [-122.460408, 37.740095], [-122.460414, 37.740185], [-122.459849, 37.740211], [-122.459843, 37.740122], [-122.459454, 37.740091], [-122.45966, 37.739852], [-122.460281, 37.739921], [-122.460268, 37.739742], [-122.460381, 37.739736], [-122.460182, 37.739245], [-122.45987, 37.73895], [-122.459593, 37.738827], [-122.459797, 37.738558], [-122.45983, 37.738412], [-122.459717, 37.738417], [-122.45971, 37.738327], [-122.459484, 37.738338], [-122.459491, 37.738427], [-122.459039, 37.738448], [-122.459046, 37.738538], [-122.459159, 37.738533], [-122.459165, 37.738623], [-122.459278, 37.738617], [-122.459305, 37.738976], [-122.459706, 37.739059], [-122.459718, 37.739183], [-122.459304, 37.739556], [-122.459205, 37.739161], [-122.459092, 37.739166], [-122.459079, 37.738987], [-122.45874, 37.739002], [-122.458733, 37.738913], [-122.457999, 37.738732], [-122.457603, 37.738965], [-122.457597, 37.738875], [-122.457484, 37.738881], [-122.457464, 37.738612], [-122.457351, 37.738617], [-122.457338, 37.738437], [-122.456682, 37.738257], [-122.456288, 37.738036], [-122.456155, 37.737772], [-122.456042, 37.737777], [-122.456036, 37.737688], [-122.455923, 37.737693], [-122.455916, 37.737603], [-122.455803, 37.737608], [-122.455796, 37.737519], [-122.455112, 37.73746], [-122.455086, 37.737101], [-122.455311, 37.737091], [-122.455318, 37.737181], [-122.45552, 37.737138], [-122.455418, 37.736996], [-122.455757, 37.73698], [-122.455763, 37.73707], [-122.455989, 37.737059], [-122.456575, 37.737397], [-122.456946, 37.737735], [-122.456953, 37.737825], [-122.457066, 37.73782], [-122.457085, 37.738089], [-122.457198, 37.738084], [-122.457205, 37.738173], [-122.457657, 37.738152], [-122.45765, 37.738063], [-122.457989, 37.738047], [-122.457996, 37.738137], [-122.458222, 37.738126], [-122.458235, 37.738306], [-122.458461, 37.738295], [-122.458474, 37.738475], [-122.4587, 37.738464], [-122.458694, 37.738374], [-122.459033, 37.738359], [-122.459026, 37.738269], [-122.45941, 37.738094], [-122.459584, 37.738152], [-122.459749, 37.737645], [-122.459996, 37.737594], [-122.460129, 37.737858], [-122.460149, 37.738127], [-122.460049, 37.738311], [-122.460063, 37.738491], [-122.45995, 37.738496], [-122.459976, 37.738855], [-122.461106, 37.738802], [-122.461099, 37.738713], [-122.461212, 37.738708], [-122.461225, 37.738887], [-122.461112, 37.738892], [-122.461119, 37.738982], [-122.460667, 37.739003], [-122.46068, 37.739182], [-122.460793, 37.739177], [-122.4608, 37.739267], [-122.460913, 37.739262], [-122.461012, 37.739397], [-122.461265, 37.739425], [-122.461272, 37.739515], [-122.461385, 37.73951], [-122.461378, 37.73942], [-122.461717, 37.739404], [-122.461792, 37.739568], [-122.46244, 37.739496], [-122.463023, 37.738571], [-122.463218, 37.738575], [-122.463206, 37.738992], [-122.462864, 37.739554], [-122.462165, 37.739919], [-122.461457, 37.739907], [-122.461465, 37.739641], [-122.46116, 37.739569], [-122.46072, 37.739721]], [[-122.457664, 37.738242], [-122.45771, 37.73835], [-122.457804, 37.738266], [-122.457664, 37.738242]]], [[[-122.462208, 37.741452], [-122.462215, 37.741542], [-122.462369, 37.741595], [-122.462454, 37.741711], [-122.462288, 37.741786], [-122.46188, 37.741646], [-122.461597, 37.741252], [-122.461849, 37.741199], [-122.461856, 37.741288], [-122.461969, 37.741283], [-122.462095, 37.741457], [-122.462208, 37.741452]]], [[[-122.462912, 37.742881], [-122.462975, 37.743151], [-122.462277, 37.742868], [-122.462192, 37.743654], [-122.462054, 37.743471], [-122.462083, 37.743125], [-122.461875, 37.743088], [-122.461785, 37.742791], [-122.461503, 37.742655], [-122.461497, 37.742566], [-122.461271, 37.742576], [-122.461264, 37.742486], [-122.461151, 37.742492], [-122.461144, 37.742402], [-122.460912, 37.742323], [-122.460885, 37.741964], [-122.460772, 37.741969], [-122.460639, 37.741706], [-122.460294, 37.741631], [-122.460287, 37.741541], [-122.460061, 37.741552], [-122.460055, 37.741462], [-122.45959, 37.741304], [-122.459583, 37.741214], [-122.459244, 37.74123], [-122.459237, 37.74114], [-122.458785, 37.741161], [-122.459501, 37.740967], [-122.45957, 37.741035], [-122.459796, 37.741024], [-122.459802, 37.741114], [-122.460143, 37.741164], [-122.460484, 37.741086], [-122.46077, 37.741216], [-122.460852, 37.741515], [-122.460965, 37.74151], [-122.460978, 37.741689], [-122.461211, 37.741769], [-122.461218, 37.741858], [-122.461331, 37.741853], [-122.461344, 37.742033], [-122.461622, 37.742167], [-122.461822, 37.74237], [-122.462048, 37.74236], [-122.462912, 37.742881]]], [[[-122.459582, 37.744275], [-122.459514, 37.744399], [-122.459217, 37.744334], [-122.459123, 37.744206], [-122.459449, 37.744011], [-122.459675, 37.744001], [-122.459662, 37.743821], [-122.459775, 37.743816], [-122.459761, 37.743637], [-122.459874, 37.743631], [-122.459868, 37.743542], [-122.460094, 37.743531], [-122.460087, 37.743441], [-122.460313, 37.743431], [-122.46032, 37.743521], [-122.460659, 37.743505], [-122.460665, 37.743595], [-122.461004, 37.743579], [-122.461011, 37.743669], [-122.460785, 37.743679], [-122.459914, 37.74417], [-122.459921, 37.744259], [-122.459695, 37.74427], [-122.459582, 37.744275]]], [[[-122.462851, 37.747094], [-122.463135, 37.74715], [-122.462993, 37.747395], [-122.462851, 37.747094]]], [[[-122.461371, 37.757786], [-122.461984, 37.757799], [-122.461478, 37.757903], [-122.461371, 37.757786]]], [[[-122.461912, 37.758099], [-122.46213, 37.758323], [-122.461971, 37.7586], [-122.461363, 37.758306], [-122.46163, 37.758225], [-122.461912, 37.758099]]], [[[-122.461228, 37.75846], [-122.461035, 37.758547], [-122.460966, 37.758436], [-122.461228, 37.75846]]], [[[-122.461836, 37.759475], [-122.46183, 37.759386], [-122.461604, 37.759396], [-122.461597, 37.759307], [-122.461248, 37.759448], [-122.461114, 37.759283], [-122.461477, 37.759222], [-122.461281, 37.759014], [-122.461218, 37.758784], [-122.46157, 37.758948], [-122.461668, 37.758803], [-122.46211, 37.758671], [-122.462223, 37.758908], [-122.461962, 37.759054], [-122.461929, 37.759201], [-122.461936, 37.759291], [-122.462049, 37.759286], [-122.462062, 37.759465], [-122.461836, 37.759475]]], [[[-122.461304, 37.75995], [-122.462321, 37.759903], [-122.462328, 37.759993], [-122.462221, 37.760117], [-122.461776, 37.760198], [-122.461783, 37.760288], [-122.46167, 37.760293], [-122.461676, 37.760383], [-122.461563, 37.760388], [-122.461196, 37.761408], [-122.460852, 37.761502], [-122.460838, 37.761322], [-122.460725, 37.761328], [-122.460692, 37.760879], [-122.460878, 37.76084], [-122.460987, 37.760642], [-122.460892, 37.76051], [-122.460879, 37.76033], [-122.461028, 37.760253], [-122.460896, 37.759757], [-122.460727, 37.759852], [-122.460907, 37.760173], [-122.46054, 37.760346], [-122.46044, 37.760531], [-122.46022, 37.760631], [-122.46024, 37.7609], [-122.460353, 37.760895], [-122.46036, 37.760985], [-122.460021, 37.761], [-122.459896, 37.761404], [-122.459759, 37.761043], [-122.459449, 37.760937], [-122.459115, 37.760636], [-122.459258, 37.760375], [-122.459868, 37.760467], [-122.459903, 37.760223], [-122.460533, 37.760256], [-122.460633, 37.760072], [-122.460606, 37.759713], [-122.460493, 37.759718], [-122.46048, 37.759538], [-122.460367, 37.759544], [-122.46036, 37.759454], [-122.460134, 37.759465], [-122.460387, 37.759813], [-122.459793, 37.760022], [-122.459649, 37.759037], [-122.459457, 37.759089], [-122.459594, 37.75961], [-122.459382, 37.759645], [-122.459177, 37.759458], [-122.458828, 37.759363], [-122.458545, 37.758391], [-122.458196, 37.758448], [-122.458284, 37.758227], [-122.458969, 37.758345], [-122.459523, 37.758863], [-122.459749, 37.758852], [-122.459756, 37.758942], [-122.459869, 37.758937], [-122.459875, 37.759026], [-122.459988, 37.759021], [-122.460073, 37.759137], [-122.460228, 37.75919], [-122.460234, 37.75928], [-122.460347, 37.759275], [-122.460354, 37.759364], [-122.46058, 37.759354], [-122.460586, 37.759444], [-122.461045, 37.759512], [-122.461065, 37.759781], [-122.461298, 37.759861], [-122.461304, 37.75995]]], [[[-122.460976, 37.761998], [-122.461091, 37.761671], [-122.461388, 37.761872], [-122.461109, 37.762434], [-122.460976, 37.761998]]], [[[-122.460431, 37.766563], [-122.460205, 37.766574], [-122.460212, 37.766663], [-122.460099, 37.766669], [-122.460105, 37.766758], [-122.459992, 37.766764], [-122.459876, 37.766898], [-122.459719, 37.766691], [-122.459866, 37.766589], [-122.459859, 37.7665], [-122.459972, 37.766494], [-122.459966, 37.766405], [-122.460192, 37.766394], [-122.460185, 37.766304], [-122.46075, 37.766278], [-122.461025, 37.766396], [-122.460424, 37.766473], [-122.460431, 37.766563]]], [[[-122.462152, 37.769904], [-122.462158, 37.769994], [-122.461706, 37.770015], [-122.461713, 37.770105], [-122.461374, 37.77012], [-122.461273, 37.770252], [-122.460765, 37.770185], [-122.460904, 37.770034], [-122.461248, 37.769946], [-122.461241, 37.769857], [-122.46158, 37.769841], [-122.461573, 37.769751], [-122.461913, 37.769735], [-122.461906, 37.769646], [-122.462358, 37.769625], [-122.462351, 37.769535], [-122.461786, 37.769561], [-122.461793, 37.769651], [-122.461228, 37.769677], [-122.461234, 37.769767], [-122.460895, 37.769783], [-122.460902, 37.769872], [-122.460789, 37.769878], [-122.460795, 37.769967], [-122.460682, 37.769973], [-122.460535, 37.77028], [-122.46045, 37.769893], [-122.460563, 37.769888], [-122.46055, 37.769709], [-122.460663, 37.769703], [-122.460656, 37.769614], [-122.460882, 37.769603], [-122.460875, 37.769513], [-122.461328, 37.769492], [-122.461321, 37.769403], [-122.461886, 37.769376], [-122.461879, 37.769287], [-122.462558, 37.769255], [-122.462564, 37.769345], [-122.462677, 37.76934], [-122.462779, 37.769561], [-122.46267, 37.76976], [-122.462484, 37.769799], [-122.462491, 37.769888], [-122.462152, 37.769904]]], [[[-122.462085, 37.770538], [-122.461972, 37.770543], [-122.462076, 37.770412], [-122.462198, 37.770532], [-122.462085, 37.770538]]], [[[-122.462198, 37.770532], [-122.462311, 37.770527], [-122.462318, 37.770617], [-122.462205, 37.770622], [-122.462198, 37.770532]]], [[[-122.462431, 37.770612], [-122.462437, 37.770701], [-122.462324, 37.770707], [-122.462318, 37.770617], [-122.462431, 37.770612]]], [[[-122.460888, 37.771223], [-122.461792, 37.771181], [-122.461799, 37.771271], [-122.460895, 37.771313], [-122.460888, 37.771223]]], [[[-122.462951, 37.788413], [-122.463342, 37.788474], [-122.463155, 37.788621], [-122.462951, 37.788413]]], [[[-122.461075, 37.794573], [-122.46098, 37.795208], [-122.460475, 37.79483], [-122.459773, 37.794807], [-122.45987, 37.794318], [-122.459757, 37.794324], [-122.45975, 37.794234], [-122.459463, 37.794287], [-122.459306, 37.794469], [-122.458659, 37.794155], [-122.458538, 37.793954], [-122.458034, 37.794044], [-122.457908, 37.793869], [-122.457682, 37.79388], [-122.457675, 37.79379], [-122.457069, 37.793719], [-122.456994, 37.793513], [-122.457148, 37.793418], [-122.457177, 37.793183], [-122.456711, 37.793025], [-122.456673, 37.793168], [-122.456342, 37.793291], [-122.456609, 37.793709], [-122.456229, 37.79381], [-122.456306, 37.794072], [-122.455704, 37.793841], [-122.455552, 37.793323], [-122.4558, 37.792977], [-122.455687, 37.792982], [-122.455674, 37.792803], [-122.455561, 37.792808], [-122.455528, 37.792359], [-122.455641, 37.792354], [-122.455734, 37.79208], [-122.454775, 37.792053], [-122.454679, 37.792365], [-122.454918, 37.792521], [-122.455168, 37.793637], [-122.455343, 37.793747], [-122.455336, 37.795318], [-122.455187, 37.795436], [-122.455089, 37.795754], [-122.454904, 37.79567], [-122.454906, 37.794266], [-122.454564, 37.793829], [-122.454507, 37.792808], [-122.454261, 37.792831], [-122.454321, 37.792188], [-122.45443, 37.792004], [-122.454075, 37.791934], [-122.453955, 37.791755], [-122.453598, 37.79153], [-122.453697, 37.791405], [-122.454211, 37.79143], [-122.454205, 37.791341], [-122.45439, 37.791274], [-122.454684, 37.791532], [-122.455007, 37.79117], [-122.455382, 37.791066], [-122.45581, 37.790786], [-122.455902, 37.790579], [-122.457208, 37.790762], [-122.45769, 37.790909], [-122.457696, 37.790998], [-122.457866, 37.791098], [-122.458012, 37.791327], [-122.458292, 37.79149], [-122.458254, 37.792186], [-122.458863, 37.792264], [-122.4592, 37.792221], [-122.459374, 37.792368], [-122.459352, 37.79277], [-122.459867, 37.793205], [-122.46062, 37.793198], [-122.460253, 37.792984], [-122.459925, 37.793026], [-122.459877, 37.792367], [-122.460327, 37.792382], [-122.461082, 37.793024], [-122.461174, 37.793538], [-122.461406, 37.793673], [-122.461296, 37.794409], [-122.461075, 37.794573]], [[-122.455991, 37.791867], [-122.455801, 37.791673], [-122.455734, 37.79208], [-122.455991, 37.791867]], [[-122.457071, 37.791748], [-122.457064, 37.791658], [-122.457177, 37.791653], [-122.45711, 37.79133], [-122.456706, 37.791241], [-122.456553, 37.791467], [-122.456176, 37.791556], [-122.456525, 37.792043], [-122.456519, 37.791953], [-122.456745, 37.791943], [-122.456738, 37.791853], [-122.456851, 37.791848], [-122.456845, 37.791758], [-122.457071, 37.791748]], [[-122.460209, 37.794303], [-122.460144, 37.79419], [-122.460096, 37.794308], [-122.460209, 37.794303]], [[-122.459724, 37.793355], [-122.459817, 37.793271], [-122.459677, 37.793247], [-122.459724, 37.793355]], [[-122.458053, 37.791989], [-122.457204, 37.792012], [-122.457085, 37.792307], [-122.457401, 37.792323], [-122.457614, 37.79221], [-122.458187, 37.792355], [-122.458053, 37.791989]], [[-122.458793, 37.793229], [-122.458653, 37.793205], [-122.4587, 37.793312], [-122.458793, 37.793229]], [[-122.458121, 37.793176], [-122.457742, 37.793157], [-122.457804, 37.793349], [-122.458045, 37.793442], [-122.458121, 37.793176]]], [[[-122.462337, 37.794454], [-122.462384, 37.794562], [-122.462244, 37.794537], [-122.462337, 37.794454]]], [[[-122.461694, 37.795164], [-122.461476, 37.79508], [-122.461544, 37.794889], [-122.461732, 37.794952], [-122.461694, 37.795164]]], [[[-122.461332, 37.798423], [-122.461239, 37.798506], [-122.461192, 37.798398], [-122.461332, 37.798423]]], [[[-122.461119, 37.799564], [-122.461239, 37.799026], [-122.461467, 37.799136], [-122.461331, 37.799689], [-122.461119, 37.799564]]], [[[-122.458836, 37.717211], [-122.457593, 37.717268], [-122.456948, 37.717212], [-122.456663, 37.716951], [-122.458567, 37.717004], [-122.458716, 37.717126], [-122.458829, 37.717121], [-122.458836, 37.717211]]], [[[-122.460472, 37.727232], [-122.460579, 37.727033], [-122.460959, 37.727053], [-122.460586, 37.727333], [-122.460472, 37.727232]]], [[[-122.460476, 37.727975], [-122.460073, 37.72787], [-122.46028, 37.727587], [-122.460781, 37.727609], [-122.460476, 37.727975]]], [[[-122.45784, 37.730411], [-122.458877, 37.730083], [-122.459495, 37.730102], [-122.459366, 37.730235], [-122.458002, 37.730614], [-122.45784, 37.730411]]], [[[-122.457916, 37.731129], [-122.458139, 37.730838], [-122.458536, 37.730986], [-122.458283, 37.731202], [-122.457486, 37.731535], [-122.457287, 37.73135], [-122.457916, 37.731129]]], [[[-122.458981, 37.732002], [-122.458829, 37.731942], [-122.458756, 37.731529], [-122.45914, 37.731554], [-122.458981, 37.732002]]], [[[-122.457373, 37.73352], [-122.456665, 37.733576], [-122.456961, 37.733323], [-122.458149, 37.733321], [-122.457932, 37.733512], [-122.457373, 37.73352]]], [[[-122.458263, 37.734073], [-122.45827, 37.734163], [-122.458383, 37.734157], [-122.458403, 37.734427], [-122.45829, 37.734432], [-122.458283, 37.734342], [-122.457944, 37.734358], [-122.457938, 37.734268], [-122.457373, 37.734294], [-122.457273, 37.734479], [-122.45716, 37.734484], [-122.456661, 37.734781], [-122.456325, 37.734737], [-122.455937, 37.734811], [-122.455931, 37.734721], [-122.455705, 37.734732], [-122.455698, 37.734642], [-122.455359, 37.734658], [-122.455353, 37.734568], [-122.45524, 37.734573], [-122.455089, 37.73467], [-122.455253, 37.734753], [-122.455259, 37.734843], [-122.454976, 37.734912], [-122.454302, 37.734701], [-122.454449, 37.73461], [-122.454907, 37.734679], [-122.454972, 37.734791], [-122.45502, 37.734674], [-122.455007, 37.734494], [-122.454894, 37.734499], [-122.454529, 37.734156], [-122.454303, 37.734167], [-122.45429, 37.733987], [-122.454403, 37.733982], [-122.454383, 37.733713], [-122.454496, 37.733708], [-122.454476, 37.733438], [-122.454702, 37.733428], [-122.454682, 37.733159], [-122.455366, 37.733217], [-122.455373, 37.733307], [-122.455599, 37.733296], [-122.455606, 37.733386], [-122.455719, 37.733381], [-122.455732, 37.73356], [-122.456472, 37.733682], [-122.45621, 37.733898], [-122.456217, 37.733988], [-122.456035, 37.73422], [-122.45613, 37.734352], [-122.456356, 37.734342], [-122.456363, 37.734431], [-122.456815, 37.73441], [-122.456808, 37.734321], [-122.456996, 37.734076], [-122.457952, 37.733967], [-122.458038, 37.734083], [-122.458263, 37.734073]]], [[[-122.456759, 37.737463], [-122.457358, 37.737176], [-122.458433, 37.737174], [-122.458018, 37.737364], [-122.456759, 37.737463]]], [[[-122.45751, 37.73924], [-122.457504, 37.73915], [-122.457617, 37.739145], [-122.457623, 37.739234], [-122.45751, 37.73924]]], [[[-122.457434, 37.739212], [-122.45751, 37.73924], [-122.457483, 37.739542], [-122.45725, 37.739315], [-122.457316, 37.738954], [-122.457434, 37.739212]]], [[[-122.457636, 37.739414], [-122.457623, 37.739234], [-122.458158, 37.739426], [-122.458215, 37.739567], [-122.458328, 37.739562], [-122.458347, 37.739831], [-122.458115, 37.739752], [-122.458102, 37.739572], [-122.457876, 37.739583], [-122.457869, 37.739493], [-122.457636, 37.739414]]], [[[-122.458035, 37.740206], [-122.458028, 37.740116], [-122.458141, 37.740111], [-122.458148, 37.7402], [-122.458035, 37.740206]]], [[[-122.458035, 37.740206], [-122.458041, 37.740295], [-122.457929, 37.740301], [-122.457942, 37.74048], [-122.457829, 37.740485], [-122.457835, 37.740575], [-122.457722, 37.74058], [-122.457729, 37.74067], [-122.457616, 37.740675], [-122.457485, 37.74086], [-122.457054, 37.740785], [-122.456587, 37.741118], [-122.456458, 37.740845], [-122.456782, 37.740481], [-122.45624, 37.740469], [-122.456247, 37.740559], [-122.456028, 37.740659], [-122.456034, 37.740749], [-122.455808, 37.740759], [-122.455815, 37.740849], [-122.455702, 37.740854], [-122.455708, 37.740944], [-122.454924, 37.74107], [-122.454931, 37.74116], [-122.454592, 37.741176], [-122.454459, 37.741313], [-122.454233, 37.740922], [-122.45412, 37.740928], [-122.453983, 37.741065], [-122.453744, 37.741088], [-122.453288, 37.740917], [-122.452425, 37.741006], [-122.452419, 37.740916], [-122.452645, 37.740906], [-122.452638, 37.740816], [-122.452751, 37.740811], [-122.452744, 37.740721], [-122.452857, 37.740716], [-122.452831, 37.740357], [-122.452718, 37.740362], [-122.452756, 37.740055], [-122.452924, 37.740017], [-122.453165, 37.740575], [-122.453642, 37.74059], [-122.453635, 37.7405], [-122.453882, 37.740448], [-122.453961, 37.740305], [-122.454131, 37.740226], [-122.454167, 37.740025], [-122.45428, 37.74002], [-122.454273, 37.73993], [-122.454028, 37.739671], [-122.453924, 37.739305], [-122.45411, 37.739088], [-122.454507, 37.739148], [-122.454792, 37.739276], [-122.454918, 37.73945], [-122.455051, 37.739714], [-122.455124, 37.740701], [-122.455356, 37.74078], [-122.455363, 37.74087], [-122.455589, 37.740859], [-122.455582, 37.74077], [-122.455695, 37.740764], [-122.455786, 37.740375], [-122.455662, 37.740316], [-122.455698, 37.740115], [-122.455868, 37.740036], [-122.45607, 37.740234], [-122.456592, 37.739876], [-122.456686, 37.740358], [-122.456912, 37.740348], [-122.45718, 37.740553], [-122.457244, 37.740242], [-122.457583, 37.740227], [-122.458035, 37.740206]], [[-122.454685, 37.740901], [-122.454678, 37.740812], [-122.454791, 37.740806], [-122.454899, 37.740582], [-122.454615, 37.74051], [-122.454489, 37.740874], [-122.454685, 37.740901]]], [[[-122.459293, 37.740733], [-122.459417, 37.740501], [-122.459797, 37.740522], [-122.459594, 37.740784], [-122.459293, 37.740733]]], [[[-122.457573, 37.741438], [-122.457895, 37.741382], [-122.457915, 37.741652], [-122.457802, 37.741657], [-122.457821, 37.741926], [-122.457489, 37.742032], [-122.457525, 37.74183], [-122.457695, 37.741752], [-122.457573, 37.741438]]], [[[-122.458659, 37.742517], [-122.458672, 37.742697], [-122.458559, 37.742702], [-122.458565, 37.742792], [-122.458152, 37.74265], [-122.458074, 37.742274], [-122.458187, 37.742269], [-122.458167, 37.742], [-122.458313, 37.741933], [-122.45838, 37.74181], [-122.458373, 37.74172], [-122.458147, 37.741731], [-122.458134, 37.741551], [-122.458247, 37.741546], [-122.45824, 37.741456], [-122.458805, 37.74143], [-122.458799, 37.74134], [-122.460061, 37.741552], [-122.460068, 37.741642], [-122.460181, 37.741636], [-122.460194, 37.741816], [-122.460307, 37.741811], [-122.460372, 37.742007], [-122.460553, 37.742069], [-122.46056, 37.742159], [-122.460673, 37.742154], [-122.460679, 37.742243], [-122.460792, 37.742238], [-122.460799, 37.742328], [-122.460912, 37.742323], [-122.460977, 37.742519], [-122.461158, 37.742581], [-122.461253, 37.742838], [-122.461204, 37.743209], [-122.461091, 37.743215], [-122.461071, 37.742945], [-122.460958, 37.742951], [-122.460951, 37.742861], [-122.460838, 37.742866], [-122.460832, 37.742777], [-122.460606, 37.742787], [-122.460504, 37.742648], [-122.460141, 37.742629], [-122.460134, 37.742539], [-122.460021, 37.742544], [-122.460014, 37.742454], [-122.459782, 37.742375], [-122.459775, 37.742285], [-122.459436, 37.742301], [-122.45943, 37.742211], [-122.459204, 37.742222], [-122.459197, 37.742132], [-122.458858, 37.742148], [-122.458871, 37.742327], [-122.458758, 37.742333], [-122.458772, 37.742512], [-122.458659, 37.742517]], [[-122.459765, 37.741626], [-122.459157, 37.741594], [-122.459522, 37.741915], [-122.460114, 37.74204], [-122.459765, 37.741626]]], [[[-122.459177, 37.743394], [-122.459242, 37.743506], [-122.45929, 37.743388], [-122.459516, 37.743378], [-122.459509, 37.743288], [-122.460143, 37.743195], [-122.460081, 37.743352], [-122.459968, 37.743357], [-122.459974, 37.743447], [-122.459635, 37.743462], [-122.459642, 37.743552], [-122.459529, 37.743557], [-122.459535, 37.743647], [-122.458738, 37.743594], [-122.458731, 37.743504], [-122.458505, 37.743515], [-122.458492, 37.743335], [-122.459177, 37.743394]]], [[[-122.458778, 37.744132], [-122.458086, 37.743984], [-122.457747, 37.744], [-122.457741, 37.74391], [-122.457515, 37.743921], [-122.457508, 37.743831], [-122.457169, 37.743847], [-122.456895, 37.743725], [-122.45715, 37.743578], [-122.45794, 37.743541], [-122.457947, 37.743631], [-122.458286, 37.743615], [-122.458293, 37.743705], [-122.458525, 37.743784], [-122.458538, 37.743963], [-122.458651, 37.743958], [-122.458778, 37.744132]]], [[[-122.457454, 37.748386], [-122.457181, 37.748618], [-122.457187, 37.748708], [-122.456848, 37.748724], [-122.456786, 37.748805], [-122.456077, 37.749029], [-122.455399, 37.749061], [-122.455406, 37.749151], [-122.454881, 37.749205], [-122.454734, 37.749272], [-122.454741, 37.749362], [-122.454628, 37.749367], [-122.454635, 37.749457], [-122.454451, 37.749544], [-122.453844, 37.749493], [-122.45385, 37.749583], [-122.453737, 37.749588], [-122.453643, 37.749862], [-122.453133, 37.749689], [-122.452966, 37.749894], [-122.452986, 37.750163], [-122.452873, 37.750169], [-122.452886, 37.750348], [-122.452773, 37.750353], [-122.452806, 37.750802], [-122.452738, 37.751027], [-122.452587, 37.750902], [-122.452254, 37.751007], [-122.452221, 37.750559], [-122.452334, 37.750554], [-122.452314, 37.750284], [-122.452139, 37.750011], [-122.452288, 37.749926], [-122.452268, 37.749656], [-122.452381, 37.749651], [-122.452229, 37.749118], [-122.452342, 37.749113], [-122.452309, 37.748664], [-122.452422, 37.748659], [-122.452395, 37.7483], [-122.452676, 37.748231], [-122.453098, 37.748349], [-122.453602, 37.748235], [-122.453844, 37.747963], [-122.453871, 37.748322], [-122.454275, 37.748343], [-122.454933, 37.748755], [-122.456082, 37.748587], [-122.456729, 37.748639], [-122.456722, 37.748549], [-122.456948, 37.748539], [-122.456941, 37.748449], [-122.457054, 37.748444], [-122.457048, 37.748354], [-122.457161, 37.748349], [-122.457141, 37.74808], [-122.457254, 37.748074], [-122.45733, 37.7475], [-122.457188, 37.746958], [-122.457555, 37.747114], [-122.45771, 37.747708], [-122.457454, 37.748386]], [[-122.454502, 37.749193], [-122.454591, 37.748808], [-122.45413, 37.74876], [-122.454136, 37.748849], [-122.453797, 37.748865], [-122.453784, 37.748686], [-122.453445, 37.748701], [-122.453452, 37.748791], [-122.453113, 37.748807], [-122.453119, 37.748897], [-122.453006, 37.748902], [-122.453026, 37.749171], [-122.452913, 37.749176], [-122.452933, 37.749445], [-122.453046, 37.74944], [-122.453059, 37.74962], [-122.453398, 37.749604], [-122.453385, 37.749424], [-122.453498, 37.749419], [-122.453485, 37.74924], [-122.453711, 37.749229], [-122.453704, 37.74914], [-122.454156, 37.749119], [-122.454169, 37.749298], [-122.454395, 37.749288], [-122.454389, 37.749198], [-122.454502, 37.749193]]], [[[-122.458933, 37.753938], [-122.458913, 37.753669], [-122.459139, 37.753659], [-122.459299, 37.75388], [-122.458933, 37.753938]]], [[[-122.460333, 37.753793], [-122.459726, 37.753941], [-122.459614, 37.753695], [-122.460043, 37.753617], [-122.460096, 37.753665], [-122.460333, 37.753793]]], [[[-122.457742, 37.757775], [-122.457855, 37.75777], [-122.457861, 37.75786], [-122.457748, 37.757865], [-122.457742, 37.757775]]], [[[-122.457456, 37.758509], [-122.457462, 37.758598], [-122.457928, 37.758757], [-122.457882, 37.758896], [-122.457428, 37.758736], [-122.456633, 37.758875], [-122.457443, 37.759122], [-122.455407, 37.759148], [-122.455386, 37.758934], [-122.456617, 37.758715], [-122.456897, 37.758625], [-122.456771, 37.75845], [-122.456997, 37.75844], [-122.45699, 37.75835], [-122.457442, 37.758329], [-122.457429, 37.75815], [-122.457316, 37.758155], [-122.45731, 37.758065], [-122.457423, 37.75806], [-122.457483, 37.757848], [-122.457629, 37.75778], [-122.457635, 37.75787], [-122.457748, 37.757865], [-122.457755, 37.757955], [-122.457642, 37.75796], [-122.457682, 37.758498], [-122.457456, 37.758509]], [[-122.457019, 37.758744], [-122.457123, 37.758614], [-122.456897, 37.758625], [-122.457019, 37.758744]]], [[[-122.458398, 37.758018], [-122.458314, 37.757839], [-122.459818, 37.757952], [-122.45944, 37.758254], [-122.460332, 37.758343], [-122.459744, 37.758513], [-122.458398, 37.758018]]], [[[-122.458518, 37.762151], [-122.458751, 37.76223], [-122.458877, 37.762404], [-122.459216, 37.762388], [-122.459209, 37.762298], [-122.459435, 37.762288], [-122.459429, 37.762198], [-122.459902, 37.762136], [-122.460074, 37.761718], [-122.460187, 37.761713], [-122.460167, 37.761444], [-122.460386, 37.761343], [-122.460567, 37.761629], [-122.460446, 37.762151], [-122.460333, 37.762156], [-122.460339, 37.762246], [-122.460678, 37.76223], [-122.460672, 37.76214], [-122.460785, 37.762135], [-122.460798, 37.762315], [-122.459894, 37.762357], [-122.459901, 37.762446], [-122.459449, 37.762467], [-122.459455, 37.762557], [-122.459116, 37.762573], [-122.459037, 37.762699], [-122.458724, 37.762619], [-122.458651, 37.762414], [-122.458192, 37.762346], [-122.458185, 37.762256], [-122.457953, 37.762177], [-122.457946, 37.762087], [-122.457042, 37.762129], [-122.456941, 37.762313], [-122.456723, 37.762414], [-122.456716, 37.762324], [-122.456484, 37.762245], [-122.456477, 37.762155], [-122.456364, 37.762161], [-122.456118, 37.761902], [-122.456185, 37.761779], [-122.456331, 37.761712], [-122.456677, 37.761786], [-122.456683, 37.761876], [-122.457135, 37.761855], [-122.457122, 37.761675], [-122.457235, 37.76167], [-122.457228, 37.76158], [-122.456559, 37.761569], [-122.457322, 37.761306], [-122.457421, 37.761121], [-122.457534, 37.761116], [-122.457614, 37.760662], [-122.457834, 37.760562], [-122.457847, 37.760741], [-122.45796, 37.760736], [-122.458073, 37.761222], [-122.458006, 37.761364], [-122.45868, 37.761393], [-122.458591, 37.761607], [-122.458478, 37.761612], [-122.458472, 37.761522], [-122.458133, 37.761538], [-122.458152, 37.761807], [-122.458611, 37.761876], [-122.458618, 37.761966], [-122.458392, 37.761976], [-122.458398, 37.762066], [-122.458511, 37.762061], [-122.458518, 37.762151]], [[-122.460313, 37.761887], [-122.4602, 37.761892], [-122.460213, 37.762072], [-122.460326, 37.762066], [-122.460313, 37.761887]]], [[[-122.460739, 37.761507], [-122.460852, 37.761502], [-122.460858, 37.761592], [-122.460745, 37.761597], [-122.460739, 37.761507]]], [[[-122.458957, 37.76195], [-122.459454, 37.761967], [-122.459054, 37.762064], [-122.458957, 37.76195]]], [[[-122.460778, 37.762045], [-122.460926, 37.762084], [-122.460785, 37.762135], [-122.460778, 37.762045]]], [[[-122.459401, 37.764138], [-122.458946, 37.763973], [-122.457759, 37.764166], [-122.457028, 37.764554], [-122.456323, 37.764683], [-122.45633, 37.764773], [-122.456217, 37.764778], [-122.456223, 37.764868], [-122.455997, 37.764878], [-122.455991, 37.764789], [-122.455539, 37.76481], [-122.455532, 37.76472], [-122.455984, 37.764699], [-122.455958, 37.76434], [-122.456071, 37.764335], [-122.456117, 37.764191], [-122.457341, 37.763781], [-122.457308, 37.763514], [-122.458475, 37.763475], [-122.460431, 37.76289], [-122.460571, 37.763094], [-122.461464, 37.76242], [-122.461457, 37.762855], [-122.460933, 37.763332], [-122.460956, 37.763606], [-122.460534, 37.763867], [-122.459731, 37.764028], [-122.459401, 37.764138]], [[-122.460495, 37.763523], [-122.460688, 37.763437], [-122.460425, 37.763412], [-122.460495, 37.763523]], [[-122.459973, 37.763433], [-122.460023, 37.763626], [-122.460226, 37.763451], [-122.459973, 37.763433]]], [[[-122.459979, 37.767006], [-122.460544, 37.766558], [-122.460942, 37.766633], [-122.460487, 37.766949], [-122.459979, 37.767006]]], [[[-122.458808, 37.767629], [-122.458768, 37.767932], [-122.458589, 37.767729], [-122.458562, 37.76737], [-122.458863, 37.767394], [-122.458808, 37.767629]]], [[[-122.460603, 37.770426], [-122.460622, 37.770696], [-122.460057, 37.770722], [-122.46004, 37.770883], [-122.459877, 37.771023], [-122.459848, 37.770574], [-122.460044, 37.770542], [-122.460037, 37.770453], [-122.460603, 37.770426]]], [[[-122.46033, 37.77101], [-122.460237, 37.771093], [-122.46019, 37.770986], [-122.46033, 37.77101]]], [[[-122.460768, 37.771139], [-122.460882, 37.771134], [-122.460888, 37.771223], [-122.460775, 37.771229], [-122.460768, 37.771139]]], [[[-122.457483, 37.772732], [-122.45749, 37.772822], [-122.457377, 37.772827], [-122.457298, 37.772953], [-122.457006, 37.772779], [-122.457251, 37.772653], [-122.457244, 37.772563], [-122.45747, 37.772553], [-122.457553, 37.772425], [-122.457839, 37.772503], [-122.45759, 37.772637], [-122.457596, 37.772727], [-122.457483, 37.772732]]], [[[-122.459192, 37.772833], [-122.459589, 37.772873], [-122.459409, 37.773022], [-122.457358, 37.773215], [-122.457322, 37.772973], [-122.458853, 37.772849], [-122.458846, 37.772759], [-122.459186, 37.772743], [-122.459192, 37.772833]]], [[[-122.459371, 37.773725], [-122.459258, 37.77373], [-122.459272, 37.773909], [-122.459159, 37.773915], [-122.459165, 37.774004], [-122.459278, 37.773999], [-122.459285, 37.774089], [-122.459059, 37.774099], [-122.459052, 37.77401], [-122.458939, 37.774015], [-122.458899, 37.773477], [-122.459012, 37.773471], [-122.459006, 37.773382], [-122.459119, 37.773376], [-122.459112, 37.773287], [-122.459332, 37.773186], [-122.459325, 37.773097], [-122.45989, 37.77307], [-122.459897, 37.77316], [-122.460575, 37.773129], [-122.460568, 37.773039], [-122.460681, 37.773034], [-122.460688, 37.773123], [-122.460861, 37.773236], [-122.459797, 37.773345], [-122.459804, 37.773435], [-122.459465, 37.77345], [-122.459478, 37.77363], [-122.459365, 37.773635], [-122.459371, 37.773725]]], [[[-122.460734, 37.773751], [-122.460813, 37.773722], [-122.460891, 37.77354], [-122.460993, 37.773741], [-122.460794, 37.773955], [-122.460734, 37.773751]]], [[[-122.458035, 37.774057], [-122.458041, 37.774147], [-122.457815, 37.774157], [-122.457691, 37.774277], [-122.45674, 37.774143], [-122.457004, 37.773925], [-122.457343, 37.773909], [-122.457337, 37.773819], [-122.457909, 37.773883], [-122.457902, 37.773793], [-122.458128, 37.773783], [-122.458244, 37.773648], [-122.458511, 37.773758], [-122.458361, 37.773862], [-122.458367, 37.773951], [-122.458141, 37.773962], [-122.458148, 37.774052], [-122.458035, 37.774057]]], [[[-122.459291, 37.774179], [-122.459285, 37.774089], [-122.459433, 37.774127], [-122.459291, 37.774179]]], [[[-122.457905, 37.79484], [-122.45801, 37.794914], [-122.457874, 37.794951], [-122.457905, 37.79484]]], [[[-122.457739, 37.794988], [-122.457874, 37.794951], [-122.457844, 37.795063], [-122.457739, 37.794988]]], [[[-122.45944, 37.795546], [-122.459244, 37.794967], [-122.459324, 37.794614], [-122.459597, 37.794658], [-122.45944, 37.795546]]], [[[-122.46035, 37.795581], [-122.460269, 37.79511], [-122.460654, 37.795199], [-122.46058, 37.795479], [-122.46035, 37.795581]]], [[[-122.456512, 37.79561], [-122.456459, 37.795182], [-122.456571, 37.79496], [-122.456793, 37.795544], [-122.457342, 37.795426], [-122.457487, 37.795287], [-122.458032, 37.795244], [-122.458423, 37.7955], [-122.458281, 37.795964], [-122.457963, 37.795501], [-122.457083, 37.795793], [-122.456512, 37.79561]]], [[[-122.459464, 37.796498], [-122.459124, 37.796514], [-122.459098, 37.796155], [-122.459211, 37.79615], [-122.459198, 37.79597], [-122.459311, 37.795965], [-122.459298, 37.795786], [-122.459411, 37.79578], [-122.459459, 37.795663], [-122.459596, 37.795981], [-122.459637, 37.79577], [-122.45975, 37.795765], [-122.45973, 37.795495], [-122.459956, 37.795485], [-122.459963, 37.795575], [-122.460076, 37.795569], [-122.460102, 37.795928], [-122.459989, 37.795933], [-122.459948, 37.796101], [-122.459711, 37.79607], [-122.459444, 37.796229], [-122.459464, 37.796498]]], [[[-122.458021, 37.796594], [-122.457817, 37.796769], [-122.457768, 37.796577], [-122.458021, 37.796594]]], [[[-122.454352, 37.714584], [-122.454187, 37.714776], [-122.454013, 37.714824], [-122.454007, 37.714734], [-122.453739, 37.714687], [-122.453548, 37.714665], [-122.453426, 37.714741], [-122.453688, 37.715019], [-122.454253, 37.714993], [-122.454259, 37.715082], [-122.454485, 37.715072], [-122.454492, 37.715162], [-122.454605, 37.715156], [-122.454611, 37.715246], [-122.45507, 37.715315], [-122.455109, 37.715853], [-122.455617, 37.716123], [-122.455488, 37.716376], [-122.45523, 37.716453], [-122.455501, 37.716555], [-122.455507, 37.716645], [-122.455733, 37.716634], [-122.45574, 37.716724], [-122.455853, 37.716719], [-122.455866, 37.716898], [-122.456041, 37.717009], [-122.455914, 37.71729], [-122.455495, 37.717329], [-122.45489, 37.716808], [-122.455205, 37.716557], [-122.454867, 37.716452], [-122.454797, 37.716228], [-122.454564, 37.716149], [-122.454558, 37.716059], [-122.454219, 37.716075], [-122.454212, 37.715985], [-122.453986, 37.715995], [-122.45398, 37.715906], [-122.453867, 37.715911], [-122.453847, 37.715642], [-122.453734, 37.715647], [-122.453727, 37.715557], [-122.453459, 37.715352], [-122.453389, 37.715573], [-122.453541, 37.715673], [-122.453882, 37.716966], [-122.453201, 37.717652], [-122.453195, 37.717563], [-122.453082, 37.717568], [-122.453055, 37.717209], [-122.453168, 37.717204], [-122.453142, 37.716845], [-122.452803, 37.71686], [-122.452585, 37.716995], [-122.452295, 37.717461], [-122.45211, 37.717312], [-122.452215, 37.716872], [-122.452345, 37.716792], [-122.452349, 37.716454], [-122.452614, 37.716216], [-122.452618, 37.715879], [-122.452534, 37.715762], [-122.452452, 37.715166], [-122.452339, 37.715171], [-122.452204, 37.715048], [-122.451909, 37.715147], [-122.451714, 37.7156], [-122.451516, 37.715442], [-122.45161, 37.714762], [-122.45218, 37.714549], [-122.452173, 37.714459], [-122.452286, 37.714454], [-122.45228, 37.714364], [-122.45307, 37.714327], [-122.453186, 37.714193], [-122.453873, 37.714374], [-122.454612, 37.714252], [-122.454933, 37.714426], [-122.454352, 37.714584]], [[-122.452807, 37.714759], [-122.452797, 37.71524], [-122.453136, 37.715224], [-122.453066, 37.714853], [-122.452807, 37.714759]]], [[[-122.455169, 37.71513], [-122.455681, 37.715183], [-122.455437, 37.715335], [-122.455169, 37.71513]]], [[[-122.45681, 37.715864], [-122.456923, 37.715859], [-122.456929, 37.715949], [-122.458461, 37.716104], [-122.457797, 37.716184], [-122.457225, 37.71611], [-122.456771, 37.71617], [-122.456501, 37.716328], [-122.456308, 37.716121], [-122.456232, 37.715711], [-122.455987, 37.715451], [-122.456205, 37.715353], [-122.456332, 37.715526], [-122.456445, 37.715521], [-122.456536, 37.715726], [-122.456803, 37.715775], [-122.45681, 37.715864]]], [[[-122.456311, 37.716788], [-122.456663, 37.716951], [-122.456324, 37.716967], [-122.456311, 37.716788]]], [[[-122.45398, 37.717409], [-122.454065, 37.717072], [-122.454248, 37.717101], [-122.454397, 37.717558], [-122.454042, 37.717651], [-122.453819, 37.717931], [-122.453605, 37.717614], [-122.453759, 37.717385], [-122.45398, 37.717409]]], [[[-122.455128, 37.717653], [-122.455268, 37.717677], [-122.455175, 37.71776], [-122.455128, 37.717653]]], [[[-122.455713, 37.717896], [-122.455853, 37.71792], [-122.455759, 37.718003], [-122.455713, 37.717896]]], [[[-122.455296, 37.718275], [-122.456141, 37.718387], [-122.455845, 37.718643], [-122.455127, 37.718722], [-122.453556, 37.718569], [-122.453761, 37.718388], [-122.454529, 37.71824], [-122.45459, 37.718038], [-122.455296, 37.718275]]], [[[-122.456694, 37.730598], [-122.457152, 37.730669], [-122.456994, 37.730837], [-122.456438, 37.730761], [-122.456531, 37.730552], [-122.456694, 37.730598]]], [[[-122.455329, 37.731186], [-122.455214, 37.731064], [-122.455414, 37.730784], [-122.455918, 37.730808], [-122.455329, 37.731186]]], [[[-122.456558, 37.732045], [-122.456304, 37.732093], [-122.456358, 37.731974], [-122.456558, 37.732045]]], [[[-122.456169, 37.73213], [-122.456304, 37.732093], [-122.456273, 37.732204], [-122.456169, 37.73213]]], [[[-122.454758, 37.732807], [-122.454562, 37.733074], [-122.454569, 37.733164], [-122.454117, 37.733185], [-122.454124, 37.733275], [-122.453541, 37.733335], [-122.453393, 37.733609], [-122.453373, 37.73385], [-122.45326, 37.733855], [-122.453273, 37.734035], [-122.452827, 37.734145], [-122.452834, 37.734235], [-122.452495, 37.734251], [-122.452315, 37.734398], [-122.452374, 37.734651], [-122.453299, 37.734393], [-122.453312, 37.734573], [-122.453199, 37.734578], [-122.453213, 37.734758], [-122.452309, 37.734799], [-122.452302, 37.73471], [-122.451963, 37.734725], [-122.451957, 37.734636], [-122.451663, 37.734579], [-122.451598, 37.734382], [-122.451485, 37.734388], [-122.451478, 37.734298], [-122.451365, 37.734303], [-122.451352, 37.734124], [-122.451239, 37.734129], [-122.451149, 37.733832], [-122.450754, 37.733701], [-122.450748, 37.733611], [-122.450522, 37.733622], [-122.450515, 37.733532], [-122.450063, 37.733553], [-122.45007, 37.733643], [-122.449928, 37.733694], [-122.450076, 37.733733], [-122.45009, 37.733912], [-122.45019, 37.734051], [-122.449764, 37.734107], [-122.449757, 37.734018], [-122.449644, 37.734023], [-122.449312, 37.734128], [-122.449338, 37.734487], [-122.450023, 37.734545], [-122.450149, 37.73486], [-122.450395, 37.734978], [-122.450401, 37.735068], [-122.450853, 37.735047], [-122.45086, 37.735137], [-122.451199, 37.735121], [-122.451192, 37.735031], [-122.451305, 37.735026], [-122.451299, 37.734936], [-122.451412, 37.734931], [-122.451418, 37.735021], [-122.451644, 37.73501], [-122.451671, 37.735369], [-122.451006, 37.73558], [-122.451012, 37.73567], [-122.450899, 37.735675], [-122.450926, 37.736034], [-122.451378, 37.736013], [-122.451391, 37.736193], [-122.451504, 37.736187], [-122.451511, 37.736277], [-122.451743, 37.736356], [-122.45175, 37.736446], [-122.451637, 37.736451], [-122.451643, 37.736541], [-122.451812, 37.736773], [-122.452115, 37.736789], [-122.452095, 37.73652], [-122.452321, 37.736509], [-122.452328, 37.736599], [-122.453232, 37.736557], [-122.453294, 37.736884], [-122.453512, 37.737078], [-122.453673, 37.737006], [-122.453856, 37.737339], [-122.453411, 37.737449], [-122.453417, 37.737539], [-122.453191, 37.737549], [-122.453198, 37.737639], [-122.452972, 37.73765], [-122.452979, 37.737739], [-122.453357, 37.737767], [-122.453098, 37.737824], [-122.452994, 37.737954], [-122.452872, 37.737834], [-122.452393, 37.738006], [-122.451981, 37.738056], [-122.452008, 37.738415], [-122.45246, 37.738394], [-122.452646, 37.738458], [-122.452712, 37.738742], [-122.452273, 37.738943], [-122.452047, 37.738953], [-122.452041, 37.738863], [-122.451928, 37.738869], [-122.451867, 37.739116], [-122.451509, 37.739338], [-122.451502, 37.739248], [-122.45117, 37.739354], [-122.451187, 37.739196], [-122.451452, 37.738958], [-122.451493, 37.738731], [-122.451576, 37.738705], [-122.451453, 37.738024], [-122.450739, 37.738113], [-122.450703, 37.738314], [-122.450533, 37.738393], [-122.450447, 37.738679], [-122.44999, 37.73891], [-122.450159, 37.738328], [-122.450293, 37.738224], [-122.450287, 37.738134], [-122.4504, 37.738129], [-122.450387, 37.73795], [-122.4505, 37.737944], [-122.450535, 37.737799], [-122.450844, 37.737441], [-122.450919, 37.737078], [-122.450301, 37.737329], [-122.449871, 37.737766], [-122.449428, 37.737899], [-122.449343, 37.737638], [-122.449456, 37.737633], [-122.449437, 37.737364], [-122.449656, 37.737263], [-122.44959, 37.736969], [-122.449498, 37.737152], [-122.44931, 37.737189], [-122.449297, 37.73701], [-122.449184, 37.737015], [-122.449171, 37.736836], [-122.449058, 37.736841], [-122.44901, 37.736958], [-122.448945, 37.736846], [-122.4485, 37.736957], [-122.448552, 37.737675], [-122.448665, 37.737669], [-122.448679, 37.737849], [-122.448792, 37.737844], [-122.448798, 37.737933], [-122.447821, 37.737849], [-122.447709, 37.737663], [-122.447121, 37.737377], [-122.44741, 37.737097], [-122.447257, 37.737014], [-122.44725, 37.736925], [-122.447363, 37.736919], [-122.447357, 37.73683], [-122.447576, 37.73673], [-122.447523, 37.736569], [-122.447118, 37.736661], [-122.447098, 37.736392], [-122.446985, 37.736397], [-122.446978, 37.736307], [-122.447204, 37.736297], [-122.447756, 37.736091], [-122.448095, 37.736075], [-122.448068, 37.735716], [-122.447623, 37.735827], [-122.44763, 37.735917], [-122.446839, 37.735953], [-122.446695, 37.735584], [-122.447108, 37.735638], [-122.447145, 37.735489], [-122.44759, 37.735378], [-122.447584, 37.735289], [-122.447697, 37.735283], [-122.44769, 37.735194], [-122.447909, 37.735094], [-122.447925, 37.734705], [-122.448002, 37.734819], [-122.448115, 37.734814], [-122.448089, 37.734455], [-122.448263, 37.734515], [-122.448377, 37.734772], [-122.448968, 37.734805], [-122.448999, 37.734503], [-122.449112, 37.734498], [-122.449093, 37.734228], [-122.449206, 37.734223], [-122.449199, 37.734133], [-122.448973, 37.734144], [-122.44896, 37.733964], [-122.449073, 37.733959], [-122.449087, 37.733382], [-122.449479, 37.73331], [-122.449472, 37.73322], [-122.449691, 37.73312], [-122.449678, 37.732941], [-122.449791, 37.732936], [-122.449852, 37.732454], [-122.450217, 37.732556], [-122.45225, 37.732461], [-122.452325, 37.732386], [-122.45451, 37.732357], [-122.454523, 37.732536], [-122.454636, 37.732531], [-122.454642, 37.73262], [-122.454758, 37.732807]], [[-122.454335, 37.733096], [-122.454498, 37.733115], [-122.454317, 37.732816], [-122.454091, 37.732826], [-122.454084, 37.732736], [-122.453745, 37.732752], [-122.453654, 37.733015], [-122.454335, 37.733096]], [[-122.453267, 37.733221], [-122.452041, 37.733505], [-122.451839, 37.733778], [-122.452575, 37.733797], [-122.452569, 37.733707], [-122.453014, 37.733596], [-122.453267, 37.733221]], [[-122.451558, 37.733844], [-122.451804, 37.733707], [-122.451382, 37.733574], [-122.451558, 37.733844]], [[-122.452687, 37.732856], [-122.452447, 37.732764], [-122.452044, 37.732741], [-122.451281, 37.732912], [-122.45244, 37.733057], [-122.453477, 37.733022], [-122.453261, 37.732793], [-122.452687, 37.732856]], [[-122.451431, 37.736731], [-122.451205, 37.736741], [-122.451211, 37.736831], [-122.451098, 37.736836], [-122.451105, 37.736926], [-122.45157, 37.737085], [-122.45155, 37.736815], [-122.451437, 37.736821], [-122.451431, 37.736731]], [[-122.452155, 37.737327], [-122.452141, 37.737148], [-122.452028, 37.737153], [-122.452015, 37.736974], [-122.451789, 37.736984], [-122.451796, 37.737074], [-122.451683, 37.737079], [-122.451703, 37.737348], [-122.452155, 37.737327]], [[-122.451385, 37.737546], [-122.451239, 37.737831], [-122.451629, 37.737892], [-122.451623, 37.737802], [-122.451842, 37.737702], [-122.451703, 37.737348], [-122.451385, 37.737546]], [[-122.450201, 37.736968], [-122.450208, 37.737058], [-122.450547, 37.737042], [-122.45054, 37.736952], [-122.450653, 37.736947], [-122.450646, 37.736857], [-122.450533, 37.736863], [-122.45052, 37.736683], [-122.450288, 37.736604], [-122.450274, 37.736424], [-122.450042, 37.736345], [-122.449831, 37.736055], [-122.449677, 37.736002], [-122.44967, 37.735912], [-122.449308, 37.735859], [-122.448992, 37.735944], [-122.448927, 37.735831], [-122.448912, 37.736398], [-122.449377, 37.736556], [-122.449384, 37.736646], [-122.44961, 37.736635], [-122.449629, 37.736904], [-122.449968, 37.736889], [-122.450201, 37.736968]], [[-122.448799, 37.736403], [-122.448806, 37.736492], [-122.448919, 37.736487], [-122.448912, 37.736398], [-122.448799, 37.736403]], [[-122.448521, 37.735771], [-122.448805, 37.735466], [-122.449178, 37.735395], [-122.449185, 37.735485], [-122.449524, 37.735469], [-122.449511, 37.735289], [-122.449398, 37.735295], [-122.449391, 37.735205], [-122.449165, 37.735215], [-122.449139, 37.734856], [-122.448693, 37.734966], [-122.448235, 37.734898], [-122.448275, 37.735437], [-122.448162, 37.735442], [-122.448181, 37.735711], [-122.448338, 37.735773], [-122.448199, 37.736126], [-122.448341, 37.736334], [-122.448799, 37.736403], [-122.448521, 37.735771]], [[-122.448085, 37.736476], [-122.448354, 37.736513], [-122.448341, 37.736334], [-122.448085, 37.736476]], [[-122.450733, 37.736493], [-122.450507, 37.736504], [-122.450633, 37.736678], [-122.450746, 37.736673], [-122.450733, 37.736493]], [[-122.449821, 37.735667], [-122.449863, 37.735453], [-122.449613, 37.735577], [-122.449821, 37.735667]], [[-122.448167, 37.737062], [-122.447828, 37.737078], [-122.447848, 37.737347], [-122.448187, 37.737331], [-122.448167, 37.737062]]], [[[-122.454369, 37.735064], [-122.454482, 37.735059], [-122.454495, 37.735238], [-122.454269, 37.735249], [-122.45418, 37.735021], [-122.454362, 37.734974], [-122.454369, 37.735064]]], [[[-122.455964, 37.73517], [-122.456104, 37.735194], [-122.45601, 37.735278], [-122.455964, 37.73517]]], [[[-122.455337, 37.73533], [-122.454937, 37.735426], [-122.45484, 37.735312], [-122.455337, 37.73533]]], [[[-122.455212, 37.735745], [-122.455206, 37.735655], [-122.455771, 37.735629], [-122.455777, 37.735719], [-122.455212, 37.735745]]], [[[-122.45611, 37.735613], [-122.456381, 37.735746], [-122.455897, 37.735803], [-122.455884, 37.735624], [-122.455997, 37.735619], [-122.45611, 37.735613]]], [[[-122.456474, 37.736366], [-122.45588, 37.736246], [-122.456369, 37.736052], [-122.457117, 37.736504], [-122.456747, 37.736574], [-122.456474, 37.736366]]], [[[-122.455656, 37.738695], [-122.455798, 37.738644], [-122.45565, 37.738606], [-122.455633, 37.737733], [-122.455936, 37.737872], [-122.456274, 37.738765], [-122.455606, 37.73919], [-122.455197, 37.739102], [-122.454129, 37.738677], [-122.454584, 37.738697], [-122.455218, 37.738896], [-122.455224, 37.738986], [-122.455676, 37.738965], [-122.455656, 37.738695]]], [[[-122.456103, 37.741012], [-122.4557, 37.741517], [-122.455326, 37.741721], [-122.455346, 37.741381], [-122.455708, 37.740944], [-122.456103, 37.741012]]], [[[-122.457496, 37.742121], [-122.457044, 37.742142], [-122.457037, 37.742053], [-122.457489, 37.742032], [-122.457496, 37.742121]]], [[[-122.456824, 37.742242], [-122.456818, 37.742153], [-122.456931, 37.742147], [-122.456937, 37.742237], [-122.456824, 37.742242]]], [[[-122.457163, 37.742227], [-122.457303, 37.742251], [-122.45721, 37.742334], [-122.457163, 37.742227]]], [[[-122.455042, 37.745957], [-122.454929, 37.745855], [-122.455035, 37.745657], [-122.455415, 37.745677], [-122.455042, 37.745957]]], [[[-122.456217, 37.747046], [-122.45489, 37.746601], [-122.454742, 37.7463], [-122.456011, 37.746702], [-122.456271, 37.746461], [-122.45676, 37.746771], [-122.456203, 37.746907], [-122.456217, 37.747046]]], [[[-122.453539, 37.746896], [-122.453532, 37.746807], [-122.453419, 37.746812], [-122.453413, 37.746722], [-122.453181, 37.746642], [-122.453054, 37.746469], [-122.452779, 37.746347], [-122.453267, 37.746279], [-122.453273, 37.746369], [-122.453386, 37.746363], [-122.453393, 37.746453], [-122.453547, 37.746506], [-122.453632, 37.746622], [-122.453904, 37.746716], [-122.453844, 37.746942], [-122.453659, 37.746981], [-122.453652, 37.746891], [-122.453539, 37.746896]]], [[[-122.455702, 37.749567], [-122.455807, 37.749641], [-122.455671, 37.749678], [-122.455702, 37.749567]]], [[[-122.453424, 37.751493], [-122.453437, 37.751673], [-122.453211, 37.751683], [-122.453231, 37.751952], [-122.453118, 37.751958], [-122.453144, 37.752317], [-122.453031, 37.752322], [-122.453051, 37.752591], [-122.453277, 37.752581], [-122.453284, 37.75267], [-122.453058, 37.752681], [-122.453071, 37.75286], [-122.452845, 37.752871], [-122.452852, 37.75296], [-122.452632, 37.753061], [-122.452293, 37.753076], [-122.452286, 37.752987], [-122.452506, 37.752886], [-122.452473, 37.752438], [-122.452586, 37.752433], [-122.452573, 37.752253], [-122.452285, 37.752324], [-122.452227, 37.752179], [-122.452201, 37.75182], [-122.452314, 37.751815], [-122.452307, 37.751725], [-122.451888, 37.751287], [-122.451735, 37.751662], [-122.451581, 37.751608], [-122.451496, 37.751493], [-122.451151, 37.751419], [-122.451144, 37.751329], [-122.450685, 37.75126], [-122.450679, 37.751171], [-122.450566, 37.751176], [-122.450494, 37.750974], [-122.450446, 37.751091], [-122.450333, 37.751097], [-122.450327, 37.751007], [-122.450214, 37.751012], [-122.4502, 37.750833], [-122.450426, 37.750822], [-122.450433, 37.750912], [-122.450878, 37.750801], [-122.450885, 37.750891], [-122.451231, 37.750965], [-122.451237, 37.751055], [-122.45147, 37.751134], [-122.451476, 37.751224], [-122.451589, 37.751218], [-122.451576, 37.751039], [-122.451463, 37.751044], [-122.451457, 37.750954], [-122.451344, 37.75096], [-122.451337, 37.75087], [-122.451676, 37.750854], [-122.451778, 37.750993], [-122.452141, 37.751013], [-122.452188, 37.751258], [-122.452606, 37.751554], [-122.452666, 37.751979], [-122.452779, 37.751973], [-122.452766, 37.751794], [-122.452879, 37.751789], [-122.452865, 37.751609], [-122.452978, 37.751604], [-122.452965, 37.751425], [-122.453078, 37.751419], [-122.453171, 37.751145], [-122.453284, 37.75114], [-122.453359, 37.751001], [-122.453241, 37.750836], [-122.453371, 37.750776], [-122.453543, 37.750329], [-122.453743, 37.750368], [-122.453823, 37.750755], [-122.453915, 37.750788], [-122.454108, 37.751082], [-122.453856, 37.751203], [-122.453756, 37.751388], [-122.453643, 37.751393], [-122.453424, 37.751493]], [[-122.452553, 37.751984], [-122.452566, 37.752163], [-122.452679, 37.752158], [-122.452666, 37.751979], [-122.452553, 37.751984]]], [[[-122.455583, 37.753104], [-122.45547, 37.753109], [-122.455477, 37.753199], [-122.454901, 37.753436], [-122.454806, 37.75332], [-122.454693, 37.753325], [-122.454686, 37.753235], [-122.454227, 37.753167], [-122.454221, 37.753077], [-122.454108, 37.753082], [-122.454101, 37.752992], [-122.453762, 37.753008], [-122.453629, 37.752744], [-122.454307, 37.752713], [-122.454314, 37.752803], [-122.455165, 37.752862], [-122.455238, 37.75303], [-122.455564, 37.752835], [-122.455557, 37.752745], [-122.455928, 37.752871], [-122.45557, 37.752924], [-122.455577, 37.753014], [-122.455583, 37.753104]]], [[[-122.455137, 37.754745], [-122.454911, 37.754755], [-122.454586, 37.754276], [-122.454739, 37.753953], [-122.454852, 37.753948], [-122.454839, 37.753769], [-122.454952, 37.753763], [-122.454958, 37.753853], [-122.455191, 37.753932], [-122.455217, 37.754291], [-122.455104, 37.754296], [-122.455118, 37.754476], [-122.455137, 37.754745]]], [[[-122.456554, 37.753959], [-122.456441, 37.753964], [-122.456427, 37.753785], [-122.45654, 37.75378], [-122.456547, 37.753869], [-122.456554, 37.753959]]], [[[-122.456719, 37.754672], [-122.456339, 37.75489], [-122.456141, 37.754518], [-122.455915, 37.754529], [-122.455902, 37.754349], [-122.456573, 37.754228], [-122.45658, 37.754318], [-122.456693, 37.754313], [-122.4567, 37.754402], [-122.456932, 37.754482], [-122.456945, 37.754661], [-122.456719, 37.754672]]], [[[-122.456526, 37.755131], [-122.45652, 37.755041], [-122.456633, 37.755036], [-122.456639, 37.755125], [-122.456526, 37.755131]]], [[[-122.456473, 37.755943], [-122.456586, 37.755938], [-122.456606, 37.756207], [-122.456838, 37.756287], [-122.456845, 37.756376], [-122.456958, 37.756371], [-122.456978, 37.75664], [-122.456648, 37.756776], [-122.4563, 37.756672], [-122.456174, 37.756497], [-122.456061, 37.756503], [-122.456047, 37.756323], [-122.456375, 37.756261], [-122.456067, 37.755709], [-122.45622, 37.755595], [-122.456207, 37.755416], [-122.45632, 37.75541], [-122.456314, 37.755321], [-122.456533, 37.75522], [-122.456526, 37.755641], [-122.45646, 37.755764], [-122.456473, 37.755943]], [[-122.456663, 37.756515], [-122.456725, 37.756292], [-122.456459, 37.756366], [-122.456663, 37.756515]]], [[[-122.456879, 37.755294], [-122.456992, 37.755289], [-122.456985, 37.755199], [-122.457348, 37.755219], [-122.45745, 37.755358], [-122.457176, 37.755482], [-122.456885, 37.755384], [-122.456879, 37.755294]]], [[[-122.454525, 37.755674], [-122.454519, 37.755584], [-122.454632, 37.755579], [-122.454638, 37.755668], [-122.454525, 37.755674]]], [[[-122.454751, 37.755663], [-122.454765, 37.755843], [-122.454919, 37.755894], [-122.454745, 37.756141], [-122.454665, 37.756027], [-122.454552, 37.756033], [-122.454545, 37.755943], [-122.454319, 37.755953], [-122.454313, 37.755864], [-122.454645, 37.755758], [-122.454638, 37.755668], [-122.454751, 37.755663]]], [[[-122.454385, 37.756851], [-122.454379, 37.756761], [-122.454118, 37.756728], [-122.454259, 37.756676], [-122.454239, 37.756407], [-122.454126, 37.756412], [-122.45412, 37.756323], [-122.454233, 37.756317], [-122.454226, 37.756228], [-122.454565, 37.756212], [-122.454591, 37.756571], [-122.45493, 37.756555], [-122.454863, 37.756678], [-122.454718, 37.756745], [-122.454724, 37.756835], [-122.454385, 37.756851]]], [[[-122.457715, 37.757416], [-122.457376, 37.757432], [-122.457383, 37.757522], [-122.456818, 37.757548], [-122.456805, 37.757368], [-122.457709, 37.757326], [-122.457715, 37.757416]]], [[[-122.454325, 37.757574], [-122.454318, 37.757484], [-122.454431, 37.757479], [-122.454438, 37.757568], [-122.454325, 37.757574]]], [[[-122.4538, 37.758138], [-122.453632, 37.758242], [-122.453527, 37.759051], [-122.453753, 37.759041], [-122.453766, 37.75922], [-122.453653, 37.759225], [-122.45366, 37.759315], [-122.453547, 37.75932], [-122.453553, 37.75941], [-122.45341, 37.759516], [-122.453371, 37.759819], [-122.453673, 37.759495], [-122.453786, 37.759489], [-122.453779, 37.7594], [-122.453892, 37.759394], [-122.453886, 37.759305], [-122.453999, 37.759299], [-122.453992, 37.75921], [-122.454105, 37.759204], [-122.454098, 37.759115], [-122.454211, 37.759109], [-122.454205, 37.75902], [-122.454318, 37.759014], [-122.454311, 37.758925], [-122.454605, 37.758982], [-122.45467, 37.759178], [-122.454833, 37.759115], [-122.455465, 37.759208], [-122.455341, 37.759454], [-122.454683, 37.759358], [-122.454767, 37.759658], [-122.455658, 37.759511], [-122.455778, 37.759719], [-122.455959, 37.759748], [-122.455953, 37.759659], [-122.456179, 37.759648], [-122.456172, 37.759559], [-122.456021, 37.759511], [-122.456505, 37.759453], [-122.456518, 37.759633], [-122.457189, 37.759511], [-122.45701, 37.759704], [-122.456147, 37.760051], [-122.455832, 37.760214], [-122.455667, 37.760392], [-122.45527, 37.760493], [-122.455121, 37.760688], [-122.455008, 37.760693], [-122.455015, 37.760783], [-122.454902, 37.760788], [-122.454909, 37.760878], [-122.454796, 37.760883], [-122.454809, 37.761062], [-122.454578, 37.761125], [-122.454443, 37.76174], [-122.45442, 37.762459], [-122.454589, 37.762693], [-122.454642, 37.763411], [-122.454529, 37.763416], [-122.454542, 37.763596], [-122.454429, 37.763601], [-122.454442, 37.76378], [-122.454329, 37.763786], [-122.454349, 37.764055], [-122.454141, 37.763942], [-122.454196, 37.763522], [-122.453737, 37.763629], [-122.453541, 37.763403], [-122.453574, 37.763112], [-122.453238, 37.762721], [-122.45272, 37.763266], [-122.452508, 37.763021], [-122.452428, 37.762613], [-122.452266, 37.762522], [-122.452581, 37.762296], [-122.452668, 37.762102], [-122.452941, 37.761811], [-122.453207, 37.76183], [-122.453599, 37.761569], [-122.453585, 37.761389], [-122.452568, 37.761436], [-122.452562, 37.761347], [-122.452103, 37.761278], [-122.452096, 37.761188], [-122.451983, 37.761193], [-122.451977, 37.761104], [-122.451822, 37.76105], [-122.451695, 37.760877], [-122.451498, 37.760766], [-122.450969, 37.76076], [-122.450831, 37.760572], [-122.450497, 37.760512], [-122.450448, 37.760364], [-122.449657, 37.760401], [-122.44965, 37.760311], [-122.449198, 37.760332], [-122.449352, 37.760626], [-122.448307, 37.760554], [-122.448401, 37.760279], [-122.448846, 37.760169], [-122.44884, 37.760079], [-122.449292, 37.760058], [-122.449272, 37.759789], [-122.448933, 37.759804], [-122.448317, 37.760005], [-122.448168, 37.7602], [-122.447942, 37.760211], [-122.447949, 37.7603], [-122.447442, 37.760256], [-122.44755, 37.759912], [-122.448481, 37.759825], [-122.448474, 37.759736], [-122.448587, 37.75973], [-122.448574, 37.759551], [-122.448793, 37.759451], [-122.448787, 37.759361], [-122.450821, 37.759267], [-122.450828, 37.759356], [-122.450489, 37.759372], [-122.450495, 37.759462], [-122.451286, 37.759425], [-122.45128, 37.759335], [-122.451167, 37.759341], [-122.451153, 37.759161], [-122.451705, 37.758956], [-122.451818, 37.75895], [-122.451825, 37.75904], [-122.452164, 37.759024], [-122.452157, 37.758935], [-122.452596, 37.758734], [-122.452796, 37.758365], [-122.452909, 37.75836], [-122.452902, 37.75827], [-122.453015, 37.758265], [-122.453009, 37.758175], [-122.453235, 37.758164], [-122.453295, 37.757952], [-122.453441, 37.757885], [-122.453434, 37.757795], [-122.45366, 37.757785], [-122.453654, 37.757695], [-122.454046, 37.757752], [-122.454148, 37.757619], [-122.454325, 37.757574], [-122.454246, 37.757893], [-122.453899, 37.757953], [-122.453906, 37.758043], [-122.453793, 37.758048], [-122.4538, 37.758138]], [[-122.454096, 37.760091], [-122.454145, 37.759743], [-122.453318, 37.759927], [-122.453015, 37.759795], [-122.453008, 37.759705], [-122.452895, 37.759711], [-122.452449, 37.759821], [-122.452456, 37.759911], [-122.45223, 37.759922], [-122.452324, 37.760404], [-122.452722, 37.760439], [-122.453506, 37.760313], [-122.454096, 37.760091]], [[-122.454862, 37.76025], [-122.454749, 37.760255], [-122.454763, 37.760434], [-122.454876, 37.760429], [-122.454862, 37.76025]], [[-122.453918, 37.761284], [-122.453911, 37.761194], [-122.453798, 37.761199], [-122.453805, 37.761289], [-122.453918, 37.761284]], [[-122.454024, 37.761189], [-122.454018, 37.761099], [-122.453905, 37.761104], [-122.453911, 37.761194], [-122.454024, 37.761189]], [[-122.451771, 37.759853], [-122.451825, 37.760014], [-122.452004, 37.759932], [-122.451997, 37.759842], [-122.451771, 37.759853]], [[-122.452882, 37.759531], [-122.452888, 37.759621], [-122.453001, 37.759616], [-122.452995, 37.759526], [-122.452882, 37.759531]], [[-122.451678, 37.760127], [-122.451561, 37.760345], [-122.45175, 37.760424], [-122.451834, 37.760181], [-122.451678, 37.760127]], [[-122.453439, 37.762474], [-122.454087, 37.762692], [-122.454123, 37.762535], [-122.453613, 37.762011], [-122.452925, 37.762223], [-122.453119, 37.76267], [-122.453439, 37.762474]]], [[[-122.456749, 37.762773], [-122.456897, 37.762811], [-122.456756, 37.762863], [-122.456749, 37.762773]]], [[[-122.45665, 37.762958], [-122.456643, 37.762868], [-122.456756, 37.762863], [-122.456763, 37.762952], [-122.45665, 37.762958]]], [[[-122.453597, 37.76396], [-122.453538, 37.763822], [-122.454044, 37.763867], [-122.453868, 37.764206], [-122.453597, 37.76396]]], [[[-122.455426, 37.764815], [-122.454977, 37.764794], [-122.454647, 37.764458], [-122.454369, 37.764324], [-122.454362, 37.764234], [-122.454214, 37.764196], [-122.454468, 37.764139], [-122.454475, 37.764229], [-122.454821, 37.764303], [-122.454827, 37.764393], [-122.45494, 37.764387], [-122.455025, 37.764503], [-122.45518, 37.764556], [-122.455186, 37.764646], [-122.455419, 37.764725], [-122.455426, 37.764815]]], [[[-122.455891, 37.764973], [-122.455884, 37.764884], [-122.455997, 37.764878], [-122.456004, 37.764968], [-122.455891, 37.764973]]], [[[-122.456562, 37.765728], [-122.456206, 37.76564], [-122.45627, 37.765496], [-122.456775, 37.765574], [-122.456562, 37.765728]]], [[[-122.455432, 37.76565], [-122.455968, 37.765528], [-122.456035, 37.765713], [-122.455724, 37.765791], [-122.455335, 37.765754], [-122.455432, 37.76565]]], [[[-122.453837, 37.765755], [-122.453783, 37.765611], [-122.455072, 37.765588], [-122.454392, 37.765798], [-122.453837, 37.765755]]], [[[-122.455815, 37.771639], [-122.455822, 37.771729], [-122.455709, 37.771734], [-122.455642, 37.771858], [-122.455615, 37.772009], [-122.455728, 37.772003], [-122.455755, 37.772362], [-122.455535, 37.772462], [-122.455542, 37.772552], [-122.455203, 37.772568], [-122.454988, 37.77234], [-122.454854, 37.771969], [-122.45515, 37.77185], [-122.455137, 37.771671], [-122.455363, 37.77166], [-122.455356, 37.77157], [-122.455689, 37.771465], [-122.455682, 37.771375], [-122.455795, 37.77137], [-122.455789, 37.77128], [-122.456291, 37.771099], [-122.456747, 37.771287], [-122.45662, 37.771552], [-122.456359, 37.771322], [-122.456254, 37.771439], [-122.456141, 37.771444], [-122.456147, 37.771534], [-122.455921, 37.771544], [-122.455928, 37.771634], [-122.455815, 37.771639]], [[-122.455502, 37.772014], [-122.455509, 37.772104], [-122.455622, 37.772098], [-122.455615, 37.772009], [-122.455502, 37.772014]], [[-122.455396, 37.772109], [-122.455403, 37.772199], [-122.455516, 37.772193], [-122.455509, 37.772104], [-122.455396, 37.772109]], [[-122.455289, 37.772204], [-122.455296, 37.772293], [-122.455409, 37.772288], [-122.455403, 37.772199], [-122.455289, 37.772204]], [[-122.455183, 37.772299], [-122.45519, 37.772388], [-122.455303, 37.772383], [-122.455296, 37.772293], [-122.455183, 37.772299]]], [[[-122.456822, 37.7728], [-122.456318, 37.772704], [-122.45621, 37.772404], [-122.45632, 37.772336], [-122.456307, 37.772157], [-122.456646, 37.772141], [-122.456709, 37.771885], [-122.457085, 37.77194], [-122.457091, 37.77203], [-122.457473, 37.772057], [-122.457151, 37.772242], [-122.457078, 37.772446], [-122.456898, 37.772489], [-122.456822, 37.7728]], [[-122.456892, 37.772399], [-122.456666, 37.77241], [-122.456659, 37.77232], [-122.456546, 37.772325], [-122.456559, 37.772505], [-122.456898, 37.772489], [-122.456892, 37.772399]]], [[[-122.454578, 37.773317], [-122.454295, 37.773141], [-122.45464, 37.772842], [-122.454879, 37.772788], [-122.455347, 37.772763], [-122.455649, 37.773038], [-122.455595, 37.77327], [-122.455369, 37.77328], [-122.455362, 37.773191], [-122.455136, 37.773201], [-122.455198, 37.773061], [-122.455041, 37.772899], [-122.454797, 37.773217], [-122.454804, 37.773307], [-122.454578, 37.773317]]], [[[-122.455776, 37.773332], [-122.455841, 37.773529], [-122.455608, 37.773449], [-122.455595, 37.77327], [-122.455776, 37.773332]]], [[[-122.456333, 37.774046], [-122.456604, 37.774217], [-122.456195, 37.774418], [-122.456333, 37.774046]]], [[[-122.454567, 37.777424], [-122.454623, 37.777006], [-122.454902, 37.777054], [-122.454733, 37.777397], [-122.454567, 37.777424]]], [[[-122.453903, 37.779561], [-122.45379, 37.779566], [-122.45381, 37.779835], [-122.453697, 37.77984], [-122.45371, 37.78002], [-122.453597, 37.780025], [-122.453604, 37.780115], [-122.453378, 37.780125], [-122.453384, 37.780215], [-122.452706, 37.780246], [-122.452713, 37.780336], [-122.451695, 37.780383], [-122.451647, 37.780501], [-122.451582, 37.780389], [-122.450678, 37.780431], [-122.450671, 37.780341], [-122.450155, 37.780314], [-122.449638, 37.780589], [-122.449487, 37.780346], [-122.449214, 37.780192], [-122.449403, 37.780057], [-122.449149, 37.779691], [-122.449036, 37.779696], [-122.449009, 37.779338], [-122.448719, 37.779167], [-122.448974, 37.779038], [-122.449109, 37.779153], [-122.449222, 37.779148], [-122.449236, 37.779327], [-122.449315, 37.779352], [-122.44942, 37.779603], [-122.449647, 37.779697], [-122.449708, 37.779575], [-122.449821, 37.77957], [-122.449894, 37.779452], [-122.450146, 37.779322], [-122.449967, 37.779002], [-122.450113, 37.778926], [-122.450107, 37.778836], [-122.45022, 37.778831], [-122.450207, 37.778652], [-122.450433, 37.778641], [-122.450539, 37.778786], [-122.450821, 37.778775], [-122.450652, 37.778541], [-122.450706, 37.778324], [-122.450972, 37.778256], [-122.450965, 37.778166], [-122.451643, 37.778135], [-122.451747, 37.778005], [-122.451869, 37.778124], [-122.453021, 37.778042], [-122.453309, 37.778274], [-122.453451, 37.778716], [-122.453788, 37.778899], [-122.4541, 37.778976], [-122.454506, 37.779412], [-122.454331, 37.77959], [-122.454136, 37.77964], [-122.454143, 37.77973], [-122.453917, 37.77974], [-122.45391, 37.77965], [-122.453903, 37.779561]], [[-122.452633, 37.779259], [-122.45252, 37.779265], [-122.452501, 37.778995], [-122.45217, 37.778621], [-122.451896, 37.778483], [-122.45167, 37.778494], [-122.451583, 37.778607], [-122.451069, 37.77854], [-122.451127, 37.778884], [-122.450804, 37.779072], [-122.450453, 37.77891], [-122.450459, 37.779], [-122.450346, 37.779005], [-122.450492, 37.779449], [-122.451284, 37.779412], [-122.45129, 37.779502], [-122.45276, 37.779434], [-122.452753, 37.779344], [-122.45264, 37.779349], [-122.452633, 37.779259]], [[-122.453026, 37.778431], [-122.452836, 37.778367], [-122.452807, 37.778531], [-122.453033, 37.778521], [-122.453026, 37.778431]], [[-122.452671, 37.778568], [-122.452776, 37.778642], [-122.452807, 37.778531], [-122.452671, 37.778568]], [[-122.453901, 37.779071], [-122.453751, 37.779027], [-122.453811, 37.779229], [-122.453901, 37.779071]]], [[[-122.455329, 37.789668], [-122.45368, 37.789555], [-122.454001, 37.789418], [-122.455233, 37.78946], [-122.455329, 37.789668]]], [[[-122.454998, 37.79079], [-122.454793, 37.790884], [-122.454724, 37.790686], [-122.454998, 37.79079]]], [[[-122.453944, 37.793964], [-122.45417, 37.793953], [-122.454197, 37.794312], [-122.453971, 37.794322], [-122.453944, 37.793964]]], [[[-122.457101, 37.794941], [-122.456791, 37.794821], [-122.45691, 37.794186], [-122.457196, 37.794243], [-122.457101, 37.794941]]], [[[-122.456424, 37.794709], [-122.456478, 37.794476], [-122.456644, 37.794556], [-122.456521, 37.794781], [-122.456424, 37.794709]]], [[[-122.453764, 37.794602], [-122.45403, 37.794654], [-122.454147, 37.795437], [-122.453625, 37.794978], [-122.453764, 37.794602]]], [[[-122.454208, 37.795617], [-122.454283, 37.795478], [-122.454555, 37.795572], [-122.454313, 37.795764], [-122.454208, 37.795617]]], [[[-122.455841, 37.797428], [-122.456763, 37.796804], [-122.457012, 37.796851], [-122.456518, 37.797363], [-122.455803, 37.79761], [-122.455841, 37.797428]]], [[[-122.45359, 37.798391], [-122.453477, 37.798397], [-122.45349, 37.798576], [-122.453271, 37.798676], [-122.453277, 37.798766], [-122.453051, 37.798777], [-122.453058, 37.798866], [-122.452945, 37.798872], [-122.452841, 37.799002], [-122.452718, 37.798882], [-122.452705, 37.798703], [-122.452818, 37.798697], [-122.452812, 37.798608], [-122.452925, 37.798602], [-122.452918, 37.798513], [-122.453138, 37.798412], [-122.453131, 37.798323], [-122.453244, 37.798317], [-122.453238, 37.798228], [-122.453183, 37.798178], [-122.452967, 37.798214], [-122.452806, 37.797657], [-122.452643, 37.797378], [-122.452691, 37.796954], [-122.452246, 37.796046], [-122.451901, 37.796103], [-122.451746, 37.795512], [-122.451895, 37.795409], [-122.451889, 37.795319], [-122.452115, 37.795309], [-122.452141, 37.795668], [-122.452254, 37.795663], [-122.452261, 37.795752], [-122.452633, 37.795583], [-122.452788, 37.794793], [-122.453003, 37.794597], [-122.453188, 37.795335], [-122.453032, 37.795446], [-122.452929, 37.795891], [-122.453065, 37.796268], [-122.453392, 37.796425], [-122.453464, 37.796687], [-122.453577, 37.796681], [-122.453624, 37.79731], [-122.453737, 37.797304], [-122.453757, 37.797573], [-122.453643, 37.797579], [-122.45357, 37.798122], [-122.45359, 37.798391]]], [[[-122.454546, 37.798437], [-122.454395, 37.798534], [-122.454401, 37.798624], [-122.454288, 37.798629], [-122.454282, 37.798539], [-122.454006, 37.798422], [-122.454268, 37.79836], [-122.454275, 37.79845], [-122.454388, 37.798444], [-122.454381, 37.798355], [-122.454546, 37.798437]]], [[[-122.454974, 37.80026], [-122.454704, 37.800143], [-122.45441, 37.799439], [-122.454547, 37.799067], [-122.454676, 37.799148], [-122.454974, 37.80026]]], [[[-122.452236, 37.709144], [-122.452665, 37.709148], [-122.452841, 37.709276], [-122.452276, 37.7093], [-122.452236, 37.709144]]], [[[-122.452287, 37.712923], [-122.452666, 37.713446], [-122.452301, 37.713613], [-122.45224, 37.713826], [-122.452021, 37.713926], [-122.452034, 37.714105], [-122.451921, 37.71411], [-122.451928, 37.7142], [-122.451708, 37.7143], [-122.451715, 37.71439], [-122.451602, 37.714395], [-122.451567, 37.714591], [-122.451349, 37.714746], [-122.45117, 37.714685], [-122.451163, 37.714596], [-122.450488, 37.715054], [-122.450097, 37.715118], [-122.449405, 37.715735], [-122.449097, 37.715772], [-122.449003, 37.716046], [-122.448784, 37.716147], [-122.448797, 37.716326], [-122.448684, 37.716331], [-122.448697, 37.716511], [-122.448478, 37.716611], [-122.448278, 37.717084], [-122.448501, 37.717282], [-122.448358, 37.717547], [-122.448351, 37.717967], [-122.448083, 37.718058], [-122.44794, 37.717753], [-122.447604, 37.717785], [-122.44772, 37.717541], [-122.44823, 37.717134], [-122.447898, 37.716833], [-122.447398, 37.717334], [-122.447424, 37.716745], [-122.448588, 37.715838], [-122.448758, 37.715788], [-122.448745, 37.715608], [-122.448857, 37.715603], [-122.448851, 37.715513], [-122.448964, 37.715508], [-122.448957, 37.715418], [-122.44907, 37.715413], [-122.449163, 37.715139], [-122.449276, 37.715133], [-122.449263, 37.714954], [-122.449376, 37.714949], [-122.449369, 37.714859], [-122.449482, 37.714854], [-122.449476, 37.714764], [-122.449589, 37.714759], [-122.449582, 37.714669], [-122.449801, 37.714569], [-122.449795, 37.714479], [-122.449908, 37.714474], [-122.449901, 37.714384], [-122.450014, 37.714379], [-122.450008, 37.714289], [-122.450121, 37.714284], [-122.450114, 37.714194], [-122.450227, 37.714189], [-122.45022, 37.714099], [-122.450333, 37.714094], [-122.450327, 37.714004], [-122.450553, 37.713994], [-122.450546, 37.713904], [-122.450659, 37.713899], [-122.450652, 37.713809], [-122.450872, 37.713709], [-122.450865, 37.713619], [-122.451091, 37.713609], [-122.451084, 37.713519], [-122.451197, 37.713514], [-122.451191, 37.713424], [-122.451304, 37.713419], [-122.451297, 37.713329], [-122.45141, 37.713324], [-122.451397, 37.713144], [-122.45151, 37.713139], [-122.451503, 37.713049], [-122.451164, 37.713065], [-122.451171, 37.713155], [-122.450665, 37.713104], [-122.450925, 37.712896], [-122.451038, 37.712891], [-122.451032, 37.712801], [-122.451709, 37.71277], [-122.451716, 37.71286], [-122.452063, 37.712653], [-122.452174, 37.712928], [-122.452287, 37.712923]]], [[[-122.452118, 37.718333], [-122.452111, 37.718243], [-122.452224, 37.718238], [-122.452292, 37.718115], [-122.452437, 37.718048], [-122.452424, 37.717868], [-122.452537, 37.717863], [-122.452636, 37.717462], [-122.452993, 37.717599], [-122.452825, 37.718031], [-122.45267, 37.718127], [-122.452676, 37.718217], [-122.452563, 37.718222], [-122.45257, 37.718312], [-122.452118, 37.718333]]], [[[-122.452629, 37.718536], [-122.452842, 37.718929], [-122.453181, 37.718914], [-122.45323, 37.718697], [-122.453417, 37.718646], [-122.45357, 37.718996], [-122.45342, 37.719083], [-122.453427, 37.719172], [-122.452516, 37.719268], [-122.452198, 37.719895], [-122.451948, 37.719235], [-122.450721, 37.718557], [-122.450687, 37.718278], [-122.452003, 37.718911], [-122.452432, 37.718725], [-122.452629, 37.718536]]], [[[-122.452635, 37.72074], [-122.452409, 37.72075], [-122.45233, 37.720876], [-122.452026, 37.720798], [-122.451891, 37.720521], [-122.451482, 37.720825], [-122.451386, 37.720708], [-122.451366, 37.720438], [-122.451479, 37.720433], [-122.451459, 37.720164], [-122.451572, 37.720159], [-122.451552, 37.71989], [-122.45182, 37.719927], [-122.451958, 37.720197], [-122.452103, 37.720258], [-122.452211, 37.720545], [-122.452396, 37.720571], [-122.452389, 37.720481], [-122.452502, 37.720476], [-122.452618, 37.720341], [-122.452775, 37.720549], [-122.452628, 37.72065], [-122.452635, 37.72074]]], [[[-122.450774, 37.721636], [-122.450748, 37.721277], [-122.450861, 37.721272], [-122.450912, 37.720691], [-122.451173, 37.720897], [-122.451193, 37.721167], [-122.45108, 37.721172], [-122.451033, 37.721755], [-122.450887, 37.721631], [-122.450774, 37.721636]]], [[[-122.450999, 37.723156], [-122.450886, 37.723162], [-122.450899, 37.723341], [-122.450787, 37.723346], [-122.450988, 37.723466], [-122.45065, 37.724126], [-122.450401, 37.724264], [-122.450407, 37.724354], [-122.450181, 37.724365], [-122.450188, 37.724454], [-122.450075, 37.72446], [-122.450082, 37.724549], [-122.449856, 37.72456], [-122.449862, 37.724649], [-122.449749, 37.724655], [-122.449756, 37.724744], [-122.449643, 37.72475], [-122.449656, 37.724929], [-122.449543, 37.724934], [-122.449556, 37.725114], [-122.449443, 37.725119], [-122.449509, 37.726016], [-122.449622, 37.726011], [-122.449642, 37.72628], [-122.449875, 37.726359], [-122.449881, 37.726449], [-122.449994, 37.726444], [-122.450007, 37.726623], [-122.45012, 37.726618], [-122.450127, 37.726708], [-122.45024, 37.726703], [-122.45026, 37.726972], [-122.449921, 37.726988], [-122.449914, 37.726898], [-122.449801, 37.726903], [-122.449795, 37.726813], [-122.449307, 37.726727], [-122.44891, 37.726255], [-122.448993, 37.725309], [-122.449111, 37.725224], [-122.449091, 37.724955], [-122.449204, 37.72495], [-122.449191, 37.724771], [-122.44941, 37.72467], [-122.449397, 37.724491], [-122.44951, 37.724486], [-122.449643, 37.72424], [-122.449942, 37.724196], [-122.449936, 37.724106], [-122.450162, 37.724095], [-122.450155, 37.724006], [-122.450268, 37.724], [-122.450122, 37.723557], [-122.450211, 37.723195], [-122.450654, 37.723082], [-122.450647, 37.722993], [-122.45076, 37.722987], [-122.450754, 37.722898], [-122.451092, 37.722882], [-122.451099, 37.722972], [-122.451212, 37.722966], [-122.451219, 37.723056], [-122.450993, 37.723067], [-122.450999, 37.723156]]], [[[-122.451705, 37.723221], [-122.451978, 37.723409], [-122.451407, 37.72354], [-122.451069, 37.723293], [-122.451705, 37.723221]]], [[[-122.451438, 37.727247], [-122.451303, 37.727284], [-122.451333, 37.727172], [-122.451438, 37.727247]]], [[[-122.452841, 37.735472], [-122.453313, 37.735808], [-122.45284, 37.735855], [-122.452755, 37.73574], [-122.452601, 37.735686], [-122.452554, 37.735441], [-122.452315, 37.73527], [-122.452767, 37.735251], [-122.452841, 37.735472]]], [[[-122.452358, 37.735749], [-122.452601, 37.735686], [-122.452627, 37.736045], [-122.452256, 37.736264], [-122.452358, 37.735749]]], [[[-122.451216, 37.739982], [-122.451694, 37.740014], [-122.451575, 37.740235], [-122.451349, 37.740246], [-122.451223, 37.740072], [-122.451216, 37.739982]]], [[[-122.452516, 37.740172], [-122.452621, 37.740246], [-122.452485, 37.740283], [-122.452516, 37.740172]]], [[[-122.451927, 37.740399], [-122.451921, 37.740309], [-122.452485, 37.740283], [-122.452492, 37.740373], [-122.451927, 37.740399]]], [[[-122.453068, 37.742183], [-122.450775, 37.742214], [-122.450683, 37.741987], [-122.450909, 37.741977], [-122.450916, 37.742067], [-122.45295, 37.741972], [-122.453226, 37.742015], [-122.453068, 37.742183]]], [[[-122.45211, 37.747503], [-122.452223, 37.747498], [-122.452236, 37.747677], [-122.452462, 37.747667], [-122.452468, 37.747756], [-122.452871, 37.747998], [-122.452705, 37.748134], [-122.452601, 37.74802], [-122.452375, 37.748031], [-122.452395, 37.7483], [-122.452169, 37.748311], [-122.452149, 37.748041], [-122.452036, 37.748047], [-122.452016, 37.747777], [-122.451904, 37.747783], [-122.451897, 37.747693], [-122.451671, 37.747703], [-122.451658, 37.747524], [-122.451432, 37.747534], [-122.451419, 37.747355], [-122.451306, 37.74736], [-122.451286, 37.747091], [-122.451173, 37.747096], [-122.45116, 37.746917], [-122.451047, 37.746922], [-122.45104, 37.746832], [-122.450736, 37.746881], [-122.450876, 37.747152], [-122.450614, 37.747212], [-122.450621, 37.747302], [-122.450169, 37.747323], [-122.450176, 37.747413], [-122.449837, 37.747428], [-122.449843, 37.747518], [-122.449617, 37.747529], [-122.449624, 37.747618], [-122.449511, 37.747624], [-122.449359, 37.747499], [-122.449298, 37.747813], [-122.449185, 37.747819], [-122.449198, 37.747998], [-122.448972, 37.748009], [-122.448979, 37.748098], [-122.448833, 37.748166], [-122.448766, 37.748288], [-122.448653, 37.748294], [-122.44866, 37.748383], [-122.448547, 37.748389], [-122.448553, 37.748478], [-122.44844, 37.748483], [-122.448447, 37.748573], [-122.447995, 37.748594], [-122.448001, 37.748684], [-122.448114, 37.748679], [-122.448199, 37.748794], [-122.448354, 37.748848], [-122.44836, 37.748937], [-122.448473, 37.748932], [-122.448486, 37.749112], [-122.448147, 37.749127], [-122.448092, 37.74889], [-122.447743, 37.74877], [-122.447869, 37.74842], [-122.447304, 37.748446], [-122.447297, 37.748356], [-122.447184, 37.748362], [-122.447177, 37.748272], [-122.446832, 37.748198], [-122.446845, 37.748377], [-122.446287, 37.748493], [-122.446273, 37.748314], [-122.446499, 37.748303], [-122.446486, 37.748124], [-122.445808, 37.748155], [-122.445815, 37.748245], [-122.446074, 37.748274], [-122.445948, 37.748509], [-122.445835, 37.748514], [-122.445841, 37.748604], [-122.445615, 37.748614], [-122.445609, 37.748525], [-122.44527, 37.74854], [-122.445263, 37.748451], [-122.445376, 37.748445], [-122.445369, 37.748356], [-122.445482, 37.74835], [-122.445617, 37.748048], [-122.445064, 37.747912], [-122.445181, 37.747714], [-122.445464, 37.74765], [-122.445712, 37.747763], [-122.446805, 37.747839], [-122.446947, 37.747787], [-122.446799, 37.747749], [-122.446792, 37.74766], [-122.446679, 37.747665], [-122.446673, 37.747575], [-122.446221, 37.747596], [-122.446214, 37.747506], [-122.445945, 37.74747], [-122.446044, 37.747192], [-122.445842, 37.747073], [-122.445587, 37.747045], [-122.445447, 37.746848], [-122.446126, 37.74682], [-122.446426, 37.746907], [-122.446302, 37.747143], [-122.446427, 37.747316], [-122.446879, 37.747295], [-122.446885, 37.747385], [-122.447111, 37.747375], [-122.447118, 37.747464], [-122.447498, 37.747526], [-122.447415, 37.748009], [-122.44751, 37.748166], [-122.447809, 37.748122], [-122.447955, 37.748056], [-122.447922, 37.747607], [-122.448035, 37.747602], [-122.447978, 37.747462], [-122.447745, 37.747345], [-122.448022, 37.747167], [-122.448321, 37.746868], [-122.448315, 37.746779], [-122.448428, 37.746773], [-122.448421, 37.746684], [-122.448534, 37.746679], [-122.448745, 37.746402], [-122.449066, 37.746204], [-122.44906, 37.746114], [-122.449399, 37.746098], [-122.449553, 37.746234], [-122.45041, 37.746109], [-122.450542, 37.746225], [-122.450655, 37.74622], [-122.450648, 37.74613], [-122.451213, 37.746104], [-122.45122, 37.746194], [-122.451512, 37.746219], [-122.451797, 37.746339], [-122.451731, 37.74698], [-122.451844, 37.746975], [-122.451864, 37.747244], [-122.451977, 37.747239], [-122.451983, 37.747329], [-122.45211, 37.747503]], [[-122.449112, 37.746832], [-122.448999, 37.746837], [-122.448944, 37.747075], [-122.449174, 37.747226], [-122.449347, 37.74678], [-122.449106, 37.746742], [-122.449112, 37.746832]], [[-122.449804, 37.74698], [-122.449837, 37.746918], [-122.450276, 37.746827], [-122.450116, 37.746605], [-122.450003, 37.74661], [-122.449997, 37.746521], [-122.449402, 37.746595], [-122.449724, 37.746941], [-122.449804, 37.74698]], [[-122.450462, 37.746679], [-122.450509, 37.746787], [-122.450602, 37.746703], [-122.450462, 37.746679]]], [[[-122.451311, 37.750511], [-122.451317, 37.750601], [-122.451204, 37.750606], [-122.451217, 37.750785], [-122.451104, 37.750791], [-122.451078, 37.750432], [-122.450965, 37.750437], [-122.450952, 37.750258], [-122.450839, 37.750263], [-122.450832, 37.750173], [-122.450606, 37.750184], [-122.450586, 37.749914], [-122.450699, 37.749909], [-122.450706, 37.749999], [-122.450819, 37.749994], [-122.450826, 37.750083], [-122.451058, 37.750163], [-122.451065, 37.750252], [-122.451178, 37.750247], [-122.451184, 37.750337], [-122.45141, 37.750326], [-122.451384, 37.749967], [-122.451271, 37.749973], [-122.451206, 37.749632], [-122.451025, 37.749714], [-122.451032, 37.749804], [-122.45058, 37.749825], [-122.450573, 37.749735], [-122.450686, 37.74973], [-122.450666, 37.749461], [-122.450779, 37.749455], [-122.450773, 37.749366], [-122.450886, 37.74936], [-122.450892, 37.74945], [-122.451344, 37.749429], [-122.451564, 37.749329], [-122.451557, 37.749239], [-122.451699, 37.749188], [-122.451551, 37.749149], [-122.451544, 37.74906], [-122.451431, 37.749065], [-122.451272, 37.748442], [-122.451604, 37.748337], [-122.451611, 37.748426], [-122.451724, 37.748421], [-122.451717, 37.748331], [-122.451943, 37.748321], [-122.452009, 37.749218], [-122.451896, 37.749223], [-122.452052, 37.750016], [-122.451869, 37.750395], [-122.451882, 37.750575], [-122.451663, 37.750675], [-122.45165, 37.750495], [-122.451311, 37.750511]], [[-122.451621, 37.749646], [-122.451471, 37.749603], [-122.451531, 37.749805], [-122.451621, 37.749646]]], [[[-122.451217, 37.750785], [-122.45133, 37.75078], [-122.451337, 37.75087], [-122.451224, 37.750875], [-122.451217, 37.750785]]], [[[-122.451535, 37.753562], [-122.451196, 37.753577], [-122.451189, 37.753488], [-122.450963, 37.753498], [-122.450957, 37.753408], [-122.450731, 37.753419], [-122.450724, 37.753329], [-122.450611, 37.753334], [-122.45069, 37.753191], [-122.450937, 37.753139], [-122.450944, 37.753229], [-122.451283, 37.753213], [-122.451289, 37.753303], [-122.451402, 37.753298], [-122.451485, 37.753147], [-122.45218, 37.753082], [-122.452193, 37.753261], [-122.451967, 37.753272], [-122.451974, 37.753361], [-122.451522, 37.753382], [-122.451535, 37.753562]]], [[[-122.451794, 37.754], [-122.45187, 37.754104], [-122.452133, 37.753984], [-122.452127, 37.753894], [-122.452353, 37.753884], [-122.452346, 37.753794], [-122.452572, 37.753784], [-122.452565, 37.753694], [-122.452791, 37.753683], [-122.454267, 37.753705], [-122.454274, 37.753795], [-122.454387, 37.753789], [-122.454509, 37.753992], [-122.454342, 37.754026], [-122.454063, 37.753903], [-122.453608, 37.753996], [-122.452856, 37.753914], [-122.452479, 37.754058], [-122.452361, 37.754274], [-122.45185, 37.754237], [-122.451694, 37.754185], [-122.451688, 37.754095], [-122.451575, 37.7541], [-122.451568, 37.75401], [-122.451794, 37.754]]], [[[-122.452964, 37.754486], [-122.452824, 37.754461], [-122.452917, 37.754378], [-122.452964, 37.754486]]], [[[-122.453104, 37.75451], [-122.453011, 37.754593], [-122.452964, 37.754486], [-122.453104, 37.75451]]], [[[-122.45198, 37.754982], [-122.452206, 37.754971], [-122.452212, 37.755061], [-122.451986, 37.755071], [-122.45198, 37.754982]]], [[[-122.451873, 37.755077], [-122.45188, 37.755166], [-122.451654, 37.755177], [-122.451647, 37.755087], [-122.45176, 37.755082], [-122.451873, 37.755077]]], [[[-122.453662, 37.755475], [-122.453334, 37.755517], [-122.453788, 37.754898], [-122.45396, 37.754998], [-122.453662, 37.755475]]], [[[-122.451661, 37.755266], [-122.451548, 37.755272], [-122.451541, 37.755182], [-122.451654, 37.755177], [-122.451661, 37.755266]]], [[[-122.451341, 37.755551], [-122.451228, 37.755557], [-122.451235, 37.755646], [-122.451009, 37.755657], [-122.451022, 37.755836], [-122.450909, 37.755841], [-122.450929, 37.756111], [-122.450787, 37.756162], [-122.450936, 37.7562], [-122.450949, 37.75638], [-122.4507, 37.75626], [-122.450796, 37.755847], [-122.450344, 37.755868], [-122.450337, 37.755778], [-122.450676, 37.755762], [-122.45067, 37.755673], [-122.450331, 37.755688], [-122.450318, 37.755509], [-122.450205, 37.755514], [-122.450211, 37.755604], [-122.449872, 37.75562], [-122.449866, 37.75553], [-122.449979, 37.755525], [-122.44993, 37.755377], [-122.449698, 37.755297], [-122.449613, 37.755181], [-122.448977, 37.755069], [-122.448882, 37.755175], [-122.448483, 37.755234], [-122.448477, 37.755144], [-122.448364, 37.755149], [-122.44837, 37.755239], [-122.448151, 37.755339], [-122.448144, 37.755249], [-122.447911, 37.75517], [-122.447925, 37.75535], [-122.447812, 37.755355], [-122.447779, 37.754906], [-122.447666, 37.754912], [-122.447652, 37.754732], [-122.447765, 37.754727], [-122.447739, 37.754368], [-122.447626, 37.754373], [-122.4476, 37.754014], [-122.447487, 37.75402], [-122.447467, 37.75375], [-122.448138, 37.753629], [-122.448132, 37.753539], [-122.448273, 37.753488], [-122.448125, 37.75345], [-122.448112, 37.75327], [-122.447999, 37.753276], [-122.447986, 37.753096], [-122.447873, 37.753101], [-122.44786, 37.752922], [-122.447747, 37.752927], [-122.447733, 37.752748], [-122.447966, 37.752827], [-122.447953, 37.752647], [-122.447792, 37.752576], [-122.44792, 37.752199], [-122.448033, 37.752194], [-122.448026, 37.752104], [-122.448472, 37.751993], [-122.448458, 37.751814], [-122.448571, 37.751809], [-122.448552, 37.751539], [-122.448319, 37.75146], [-122.448326, 37.75155], [-122.448213, 37.751555], [-122.448226, 37.751735], [-122.448113, 37.75174], [-122.448119, 37.751829], [-122.448006, 37.751835], [-122.448013, 37.751924], [-122.4479, 37.75193], [-122.447907, 37.752019], [-122.447568, 37.752035], [-122.447561, 37.751945], [-122.447448, 37.751951], [-122.447441, 37.751861], [-122.447328, 37.751866], [-122.447322, 37.751776], [-122.447102, 37.751877], [-122.447096, 37.751787], [-122.446983, 37.751792], [-122.446963, 37.751523], [-122.447076, 37.751518], [-122.447063, 37.751338], [-122.447282, 37.751238], [-122.447276, 37.751148], [-122.447389, 37.751143], [-122.447382, 37.751053], [-122.447495, 37.751048], [-122.447502, 37.751138], [-122.447615, 37.751133], [-122.447608, 37.751043], [-122.447947, 37.751027], [-122.447954, 37.751117], [-122.447841, 37.751122], [-122.447847, 37.751212], [-122.447628, 37.751312], [-122.447641, 37.751492], [-122.447488, 37.751605], [-122.447647, 37.751892], [-122.447774, 37.751755], [-122.447887, 37.75175], [-122.44788, 37.751661], [-122.447993, 37.751655], [-122.447987, 37.751566], [-122.4481, 37.75156], [-122.448086, 37.751381], [-122.44825, 37.751166], [-122.448312, 37.75137], [-122.448538, 37.75136], [-122.448532, 37.75127], [-122.448645, 37.751265], [-122.448632, 37.751085], [-122.448851, 37.750985], [-122.448844, 37.750896], [-122.448957, 37.75089], [-122.448951, 37.750801], [-122.449177, 37.75079], [-122.449164, 37.750611], [-122.449496, 37.750505], [-122.449509, 37.750685], [-122.449396, 37.75069], [-122.449403, 37.75078], [-122.449516, 37.750774], [-122.449429, 37.751139], [-122.449542, 37.751133], [-122.449549, 37.751223], [-122.449329, 37.751323], [-122.449323, 37.751233], [-122.448985, 37.751078], [-122.448771, 37.751439], [-122.44923, 37.751508], [-122.449243, 37.751687], [-122.449356, 37.751682], [-122.449362, 37.751772], [-122.449023, 37.751788], [-122.448989, 37.752062], [-122.448244, 37.752445], [-122.448737, 37.752521], [-122.448744, 37.752611], [-122.448857, 37.752606], [-122.44887, 37.752785], [-122.448567, 37.752769], [-122.44822, 37.752651], [-122.448225, 37.753265], [-122.448338, 37.75326], [-122.448364, 37.753619], [-122.448477, 37.753613], [-122.448491, 37.753793], [-122.448315, 37.753873], [-122.448265, 37.753803], [-122.447812, 37.753824], [-122.447819, 37.753914], [-122.447932, 37.753909], [-122.447939, 37.753999], [-122.448278, 37.753983], [-122.448291, 37.754162], [-122.448517, 37.754152], [-122.448643, 37.754326], [-122.449328, 37.754384], [-122.449418, 37.754573], [-122.450181, 37.754835], [-122.450697, 37.754501], [-122.450737, 37.755039], [-122.450969, 37.755118], [-122.450889, 37.755572], [-122.451108, 37.755471], [-122.451209, 37.755287], [-122.451548, 37.755272], [-122.451554, 37.755361], [-122.451441, 37.755367], [-122.451448, 37.755456], [-122.451335, 37.755462], [-122.451341, 37.755551]], [[-122.44929, 37.750785], [-122.449296, 37.750875], [-122.449409, 37.750869], [-122.449403, 37.75078], [-122.44929, 37.750785]], [[-122.450776, 37.755578], [-122.450783, 37.755667], [-122.450896, 37.755662], [-122.450889, 37.755572], [-122.450776, 37.755578]], [[-122.44871, 37.754713], [-122.448646, 37.754881], [-122.448902, 37.754764], [-122.448896, 37.754674], [-122.44871, 37.754713]], [[-122.448671, 37.751624], [-122.448691, 37.751893], [-122.448578, 37.751898], [-122.448591, 37.752078], [-122.448766, 37.751997], [-122.448784, 37.751619], [-122.448671, 37.751624]], [[-122.448098, 37.754621], [-122.447985, 37.754627], [-122.447998, 37.754806], [-122.448262, 37.754704], [-122.448098, 37.754621]]], [[[-122.451447, 37.756987], [-122.451434, 37.756807], [-122.451095, 37.756823], [-122.451075, 37.756554], [-122.451301, 37.756544], [-122.451294, 37.756454], [-122.45152, 37.756443], [-122.451514, 37.756354], [-122.452989, 37.756375], [-122.45279, 37.756744], [-122.452499, 37.756647], [-122.452266, 37.756751], [-122.452147, 37.756483], [-122.451873, 37.756606], [-122.451687, 37.756545], [-122.451612, 37.756667], [-122.452086, 37.75672], [-122.452005, 37.756871], [-122.451714, 37.756828], [-122.451447, 37.756987]]], [[[-122.451135, 37.762698], [-122.451065, 37.762587], [-122.451328, 37.762611], [-122.451135, 37.762698]]], [[[-122.453214, 37.763503], [-122.453009, 37.763597], [-122.45294, 37.7634], [-122.453214, 37.763503]]], [[[-122.451499, 37.774631], [-122.452117, 37.77465], [-122.451529, 37.774939], [-122.451244, 37.774832], [-122.451499, 37.774631]]], [[[-122.453261, 37.789314], [-122.453268, 37.789403], [-122.45353, 37.789429], [-122.453387, 37.789488], [-122.453005, 37.789456], [-122.453261, 37.789314]]], [[[-122.453003, 37.789749], [-122.452815, 37.78991], [-122.452722, 37.789699], [-122.453003, 37.789749]]], [[[-122.452917, 37.791887], [-122.452725, 37.791974], [-122.452655, 37.791863], [-122.452917, 37.791887]]], [[[-122.450939, 37.792235], [-122.451072, 37.791936], [-122.451574, 37.791958], [-122.451437, 37.792122], [-122.450939, 37.792235]]], [[[-122.452335, 37.792148], [-122.452727, 37.792181], [-122.452774, 37.792341], [-122.452089, 37.792467], [-122.452028, 37.792299], [-122.452335, 37.792148]]], [[[-122.454021, 37.792786], [-122.453792, 37.79276], [-122.453072, 37.792355], [-122.453133, 37.792201], [-122.453597, 37.792283], [-122.454021, 37.792786]]], [[[-122.45159, 37.792812], [-122.451988, 37.792854], [-122.451885, 37.793288], [-122.45159, 37.792812]]], [[[-122.451536, 37.795805], [-122.451379, 37.795583], [-122.451317, 37.795256], [-122.451588, 37.79535], [-122.451536, 37.795805]]], [[[-122.451508, 37.797858], [-122.451035, 37.797768], [-122.450665, 37.797544], [-122.451435, 37.797557], [-122.451403, 37.797372], [-122.451552, 37.797356], [-122.452359, 37.797706], [-122.452351, 37.798028], [-122.452736, 37.79841], [-122.45233, 37.798392], [-122.451628, 37.797942], [-122.451515, 37.797948], [-122.451508, 37.797858]]], [[[-122.453343, 37.799663], [-122.453117, 37.799674], [-122.453091, 37.799315], [-122.453204, 37.79931], [-122.453197, 37.79922], [-122.453339, 37.799083], [-122.453437, 37.799389], [-122.453324, 37.799394], [-122.45333, 37.799484], [-122.453343, 37.799663]]], [[[-122.449191, 37.713638], [-122.449098, 37.713721], [-122.449051, 37.713613], [-122.449191, 37.713638]]], [[[-122.448772, 37.713916], [-122.448726, 37.713808], [-122.448866, 37.713833], [-122.448772, 37.713916]]], [[[-122.450138, 37.719145], [-122.450364, 37.719134], [-122.450377, 37.719314], [-122.45049, 37.719309], [-122.450496, 37.719398], [-122.450994, 37.719631], [-122.451062, 37.719819], [-122.45094, 37.719979], [-122.450712, 37.719875], [-122.450145, 37.719814], [-122.450058, 37.719599], [-122.44971, 37.719431], [-122.44946, 37.719176], [-122.449234, 37.719187], [-122.449221, 37.719007], [-122.449108, 37.719013], [-122.449088, 37.718743], [-122.449314, 37.718733], [-122.449301, 37.718553], [-122.448709, 37.718437], [-122.448621, 37.718101], [-122.449035, 37.718026], [-122.449022, 37.717846], [-122.449135, 37.717841], [-122.449174, 37.717698], [-122.449441, 37.717377], [-122.449554, 37.717371], [-122.449547, 37.717282], [-122.449773, 37.717271], [-122.449891, 37.717055], [-122.450289, 37.717097], [-122.450345, 37.717335], [-122.450232, 37.71734], [-122.449368, 37.71792], [-122.449381, 37.7181], [-122.449268, 37.718105], [-122.449593, 37.718484], [-122.449737, 37.718766], [-122.450077, 37.718912], [-122.450138, 37.719145]]], [[[-122.450433, 37.717553], [-122.450345, 37.717335], [-122.450909, 37.717308], [-122.450929, 37.717578], [-122.450816, 37.717583], [-122.450433, 37.717553]]], [[[-122.450443, 37.720211], [-122.450722, 37.720259], [-122.450632, 37.720861], [-122.450351, 37.720907], [-122.450443, 37.720211]]], [[[-122.450286, 37.722863], [-122.450056, 37.72266], [-122.44983, 37.72267], [-122.449578, 37.722322], [-122.450203, 37.722472], [-122.450545, 37.72237], [-122.451066, 37.722523], [-122.451016, 37.722699], [-122.450459, 37.72267], [-122.450286, 37.722863]]], [[[-122.451494, 37.724642], [-122.451554, 37.724988], [-122.451025, 37.724861], [-122.450403, 37.725296], [-122.450211, 37.725155], [-122.450653, 37.724613], [-122.451494, 37.724642]]], [[[-122.450534, 37.726202], [-122.451004, 37.726307], [-122.451552, 37.726314], [-122.451436, 37.726527], [-122.450685, 37.726592], [-122.450534, 37.726202]]], [[[-122.449231, 37.727321], [-122.448921, 37.727213], [-122.449017, 37.727029], [-122.449398, 37.727051], [-122.449231, 37.727321]]], [[[-122.450419, 37.727595], [-122.449854, 37.727621], [-122.44986, 37.727711], [-122.449635, 37.727721], [-122.449641, 37.727811], [-122.449415, 37.727821], [-122.449198, 37.728222], [-122.448348, 37.728201], [-122.44815, 37.72809], [-122.447657, 37.728053], [-122.446873, 37.727832], [-122.447011, 37.727635], [-122.448044, 37.727427], [-122.448146, 37.72752], [-122.448887, 37.727538], [-122.449919, 37.727129], [-122.450053, 37.727252], [-122.450392, 37.727236], [-122.450399, 37.727326], [-122.451077, 37.727294], [-122.451117, 37.727221], [-122.451303, 37.727284], [-122.451224, 37.727427], [-122.450412, 37.727505], [-122.450419, 37.727595]]], [[[-122.450038, 37.731874], [-122.449925, 37.731773], [-122.450031, 37.731574], [-122.450411, 37.731594], [-122.450038, 37.731874]]], [[[-122.449456, 37.732376], [-122.449353, 37.732614], [-122.449056, 37.732681], [-122.449013, 37.732562], [-122.44918, 37.732334], [-122.449456, 37.732376]]], [[[-122.450851, 37.739639], [-122.450831, 37.73937], [-122.451057, 37.739359], [-122.450924, 37.739605], [-122.450851, 37.739639]]], [[[-122.448326, 37.739216], [-122.449539, 37.739617], [-122.449443, 37.739875], [-122.448298, 37.739467], [-122.448326, 37.739216]]], [[[-122.449961, 37.74073], [-122.449567, 37.740737], [-122.44907, 37.740081], [-122.449517, 37.740202], [-122.449961, 37.74073]]], [[[-122.451163, 37.740795], [-122.45105, 37.7408], [-122.451043, 37.74071], [-122.45071, 37.740641], [-122.450283, 37.740352], [-122.450897, 37.740267], [-122.450982, 37.740382], [-122.451136, 37.740436], [-122.451156, 37.740705], [-122.451163, 37.740795]]], [[[-122.449745, 37.742335], [-122.449626, 37.742587], [-122.449185, 37.742369], [-122.448218, 37.742127], [-122.448298, 37.741918], [-122.449339, 37.74215], [-122.449489, 37.741994], [-122.449724, 37.7419], [-122.450195, 37.742343], [-122.449745, 37.742335]]], [[[-122.449978, 37.74319], [-122.449752, 37.743201], [-122.449772, 37.74347], [-122.449885, 37.743465], [-122.449867, 37.744497], [-122.450064, 37.744961], [-122.450056, 37.745249], [-122.450377, 37.745374], [-122.450548, 37.744743], [-122.450866, 37.745296], [-122.45027, 37.745608], [-122.450044, 37.745618], [-122.45005, 37.745708], [-122.449598, 37.745729], [-122.449605, 37.745819], [-122.449266, 37.745834], [-122.44906, 37.746114], [-122.448522, 37.7457], [-122.446999, 37.745849], [-122.446942, 37.745916], [-122.446613, 37.745893], [-122.446794, 37.74608], [-122.447299, 37.746167], [-122.447073, 37.746372], [-122.44611, 37.746304], [-122.445764, 37.746706], [-122.445132, 37.746661], [-122.44453, 37.746761], [-122.444497, 37.746637], [-122.444659, 37.746408], [-122.444546, 37.746413], [-122.444513, 37.745965], [-122.444626, 37.745959], [-122.444593, 37.745511], [-122.44448, 37.745516], [-122.444454, 37.745157], [-122.444321, 37.744893], [-122.444208, 37.744898], [-122.444062, 37.744455], [-122.444056, 37.744365], [-122.444207, 37.744268], [-122.444043, 37.744186], [-122.443365, 37.744217], [-122.443371, 37.744307], [-122.443258, 37.744312], [-122.443271, 37.744492], [-122.443158, 37.744497], [-122.443145, 37.744827], [-122.442852, 37.744961], [-122.442846, 37.744871], [-122.442733, 37.744877], [-122.442648, 37.744761], [-122.442261, 37.744628], [-122.441696, 37.744655], [-122.441709, 37.744834], [-122.441596, 37.744839], [-122.441623, 37.745198], [-122.441736, 37.745193], [-122.441788, 37.745911], [-122.441675, 37.745916], [-122.441682, 37.746006], [-122.441569, 37.746011], [-122.441576, 37.746101], [-122.441463, 37.746106], [-122.441427, 37.746307], [-122.441256, 37.746386], [-122.441263, 37.746475], [-122.441376, 37.74647], [-122.441383, 37.74656], [-122.441496, 37.746554], [-122.441482, 37.746375], [-122.441595, 37.74637], [-122.441615, 37.746639], [-122.441515, 37.746824], [-122.441655, 37.747177], [-122.441768, 37.747172], [-122.441787, 37.747441], [-122.441646, 37.747493], [-122.441794, 37.747531], [-122.441801, 37.747621], [-122.441914, 37.747616], [-122.441907, 37.747526], [-122.442246, 37.74751], [-122.44222, 37.747151], [-122.441994, 37.747162], [-122.44198, 37.746982], [-122.442067, 37.746618], [-122.44218, 37.746613], [-122.442167, 37.746433], [-122.442393, 37.746423], [-122.44238, 37.746243], [-122.442493, 37.746238], [-122.442473, 37.745969], [-122.442586, 37.745964], [-122.442566, 37.745695], [-122.442666, 37.74551], [-122.442626, 37.744972], [-122.442739, 37.744966], [-122.442872, 37.74523], [-122.442985, 37.745225], [-122.442992, 37.745315], [-122.443214, 37.745504], [-122.443025, 37.745763], [-122.443178, 37.746506], [-122.443023, 37.746613], [-122.442991, 37.746845], [-122.442765, 37.746856], [-122.442785, 37.747125], [-122.443243, 37.747194], [-122.443256, 37.747373], [-122.443488, 37.747452], [-122.443589, 37.747268], [-122.443702, 37.747263], [-122.443689, 37.747083], [-122.443802, 37.747078], [-122.443782, 37.746809], [-122.444008, 37.746798], [-122.444047, 37.747337], [-122.443934, 37.747342], [-122.443948, 37.747521], [-122.443835, 37.747527], [-122.443848, 37.747706], [-122.443961, 37.747701], [-122.443981, 37.74797], [-122.443835, 37.748037], [-122.443661, 37.748255], [-122.443701, 37.748793], [-122.443588, 37.748798], [-122.443608, 37.749068], [-122.443834, 37.749057], [-122.443827, 37.748967], [-122.444046, 37.748867], [-122.444082, 37.748666], [-122.444253, 37.748588], [-122.444313, 37.747864], [-122.444539, 37.747854], [-122.445052, 37.747991], [-122.444904, 37.748197], [-122.444944, 37.748736], [-122.444831, 37.748741], [-122.444837, 37.748831], [-122.444619, 37.748931], [-122.444451, 37.749238], [-122.444233, 37.749339], [-122.444206, 37.74949], [-122.444051, 37.749597], [-122.4439, 37.749954], [-122.443674, 37.749965], [-122.443687, 37.750144], [-122.4438, 37.750139], [-122.443813, 37.750318], [-122.443926, 37.750313], [-122.443933, 37.750403], [-122.443707, 37.750413], [-122.443739, 37.750862], [-122.444185, 37.750751], [-122.444178, 37.750662], [-122.444291, 37.750656], [-122.444278, 37.750477], [-122.444611, 37.750372], [-122.444617, 37.750461], [-122.444956, 37.750446], [-122.444963, 37.750535], [-122.445189, 37.750525], [-122.445162, 37.750166], [-122.44471, 37.750187], [-122.444691, 37.749918], [-122.4453, 37.74973], [-122.445821, 37.749865], [-122.446725, 37.749823], [-122.446738, 37.750003], [-122.447077, 37.749987], [-122.447083, 37.750077], [-122.44697, 37.750082], [-122.446977, 37.750172], [-122.446727, 37.750235], [-122.446614, 37.750494], [-122.447349, 37.750605], [-122.447362, 37.750784], [-122.446, 37.750757], [-122.445993, 37.750668], [-122.445654, 37.750683], [-122.445661, 37.750773], [-122.445548, 37.750778], [-122.445561, 37.750958], [-122.445674, 37.750953], [-122.445813, 37.751306], [-122.4457, 37.751311], [-122.445694, 37.751222], [-122.44558, 37.751227], [-122.445574, 37.751137], [-122.445291, 37.751007], [-122.444989, 37.750894], [-122.444763, 37.750905], [-122.444688, 37.750802], [-122.444352, 37.750951], [-122.444288, 37.751136], [-122.444444, 37.75119], [-122.444594, 37.751398], [-122.444464, 37.751459], [-122.444351, 37.751464], [-122.444266, 37.751348], [-122.444111, 37.751295], [-122.443885, 37.751305], [-122.443879, 37.751216], [-122.443184, 37.751281], [-122.443101, 37.751432], [-122.443134, 37.75188], [-122.443247, 37.751875], [-122.443254, 37.751965], [-122.44348, 37.751954], [-122.443506, 37.752313], [-122.443619, 37.752308], [-122.443645, 37.752667], [-122.443532, 37.752672], [-122.443546, 37.752852], [-122.443326, 37.752952], [-122.443255, 37.753242], [-122.443126, 37.753321], [-122.443153, 37.75368], [-122.44304, 37.753685], [-122.443053, 37.753865], [-122.442834, 37.753965], [-122.44284, 37.754055], [-122.442727, 37.75406], [-122.442734, 37.75415], [-122.442621, 37.754155], [-122.442552, 37.754651], [-122.442208, 37.754714], [-122.442221, 37.754894], [-122.442108, 37.754899], [-122.442067, 37.755482], [-122.441629, 37.755324], [-122.441031, 37.755669], [-122.441038, 37.755759], [-122.440699, 37.755775], [-122.440705, 37.755864], [-122.440592, 37.755869], [-122.440599, 37.755959], [-122.440486, 37.755964], [-122.440399, 37.756093], [-122.440149, 37.756021], [-122.440279, 37.755648], [-122.44034, 37.755521], [-122.440559, 37.755421], [-122.440553, 37.755331], [-122.440666, 37.755326], [-122.440659, 37.755236], [-122.440772, 37.755231], [-122.440766, 37.755141], [-122.440879, 37.755136], [-122.440872, 37.755046], [-122.440985, 37.755041], [-122.440972, 37.754862], [-122.441085, 37.754856], [-122.441058, 37.754497], [-122.441171, 37.754492], [-122.441138, 37.754044], [-122.441251, 37.754038], [-122.441296, 37.753857], [-122.441784, 37.753564], [-122.441777, 37.753474], [-122.44189, 37.753469], [-122.441877, 37.753289], [-122.44199, 37.753284], [-122.441895, 37.752615], [-122.441491, 37.752844], [-122.441184, 37.753274], [-122.440979, 37.753075], [-122.441196, 37.752647], [-122.441533, 37.752501], [-122.44116, 37.752093], [-122.44089, 37.751917], [-122.440997, 37.751271], [-122.441344, 37.750668], [-122.440534, 37.749527], [-122.440311, 37.749809], [-122.440354, 37.750162], [-122.440116, 37.750017], [-122.439659, 37.74934], [-122.439546, 37.749346], [-122.439457, 37.749255], [-122.438981, 37.749372], [-122.438988, 37.749462], [-122.438805, 37.749433], [-122.438523, 37.749303], [-122.438516, 37.749213], [-122.43829, 37.749224], [-122.438264, 37.748865], [-122.438038, 37.748875], [-122.438071, 37.749324], [-122.437647, 37.749285], [-122.436749, 37.748495], [-122.435982, 37.7483], [-122.435785, 37.748389], [-122.435662, 37.748665], [-122.435131, 37.748409], [-122.435058, 37.748096], [-122.435254, 37.747793], [-122.434895, 37.74776], [-122.434888, 37.747671], [-122.435001, 37.747665], [-122.434994, 37.747576], [-122.435107, 37.74757], [-122.435101, 37.747481], [-122.435214, 37.747475], [-122.435207, 37.747386], [-122.43532, 37.74738], [-122.435501, 37.747443], [-122.435727, 37.74804], [-122.436473, 37.748155], [-122.436832, 37.747945], [-122.437127, 37.747983], [-122.437448, 37.747795], [-122.437867, 37.747985], [-122.438111, 37.748332], [-122.438124, 37.748511], [-122.438463, 37.748495], [-122.438444, 37.748226], [-122.43867, 37.748216], [-122.438663, 37.748126], [-122.438776, 37.748121], [-122.438769, 37.748031], [-122.438882, 37.748026], [-122.438856, 37.747667], [-122.438743, 37.747672], [-122.438723, 37.747403], [-122.43861, 37.747408], [-122.438604, 37.747319], [-122.438152, 37.74734], [-122.438158, 37.747429], [-122.437645, 37.747403], [-122.43731, 37.74751], [-122.437043, 37.747787], [-122.436689, 37.747497], [-122.436576, 37.747502], [-122.43657, 37.747413], [-122.436224, 37.747339], [-122.436218, 37.747249], [-122.436044, 37.747144], [-122.436317, 37.747064], [-122.436585, 37.747112], [-122.43667, 37.747228], [-122.436783, 37.747223], [-122.436789, 37.747313], [-122.437397, 37.747239], [-122.437215, 37.746933], [-122.436982, 37.746853], [-122.436976, 37.746764], [-122.436686, 37.746721], [-122.436524, 37.746785], [-122.43653, 37.746874], [-122.436417, 37.74688], [-122.436019, 37.746672], [-122.436332, 37.746299], [-122.436018, 37.745944], [-122.435898, 37.745532], [-122.435966, 37.74537], [-122.435853, 37.745375], [-122.43584, 37.745196], [-122.435388, 37.745217], [-122.435382, 37.745127], [-122.435178, 37.745113], [-122.435011, 37.74499], [-122.436277, 37.744862], [-122.436107, 37.744193], [-122.436333, 37.744183], [-122.436326, 37.744093], [-122.436546, 37.743993], [-122.436539, 37.743903], [-122.436743, 37.744103], [-122.436898, 37.744156], [-122.436891, 37.744067], [-122.437111, 37.743967], [-122.437117, 37.744056], [-122.43723, 37.744051], [-122.437341, 37.744784], [-122.437668, 37.745381], [-122.437707, 37.74592], [-122.437933, 37.745909], [-122.437927, 37.745819], [-122.438379, 37.745798], [-122.438385, 37.745888], [-122.438542, 37.745973], [-122.438644, 37.746326], [-122.438418, 37.746337], [-122.438438, 37.746606], [-122.438551, 37.746601], [-122.438642, 37.746806], [-122.438797, 37.746859], [-122.439023, 37.746849], [-122.439029, 37.746939], [-122.439368, 37.746923], [-122.439355, 37.746744], [-122.439468, 37.746738], [-122.439442, 37.746379], [-122.439329, 37.746385], [-122.439322, 37.746295], [-122.439096, 37.746305], [-122.43909, 37.746216], [-122.438864, 37.746226], [-122.4389, 37.745997], [-122.439359, 37.745889], [-122.439309, 37.74555], [-122.439607, 37.745251], [-122.441058, 37.745224], [-122.440896, 37.744983], [-122.441041, 37.744573], [-122.440773, 37.744463], [-122.440687, 37.744296], [-122.440742, 37.744139], [-122.440464, 37.743867], [-122.440795, 37.743762], [-122.440813, 37.743435], [-122.440484, 37.74339], [-122.439736, 37.743514], [-122.439278, 37.743275], [-122.438806, 37.743219], [-122.438624, 37.742917], [-122.437929, 37.742758], [-122.437703, 37.742769], [-122.437333, 37.742833], [-122.436974, 37.743055], [-122.436788, 37.743532], [-122.436632, 37.743629], [-122.436519, 37.743634], [-122.436513, 37.743544], [-122.43628, 37.743465], [-122.435243, 37.743753], [-122.434492, 37.743818], [-122.434499, 37.743907], [-122.434273, 37.743918], [-122.434279, 37.744007], [-122.433877, 37.743915], [-122.433652, 37.744015], [-122.433439, 37.743896], [-122.433023, 37.743885], [-122.43308, 37.744037], [-122.43341, 37.744262], [-122.433788, 37.744149], [-122.433921, 37.744299], [-122.434179, 37.744192], [-122.434186, 37.744282], [-122.434453, 37.74433], [-122.434538, 37.744446], [-122.434651, 37.74444], [-122.434658, 37.74453], [-122.434545, 37.744535], [-122.434551, 37.744625], [-122.434438, 37.74463], [-122.434445, 37.74472], [-122.434332, 37.744725], [-122.434325, 37.744636], [-122.434212, 37.744641], [-122.434206, 37.744551], [-122.433528, 37.744582], [-122.433534, 37.744672], [-122.433421, 37.744677], [-122.433321, 37.744862], [-122.433208, 37.744867], [-122.433215, 37.744957], [-122.433009, 37.745237], [-122.433022, 37.745416], [-122.432576, 37.745527], [-122.432583, 37.745616], [-122.432364, 37.745717], [-122.432463, 37.745852], [-122.432716, 37.74588], [-122.432729, 37.74606], [-122.43251, 37.74616], [-122.432516, 37.74625], [-122.43237, 37.746317], [-122.43231, 37.746529], [-122.432197, 37.746535], [-122.43221, 37.746714], [-122.432097, 37.746719], [-122.43211, 37.746899], [-122.431997, 37.746904], [-122.43201, 37.747083], [-122.431791, 37.747184], [-122.431711, 37.747637], [-122.431937, 37.747627], [-122.432463, 37.747786], [-122.432528, 37.74796], [-122.432641, 37.747955], [-122.432648, 37.748044], [-122.432083, 37.74807], [-122.432076, 37.747981], [-122.431189, 37.748094], [-122.430542, 37.747671], [-122.430289, 37.74734], [-122.430218, 37.746576], [-122.42988, 37.746602], [-122.429523, 37.744038], [-122.429627, 37.743952], [-122.429613, 37.743773], [-122.430535, 37.743329], [-122.43063, 37.743726], [-122.430178, 37.743747], [-122.430014, 37.743971], [-122.429942, 37.744242], [-122.430218, 37.744285], [-122.430319, 37.744721], [-122.431019, 37.745243], [-122.431094, 37.745415], [-122.431101, 37.745505], [-122.430955, 37.745572], [-122.430888, 37.745695], [-122.430662, 37.745705], [-122.430682, 37.745974], [-122.430795, 37.745969], [-122.431047, 37.746318], [-122.43094, 37.746923], [-122.430874, 37.747046], [-122.430761, 37.747051], [-122.430635, 37.747326], [-122.430767, 37.747537], [-122.431126, 37.747394], [-122.431239, 37.747389], [-122.431246, 37.747479], [-122.431536, 37.747429], [-122.431653, 37.747276], [-122.431552, 37.747015], [-122.431512, 37.746476], [-122.431738, 37.746466], [-122.431712, 37.746107], [-122.431825, 37.746102], [-122.431958, 37.745856], [-122.432144, 37.745817], [-122.432161, 37.745659], [-122.432746, 37.745136], [-122.432763, 37.744978], [-122.432982, 37.744878], [-122.432976, 37.744788], [-122.43275, 37.744798], [-122.432843, 37.744524], [-122.432504, 37.74454], [-122.432537, 37.744988], [-122.432424, 37.744994], [-122.432431, 37.745083], [-122.432198, 37.745004], [-122.432191, 37.744914], [-122.432078, 37.744919], [-122.432108, 37.74438], [-122.432484, 37.74427], [-122.432478, 37.744181], [-122.432704, 37.74417], [-122.432691, 37.743991], [-122.432126, 37.744017], [-122.432132, 37.744107], [-122.431793, 37.744122], [-122.431757, 37.744319], [-122.431274, 37.744705], [-122.431101, 37.744442], [-122.431353, 37.74415], [-122.431172, 37.743912], [-122.430983, 37.74389], [-122.430872, 37.74359], [-122.43124, 37.74353], [-122.431892, 37.743576], [-122.432397, 37.743301], [-122.433022, 37.743282], [-122.433449, 37.743506], [-122.433455, 37.743595], [-122.434359, 37.743554], [-122.434353, 37.743464], [-122.434226, 37.74329], [-122.433775, 37.743311], [-122.433622, 37.742777], [-122.433259, 37.742642], [-122.432905, 37.74227], [-122.432535, 37.742361], [-122.431854, 37.742189], [-122.431755, 37.742053], [-122.431642, 37.742059], [-122.431629, 37.741879], [-122.431288, 37.741515], [-122.430861, 37.741321], [-122.430566, 37.741298], [-122.430529, 37.741606], [-122.429982, 37.74152], [-122.430076, 37.741127], [-122.429893, 37.740836], [-122.429965, 37.74054], [-122.429361, 37.740181], [-122.428879, 37.740301], [-122.428792, 37.740081], [-122.429021, 37.739944], [-122.428456, 37.739739], [-122.42831, 37.739468], [-122.427803, 37.739233], [-122.428242, 37.738975], [-122.428807, 37.738949], [-122.4288, 37.738859], [-122.429026, 37.738848], [-122.429019, 37.738759], [-122.429578, 37.738643], [-122.42971, 37.738907], [-122.429559, 37.739004], [-122.429724, 37.739086], [-122.429824, 37.739303], [-122.429956, 37.739166], [-122.430069, 37.73916], [-122.430063, 37.739071], [-122.430176, 37.739065], [-122.430169, 37.738976], [-122.430282, 37.73897], [-122.430275, 37.738881], [-122.430388, 37.738875], [-122.430382, 37.738786], [-122.430495, 37.738781], [-122.430488, 37.738691], [-122.430601, 37.738686], [-122.430666, 37.738798], [-122.430714, 37.73868], [-122.431166, 37.738659], [-122.43125, 37.738776], [-122.431319, 37.739193], [-122.431176, 37.739254], [-122.43132, 37.739429], [-122.431677, 37.739446], [-122.431584, 37.739721], [-122.431697, 37.739715], [-122.431704, 37.739805], [-122.4324, 37.739737], [-122.432688, 37.739309], [-122.432674, 37.73913], [-122.432787, 37.739125], [-122.433073, 37.739922], [-122.433305, 37.740001], [-122.433398, 37.739727], [-122.433285, 37.739732], [-122.433259, 37.739373], [-122.433027, 37.739294], [-122.43302, 37.739204], [-122.432907, 37.739209], [-122.432894, 37.73903], [-122.432781, 37.739035], [-122.432768, 37.738856], [-122.432889, 37.738771], [-122.432954, 37.738307], [-122.43316, 37.738027], [-122.433254, 37.737753], [-122.433367, 37.737747], [-122.433353, 37.737568], [-122.433609, 37.737464], [-122.433653, 37.737014], [-122.433766, 37.737009], [-122.433753, 37.736829], [-122.433866, 37.736824], [-122.433853, 37.736645], [-122.433966, 37.736639], [-122.433959, 37.73655], [-122.434185, 37.736539], [-122.434178, 37.736449], [-122.434291, 37.736444], [-122.434278, 37.736265], [-122.434391, 37.73626], [-122.434418, 37.736618], [-122.43465, 37.736698], [-122.434637, 37.736518], [-122.434524, 37.736524], [-122.434491, 37.736075], [-122.434604, 37.73607], [-122.434597, 37.73598], [-122.434484, 37.735985], [-122.434471, 37.735806], [-122.434358, 37.735811], [-122.434219, 37.735457], [-122.434106, 37.735462], [-122.434093, 37.735283], [-122.434206, 37.735278], [-122.434193, 37.735098], [-122.434751, 37.734983], [-122.434744, 37.734893], [-122.434857, 37.734888], [-122.434844, 37.734708], [-122.43594, 37.734877], [-122.436404, 37.735115], [-122.436925, 37.735192], [-122.437351, 37.734966], [-122.438106, 37.735215], [-122.437662, 37.735338], [-122.43754, 37.735611], [-122.435855, 37.735432], [-122.434827, 37.735249], [-122.434804, 37.7357], [-122.434917, 37.735695], [-122.434923, 37.735785], [-122.435064, 37.735861], [-122.435138, 37.736144], [-122.435057, 37.73673], [-122.435002, 37.736862], [-122.434889, 37.736867], [-122.434896, 37.736957], [-122.434155, 37.737031], [-122.43437, 37.737521], [-122.434483, 37.737516], [-122.434496, 37.737695], [-122.434657, 37.737767], [-122.434529, 37.738144], [-122.434868, 37.738128], [-122.434884, 37.737751], [-122.435207, 37.737602], [-122.43548, 37.7372], [-122.435467, 37.73702], [-122.43558, 37.737015], [-122.435561, 37.736746], [-122.435674, 37.73674], [-122.435714, 37.736424], [-122.435657, 37.736179], [-122.436227, 37.735876], [-122.437911, 37.735908], [-122.438108, 37.735687], [-122.438724, 37.735739], [-122.439025, 37.735872], [-122.438796, 37.736132], [-122.438973, 37.736382], [-122.438634, 37.736393], [-122.438436, 37.736283], [-122.4379, 37.736187], [-122.437186, 37.736262], [-122.437129, 37.736493], [-122.437581, 37.736472], [-122.437588, 37.736562], [-122.437953, 37.736619], [-122.438066, 37.7369], [-122.438298, 37.73698], [-122.438425, 37.737153], [-122.438996, 37.737217], [-122.438895, 37.737652], [-122.439248, 37.737565], [-122.439455, 37.737286], [-122.439944, 37.737196], [-122.439987, 37.736811], [-122.4401, 37.736806], [-122.440086, 37.736626], [-122.440319, 37.736706], [-122.440332, 37.736885], [-122.440445, 37.73688], [-122.440471, 37.737239], [-122.440584, 37.737233], [-122.440604, 37.737503], [-122.439887, 37.737591], [-122.43984, 37.737898], [-122.439727, 37.737903], [-122.43974, 37.738083], [-122.439853, 37.738078], [-122.439859, 37.738167], [-122.439502, 37.73821], [-122.439669, 37.738333], [-122.439873, 37.738347], [-122.439886, 37.738526], [-122.440055, 37.738757], [-122.440405, 37.738883], [-122.440289, 37.739104], [-122.438463, 37.739222], [-122.43847, 37.739312], [-122.437792, 37.739343], [-122.437785, 37.739254], [-122.437559, 37.739264], [-122.437553, 37.739174], [-122.437178, 37.739243], [-122.436901, 37.739565], [-122.436908, 37.739654], [-122.436795, 37.73966], [-122.436801, 37.739749], [-122.437185, 37.739775], [-122.437082, 37.740065], [-122.436834, 37.740198], [-122.436827, 37.740108], [-122.436714, 37.740114], [-122.43662, 37.740387], [-122.436289, 37.740493], [-122.436295, 37.740583], [-122.436131, 37.740807], [-122.436061, 37.741102], [-122.436242, 37.741396], [-122.436618, 37.741271], [-122.436953, 37.741813], [-122.437504, 37.741607], [-122.437498, 37.741518], [-122.437724, 37.741507], [-122.437717, 37.741418], [-122.43783, 37.741412], [-122.437824, 37.741323], [-122.438182, 37.741101], [-122.438243, 37.740853], [-122.438356, 37.740848], [-122.438342, 37.740668], [-122.438528, 37.74063], [-122.438662, 37.740384], [-122.438642, 37.740114], [-122.439061, 37.739645], [-122.439613, 37.739439], [-122.440008, 37.739497], [-122.440613, 37.73936], [-122.440729, 37.739207], [-122.440842, 37.739202], [-122.440849, 37.739292], [-122.440962, 37.739287], [-122.440975, 37.739466], [-122.44113, 37.73955], [-122.441445, 37.739919], [-122.441619, 37.740517], [-122.441732, 37.740511], [-122.441745, 37.740691], [-122.4419, 37.740744], [-122.441984, 37.74086], [-122.44221, 37.740849], [-122.442223, 37.741029], [-122.442336, 37.741024], [-122.44235, 37.741203], [-122.442463, 37.741198], [-122.442476, 37.741377], [-122.442589, 37.741372], [-122.442602, 37.741552], [-122.442715, 37.741546], [-122.442741, 37.741905], [-122.443253, 37.741671], [-122.443287, 37.74161], [-122.443061, 37.74162], [-122.443054, 37.741531], [-122.442941, 37.741536], [-122.442934, 37.741446], [-122.442702, 37.741367], [-122.442689, 37.741187], [-122.442576, 37.741193], [-122.442556, 37.740923], [-122.442443, 37.740929], [-122.442297, 37.740485], [-122.442636, 37.74047], [-122.442629, 37.74038], [-122.442516, 37.740385], [-122.44251, 37.740295], [-122.442277, 37.740216], [-122.442212, 37.74002], [-122.442031, 37.739957], [-122.442025, 37.739868], [-122.441799, 37.739878], [-122.441792, 37.739788], [-122.441679, 37.739794], [-122.44166, 37.739525], [-122.441547, 37.73953], [-122.441481, 37.738632], [-122.441348, 37.738369], [-122.441574, 37.738358], [-122.441567, 37.738268], [-122.44168, 37.738263], [-122.441667, 37.738084], [-122.441813, 37.738016], [-122.44188, 37.737894], [-122.441435, 37.738004], [-122.441441, 37.738094], [-122.441328, 37.738099], [-122.441341, 37.738279], [-122.441228, 37.738284], [-122.441182, 37.737656], [-122.441069, 37.737661], [-122.44105, 37.737392], [-122.441162, 37.737387], [-122.441136, 37.737028], [-122.441249, 37.737023], [-122.441223, 37.736664], [-122.441336, 37.736659], [-122.441383, 37.736265], [-122.441113, 37.735997], [-122.440946, 37.735453], [-122.440181, 37.734821], [-122.440326, 37.734754], [-122.440387, 37.734542], [-122.4405, 37.734536], [-122.440493, 37.734447], [-122.440267, 37.734457], [-122.440261, 37.734367], [-122.440035, 37.734378], [-122.440028, 37.734288], [-122.439802, 37.734299], [-122.43883, 37.733923], [-122.438965, 37.733707], [-122.438972, 37.733797], [-122.43943, 37.733866], [-122.439437, 37.733955], [-122.439895, 37.734024], [-122.439902, 37.734114], [-122.440128, 37.734104], [-122.440135, 37.734193], [-122.440248, 37.734188], [-122.440254, 37.734278], [-122.44048, 37.734267], [-122.440467, 37.734088], [-122.44058, 37.734083], [-122.440593, 37.734262], [-122.440706, 37.734257], [-122.440713, 37.734347], [-122.441652, 37.734269], [-122.441507, 37.733393], [-122.441241, 37.733302], [-122.441123, 37.733037], [-122.440661, 37.733119], [-122.4406, 37.733331], [-122.440527, 37.733365], [-122.440414, 37.73337], [-122.440408, 37.73328], [-122.439843, 37.733306], [-122.439923, 37.732853], [-122.439338, 37.732905], [-122.4395, 37.733024], [-122.439258, 37.733063], [-122.438993, 37.732536], [-122.438838, 37.732482], [-122.438754, 37.732367], [-122.438528, 37.732377], [-122.438521, 37.732287], [-122.438358, 37.732242], [-122.437767, 37.732195], [-122.437603, 37.732028], [-122.437359, 37.731944], [-122.437172, 37.732189], [-122.437398, 37.732429], [-122.436959, 37.73263], [-122.436904, 37.732581], [-122.436344, 37.732663], [-122.436434, 37.732514], [-122.436718, 37.73231], [-122.437081, 37.731767], [-122.438814, 37.731643], [-122.438807, 37.731554], [-122.439146, 37.731538], [-122.439159, 37.731718], [-122.441249, 37.731666], [-122.441017, 37.731892], [-122.439299, 37.732071], [-122.438955, 37.732228], [-122.439312, 37.732251], [-122.43948, 37.732483], [-122.439677, 37.732594], [-122.440016, 37.732578], [-122.440023, 37.732668], [-122.440299, 37.732791], [-122.440083, 37.733076], [-122.440322, 37.733139], [-122.440421, 37.732865], [-122.441166, 37.732795], [-122.441159, 37.732705], [-122.441611, 37.732684], [-122.441604, 37.732595], [-122.441717, 37.732589], [-122.441711, 37.7325], [-122.441824, 37.732495], [-122.441817, 37.732405], [-122.442156, 37.732389], [-122.442149, 37.732299], [-122.442262, 37.732294], [-122.442694, 37.732004], [-122.443253, 37.731888], [-122.443246, 37.731798], [-122.443403, 37.731678], [-122.443066, 37.731577], [-122.442144, 37.731539], [-122.441933, 37.731198], [-122.441011, 37.731333], [-122.440967, 37.731143], [-122.441147, 37.730995], [-122.442051, 37.730953], [-122.442233, 37.731173], [-122.442767, 37.731245], [-122.44366, 37.731221], [-122.444131, 37.730988], [-122.445227, 37.730986], [-122.445295, 37.731213], [-122.445986, 37.731339], [-122.44611, 37.731499], [-122.445514, 37.731738], [-122.446627, 37.731786], [-122.446768, 37.731905], [-122.447107, 37.73189], [-122.447114, 37.731979], [-122.447327, 37.732082], [-122.447174, 37.732295], [-122.447605, 37.732497], [-122.447618, 37.732676], [-122.447218, 37.732734], [-122.447126, 37.73282], [-122.447634, 37.733693], [-122.447923, 37.733742], [-122.44793, 37.733832], [-122.448156, 37.733822], [-122.44834, 37.734144], [-122.44801, 37.734127], [-122.447857, 37.734376], [-122.447631, 37.734386], [-122.447504, 37.734212], [-122.447278, 37.734222], [-122.447272, 37.734133], [-122.447039, 37.734053], [-122.447026, 37.733874], [-122.446738, 37.733741], [-122.446469, 37.733803], [-122.446202, 37.733462], [-122.445228, 37.733539], [-122.444945, 37.733731], [-122.444853, 37.733615], [-122.443949, 37.733656], [-122.443943, 37.733567], [-122.444169, 37.733556], [-122.444237, 37.733328], [-122.444142, 37.733197], [-122.443669, 37.73326], [-122.443597, 37.733493], [-122.44371, 37.733487], [-122.443717, 37.733577], [-122.443034, 37.734257], [-122.442825, 37.734648], [-122.442792, 37.73488], [-122.443131, 37.734865], [-122.44317, 37.734722], [-122.44342, 37.734489], [-122.443778, 37.734638], [-122.444115, 37.734583], [-122.445284, 37.734855], [-122.44551, 37.734845], [-122.445517, 37.734934], [-122.445743, 37.734924], [-122.44575, 37.735014], [-122.445862, 37.735008], [-122.445869, 37.735098], [-122.445982, 37.735093], [-122.445995, 37.735272], [-122.446108, 37.735267], [-122.446121, 37.735446], [-122.446241, 37.735498], [-122.446461, 37.735927], [-122.446839, 37.735953], [-122.446845, 37.736043], [-122.446619, 37.736054], [-122.446626, 37.736143], [-122.446194, 37.736433], [-122.445729, 37.736275], [-122.445749, 37.736544], [-122.445862, 37.736539], [-122.445888, 37.736898], [-122.445775, 37.736903], [-122.445821, 37.737531], [-122.445708, 37.737536], [-122.445721, 37.737716], [-122.445495, 37.737726], [-122.445502, 37.737816], [-122.445389, 37.737821], [-122.445402, 37.738001], [-122.445776, 37.738117], [-122.445914, 37.738296], [-122.445654, 37.738349], [-122.445661, 37.738439], [-122.444531, 37.738491], [-122.444525, 37.738401], [-122.444073, 37.738422], [-122.444079, 37.738512], [-122.44386, 37.738612], [-122.443867, 37.738702], [-122.443528, 37.738718], [-122.443541, 37.738897], [-122.443654, 37.738892], [-122.443647, 37.738802], [-122.443873, 37.738792], [-122.44388, 37.738881], [-122.443993, 37.738876], [-122.444169, 37.739056], [-122.444631, 37.739174], [-122.445029, 37.739098], [-122.445123, 37.738824], [-122.445376, 37.738852], [-122.445475, 37.738988], [-122.445996, 37.73927], [-122.446106, 37.739691], [-122.445986, 37.739774], [-122.446012, 37.740133], [-122.445899, 37.740138], [-122.445913, 37.740318], [-122.446026, 37.740313], [-122.446045, 37.740582], [-122.446384, 37.740566], [-122.446351, 37.740117], [-122.446538, 37.739875], [-122.446896, 37.739822], [-122.447539, 37.739823], [-122.448157, 37.740033], [-122.448285, 37.740208], [-122.448657, 37.740265], [-122.448803, 37.740671], [-122.448538, 37.740556], [-122.448312, 37.740567], [-122.448305, 37.740477], [-122.448192, 37.740482], [-122.448185, 37.740393], [-122.447368, 37.74007], [-122.446755, 37.740152], [-122.447049, 37.740355], [-122.447275, 37.740345], [-122.447282, 37.740434], [-122.447508, 37.740424], [-122.447514, 37.740514], [-122.447872, 37.740575], [-122.448071, 37.741248], [-122.447828, 37.741529], [-122.447618, 37.741338], [-122.447474, 37.741506], [-122.447361, 37.741511], [-122.447367, 37.741601], [-122.447028, 37.741617], [-122.447035, 37.741706], [-122.44659, 37.741817], [-122.446603, 37.741996], [-122.44649, 37.742002], [-122.446483, 37.741912], [-122.446257, 37.741922], [-122.446218, 37.741384], [-122.445992, 37.741395], [-122.446011, 37.741664], [-122.445898, 37.741669], [-122.445918, 37.741938], [-122.446031, 37.741933], [-122.446038, 37.742023], [-122.445818, 37.742123], [-122.445832, 37.742302], [-122.445945, 37.742297], [-122.445951, 37.742387], [-122.446636, 37.742445], [-122.446623, 37.742266], [-122.44651, 37.742271], [-122.446503, 37.742181], [-122.447174, 37.74206], [-122.447181, 37.74215], [-122.447918, 37.742166], [-122.448271, 37.742381], [-122.44784, 37.742581], [-122.448244, 37.742731], [-122.448928, 37.742789], [-122.448935, 37.742879], [-122.449319, 37.742785], [-122.449611, 37.742822], [-122.449893, 37.742758], [-122.449978, 37.74319]], [[-122.443143, 37.747378], [-122.44315, 37.747468], [-122.443037, 37.747473], [-122.443044, 37.747563], [-122.442931, 37.747568], [-122.442944, 37.747748], [-122.443163, 37.747648], [-122.443256, 37.747373], [-122.443143, 37.747378]], [[-122.44366, 37.749785], [-122.443496, 37.749703], [-122.443647, 37.749606], [-122.443634, 37.749426], [-122.443747, 37.749421], [-122.443734, 37.749242], [-122.443441, 37.74933], [-122.443448, 37.749975], [-122.443513, 37.750088], [-122.443561, 37.74997], [-122.443674, 37.749965], [-122.44366, 37.749785]], [[-122.4436, 37.750917], [-122.443709, 37.75107], [-122.443739, 37.750862], [-122.4436, 37.750917]], [[-122.437688, 37.746331], [-122.437447, 37.746423], [-122.437574, 37.746595], [-122.438133, 37.746224], [-122.438166, 37.745988], [-122.437933, 37.745909], [-122.437688, 37.746331]], [[-122.440926, 37.74343], [-122.440919, 37.74334], [-122.440806, 37.743345], [-122.440813, 37.743435], [-122.440926, 37.74343]], [[-122.441061, 37.743289], [-122.440913, 37.74325], [-122.440919, 37.74334], [-122.441061, 37.743289]], [[-122.432985, 37.744472], [-122.432837, 37.744434], [-122.432843, 37.744524], [-122.432985, 37.744472]], [[-122.430519, 37.741191], [-122.430426, 37.741274], [-122.430566, 37.741298], [-122.430519, 37.741191]], [[-122.439255, 37.737655], [-122.439384, 37.737865], [-122.439481, 37.737645], [-122.439634, 37.73755], [-122.439532, 37.737496], [-122.439248, 37.737565], [-122.439255, 37.737655]], [[-122.446541, 37.733446], [-122.446521, 37.733177], [-122.446183, 37.733193], [-122.446202, 37.733462], [-122.446541, 37.733446]], [[-122.442679, 37.734886], [-122.442566, 37.734891], [-122.44256, 37.734801], [-122.442334, 37.734812], [-122.442327, 37.734722], [-122.442028, 37.734766], [-122.441882, 37.734833], [-122.441888, 37.734922], [-122.441715, 37.73514], [-122.441569, 37.735207], [-122.441576, 37.735297], [-122.441357, 37.735397], [-122.441376, 37.735666], [-122.441489, 37.735661], [-122.441502, 37.735841], [-122.441615, 37.735835], [-122.441705, 37.736488], [-122.44205, 37.736334], [-122.442452, 37.736427], [-122.442446, 37.736337], [-122.442785, 37.736321], [-122.442778, 37.736232], [-122.443569, 37.736195], [-122.443576, 37.736285], [-122.443795, 37.736184], [-122.443762, 37.735736], [-122.443649, 37.735741], [-122.443662, 37.735921], [-122.443323, 37.735936], [-122.443317, 37.735847], [-122.443204, 37.735852], [-122.443078, 37.735678], [-122.442845, 37.735598], [-122.442838, 37.735509], [-122.442048, 37.735545], [-122.442041, 37.735455], [-122.44234, 37.735411], [-122.442473, 37.735165], [-122.442812, 37.73515], [-122.442792, 37.73488], [-122.442679, 37.734886]], [[-122.445722, 37.736185], [-122.445835, 37.73618], [-122.445772, 37.73595], [-122.445429, 37.735892], [-122.444994, 37.736159], [-122.44527, 37.736456], [-122.445622, 37.73637], [-122.445616, 37.73628], [-122.445729, 37.736275], [-122.445722, 37.736185]], [[-122.44596, 37.739415], [-122.445734, 37.739426], [-122.44574, 37.739516], [-122.445627, 37.739521], [-122.445634, 37.739611], [-122.445408, 37.739621], [-122.445414, 37.739711], [-122.445986, 37.739774], [-122.44596, 37.739415]], [[-122.442831, 37.747753], [-122.442837, 37.747843], [-122.442611, 37.747853], [-122.442618, 37.747943], [-122.442392, 37.747953], [-122.442405, 37.748133], [-122.442292, 37.748138], [-122.442299, 37.748228], [-122.44196, 37.748244], [-122.441953, 37.748154], [-122.442066, 37.748149], [-122.441927, 37.747795], [-122.441614, 37.74817], [-122.441501, 37.748175], [-122.441508, 37.748265], [-122.441734, 37.748254], [-122.44174, 37.748344], [-122.441853, 37.748339], [-122.44186, 37.748428], [-122.441747, 37.748434], [-122.44176, 37.748613], [-122.441873, 37.748608], [-122.441866, 37.748518], [-122.442312, 37.748407], [-122.442395, 37.748542], [-122.44238, 37.748815], [-122.44257, 37.749156], [-122.442803, 37.748925], [-122.442751, 37.748207], [-122.442977, 37.748196], [-122.442916, 37.747749], [-122.442831, 37.747753]], [[-122.447257, 37.74542], [-122.44799, 37.745443], [-122.447983, 37.745354], [-122.448548, 37.745327], [-122.448642, 37.745223], [-122.449159, 37.745147], [-122.449949, 37.745188], [-122.449605, 37.744958], [-122.449152, 37.744831], [-122.449234, 37.743855], [-122.449347, 37.74385], [-122.449327, 37.743581], [-122.449172, 37.743527], [-122.448968, 37.743327], [-122.448961, 37.743238], [-122.448807, 37.743184], [-122.448722, 37.743069], [-122.448383, 37.743084], [-122.448377, 37.742995], [-122.448038, 37.74301], [-122.448031, 37.742921], [-122.447657, 37.742871], [-122.447442, 37.743204], [-122.448357, 37.743589], [-122.447986, 37.743762], [-122.447858, 37.743649], [-122.4473, 37.743765], [-122.447419, 37.743969], [-122.446694, 37.744102], [-122.446542, 37.74425], [-122.446555, 37.744429], [-122.446216, 37.744445], [-122.446342, 37.744986], [-122.446714, 37.745052], [-122.446743, 37.744818], [-122.446843, 37.74474], [-122.446986, 37.745042], [-122.446649, 37.745251], [-122.446113, 37.745008], [-122.445563, 37.74429], [-122.44534, 37.744179], [-122.445358, 37.745115], [-122.445506, 37.745153], [-122.445365, 37.745205], [-122.445411, 37.745833], [-122.446372, 37.745662], [-122.446707, 37.74543], [-122.447199, 37.74548], [-122.447257, 37.74542]], [[-122.447293, 37.743675], [-122.447067, 37.743685], [-122.44706, 37.743596], [-122.446947, 37.743601], [-122.446794, 37.743732], [-122.4473, 37.743765], [-122.447293, 37.743675]], [[-122.446289, 37.743902], [-122.446176, 37.743907], [-122.446203, 37.744266], [-122.446316, 37.74426], [-122.446289, 37.743902]], [[-122.446137, 37.743368], [-122.446363, 37.743358], [-122.446356, 37.743268], [-122.446582, 37.743258], [-122.446595, 37.743437], [-122.446708, 37.743432], [-122.446688, 37.743163], [-122.446575, 37.743168], [-122.446562, 37.742989], [-122.446104, 37.74292], [-122.446097, 37.74283], [-122.445984, 37.742835], [-122.446136, 37.743225], [-122.44591, 37.743151], [-122.445752, 37.742756], [-122.445639, 37.742761], [-122.445632, 37.742672], [-122.445745, 37.742666], [-122.445738, 37.742577], [-122.445506, 37.742497], [-122.445493, 37.742318], [-122.444928, 37.742344], [-122.444921, 37.742254], [-122.444808, 37.74226], [-122.444549, 37.741821], [-122.44421, 37.741837], [-122.444204, 37.741747], [-122.443978, 37.741758], [-122.443971, 37.741668], [-122.443406, 37.741694], [-122.443413, 37.741784], [-122.4433, 37.741789], [-122.443313, 37.741969], [-122.443565, 37.742317], [-122.443578, 37.742497], [-122.443691, 37.742491], [-122.443685, 37.742402], [-122.444137, 37.742381], [-122.444143, 37.742471], [-122.444256, 37.742465], [-122.444263, 37.742555], [-122.444376, 37.74255], [-122.444383, 37.742639], [-122.444608, 37.742629], [-122.444615, 37.742719], [-122.444728, 37.742714], [-122.444735, 37.742803], [-122.445074, 37.742788], [-122.445054, 37.742518], [-122.445167, 37.742513], [-122.445173, 37.742603], [-122.445286, 37.742598], [-122.445293, 37.742687], [-122.445406, 37.742682], [-122.445791, 37.743294], [-122.445904, 37.743289], [-122.445917, 37.743469], [-122.44603, 37.743463], [-122.446043, 37.743643], [-122.446156, 37.743638], [-122.446143, 37.743458], [-122.446137, 37.743368]], [[-122.446715, 37.743522], [-122.446828, 37.743517], [-122.446821, 37.743427], [-122.446708, 37.743432], [-122.446715, 37.743522]], [[-122.446939, 37.7424], [-122.446868, 37.742524], [-122.447238, 37.742469], [-122.446939, 37.7424]], [[-122.446389, 37.743717], [-122.446464, 37.743745], [-122.446587, 37.744005], [-122.446615, 37.743706], [-122.446489, 37.743532], [-122.446376, 37.743537], [-122.446389, 37.743717]], [[-122.446243, 37.73247], [-122.446384, 37.732418], [-122.446236, 37.73238], [-122.446223, 37.732201], [-122.445997, 37.732211], [-122.44599, 37.732121], [-122.445652, 37.732137], [-122.445289, 37.732289], [-122.445671, 37.732406], [-122.445897, 37.732396], [-122.445904, 37.732486], [-122.446136, 37.732565], [-122.446192, 37.732802], [-122.446516, 37.732848], [-122.446362, 37.732554], [-122.446249, 37.73256], [-122.446243, 37.73247]], [[-122.44607, 37.741086], [-122.445978, 37.741215], [-122.446091, 37.74121], [-122.446098, 37.7413], [-122.446241, 37.741217], [-122.44607, 37.741086]], [[-122.44562, 37.740962], [-122.445607, 37.740782], [-122.445381, 37.740793], [-122.4454, 37.741062], [-122.445513, 37.741057], [-122.445507, 37.740969], [-122.44562, 37.740962]], [[-122.446171, 37.740756], [-122.446178, 37.740846], [-122.446291, 37.74084], [-122.446284, 37.740751], [-122.446171, 37.740756]], [[-122.446598, 37.74087], [-122.446436, 37.741334], [-122.446896, 37.741353], [-122.446996, 37.741169], [-122.447288, 37.741034], [-122.447315, 37.740883], [-122.446976, 37.740899], [-122.446969, 37.740809], [-122.446598, 37.74087]], [[-122.435699, 37.742698], [-122.435888, 37.742763], [-122.436034, 37.742695], [-122.436088, 37.742393], [-122.436201, 37.742388], [-122.436195, 37.742298], [-122.435754, 37.742198], [-122.435636, 37.742414], [-122.435523, 37.742419], [-122.435536, 37.742599], [-122.435436, 37.742784], [-122.435098, 37.742799], [-122.434895, 37.742593], [-122.434552, 37.743095], [-122.434665, 37.743089], [-122.434672, 37.743179], [-122.435237, 37.743153], [-122.435363, 37.743327], [-122.435589, 37.743317], [-122.435563, 37.742958], [-122.435676, 37.742953], [-122.435669, 37.742863], [-122.435699, 37.742698]], [[-122.43528, 37.739099], [-122.435167, 37.739105], [-122.43525, 37.739312], [-122.435532, 37.739448], [-122.435525, 37.739358], [-122.435638, 37.739353], [-122.435532, 37.738828], [-122.435267, 37.73892], [-122.435273, 37.73901], [-122.43528, 37.739099]], [[-122.433863, 37.739885], [-122.43399, 37.740059], [-122.434555, 37.740033], [-122.434561, 37.740123], [-122.434787, 37.740113], [-122.43471, 37.739832], [-122.434077, 37.739749], [-122.433976, 37.73988], [-122.433863, 37.739885]], [[-122.440648, 37.746737], [-122.440854, 37.746891], [-122.440931, 37.746581], [-122.440592, 37.746596], [-122.440648, 37.746737]], [[-122.440093, 37.745989], [-122.440178, 37.745573], [-122.439917, 37.745326], [-122.439524, 37.745749], [-122.439754, 37.746005], [-122.440093, 37.745989]], [[-122.441268, 37.742763], [-122.441619, 37.742604], [-122.441677, 37.742855], [-122.44179, 37.74285], [-122.441797, 37.742939], [-122.441571, 37.74295], [-122.441578, 37.74304], [-122.44209, 37.742977], [-122.4423, 37.742862], [-122.442953, 37.743032], [-122.443238, 37.742985], [-122.443181, 37.742768], [-122.442342, 37.742644], [-122.442329, 37.742465], [-122.442442, 37.742459], [-122.442435, 37.74237], [-122.442183, 37.742021], [-122.441837, 37.741947], [-122.442019, 37.742241], [-122.441923, 37.742372], [-122.441668, 37.742098], [-122.441605, 37.741868], [-122.441153, 37.741889], [-122.441146, 37.741799], [-122.440349, 37.741746], [-122.440672, 37.742051], [-122.440262, 37.74211], [-122.439897, 37.741767], [-122.43989, 37.741677], [-122.439206, 37.741619], [-122.439199, 37.741529], [-122.438521, 37.74156], [-122.438528, 37.74165], [-122.437956, 37.741587], [-122.437882, 37.741725], [-122.438055, 37.74197], [-122.438215, 37.742025], [-122.438222, 37.742114], [-122.438674, 37.742094], [-122.439059, 37.742706], [-122.439285, 37.742695], [-122.439291, 37.742785], [-122.439404, 37.74278], [-122.439431, 37.743139], [-122.439544, 37.743134], [-122.439672, 37.743431], [-122.439783, 37.743303], [-122.439896, 37.743297], [-122.439982, 37.742933], [-122.440158, 37.742854], [-122.440328, 37.743007], [-122.440335, 37.743097], [-122.4409, 37.743071], [-122.440893, 37.742981], [-122.441232, 37.742965], [-122.441268, 37.742763]], [[-122.444183, 37.732205], [-122.443957, 37.732216], [-122.444063, 37.73236], [-122.444458, 37.732343], [-122.444225, 37.732263], [-122.444183, 37.732205]], [[-122.443931, 37.731857], [-122.444044, 37.731852], [-122.444037, 37.731762], [-122.443668, 37.731562], [-122.443592, 37.731872], [-122.443705, 37.731867], [-122.443827, 37.731987], [-122.443931, 37.731857]], [[-122.443341, 37.732741], [-122.44194, 37.733205], [-122.441949, 37.734199], [-122.442016, 37.734237], [-122.441997, 37.734468], [-122.442064, 37.734594], [-122.442257, 37.734162], [-122.442567, 37.734041], [-122.442885, 37.733684], [-122.442847, 37.733518], [-122.442487, 37.733315], [-122.442504, 37.733111], [-122.443345, 37.733144], [-122.443338, 37.733055], [-122.443564, 37.733044], [-122.4435, 37.73291], [-122.443341, 37.732741]], [[-122.443268, 37.73981], [-122.443255, 37.739631], [-122.442557, 37.739393], [-122.442544, 37.739213], [-122.442657, 37.739208], [-122.442617, 37.73867], [-122.44273, 37.738665], [-122.442638, 37.737408], [-122.442907, 37.737257], [-122.444446, 37.737325], [-122.443976, 37.736597], [-122.443589, 37.736464], [-122.443363, 37.736475], [-122.443369, 37.736564], [-122.443256, 37.73657], [-122.443263, 37.736659], [-122.44315, 37.736665], [-122.443157, 37.736754], [-122.443044, 37.736759], [-122.44305, 37.736849], [-122.443163, 37.736844], [-122.4433, 37.737238], [-122.442837, 37.737039], [-122.442273, 37.737065], [-122.442286, 37.737245], [-122.442172, 37.737315], [-122.442325, 37.737783], [-122.442438, 37.737778], [-122.442458, 37.738047], [-122.442571, 37.738042], [-122.442578, 37.738132], [-122.442465, 37.738137], [-122.442498, 37.738585], [-122.442385, 37.738591], [-122.442411, 37.73895], [-122.442298, 37.738955], [-122.442337, 37.739493], [-122.44245, 37.739488], [-122.44247, 37.739757], [-122.442696, 37.739747], [-122.442703, 37.739836], [-122.443042, 37.739821], [-122.443268, 37.73981]], [[-122.443421, 37.738813], [-122.443195, 37.738823], [-122.443202, 37.738913], [-122.443089, 37.738918], [-122.443102, 37.739098], [-122.442989, 37.739103], [-122.443002, 37.739282], [-122.443222, 37.739182], [-122.443215, 37.739092], [-122.443328, 37.739087], [-122.443428, 37.738902], [-122.443421, 37.738813]], [[-122.444436, 37.737716], [-122.444592, 37.737768], [-122.444572, 37.737499], [-122.444459, 37.737504], [-122.444452, 37.737414], [-122.444113, 37.73743], [-122.444036, 37.737362], [-122.443005, 37.737513], [-122.443101, 37.737927], [-122.443249, 37.73801], [-122.443262, 37.73819], [-122.443774, 37.738374], [-122.443468, 37.73791], [-122.443455, 37.737731], [-122.443568, 37.737726], [-122.444436, 37.737716]], [[-122.443278, 37.736434], [-122.442904, 37.736406], [-122.442917, 37.736585], [-122.443137, 37.736485], [-122.443278, 37.736434]], [[-122.44204, 37.736986], [-122.441715, 37.737035], [-122.441457, 37.737294], [-122.441656, 37.737597], [-122.44198, 37.737709], [-122.441999, 37.737297], [-122.44204, 37.736986]], [[-122.443759, 37.735069], [-122.444043, 37.735129], [-122.444141, 37.734728], [-122.443803, 37.734744], [-122.443703, 37.734928], [-122.443759, 37.735069]], [[-122.445281, 37.73551], [-122.445473, 37.735423], [-122.445211, 37.735399], [-122.445281, 37.73551]], [[-122.444059, 37.739774], [-122.444172, 37.739768], [-122.444158, 37.739589], [-122.443819, 37.739605], [-122.443826, 37.739694], [-122.443671, 37.739822], [-122.444065, 37.739863], [-122.444059, 37.739774]], [[-122.445161, 37.740893], [-122.445155, 37.740803], [-122.445306, 37.740706], [-122.445028, 37.740629], [-122.445035, 37.740719], [-122.444922, 37.740724], [-122.444933, 37.740876], [-122.445161, 37.740893]], [[-122.444726, 37.740696], [-122.444557, 37.740381], [-122.444234, 37.740232], [-122.444105, 37.740402], [-122.444244, 37.740469], [-122.444357, 37.74075], [-122.444562, 37.74072], [-122.444726, 37.740696]], [[-122.4456, 37.740692], [-122.445736, 37.740643], [-122.445535, 37.74058], [-122.445487, 37.740698], [-122.4456, 37.740692]], [[-122.445029, 37.740108], [-122.445122, 37.740025], [-122.444982, 37.740001], [-122.445029, 37.740108]], [[-122.443925, 37.74104], [-122.443912, 37.740861], [-122.443573, 37.740876], [-122.443586, 37.741056], [-122.443925, 37.74104]], [[-122.44406, 37.743579], [-122.444252, 37.743492], [-122.44399, 37.743468], [-122.44406, 37.743579]], [[-122.444011, 37.742615], [-122.44395, 37.74293], [-122.444063, 37.742924], [-122.443961, 37.743154], [-122.444453, 37.743213], [-122.444176, 37.742919], [-122.444327, 37.742822], [-122.444163, 37.74274], [-122.444011, 37.742615]], [[-122.444501, 37.744255], [-122.44479, 37.744352], [-122.444868, 37.744106], [-122.444539, 37.744042], [-122.444501, 37.744255]], [[-122.444236, 37.744333], [-122.444403, 37.744572], [-122.444501, 37.744255], [-122.444236, 37.744333]], [[-122.445318, 37.746107], [-122.445255, 37.745903], [-122.445198, 37.746023], [-122.445085, 37.746028], [-122.445092, 37.746118], [-122.445205, 37.746113], [-122.445318, 37.746107]], [[-122.44537, 37.733091], [-122.445941, 37.733217], [-122.445827, 37.732977], [-122.445259, 37.732966], [-122.445362, 37.733083], [-122.44537, 37.733091]], [[-122.440937, 37.734839], [-122.441317, 37.734859], [-122.44131, 37.734769], [-122.441033, 37.734675], [-122.440937, 37.734839]], [[-122.441267, 37.740353], [-122.441332, 37.740465], [-122.441373, 37.740258], [-122.441028, 37.740184], [-122.441041, 37.740363], [-122.441267, 37.740353]], [[-122.440943, 37.739973], [-122.440669, 37.73993], [-122.440796, 37.740104], [-122.441028, 37.740184], [-122.440943, 37.739973]], [[-122.440599, 37.739819], [-122.440406, 37.739906], [-122.440669, 37.73993], [-122.440599, 37.739819]], [[-122.440004, 37.740141], [-122.439998, 37.740052], [-122.439659, 37.740067], [-122.439652, 37.739978], [-122.439539, 37.739983], [-122.439546, 37.740073], [-122.4394, 37.74014], [-122.439333, 37.740262], [-122.439678, 37.740336], [-122.439672, 37.740247], [-122.439898, 37.740236], [-122.439904, 37.740326], [-122.440828, 37.740553], [-122.440767, 37.740411], [-122.440117, 37.740136], [-122.440004, 37.740141]], [[-122.440835, 37.740643], [-122.441061, 37.740633], [-122.441054, 37.740543], [-122.440828, 37.740553], [-122.440835, 37.740643]], [[-122.442714, 37.752631], [-122.442535, 37.752989], [-122.442548, 37.753168], [-122.442435, 37.753173], [-122.442468, 37.753622], [-122.442355, 37.753627], [-122.442431, 37.753731], [-122.442694, 37.753611], [-122.442708, 37.753044], [-122.443087, 37.752783], [-122.44308, 37.752693], [-122.443193, 37.752688], [-122.443167, 37.752329], [-122.443054, 37.752334], [-122.442952, 37.751467], [-122.442689, 37.75138], [-122.442443, 37.751732], [-122.442502, 37.75254], [-122.442714, 37.752631]], [[-122.441444, 37.750728], [-122.441699, 37.750867], [-122.441767, 37.750352], [-122.441673, 37.750198], [-122.441444, 37.750728]], [[-122.441316, 37.747193], [-122.441322, 37.747283], [-122.441435, 37.747278], [-122.441429, 37.747188], [-122.441316, 37.747193]], [[-122.441567, 37.749072], [-122.44156, 37.748982], [-122.440995, 37.749008], [-122.441009, 37.749188], [-122.441122, 37.749183], [-122.441052, 37.74948], [-122.44136, 37.749812], [-122.441302, 37.750097], [-122.441466, 37.750194], [-122.441671, 37.749571], [-122.44168, 37.749067], [-122.441567, 37.749072]], [[-122.44045, 37.749304], [-122.440444, 37.749214], [-122.440557, 37.749209], [-122.440543, 37.749029], [-122.44043, 37.749035], [-122.440424, 37.748945], [-122.440311, 37.74895], [-122.440331, 37.749219], [-122.440194, 37.74942], [-122.44045, 37.749304]], [[-122.442843, 37.750664], [-122.442703, 37.75064], [-122.442749, 37.750748], [-122.442843, 37.750664]], [[-122.437968, 37.746988], [-122.438132, 37.74707], [-122.438125, 37.746981], [-122.438119, 37.746891], [-122.437968, 37.746988]], [[-122.43691, 37.746352], [-122.437097, 37.746191], [-122.436817, 37.746141], [-122.43691, 37.746352]], [[-122.438709, 37.748754], [-122.439048, 37.748739], [-122.438995, 37.748578], [-122.438744, 37.74869], [-122.438709, 37.748754]], [[-122.438565, 37.735976], [-122.438452, 37.735982], [-122.438501, 37.736129], [-122.438712, 37.73618], [-122.438565, 37.735976]], [[-122.440496, 37.740659], [-122.440502, 37.740748], [-122.440615, 37.740743], [-122.440609, 37.740654], [-122.440496, 37.740659]], [[-122.437202, 37.73748], [-122.437195, 37.73739], [-122.436743, 37.737411], [-122.436756, 37.737591], [-122.436643, 37.737596], [-122.436629, 37.738173], [-122.436237, 37.738245], [-122.436195, 37.738565], [-122.436396, 37.738868], [-122.43692, 37.738494], [-122.437422, 37.738297], [-122.437567, 37.737823], [-122.437547, 37.737554], [-122.437314, 37.737475], [-122.437202, 37.73748]], [[-122.436191, 37.738137], [-122.436097, 37.738221], [-122.436237, 37.738245], [-122.436191, 37.738137]], [[-122.436139, 37.739045], [-122.436353, 37.739179], [-122.436396, 37.738868], [-122.436139, 37.739045]], [[-122.437282, 37.737026], [-122.437275, 37.736936], [-122.437049, 37.736947], [-122.437062, 37.737126], [-122.437401, 37.737111], [-122.437408, 37.7372], [-122.437521, 37.737195], [-122.437508, 37.737016], [-122.437282, 37.737026]], [[-122.438582, 37.737739], [-122.438503, 37.737386], [-122.43817, 37.737495], [-122.438132, 37.737797], [-122.438582, 37.737739]], [[-122.43756, 37.738935], [-122.43742, 37.73891], [-122.437467, 37.739018], [-122.43756, 37.738935]], [[-122.439133, 37.742943], [-122.439092, 37.743155], [-122.439205, 37.743149], [-122.439133, 37.742943]], [[-122.434163, 37.739331], [-122.434395, 37.73941], [-122.434495, 37.739226], [-122.434382, 37.739231], [-122.434369, 37.739052], [-122.434143, 37.739062], [-122.434163, 37.739331]], [[-122.433637, 37.739896], [-122.43375, 37.73989], [-122.433737, 37.739711], [-122.433624, 37.739716], [-122.433637, 37.739896]], [[-122.434928, 37.738936], [-122.43482, 37.738565], [-122.434548, 37.738464], [-122.434462, 37.738777], [-122.434575, 37.738772], [-122.434589, 37.738951], [-122.434702, 37.738946], [-122.434708, 37.739036], [-122.434821, 37.739031], [-122.434815, 37.738941], [-122.434928, 37.738936]], [[-122.435699, 37.73863], [-122.435599, 37.738419], [-122.435299, 37.738552], [-122.435699, 37.73863]], [[-122.436676, 37.736919], [-122.436471, 37.736794], [-122.436589, 37.736574], [-122.436384, 37.736497], [-122.436358, 37.736799], [-122.436033, 37.737243], [-122.436254, 37.737471], [-122.436676, 37.736919]], [[-122.435272, 37.74054], [-122.435279, 37.74063], [-122.435618, 37.740614], [-122.435752, 37.740353], [-122.435459, 37.740117], [-122.435126, 37.740097], [-122.435159, 37.740546], [-122.435272, 37.74054]], [[-122.434408, 37.741121], [-122.434388, 37.740851], [-122.434607, 37.740751], [-122.434594, 37.740572], [-122.434368, 37.740582], [-122.434361, 37.740492], [-122.43391, 37.740513], [-122.433923, 37.740693], [-122.434036, 37.740688], [-122.433956, 37.741141], [-122.434408, 37.741121]], [[-122.435325, 37.741258], [-122.435466, 37.741207], [-122.435318, 37.741168], [-122.435325, 37.741258]], [[-122.432775, 37.741124], [-122.432274, 37.741399], [-122.43228, 37.741489], [-122.432167, 37.741494], [-122.432161, 37.741404], [-122.431909, 37.741469], [-122.432044, 37.741843], [-122.432526, 37.741748], [-122.432634, 37.741866], [-122.432978, 37.741727], [-122.432998, 37.741996], [-122.433111, 37.741991], [-122.433117, 37.74208], [-122.433407, 37.742123], [-122.433731, 37.741997], [-122.433769, 37.74169], [-122.433204, 37.741716], [-122.433198, 37.741627], [-122.433424, 37.741616], [-122.433417, 37.741526], [-122.433078, 37.741542], [-122.432775, 37.741124]], [[-122.43072, 37.740301], [-122.430713, 37.740211], [-122.4306, 37.740216], [-122.430593, 37.740126], [-122.430373, 37.740179], [-122.430546, 37.740543], [-122.430904, 37.740596], [-122.430946, 37.74029], [-122.43072, 37.740301]], [[-122.433946, 37.741552], [-122.434221, 37.741669], [-122.434372, 37.741572], [-122.434208, 37.74149], [-122.433946, 37.741552]], [[-122.437878, 37.748582], [-122.438018, 37.748606], [-122.437971, 37.748499], [-122.437878, 37.748582]], [[-122.437166, 37.748402], [-122.437618, 37.748513], [-122.437701, 37.748292], [-122.4373, 37.748099], [-122.437166, 37.748402]]], [[[-122.448704, 37.74343], [-122.448855, 37.743332], [-122.448862, 37.743422], [-122.449026, 37.743505], [-122.448875, 37.743602], [-122.448868, 37.743512], [-122.448704, 37.74343]]], [[[-122.450627, 37.748922], [-122.450677, 37.748713], [-122.45074, 37.748917], [-122.450627, 37.748922]]], [[[-122.449663, 37.749687], [-122.449895, 37.749766], [-122.449933, 37.749465], [-122.450021, 37.749941], [-122.449908, 37.749946], [-122.449928, 37.750215], [-122.449815, 37.75022], [-122.449795, 37.749951], [-122.449569, 37.749962], [-122.449563, 37.749872], [-122.449663, 37.749867], [-122.449663, 37.749687]]], [[[-122.448813, 37.749701], [-122.448878, 37.749814], [-122.448765, 37.749819], [-122.448813, 37.749701]]], [[[-122.449828, 37.7504], [-122.449715, 37.750405], [-122.449702, 37.750226], [-122.449815, 37.75022], [-122.449828, 37.7504]]], [[[-122.449483, 37.750326], [-122.449596, 37.750321], [-122.449602, 37.75041], [-122.449489, 37.750415], [-122.449483, 37.750326]]], [[[-122.449602, 37.75041], [-122.449715, 37.750405], [-122.449674, 37.750616], [-122.449602, 37.75041]]], [[[-122.449509, 37.750685], [-122.449657, 37.750723], [-122.449516, 37.750774], [-122.449509, 37.750685]]], [[[-122.450332, 37.752627], [-122.450359, 37.752986], [-122.450246, 37.752991], [-122.449998, 37.753221], [-122.4499, 37.752917], [-122.450013, 37.752912], [-122.449987, 37.752553], [-122.450206, 37.752453], [-122.4502, 37.752363], [-122.450087, 37.752368], [-122.45006, 37.75201], [-122.45028, 37.751909], [-122.450273, 37.75182], [-122.45016, 37.751825], [-122.450076, 37.751708], [-122.450021, 37.751471], [-122.450699, 37.75144], [-122.450712, 37.751619], [-122.450811, 37.751754], [-122.451064, 37.751783], [-122.450973, 37.752152], [-122.450706, 37.752308], [-122.450412, 37.752173], [-122.450445, 37.752622], [-122.450332, 37.752627]], [[-122.450663, 37.751924], [-122.450461, 37.751593], [-122.450273, 37.75182], [-122.450663, 37.751924]]], [[[-122.44887, 37.752785], [-122.448983, 37.75278], [-122.44899, 37.752869], [-122.448877, 37.752875], [-122.44887, 37.752785]]], [[[-122.4514, 37.757889], [-122.451174, 37.7579], [-122.451181, 37.75799], [-122.449937, 37.758047], [-122.449931, 37.757958], [-122.449818, 37.757963], [-122.449811, 37.757873], [-122.449359, 37.757894], [-122.449366, 37.757984], [-122.449027, 37.758], [-122.448927, 37.758184], [-122.448488, 37.758385], [-122.448495, 37.758474], [-122.448322, 37.758433], [-122.447265, 37.758711], [-122.447271, 37.758801], [-122.446826, 37.758912], [-122.446772, 37.759725], [-122.446703, 37.759761], [-122.446616, 37.760028], [-122.446533, 37.759556], [-122.446597, 37.759516], [-122.446719, 37.759007], [-122.446387, 37.759112], [-122.4464, 37.759292], [-122.446287, 37.759297], [-122.446314, 37.759656], [-122.446201, 37.759661], [-122.44624, 37.760199], [-122.446127, 37.760205], [-122.446134, 37.760294], [-122.445682, 37.760315], [-122.445617, 37.760119], [-122.445436, 37.760057], [-122.445429, 37.759967], [-122.445316, 37.759972], [-122.445303, 37.759793], [-122.445077, 37.759803], [-122.444951, 37.759629], [-122.444938, 37.759449], [-122.445051, 37.759444], [-122.444974, 37.758982], [-122.444785, 37.758916], [-122.444792, 37.759006], [-122.444516, 37.759113], [-122.444383, 37.758702], [-122.444187, 37.758494], [-122.444016, 37.758809], [-122.443665, 37.758747], [-122.443304, 37.758573], [-122.443376, 37.758261], [-122.44315, 37.758272], [-122.443143, 37.758182], [-122.442691, 37.758203], [-122.442678, 37.758024], [-122.442452, 37.758034], [-122.442439, 37.757855], [-122.442326, 37.75786], [-122.442313, 37.75768], [-122.4422, 37.757686], [-122.442193, 37.757596], [-122.442399, 37.757316], [-122.442393, 37.757227], [-122.44228, 37.757232], [-122.442273, 37.757142], [-122.441828, 37.757253], [-122.441815, 37.757073], [-122.441702, 37.757079], [-122.441688, 37.756899], [-122.441575, 37.756904], [-122.441562, 37.756725], [-122.441711, 37.756639], [-122.441536, 37.756366], [-122.441084, 37.756387], [-122.441064, 37.756118], [-122.441629, 37.756092], [-122.441955, 37.755896], [-122.441948, 37.755807], [-122.4424, 37.755786], [-122.442436, 37.755551], [-122.443112, 37.755551], [-122.442711, 37.755148], [-122.443243, 37.754924], [-122.443473, 37.753859], [-122.443859, 37.753602], [-122.443711, 37.753564], [-122.443705, 37.753475], [-122.444072, 37.752883], [-122.444091, 37.752556], [-122.444084, 37.752467], [-122.443971, 37.752472], [-122.443958, 37.752292], [-122.443845, 37.752298], [-122.443832, 37.752118], [-122.444171, 37.752103], [-122.444177, 37.752192], [-122.444742, 37.752166], [-122.444749, 37.752256], [-122.44441, 37.752271], [-122.444423, 37.752451], [-122.444536, 37.752446], [-122.444556, 37.752715], [-122.444669, 37.75271], [-122.444532, 37.753017], [-122.444815, 37.753153], [-122.444828, 37.753332], [-122.444489, 37.753348], [-122.444483, 37.753258], [-122.44413, 37.753361], [-122.444116, 37.754446], [-122.444229, 37.754441], [-122.444249, 37.75471], [-122.445279, 37.754842], [-122.445299, 37.755111], [-122.444548, 37.755176], [-122.443843, 37.755359], [-122.44385, 37.755449], [-122.443547, 37.755531], [-122.443205, 37.755929], [-122.443092, 37.755934], [-122.443105, 37.756113], [-122.442992, 37.756118], [-122.443005, 37.756298], [-122.442736, 37.756605], [-122.442706, 37.756852], [-122.442593, 37.756857], [-122.442632, 37.757396], [-122.442732, 37.757535], [-122.442645, 37.757575], [-122.442652, 37.757665], [-122.442765, 37.75766], [-122.442778, 37.757839], [-122.443709, 37.758156], [-122.444387, 37.758125], [-122.44438, 37.758035], [-122.444154, 37.758045], [-122.444147, 37.757956], [-122.444034, 37.757961], [-122.443775, 37.757523], [-122.444001, 37.757512], [-122.444008, 37.757602], [-122.444121, 37.757597], [-122.444134, 37.757776], [-122.444247, 37.757771], [-122.444254, 37.757861], [-122.444593, 37.757845], [-122.444658, 37.757957], [-122.444706, 37.75784], [-122.445045, 37.757824], [-122.445052, 37.757914], [-122.445165, 37.757908], [-122.445151, 37.757729], [-122.445377, 37.757719], [-122.445371, 37.757629], [-122.445484, 37.757624], [-122.445477, 37.757534], [-122.445364, 37.757539], [-122.445358, 37.757449], [-122.445344, 37.75727], [-122.445457, 37.757265], [-122.445438, 37.756996], [-122.444986, 37.757016], [-122.444798, 37.756666], [-122.445518, 37.756542], [-122.445524, 37.756631], [-122.44575, 37.756621], [-122.445763, 37.7568], [-122.446222, 37.756869], [-122.446229, 37.756959], [-122.446342, 37.756954], [-122.446348, 37.757043], [-122.446581, 37.757123], [-122.446574, 37.757033], [-122.446794, 37.756933], [-122.446781, 37.756753], [-122.447233, 37.756732], [-122.4472, 37.756284], [-122.446967, 37.756204], [-122.44696, 37.756115], [-122.446847, 37.75612], [-122.446841, 37.75603], [-122.447406, 37.756004], [-122.447506, 37.756614], [-122.448097, 37.756973], [-122.447798, 37.757097], [-122.447246, 37.756912], [-122.447259, 37.757091], [-122.447146, 37.757096], [-122.447159, 37.757276], [-122.447272, 37.757271], [-122.447279, 37.75736], [-122.447505, 37.75735], [-122.44759, 37.757465], [-122.447899, 37.757572], [-122.447983, 37.757688], [-122.448096, 37.757683], [-122.448103, 37.757772], [-122.448322, 37.757672], [-122.448329, 37.757762], [-122.448442, 37.757757], [-122.448435, 37.757667], [-122.448548, 37.757662], [-122.448287, 37.757277], [-122.448543, 37.757363], [-122.448661, 37.757656], [-122.448994, 37.757551], [-122.448987, 37.757461], [-122.449213, 37.757451], [-122.449207, 37.757361], [-122.44932, 37.757356], [-122.449313, 37.757266], [-122.449539, 37.757256], [-122.449532, 37.757166], [-122.449758, 37.757155], [-122.449752, 37.757066], [-122.449865, 37.75706], [-122.449858, 37.756971], [-122.451022, 37.756945], [-122.45128, 37.757044], [-122.451447, 37.756987], [-122.451354, 37.757261], [-122.451636, 37.757397], [-122.451719, 37.757605], [-122.451606, 37.75761], [-122.4514, 37.757889]], [[-122.445416, 37.759787], [-122.445423, 37.759877], [-122.445755, 37.759772], [-122.44569, 37.759431], [-122.445438, 37.759544], [-122.445303, 37.759793], [-122.445416, 37.759787]], [[-122.44549, 37.757713], [-122.445603, 37.757708], [-122.445597, 37.757618], [-122.445484, 37.757624], [-122.44549, 37.757713]], [[-122.44561, 37.757798], [-122.445497, 37.757803], [-122.44551, 37.757982], [-122.445397, 37.757988], [-122.44541, 37.758167], [-122.445191, 37.758267], [-122.445211, 37.758537], [-122.445098, 37.758542], [-122.445124, 37.758901], [-122.445576, 37.75888], [-122.44557, 37.75879], [-122.445796, 37.75878], [-122.446027, 37.758859], [-122.445903, 37.759094], [-122.446161, 37.759123], [-122.446197, 37.758922], [-122.44644, 37.758809], [-122.446467, 37.758658], [-122.446241, 37.758669], [-122.446228, 37.758489], [-122.446454, 37.758479], [-122.446447, 37.758389], [-122.446673, 37.758379], [-122.446667, 37.758289], [-122.446893, 37.758279], [-122.446886, 37.758189], [-122.447225, 37.758173], [-122.446979, 37.757914], [-122.446866, 37.75792], [-122.44686, 37.75783], [-122.446973, 37.757825], [-122.446966, 37.757735], [-122.446853, 37.75774], [-122.446768, 37.757625], [-122.446614, 37.757571], [-122.446601, 37.757392], [-122.446368, 37.757312], [-122.446361, 37.757223], [-122.446248, 37.757228], [-122.446242, 37.757138], [-122.446016, 37.757149], [-122.446009, 37.757059], [-122.445783, 37.75707], [-122.44579, 37.757159], [-122.445903, 37.757154], [-122.445929, 37.757513], [-122.445816, 37.757518], [-122.445829, 37.757698], [-122.445603, 37.757708], [-122.44561, 37.757798]], [[-122.445777, 37.75698], [-122.445664, 37.756985], [-122.44567, 37.757075], [-122.445783, 37.75707], [-122.445777, 37.75698]], [[-122.445551, 37.75699], [-122.445486, 37.756878], [-122.445438, 37.756996], [-122.445551, 37.75699]], [[-122.449335, 37.757571], [-122.449439, 37.75744], [-122.449213, 37.757451], [-122.449335, 37.757571]], [[-122.450317, 37.757039], [-122.45033, 37.757219], [-122.450443, 37.757214], [-122.450456, 37.757393], [-122.450569, 37.757388], [-122.450498, 37.757102], [-122.450317, 37.757039]], [[-122.448449, 37.757846], [-122.448313, 37.757883], [-122.448418, 37.757957], [-122.448449, 37.757846]], [[-122.445124, 37.758268], [-122.444845, 37.758193], [-122.444929, 37.7584], [-122.445124, 37.758268]], [[-122.444289, 37.754919], [-122.444149, 37.754894], [-122.444196, 37.755002], [-122.444289, 37.754919]], [[-122.444163, 37.754745], [-122.444023, 37.75472], [-122.44407, 37.754828], [-122.444163, 37.754745]], [[-122.443757, 37.754192], [-122.443683, 37.754331], [-122.443847, 37.754562], [-122.443913, 37.754246], [-122.443757, 37.754192]], [[-122.441968, 37.756654], [-122.442498, 37.756718], [-122.442221, 37.756424], [-122.441882, 37.75644], [-122.441968, 37.756654]]], [[[-122.449316, 37.761042], [-122.449559, 37.76091], [-122.451007, 37.761132], [-122.450809, 37.7613], [-122.450634, 37.761346], [-122.450295, 37.761362], [-122.449645, 37.761213], [-122.449316, 37.761042]]], [[[-122.450316, 37.762246], [-122.45096, 37.762471], [-122.451065, 37.762587], [-122.450458, 37.762574], [-122.450316, 37.762246]]], [[[-122.449514, 37.7677], [-122.449212, 37.768025], [-122.449236, 37.767638], [-122.449388, 37.767526], [-122.449497, 37.767126], [-122.449707, 37.767091], [-122.449627, 37.767695], [-122.449514, 37.7677]]], [[[-122.450395, 37.775042], [-122.450904, 37.775073], [-122.450252, 37.775452], [-122.450056, 37.775641], [-122.449918, 37.775559], [-122.450124, 37.775336], [-122.450395, 37.775042]]], [[[-122.449452, 37.775667], [-122.449262, 37.776014], [-122.449191, 37.775638], [-122.449452, 37.775667]]], [[[-122.449656, 37.775796], [-122.449851, 37.775827], [-122.450074, 37.776444], [-122.449734, 37.776215], [-122.449656, 37.775796]]], [[[-122.450463, 37.778337], [-122.450161, 37.778603], [-122.450067, 37.778298], [-122.450463, 37.778337]]], [[[-122.449945, 37.784336], [-122.449932, 37.784156], [-122.449818, 37.784162], [-122.449805, 37.783982], [-122.44934, 37.783824], [-122.449333, 37.783734], [-122.449071, 37.783708], [-122.449214, 37.78365], [-122.449802, 37.783657], [-122.449905, 37.783798], [-122.450018, 37.783792], [-122.450025, 37.783882], [-122.450138, 37.783877], [-122.450158, 37.784146], [-122.450271, 37.784141], [-122.450284, 37.78432], [-122.450171, 37.784325], [-122.450177, 37.784415], [-122.449945, 37.784336]]], [[[-122.450259, 37.789596], [-122.450567, 37.78967], [-122.450468, 37.789893], [-122.450241, 37.789904], [-122.450193, 37.790022], [-122.450128, 37.789909], [-122.450015, 37.789914], [-122.450259, 37.789596]]], [[[-122.44945, 37.790426], [-122.449357, 37.790215], [-122.449638, 37.790265], [-122.44945, 37.790426]]], [[[-122.450657, 37.792005], [-122.450567, 37.792164], [-122.450507, 37.791962], [-122.450657, 37.792005]]], [[[-122.451062, 37.79271], [-122.451275, 37.792939], [-122.451001, 37.793001], [-122.450759, 37.792311], [-122.450935, 37.792395], [-122.451062, 37.79271]]], [[[-122.449341, 37.794627], [-122.449302, 37.794089], [-122.449528, 37.794078], [-122.449568, 37.794617], [-122.449341, 37.794627]]], [[[-122.449779, 37.797488], [-122.449847, 37.797365], [-122.450146, 37.79743], [-122.449892, 37.797483], [-122.449779, 37.797488]]], [[[-122.448654, 37.713956], [-122.4484, 37.714004], [-122.448454, 37.713884], [-122.448654, 37.713956]]], [[[-122.448265, 37.714041], [-122.4484, 37.714004], [-122.448369, 37.714115], [-122.448265, 37.714041]]], [[[-122.446408, 37.715488], [-122.445967, 37.71535], [-122.44634, 37.71527], [-122.446623, 37.715323], [-122.446408, 37.715488]]], [[[-122.447255, 37.718468], [-122.447409, 37.718546], [-122.447257, 37.719406], [-122.447028, 37.719113], [-122.447098, 37.718783], [-122.447255, 37.718468]]], [[[-122.448232, 37.728686], [-122.448513, 37.728736], [-122.448325, 37.728898], [-122.448232, 37.728686]]], [[[-122.446463, 37.728913], [-122.446311, 37.728775], [-122.445849, 37.728889], [-122.44565, 37.728566], [-122.446289, 37.72842], [-122.446603, 37.728563], [-122.446937, 37.728487], [-122.447304, 37.72875], [-122.447474, 37.729172], [-122.447905, 37.729304], [-122.448391, 37.729224], [-122.448757, 37.729571], [-122.448129, 37.729527], [-122.447999, 37.729679], [-122.447531, 37.729557], [-122.44715, 37.729621], [-122.446707, 37.7292], [-122.446744, 37.728867], [-122.446463, 37.728913]]], [[[-122.446226, 37.730157], [-122.446595, 37.729992], [-122.446605, 37.730217], [-122.446424, 37.730301], [-122.44643, 37.73039], [-122.446317, 37.730396], [-122.446245, 37.730622], [-122.446045, 37.730438], [-122.446198, 37.730311], [-122.446226, 37.730157]]], [[[-122.44725, 37.730088], [-122.446953, 37.730304], [-122.447082, 37.73], [-122.44725, 37.730088]]], [[[-122.448257, 37.732635], [-122.448389, 37.73237], [-122.448628, 37.732464], [-122.448385, 37.732853], [-122.448257, 37.732635]]], [[[-122.448701, 37.733526], [-122.448107, 37.733504], [-122.448704, 37.733216], [-122.448807, 37.733431], [-122.448694, 37.733437], [-122.448701, 37.733526]]], [[[-122.447418, 37.734576], [-122.447438, 37.734845], [-122.447325, 37.734851], [-122.447318, 37.734761], [-122.446609, 37.734752], [-122.446394, 37.734534], [-122.445527, 37.734215], [-122.445969, 37.734063], [-122.446137, 37.733875], [-122.446522, 37.733969], [-122.447059, 37.734323], [-122.447172, 37.734317], [-122.447179, 37.734407], [-122.447631, 37.734386], [-122.447637, 37.734476], [-122.447418, 37.734576]]], [[[-122.447863, 37.734465], [-122.447857, 37.734376], [-122.448082, 37.734365], [-122.448089, 37.734455], [-122.447863, 37.734465]]], [[[-122.447145, 37.735489], [-122.446739, 37.735269], [-122.446911, 37.735108], [-122.447132, 37.73531], [-122.447145, 37.735489]]], [[[-122.446716, 37.741991], [-122.446668, 37.742109], [-122.446603, 37.741996], [-122.446716, 37.741991]]], [[[-122.446713, 37.746583], [-122.446853, 37.746607], [-122.44676, 37.74669], [-122.446713, 37.746583]]], [[[-122.446665, 37.749016], [-122.446732, 37.748893], [-122.446878, 37.748826], [-122.446845, 37.748377], [-122.447155, 37.748655], [-122.447217, 37.74881], [-122.44733, 37.748805], [-122.447343, 37.748984], [-122.447513, 37.749084], [-122.447376, 37.749433], [-122.447263, 37.749438], [-122.447111, 37.748905], [-122.446885, 37.748916], [-122.446891, 37.749005], [-122.446665, 37.749016]]], [[[-122.446678, 37.749195], [-122.446672, 37.749106], [-122.446785, 37.7491], [-122.446791, 37.74919], [-122.446678, 37.749195]]], [[[-122.447516, 37.749787], [-122.447283, 37.749708], [-122.44727, 37.749528], [-122.447496, 37.749518], [-122.447502, 37.749607], [-122.447841, 37.749592], [-122.447828, 37.749412], [-122.448054, 37.749402], [-122.448087, 37.74985], [-122.447522, 37.749876], [-122.447516, 37.749787]]], [[[-122.448508, 37.750032], [-122.448765, 37.749819], [-122.448698, 37.750225], [-122.448508, 37.750032]]], [[[-122.447495, 37.751048], [-122.447488, 37.750958], [-122.447601, 37.750953], [-122.447608, 37.751043], [-122.447495, 37.751048]]], [[[-122.447275, 37.752679], [-122.447055, 37.752779], [-122.447068, 37.752959], [-122.446849, 37.753059], [-122.446862, 37.753238], [-122.446749, 37.753243], [-122.446723, 37.752885], [-122.446836, 37.752879], [-122.446823, 37.7527], [-122.446936, 37.752695], [-122.446922, 37.752515], [-122.446387, 37.752825], [-122.44558, 37.752757], [-122.444789, 37.752794], [-122.444782, 37.752704], [-122.445001, 37.752604], [-122.444988, 37.752425], [-122.444756, 37.752346], [-122.444749, 37.752256], [-122.446112, 37.752283], [-122.446444, 37.752177], [-122.447009, 37.752151], [-122.446989, 37.751882], [-122.447222, 37.751961], [-122.447275, 37.752679]]], [[[-122.447514, 37.752848], [-122.447627, 37.752843], [-122.447634, 37.752932], [-122.447747, 37.752927], [-122.44776, 37.753107], [-122.447873, 37.753101], [-122.447886, 37.753281], [-122.44766, 37.753291], [-122.447653, 37.753202], [-122.44754, 37.753207], [-122.447514, 37.752848]]], [[[-122.447075, 37.753048], [-122.447188, 37.753043], [-122.447181, 37.752953], [-122.447401, 37.752853], [-122.447421, 37.753122], [-122.447201, 37.753223], [-122.447221, 37.753492], [-122.446995, 37.753502], [-122.446969, 37.753143], [-122.447082, 37.753138], [-122.447075, 37.753048]]], [[[-122.446071, 37.753275], [-122.446354, 37.753411], [-122.446192, 37.753576], [-122.446071, 37.753275]]], [[[-122.448504, 37.753972], [-122.448491, 37.753793], [-122.448604, 37.753788], [-122.44859, 37.753608], [-122.448703, 37.753603], [-122.448684, 37.753334], [-122.448571, 37.753339], [-122.448551, 37.75307], [-122.44889, 37.753054], [-122.448903, 37.753234], [-122.449016, 37.753228], [-122.449049, 37.753677], [-122.448936, 37.753682], [-122.448949, 37.753862], [-122.448836, 37.753867], [-122.448843, 37.753957], [-122.448504, 37.753972]]], [[[-122.44756, 37.753476], [-122.447823, 37.7535], [-122.44763, 37.753587], [-122.44756, 37.753476]]], [[[-122.44728, 37.754299], [-122.447393, 37.754294], [-122.4474, 37.754384], [-122.447287, 37.754389], [-122.44728, 37.754299]]], [[[-122.44609, 37.755075], [-122.446353, 37.755099], [-122.44616, 37.755186], [-122.44609, 37.755075]]], [[[-122.446236, 37.755518], [-122.446376, 37.755542], [-122.446283, 37.755626], [-122.446236, 37.755518]]], [[[-122.447431, 37.759424], [-122.447457, 37.759783], [-122.447118, 37.759799], [-122.447092, 37.75944], [-122.447431, 37.759424]]], [[[-122.447888, 37.761023], [-122.448151, 37.761048], [-122.447958, 37.761134], [-122.447888, 37.761023]]], [[[-122.446937, 37.761968], [-122.446953, 37.761597], [-122.447194, 37.761426], [-122.447383, 37.761857], [-122.446937, 37.761968]]], [[[-122.447609, 37.761847], [-122.447496, 37.761852], [-122.447547, 37.761739], [-122.447609, 37.761847]]], [[[-122.446545, 37.762796], [-122.446432, 37.762801], [-122.446445, 37.762981], [-122.446664, 37.762881], [-122.446677, 37.76306], [-122.446564, 37.763065], [-122.446578, 37.763245], [-122.446358, 37.763345], [-122.446371, 37.763524], [-122.446258, 37.76353], [-122.446245, 37.76335], [-122.445755, 37.763701], [-122.445147, 37.763625], [-122.445348, 37.763482], [-122.4458, 37.763461], [-122.445793, 37.763371], [-122.445963, 37.763293], [-122.445999, 37.763092], [-122.446245, 37.762922], [-122.446299, 37.762537], [-122.446518, 37.762437], [-122.446498, 37.762168], [-122.446385, 37.762173], [-122.446392, 37.762263], [-122.446279, 37.762268], [-122.446286, 37.762358], [-122.44606, 37.762369], [-122.446053, 37.762279], [-122.446166, 37.762274], [-122.446153, 37.762094], [-122.446266, 37.762089], [-122.446259, 37.761999], [-122.446479, 37.761899], [-122.446472, 37.761809], [-122.446585, 37.761804], [-122.446592, 37.761894], [-122.446824, 37.761973], [-122.446831, 37.762063], [-122.446605, 37.762073], [-122.446638, 37.762522], [-122.446525, 37.762527], [-122.446545, 37.762796]], [[-122.446332, 37.762986], [-122.446345, 37.763166], [-122.446458, 37.76316], [-122.446445, 37.762981], [-122.446332, 37.762986]], [[-122.446232, 37.763171], [-122.446239, 37.763261], [-122.446352, 37.763255], [-122.446345, 37.763166], [-122.446232, 37.763171]]], [[[-122.448668, 37.762033], [-122.44897, 37.76209], [-122.448763, 37.76245], [-122.448497, 37.76237], [-122.448333, 37.762443], [-122.448517, 37.763094], [-122.448322, 37.763126], [-122.448085, 37.763027], [-122.447821, 37.763667], [-122.44813, 37.764025], [-122.44791, 37.764281], [-122.447526, 37.764344], [-122.447215, 37.764206], [-122.447228, 37.764385], [-122.447055, 37.764603], [-122.446825, 37.764554], [-122.446727, 37.764258], [-122.446549, 37.76401], [-122.44673, 37.763778], [-122.446724, 37.763164], [-122.446859, 37.763209], [-122.447023, 37.763134], [-122.44701, 37.762955], [-122.447123, 37.762949], [-122.447032, 37.762744], [-122.446877, 37.762691], [-122.446978, 37.762507], [-122.447196, 37.762406], [-122.447309, 37.762401], [-122.447316, 37.76249], [-122.447542, 37.76248], [-122.447522, 37.762211], [-122.447409, 37.762216], [-122.447403, 37.762126], [-122.447961, 37.76201], [-122.447954, 37.761921], [-122.448633, 37.761889], [-122.448626, 37.761799], [-122.448758, 37.761847], [-122.448668, 37.762033]]], [[[-122.446884, 37.76278], [-122.446771, 37.762786], [-122.446764, 37.762696], [-122.446877, 37.762691], [-122.446884, 37.76278]]], [[[-122.446771, 37.762786], [-122.446777, 37.762875], [-122.446664, 37.762881], [-122.446658, 37.762791], [-122.446771, 37.762786]]], [[[-122.447175, 37.765198], [-122.446908, 37.765168], [-122.446976, 37.765057], [-122.447268, 37.764923], [-122.447281, 37.765103], [-122.447168, 37.765108], [-122.447175, 37.765198]]], [[[-122.446266, 37.765548], [-122.446164, 37.765372], [-122.446364, 37.764965], [-122.446643, 37.765012], [-122.446266, 37.765548]]], [[[-122.447334, 37.765821], [-122.447591, 37.765838], [-122.44756, 37.766281], [-122.447388, 37.766155], [-122.447334, 37.765821]]], [[[-122.44791, 37.78443], [-122.448023, 37.784425], [-122.448029, 37.784515], [-122.448143, 37.784509], [-122.448149, 37.784599], [-122.448262, 37.784594], [-122.448269, 37.784684], [-122.448495, 37.784673], [-122.448501, 37.784763], [-122.448663, 37.784832], [-122.448578, 37.785148], [-122.448402, 37.784948], [-122.448176, 37.784958], [-122.448308, 37.785222], [-122.447851, 37.785733], [-122.447642, 37.785624], [-122.447916, 37.7852], [-122.447949, 37.784969], [-122.447717, 37.784889], [-122.447704, 37.78471], [-122.44759, 37.784715], [-122.447577, 37.784536], [-122.447464, 37.784541], [-122.447451, 37.784361], [-122.447325, 37.784187], [-122.447212, 37.784193], [-122.447192, 37.783923], [-122.447014, 37.783803], [-122.447078, 37.782988], [-122.447245, 37.783111], [-122.447252, 37.7832], [-122.447365, 37.783195], [-122.447405, 37.783733], [-122.447482, 37.78376], [-122.447584, 37.784068], [-122.447764, 37.783987], [-122.44777, 37.784077], [-122.447883, 37.784071], [-122.44791, 37.78443]]], [[[-122.44716, 37.787009], [-122.446985, 37.786881], [-122.446944, 37.786726], [-122.446773, 37.78663], [-122.446831, 37.785881], [-122.44704, 37.78585], [-122.447157, 37.786536], [-122.44716, 37.787009]]], [[[-122.44734, 37.791599], [-122.447195, 37.791666], [-122.447039, 37.791612], [-122.44708, 37.791011], [-122.447337, 37.791105], [-122.447408, 37.791476], [-122.44734, 37.791599]]], [[[-122.44875, 37.791904], [-122.448517, 37.791934], [-122.448383, 37.791561], [-122.448146, 37.791423], [-122.448358, 37.79129], [-122.448608, 37.791389], [-122.448944, 37.790774], [-122.449201, 37.790925], [-122.44875, 37.791904]]], [[[-122.447935, 37.791778], [-122.448164, 37.791725], [-122.448284, 37.791958], [-122.447975, 37.792387], [-122.447939, 37.793042], [-122.447835, 37.793394], [-122.447622, 37.793672], [-122.447982, 37.793834], [-122.447757, 37.794226], [-122.447839, 37.795159], [-122.450224, 37.795832], [-122.450651, 37.796157], [-122.451094, 37.79611], [-122.450846, 37.795948], [-122.45084, 37.795682], [-122.450576, 37.795246], [-122.450588, 37.795066], [-122.451051, 37.795234], [-122.451074, 37.795774], [-122.451424, 37.796003], [-122.450888, 37.796593], [-122.449784, 37.796652], [-122.449047, 37.796212], [-122.448318, 37.796246], [-122.448098, 37.795927], [-122.447612, 37.795772], [-122.447399, 37.795978], [-122.446888, 37.795908], [-122.447027, 37.795545], [-122.44714, 37.79554], [-122.447113, 37.795181], [-122.447, 37.795186], [-122.446974, 37.794827], [-122.446861, 37.794832], [-122.446847, 37.794653], [-122.446734, 37.794658], [-122.446728, 37.794568], [-122.446049, 37.7946], [-122.446056, 37.79469], [-122.445491, 37.794716], [-122.445408, 37.794843], [-122.444816, 37.794462], [-122.444891, 37.794249], [-122.444796, 37.794065], [-122.444975, 37.793969], [-122.44452, 37.793861], [-122.44305, 37.793929], [-122.443057, 37.794018], [-122.442831, 37.794029], [-122.442837, 37.794119], [-122.442611, 37.794129], [-122.442618, 37.794219], [-122.442505, 37.794224], [-122.442256, 37.794818], [-122.442323, 37.795076], [-122.442143, 37.795106], [-122.441895, 37.79488], [-122.441035, 37.79535], [-122.440518, 37.795209], [-122.440283, 37.794867], [-122.44017, 37.794872], [-122.440156, 37.794693], [-122.440326, 37.794462], [-122.439984, 37.793891], [-122.439758, 37.793901], [-122.439804, 37.794529], [-122.439924, 37.794853], [-122.439895, 37.795111], [-122.440113, 37.795699], [-122.441001, 37.795852], [-122.440958, 37.795688], [-122.44105, 37.795513], [-122.441586, 37.796002], [-122.44156, 37.796235], [-122.441137, 37.796205], [-122.440677, 37.796013], [-122.440456, 37.79635], [-122.440166, 37.796461], [-122.44066, 37.796728], [-122.441704, 37.796853], [-122.441855, 37.79706], [-122.441549, 37.797189], [-122.44021, 37.7968], [-122.439717, 37.796424], [-122.439603, 37.796429], [-122.43959, 37.79625], [-122.43941, 37.796187], [-122.439344, 37.795991], [-122.439231, 37.795996], [-122.439218, 37.795817], [-122.438661, 37.795258], [-122.438865, 37.794914], [-122.438384, 37.794552], [-122.438384, 37.794282], [-122.437747, 37.794465], [-122.436272, 37.795052], [-122.436615, 37.795327], [-122.435586, 37.79604], [-122.435318, 37.79604], [-122.434628, 37.796305], [-122.433374, 37.796423], [-122.432793, 37.796226], [-122.432371, 37.796369], [-122.431373, 37.796268], [-122.4313, 37.795782], [-122.432514, 37.795677], [-122.43252, 37.795767], [-122.432747, 37.795756], [-122.433096, 37.79556], [-122.435095, 37.795287], [-122.435101, 37.795377], [-122.435326, 37.795316], [-122.435696, 37.795073], [-122.435075, 37.795018], [-122.435082, 37.795108], [-122.434778, 37.795092], [-122.43458, 37.794981], [-122.433463, 37.794969], [-122.433359, 37.794827], [-122.434927, 37.794447], [-122.435415, 37.794162], [-122.435668, 37.79382], [-122.435781, 37.793815], [-122.435906, 37.793989], [-122.435574, 37.794095], [-122.435588, 37.794274], [-122.436422, 37.794307], [-122.438043, 37.793979], [-122.438664, 37.794011], [-122.438966, 37.793938], [-122.439455, 37.79371], [-122.438362, 37.793425], [-122.438235, 37.793251], [-122.43861, 37.793006], [-122.439466, 37.79284], [-122.439691, 37.793328], [-122.440008, 37.793293], [-122.440402, 37.793553], [-122.440086, 37.792909], [-122.440321, 37.792753], [-122.440865, 37.793361], [-122.441165, 37.793346], [-122.441447, 37.793577], [-122.442897, 37.793396], [-122.442891, 37.793306], [-122.443795, 37.793264], [-122.444467, 37.793143], [-122.444515, 37.793025], [-122.44458, 37.793138], [-122.444693, 37.793132], [-122.444794, 37.793001], [-122.446615, 37.793043], [-122.446622, 37.793133], [-122.446735, 37.793128], [-122.446862, 37.793301], [-122.447609, 37.793467], [-122.447475, 37.793137], [-122.447352, 37.793056], [-122.447182, 37.792608], [-122.446743, 37.792274], [-122.446507, 37.792371], [-122.446315, 37.792556], [-122.445536, 37.792617], [-122.445272, 37.792444], [-122.446357, 37.792227], [-122.446543, 37.792056], [-122.44659, 37.791576], [-122.446886, 37.791527], [-122.447049, 37.792088], [-122.447221, 37.792025], [-122.447215, 37.791935], [-122.447434, 37.791879], [-122.447621, 37.791635], [-122.447935, 37.791778]], [[-122.447153, 37.795719], [-122.447379, 37.795709], [-122.447366, 37.795529], [-122.44714, 37.79554], [-122.447153, 37.795719]], [[-122.447831, 37.792137], [-122.44768, 37.792093], [-122.44774, 37.792295], [-122.447831, 37.792137]], [[-122.447648, 37.79545], [-122.447841, 37.795364], [-122.447579, 37.795339], [-122.447648, 37.79545]], [[-122.441373, 37.794786], [-122.441812, 37.794587], [-122.441833, 37.794345], [-122.44172, 37.79435], [-122.441671, 37.794203], [-122.441328, 37.794158], [-122.441201, 37.794391], [-122.440974, 37.794316], [-122.440855, 37.793957], [-122.440722, 37.794017], [-122.440668, 37.794459], [-122.440519, 37.794628], [-122.440615, 37.794762], [-122.440728, 37.794756], [-122.440832, 37.794626], [-122.440955, 37.794746], [-122.441068, 37.794741], [-122.441074, 37.79483], [-122.441373, 37.794786]], [[-122.440325, 37.79615], [-122.440518, 37.796063], [-122.440255, 37.796039], [-122.440325, 37.79615]]], [[[-122.447073, 37.796173], [-122.447525, 37.796152], [-122.447532, 37.796242], [-122.447839, 37.796274], [-122.449441, 37.796775], [-122.449081, 37.796883], [-122.447658, 37.796416], [-122.447651, 37.796326], [-122.447086, 37.796352], [-122.447073, 37.796173]]], [[[-122.446062, 37.79631], [-122.446453, 37.796371], [-122.446266, 37.796517], [-122.446062, 37.79631]]], [[[-122.448615, 37.797092], [-122.448389, 37.797102], [-122.448383, 37.797013], [-122.44827, 37.797018], [-122.448385, 37.796889], [-122.448615, 37.797092]]], [[[-122.445097, 37.708748], [-122.445175, 37.708661], [-122.445621, 37.708685], [-122.444145, 37.709144], [-122.444117, 37.709021], [-122.445097, 37.708748]]], [[[-122.443675, 37.711183], [-122.443706, 37.711177], [-122.443578, 37.711546], [-122.443239, 37.711632], [-122.44333, 37.711262], [-122.443675, 37.711183]]], [[[-122.445785, 37.726882], [-122.445854, 37.727176], [-122.44544, 37.727277], [-122.445502, 37.727012], [-122.445728, 37.727002], [-122.445785, 37.726882]]], [[[-122.444206, 37.727883], [-122.444408, 37.72798], [-122.444291, 37.728456], [-122.444123, 37.728238], [-122.444206, 37.727883]]], [[[-122.44531, 37.736224], [-122.445264, 37.736116], [-122.445404, 37.736141], [-122.44531, 37.736224]]], [[[-122.445054, 37.742518], [-122.444595, 37.74245], [-122.444589, 37.74236], [-122.444363, 37.74237], [-122.444356, 37.742281], [-122.444011, 37.742207], [-122.443815, 37.741999], [-122.443752, 37.741768], [-122.443978, 37.741758], [-122.443984, 37.741848], [-122.444097, 37.741842], [-122.444104, 37.741932], [-122.444569, 37.742091], [-122.444576, 37.74218], [-122.444689, 37.742175], [-122.444695, 37.742265], [-122.444928, 37.742344], [-122.445054, 37.742518]]], [[[-122.44373, 37.74456], [-122.443723, 37.744471], [-122.443836, 37.744465], [-122.443843, 37.744555], [-122.44373, 37.74456]]], [[[-122.443617, 37.744566], [-122.44373, 37.74456], [-122.443737, 37.74465], [-122.443624, 37.744655], [-122.443617, 37.744566]]], [[[-122.443511, 37.744661], [-122.443517, 37.74475], [-122.443404, 37.744756], [-122.443398, 37.744666], [-122.443511, 37.744661]]], [[[-122.446287, 37.748493], [-122.446293, 37.748583], [-122.445954, 37.748599], [-122.445948, 37.748509], [-122.446287, 37.748493]]], [[[-122.444571, 37.749833], [-122.444684, 37.749828], [-122.444691, 37.749918], [-122.444578, 37.749923], [-122.444571, 37.749833]]], [[[-122.444893, 37.753529], [-122.444828, 37.753332], [-122.445054, 37.753322], [-122.445061, 37.753412], [-122.445287, 37.753401], [-122.445293, 37.753491], [-122.445519, 37.753481], [-122.445526, 37.75357], [-122.445872, 37.753644], [-122.445828, 37.753924], [-122.445151, 37.753618], [-122.444893, 37.753529]]], [[[-122.446025, 37.756009], [-122.445843, 37.756346], [-122.445391, 37.756367], [-122.445398, 37.756457], [-122.445007, 37.756396], [-122.445591, 37.755998], [-122.446025, 37.756009]]], [[[-122.443795, 37.756034], [-122.444002, 37.755982], [-122.444408, 37.756193], [-122.444863, 37.756321], [-122.444526, 37.756453], [-122.444594, 37.756744], [-122.444035, 37.75643], [-122.444029, 37.756341], [-122.443916, 37.756346], [-122.443795, 37.756034]]], [[[-122.443855, 37.757069], [-122.443862, 37.757159], [-122.443523, 37.757174], [-122.443656, 37.757438], [-122.44343, 37.757449], [-122.443423, 37.757359], [-122.443197, 37.757369], [-122.443191, 37.75728], [-122.443078, 37.757285], [-122.442941, 37.756891], [-122.443403, 37.75709], [-122.443397, 37.757], [-122.443736, 37.756984], [-122.443742, 37.757074], [-122.443855, 37.757069]]], [[[-122.443962, 37.756974], [-122.444414, 37.756953], [-122.444873, 37.757022], [-122.444886, 37.757201], [-122.444088, 37.757148], [-122.443962, 37.756974]]], [[[-122.444892, 37.757291], [-122.444886, 37.757201], [-122.444999, 37.757196], [-122.445005, 37.757286], [-122.444892, 37.757291]]], [[[-122.443775, 37.757523], [-122.443662, 37.757528], [-122.443656, 37.757438], [-122.443769, 37.757433], [-122.443775, 37.757523]]], [[[-122.443047, 37.759112], [-122.443277, 37.758916], [-122.443707, 37.759041], [-122.443555, 37.759153], [-122.443329, 37.759164], [-122.443047, 37.759112]]], [[[-122.444186, 37.760025], [-122.444412, 37.760014], [-122.444406, 37.759924], [-122.444519, 37.759919], [-122.444532, 37.760099], [-122.444193, 37.760114], [-122.444186, 37.760025]]], [[[-122.444851, 37.760441], [-122.445042, 37.76097], [-122.444698, 37.760811], [-122.444684, 37.760632], [-122.444571, 37.760637], [-122.444552, 37.760368], [-122.444771, 37.760267], [-122.444764, 37.760178], [-122.44499, 37.760167], [-122.444984, 37.760078], [-122.445332, 37.760196], [-122.44515, 37.76028], [-122.444851, 37.760441]]], [[[-122.444898, 37.761143], [-122.444963, 37.761339], [-122.445302, 37.761323], [-122.445315, 37.761503], [-122.445096, 37.761603], [-122.445122, 37.761962], [-122.445461, 37.761946], [-122.445468, 37.762036], [-122.445355, 37.762041], [-122.445362, 37.762131], [-122.445136, 37.762141], [-122.445142, 37.762231], [-122.444916, 37.762241], [-122.444929, 37.762421], [-122.444816, 37.762426], [-122.444823, 37.762516], [-122.44471, 37.762521], [-122.444716, 37.762611], [-122.444497, 37.762711], [-122.444504, 37.762801], [-122.444391, 37.762806], [-122.444397, 37.762896], [-122.444284, 37.762901], [-122.444291, 37.762991], [-122.444178, 37.762996], [-122.444191, 37.763175], [-122.443965, 37.763186], [-122.443971, 37.763276], [-122.443858, 37.763281], [-122.443659, 37.76365], [-122.443546, 37.763655], [-122.443559, 37.763835], [-122.443446, 37.76384], [-122.443472, 37.764199], [-122.44365, 37.76432], [-122.443559, 37.764602], [-122.443105, 37.764442], [-122.443061, 37.765524], [-122.442667, 37.765587], [-122.442661, 37.765497], [-122.442547, 37.765502], [-122.442541, 37.765413], [-122.442089, 37.765433], [-122.442076, 37.765254], [-122.441963, 37.765259], [-122.441949, 37.76508], [-122.441836, 37.765085], [-122.44183, 37.764995], [-122.441675, 37.764942], [-122.441548, 37.764769], [-122.441358, 37.764747], [-122.440992, 37.764404], [-122.440879, 37.764409], [-122.440873, 37.764319], [-122.440647, 37.76433], [-122.44064, 37.76424], [-122.440527, 37.764245], [-122.440521, 37.764156], [-122.440288, 37.764076], [-122.440281, 37.763987], [-122.440168, 37.763992], [-122.440162, 37.763902], [-122.439936, 37.763913], [-122.439929, 37.763823], [-122.439816, 37.763828], [-122.439809, 37.763738], [-122.439583, 37.763749], [-122.439577, 37.763659], [-122.439464, 37.763664], [-122.439457, 37.763575], [-122.439231, 37.763585], [-122.439225, 37.763495], [-122.438999, 37.763506], [-122.438992, 37.763416], [-122.438766, 37.763427], [-122.438289, 37.763283], [-122.438081, 37.763368], [-122.438075, 37.763279], [-122.437736, 37.763294], [-122.437742, 37.763384], [-122.43729, 37.763405], [-122.437297, 37.763495], [-122.435821, 37.763473], [-122.435808, 37.763293], [-122.436001, 37.762976], [-122.43665, 37.763211], [-122.437051, 37.763236], [-122.437199, 37.762821], [-122.436509, 37.762754], [-122.436803, 37.762494], [-122.438107, 37.76235], [-122.438484, 37.762659], [-122.439391, 37.762677], [-122.439408, 37.762304], [-122.439688, 37.76211], [-122.439783, 37.762254], [-122.439678, 37.762472], [-122.440124, 37.762619], [-122.440289, 37.762546], [-122.440162, 37.76222], [-122.440315, 37.762021], [-122.440542, 37.76205], [-122.440957, 37.761741], [-122.441247, 37.761691], [-122.441363, 37.761557], [-122.441787, 37.761835], [-122.442384, 37.761729], [-122.442377, 37.761639], [-122.442716, 37.761623], [-122.442731, 37.761255], [-122.4431, 37.760968], [-122.443357, 37.761053], [-122.443749, 37.760872], [-122.443774, 37.760584], [-122.443887, 37.760579], [-122.443893, 37.760668], [-122.444119, 37.760658], [-122.444126, 37.760748], [-122.444352, 37.760737], [-122.444358, 37.760827], [-122.444472, 37.760822], [-122.444478, 37.760911], [-122.444591, 37.760906], [-122.444598, 37.760996], [-122.444711, 37.760991], [-122.444717, 37.76108], [-122.444898, 37.761143]], [[-122.439325, 37.762801], [-122.439298, 37.762952], [-122.439524, 37.762941], [-122.439531, 37.763031], [-122.439792, 37.762971], [-122.439659, 37.762713], [-122.439391, 37.762677], [-122.439325, 37.762801]], [[-122.44062, 37.763971], [-122.440394, 37.763981], [-122.440401, 37.764071], [-122.440627, 37.764061], [-122.44062, 37.763971]], [[-122.440634, 37.76415], [-122.440893, 37.764093], [-122.440627, 37.764061], [-122.440634, 37.76415]], [[-122.442423, 37.762267], [-122.442304, 37.762488], [-122.442562, 37.762621], [-122.443637, 37.762624], [-122.443392, 37.762349], [-122.443154, 37.762371], [-122.442916, 37.762184], [-122.442423, 37.762267]], [[-122.44325, 37.762003], [-122.44333, 37.762172], [-122.443472, 37.761927], [-122.443188, 37.761871], [-122.44325, 37.762003]], [[-122.444311, 37.761729], [-122.444372, 37.761931], [-122.444462, 37.761772], [-122.444311, 37.761729]], [[-122.444697, 37.762342], [-122.44481, 37.762336], [-122.444734, 37.762129], [-122.444409, 37.762234], [-122.444364, 37.762447], [-122.444477, 37.762442], [-122.444484, 37.762532], [-122.444703, 37.762431], [-122.444697, 37.762342]], [[-122.443443, 37.763007], [-122.443365, 37.763261], [-122.443745, 37.763286], [-122.443739, 37.763196], [-122.443852, 37.763191], [-122.44381, 37.763133], [-122.443443, 37.763007]], [[-122.442822, 37.763059], [-122.442708, 37.763064], [-122.442702, 37.762974], [-122.442589, 37.762979], [-122.442582, 37.76289], [-122.442124, 37.762821], [-122.442104, 37.762552], [-122.441765, 37.762568], [-122.441778, 37.762747], [-122.441518, 37.762908], [-122.441465, 37.763122], [-122.441472, 37.763211], [-122.441585, 37.763206], [-122.441591, 37.763296], [-122.441817, 37.763285], [-122.441824, 37.763375], [-122.44205, 37.763365], [-122.442057, 37.763454], [-122.442509, 37.763433], [-122.442515, 37.763523], [-122.442741, 37.763513], [-122.442842, 37.763726], [-122.443129, 37.763433], [-122.442954, 37.763323], [-122.442822, 37.763059]], [[-122.441048, 37.763643], [-122.440901, 37.763864], [-122.441551, 37.764288], [-122.441564, 37.764467], [-122.441903, 37.764452], [-122.44189, 37.764272], [-122.441777, 37.764278], [-122.44177, 37.764188], [-122.441657, 37.764193], [-122.441651, 37.764103], [-122.441048, 37.763643]], [[-122.441173, 37.762235], [-122.441512, 37.762219], [-122.441775, 37.762008], [-122.441153, 37.761966], [-122.441173, 37.762235]], [[-122.440248, 37.763306], [-122.440055, 37.763137], [-122.43972, 37.763072], [-122.440488, 37.763707], [-122.44078, 37.763652], [-122.440563, 37.763395], [-122.440248, 37.763306]], [[-122.43749, 37.763036], [-122.43741, 37.763185], [-122.43765, 37.763238], [-122.437757, 37.763066], [-122.43749, 37.763036]]], [[[-122.445415, 37.761318], [-122.445302, 37.761323], [-122.445296, 37.761234], [-122.445409, 37.761228], [-122.445415, 37.761318]]], [[[-122.445681, 37.761846], [-122.445687, 37.761936], [-122.445461, 37.761946], [-122.445456, 37.761871], [-122.445681, 37.761846]]], [[[-122.444397, 37.762896], [-122.44451, 37.76289], [-122.444504, 37.762801], [-122.444617, 37.762796], [-122.44461, 37.762706], [-122.444723, 37.762701], [-122.444716, 37.762611], [-122.444829, 37.762606], [-122.444823, 37.762516], [-122.444936, 37.762511], [-122.444929, 37.762421], [-122.445149, 37.762321], [-122.445142, 37.762231], [-122.445368, 37.76222], [-122.445362, 37.762131], [-122.445475, 37.762126], [-122.445468, 37.762036], [-122.445694, 37.762025], [-122.445687, 37.761936], [-122.445913, 37.761925], [-122.445907, 37.761835], [-122.446246, 37.76182], [-122.446146, 37.762004], [-122.445807, 37.76202], [-122.445814, 37.76211], [-122.445553, 37.762176], [-122.445381, 37.7624], [-122.445268, 37.762405], [-122.445275, 37.762495], [-122.445162, 37.7625], [-122.445169, 37.76259], [-122.445056, 37.762595], [-122.445062, 37.762685], [-122.444949, 37.76269], [-122.444956, 37.76278], [-122.444843, 37.762785], [-122.444849, 37.762875], [-122.444736, 37.76288], [-122.444743, 37.76297], [-122.44463, 37.762975], [-122.444636, 37.763065], [-122.444349, 37.763135], [-122.444291, 37.762991], [-122.444404, 37.762985], [-122.444397, 37.762896]]], [[[-122.444968, 37.76449], [-122.444742, 37.7645], [-122.444528, 37.764731], [-122.444248, 37.764615], [-122.444509, 37.764421], [-122.444609, 37.764236], [-122.444722, 37.764231], [-122.444729, 37.764321], [-122.444955, 37.76431], [-122.444968, 37.76449]]], [[[-122.444654, 37.768305], [-122.443612, 37.769098], [-122.443316, 37.76897], [-122.443725, 37.768425], [-122.443529, 37.768204], [-122.443161, 37.768473], [-122.44318, 37.76866], [-122.442559, 37.768743], [-122.442565, 37.768833], [-122.442339, 37.768843], [-122.442264, 37.768989], [-122.442507, 37.769081], [-122.442182, 37.769242], [-122.44213, 37.769631], [-122.44206, 37.769666], [-122.44224, 37.770065], [-122.442939, 37.770131], [-122.442652, 37.770259], [-122.442064, 37.770239], [-122.441175, 37.77059], [-122.439471, 37.77044], [-122.439492, 37.770798], [-122.439306, 37.770998], [-122.43881, 37.770708], [-122.43861, 37.770246], [-122.438754, 37.770139], [-122.438795, 37.769998], [-122.438351, 37.770077], [-122.437897, 37.770045], [-122.437601, 37.770206], [-122.43706, 37.770232], [-122.43688, 37.770176], [-122.436873, 37.770086], [-122.436647, 37.770097], [-122.436641, 37.770007], [-122.436528, 37.770012], [-122.436386, 37.770064], [-122.436534, 37.770102], [-122.43648, 37.770419], [-122.435685, 37.770029], [-122.435614, 37.769315], [-122.436106, 37.769842], [-122.436395, 37.769748], [-122.436388, 37.769659], [-122.436659, 37.76975], [-122.436763, 37.769612], [-122.436035, 37.769413], [-122.435771, 37.767641], [-122.436029, 37.767383], [-122.436304, 37.768621], [-122.436588, 37.768622], [-122.436765, 37.768145], [-122.436765, 37.767702], [-122.436534, 37.767724], [-122.436494, 37.767459], [-122.436783, 37.767316], [-122.437084, 37.767429], [-122.437543, 37.767202], [-122.437912, 37.767247], [-122.4381, 37.766806], [-122.438671, 37.766762], [-122.438664, 37.766672], [-122.43889, 37.766662], [-122.438884, 37.766572], [-122.439055, 37.766499], [-122.439562, 37.766541], [-122.439555, 37.766451], [-122.439781, 37.766441], [-122.439775, 37.766351], [-122.439888, 37.766346], [-122.439881, 37.766256], [-122.439994, 37.766251], [-122.439987, 37.766161], [-122.4401, 37.766156], [-122.440272, 37.765932], [-122.440533, 37.765866], [-122.440585, 37.765652], [-122.440952, 37.765396], [-122.441517, 37.76537], [-122.441602, 37.765486], [-122.441756, 37.765539], [-122.441763, 37.765629], [-122.441989, 37.765618], [-122.441996, 37.765708], [-122.441543, 37.765729], [-122.44155, 37.765819], [-122.441437, 37.765824], [-122.441358, 37.766162], [-122.441683, 37.766082], [-122.441676, 37.765993], [-122.441902, 37.765982], [-122.441896, 37.765893], [-122.442235, 37.765877], [-122.442241, 37.765967], [-122.442354, 37.765961], [-122.442361, 37.766051], [-122.442594, 37.76613], [-122.442726, 37.766394], [-122.442839, 37.766389], [-122.442846, 37.766479], [-122.442959, 37.766474], [-122.442966, 37.766563], [-122.443198, 37.766643], [-122.443205, 37.766732], [-122.443431, 37.766722], [-122.443674, 37.766876], [-122.44351, 37.767458], [-122.443944, 37.767638], [-122.443799, 37.767013], [-122.444442, 37.766585], [-122.444555, 37.76658], [-122.44496, 37.766159], [-122.445261, 37.766272], [-122.445055, 37.76661], [-122.4451, 37.766867], [-122.44504, 37.767007], [-122.444707, 37.767113], [-122.444714, 37.767203], [-122.444488, 37.767213], [-122.444302, 37.767603], [-122.444654, 37.768305]], [[-122.444042, 37.767324], [-122.444089, 37.767431], [-122.444182, 37.767348], [-122.444042, 37.767324]], [[-122.443623, 37.767793], [-122.443702, 37.768179], [-122.443784, 37.767859], [-122.443623, 37.767793]], [[-122.439899, 37.769586], [-122.43978, 37.769808], [-122.440032, 37.76985], [-122.440012, 37.769581], [-122.439899, 37.769586]], [[-122.440199, 37.767502], [-122.440312, 37.767496], [-122.440306, 37.767407], [-122.439973, 37.766953], [-122.439448, 37.76726], [-122.439285, 37.766967], [-122.439089, 37.76713], [-122.438999, 37.767361], [-122.438737, 37.767659], [-122.438688, 37.768008], [-122.438324, 37.767982], [-122.438353, 37.767718], [-122.438273, 37.767642], [-122.437863, 37.768311], [-122.438082, 37.769147], [-122.438532, 37.769239], [-122.438748, 37.768322], [-122.439341, 37.768172], [-122.439335, 37.768082], [-122.439554, 37.767982], [-122.439548, 37.767892], [-122.439661, 37.767887], [-122.439654, 37.767797], [-122.440106, 37.767776], [-122.4401, 37.767686], [-122.44018, 37.767683], [-122.440199, 37.767502]], [[-122.441669, 37.767434], [-122.441449, 37.767534], [-122.441456, 37.767624], [-122.441343, 37.767629], [-122.441349, 37.767718], [-122.441689, 37.767703], [-122.441682, 37.767613], [-122.441795, 37.767608], [-122.441782, 37.767428], [-122.442121, 37.767413], [-122.442094, 37.767054], [-122.442378, 37.766877], [-122.442394, 37.7665], [-122.442161, 37.76642], [-122.441978, 37.766569], [-122.442044, 37.76682], [-122.441762, 37.767159], [-122.441769, 37.767249], [-122.441656, 37.767254], [-122.441669, 37.767434]], [[-122.441678, 37.768333], [-122.441715, 37.768062], [-122.441489, 37.768072], [-122.441678, 37.768333]], [[-122.440811, 37.768104], [-122.440924, 37.768098], [-122.440917, 37.768009], [-122.440804, 37.768014], [-122.440811, 37.768104]], [[-122.440698, 37.768109], [-122.440585, 37.768114], [-122.440598, 37.768293], [-122.440378, 37.768394], [-122.440385, 37.768483], [-122.440272, 37.768489], [-122.440278, 37.768578], [-122.440526, 37.768527], [-122.440604, 37.768383], [-122.440717, 37.768378], [-122.440704, 37.768199], [-122.440817, 37.768193], [-122.440811, 37.768104], [-122.440698, 37.768109]], [[-122.438613, 37.769406], [-122.438718, 37.769481], [-122.438749, 37.769369], [-122.438613, 37.769406]], [[-122.44053, 37.766906], [-122.440379, 37.766863], [-122.44044, 37.767065], [-122.44053, 37.766906]], [[-122.441635, 37.769526], [-122.441728, 37.769442], [-122.441588, 37.769418], [-122.441635, 37.769526]], [[-122.439045, 37.770197], [-122.439304, 37.770074], [-122.439134, 37.769982], [-122.439045, 37.770197]], [[-122.43724, 37.76803], [-122.437442, 37.767889], [-122.437154, 37.767733], [-122.43724, 37.76803]], [[-122.437387, 37.769347], [-122.437511, 37.769463], [-122.437638, 37.769058], [-122.437472, 37.768978], [-122.437456, 37.769048], [-122.437387, 37.769347]], [[-122.440089, 37.769426], [-122.440489, 37.769329], [-122.439992, 37.769312], [-122.440089, 37.769426]]], [[[-122.443503, 37.769239], [-122.443653, 37.769282], [-122.443563, 37.769441], [-122.443503, 37.769239]]], [[[-122.443429, 37.769783], [-122.44371, 37.769833], [-122.443522, 37.769994], [-122.443429, 37.769783]]], [[[-122.442917, 37.781331], [-122.442691, 37.781341], [-122.442624, 37.781566], [-122.442472, 37.781441], [-122.442359, 37.781446], [-122.442352, 37.781357], [-122.442239, 37.781362], [-122.442232, 37.781272], [-122.441955, 37.781158], [-122.442048, 37.780887], [-122.442377, 37.780967], [-122.442452, 37.781172], [-122.442678, 37.781162], [-122.442685, 37.781251], [-122.442825, 37.781095], [-122.443102, 37.781022], [-122.443419, 37.781457], [-122.444294, 37.781537], [-122.44432, 37.781896], [-122.444546, 37.781885], [-122.444553, 37.781975], [-122.445262, 37.782012], [-122.445337, 37.782339], [-122.444449, 37.782261], [-122.44434, 37.782165], [-122.444227, 37.78217], [-122.44422, 37.78208], [-122.443943, 37.782003], [-122.444094, 37.781906], [-122.444081, 37.781727], [-122.443629, 37.781748], [-122.443574, 37.781836], [-122.443165, 37.78198], [-122.442788, 37.781688], [-122.443044, 37.781505], [-122.443037, 37.781415], [-122.442924, 37.78142], [-122.442917, 37.781331]], [[-122.443163, 37.781589], [-122.443276, 37.781584], [-122.44327, 37.781494], [-122.443157, 37.7815], [-122.443163, 37.781589]]], [[[-122.446434, 37.781664], [-122.446561, 37.781522], [-122.446732, 37.781618], [-122.446616, 37.781783], [-122.44615, 37.782031], [-122.445079, 37.781967], [-122.445035, 37.781777], [-122.445655, 37.781809], [-122.446434, 37.781664]]], [[[-122.443675, 37.782376], [-122.442827, 37.782359], [-122.443033, 37.782177], [-122.443792, 37.782108], [-122.444074, 37.782458], [-122.443731, 37.782422], [-122.443675, 37.782376]]], [[[-122.442766, 37.792167], [-122.441465, 37.792289], [-122.441169, 37.792103], [-122.442982, 37.791802], [-122.444327, 37.791417], [-122.444619, 37.791647], [-122.445685, 37.791196], [-122.445679, 37.791106], [-122.445905, 37.791095], [-122.44606, 37.791218], [-122.44643, 37.791333], [-122.445766, 37.79186], [-122.445343, 37.7919], [-122.445189, 37.79167], [-122.444711, 37.791905], [-122.444218, 37.791952], [-122.44399, 37.791772], [-122.442766, 37.792167]]], [[[-122.445058, 37.795006], [-122.445466, 37.795025], [-122.445884, 37.795499], [-122.445041, 37.795675], [-122.444748, 37.795842], [-122.444629, 37.7952], [-122.445015, 37.79506], [-122.445058, 37.795006]]], [[[-122.441225, 37.708945], [-122.440637, 37.708601], [-122.440605, 37.708663], [-122.440159, 37.708754], [-122.440305, 37.708945], [-122.439986, 37.708991], [-122.440069, 37.708518], [-122.439721, 37.708464], [-122.439714, 37.708374], [-122.439488, 37.708384], [-122.439483, 37.708313], [-122.440474, 37.708316], [-122.440893, 37.708408], [-122.440951, 37.708326], [-122.4414, 37.708296], [-122.441679, 37.708416], [-122.442018, 37.70828], [-122.442847, 37.708278], [-122.441517, 37.708663], [-122.441225, 37.708945]]], [[[-122.441215, 37.709366], [-122.441029, 37.709303], [-122.441054, 37.709002], [-122.441288, 37.709223], [-122.441215, 37.709366]]], [[[-122.441712, 37.710892], [-122.441599, 37.710898], [-122.441517, 37.711048], [-122.440935, 37.711108], [-122.440886, 37.711226], [-122.440822, 37.711114], [-122.440596, 37.711124], [-122.440589, 37.711034], [-122.440363, 37.711045], [-122.440357, 37.710955], [-122.44009, 37.710925], [-122.440233, 37.710693], [-122.440576, 37.710855], [-122.440915, 37.710839], [-122.440921, 37.710929], [-122.44122, 37.710885], [-122.441367, 37.710818], [-122.44136, 37.710729], [-122.441473, 37.710723], [-122.441453, 37.710454], [-122.441369, 37.710338], [-122.440982, 37.710206], [-122.441009, 37.709816], [-122.44142, 37.710005], [-122.441427, 37.710095], [-122.44154, 37.71009], [-122.441546, 37.71018], [-122.441659, 37.710174], [-122.441679, 37.710444], [-122.441792, 37.710438], [-122.441812, 37.710708], [-122.441699, 37.710713], [-122.441712, 37.710892]]], [[[-122.441113, 37.712], [-122.44112, 37.71209], [-122.441484, 37.712112], [-122.441625, 37.712297], [-122.441207, 37.712374], [-122.441133, 37.71227], [-122.440907, 37.71228], [-122.440901, 37.71219], [-122.440562, 37.712206], [-122.440555, 37.712116], [-122.439611, 37.712093], [-122.439537, 37.711672], [-122.440084, 37.711868], [-122.440535, 37.711847], [-122.440542, 37.711937], [-122.440881, 37.711921], [-122.440887, 37.712011], [-122.441, 37.712006], [-122.441113, 37.712]]], [[[-122.441731, 37.712692], [-122.441737, 37.712782], [-122.441624, 37.712787], [-122.441227, 37.712714], [-122.441593, 37.712452], [-122.443718, 37.71197], [-122.443646, 37.71226], [-122.443292, 37.71235], [-122.443299, 37.712439], [-122.442734, 37.712466], [-122.442741, 37.712555], [-122.442289, 37.712576], [-122.442295, 37.712666], [-122.441957, 37.712682], [-122.441731, 37.712692]]], [[[-122.442413, 37.734963], [-122.442473, 37.735165], [-122.442323, 37.735122], [-122.442413, 37.734963]]], [[[-122.442732, 37.735604], [-122.442845, 37.735598], [-122.442852, 37.735688], [-122.442739, 37.735693], [-122.442732, 37.735604]]], [[[-122.44073, 37.737677], [-122.440724, 37.737587], [-122.440837, 37.737582], [-122.440843, 37.737672], [-122.44073, 37.737677]]], [[[-122.441077, 37.738876], [-122.440936, 37.738928], [-122.440949, 37.739107], [-122.440836, 37.739112], [-122.440829, 37.739023], [-122.440716, 37.739028], [-122.440638, 37.738743], [-122.440316, 37.738396], [-122.440544, 37.738226], [-122.440657, 37.73822], [-122.44065, 37.738131], [-122.440763, 37.738126], [-122.440757, 37.738036], [-122.44087, 37.738031], [-122.440856, 37.737851], [-122.440926, 37.737885], [-122.441044, 37.738226], [-122.440929, 37.738838], [-122.441077, 37.738876]]], [[[-122.441589, 37.74628], [-122.441702, 37.746275], [-122.441708, 37.746365], [-122.441595, 37.74637], [-122.441589, 37.74628]]], [[[-122.441712, 37.746755], [-122.441848, 37.746718], [-122.441817, 37.746829], [-122.441712, 37.746755]]], [[[-122.443476, 37.746788], [-122.443356, 37.746972], [-122.443004, 37.747025], [-122.442991, 37.746845], [-122.443104, 37.74684], [-122.443097, 37.74675], [-122.443323, 37.74674], [-122.443476, 37.746788]]], [[[-122.440886, 37.753695], [-122.441161, 37.753736], [-122.441015, 37.754085], [-122.440753, 37.753988], [-122.440886, 37.753695]]], [[[-122.442119, 37.755498], [-122.442304, 37.755592], [-122.442055, 37.755712], [-122.442119, 37.755498]]], [[[-122.441451, 37.75586], [-122.441245, 37.755784], [-122.441364, 37.755564], [-122.441477, 37.755558], [-122.441451, 37.75586]]], [[[-122.441369, 37.757184], [-122.441382, 37.757363], [-122.440924, 37.757295], [-122.440944, 37.757564], [-122.441057, 37.757559], [-122.44107, 37.757738], [-122.441193, 37.757798], [-122.441103, 37.758187], [-122.441216, 37.758181], [-122.441235, 37.758451], [-122.441122, 37.758456], [-122.441109, 37.758276], [-122.440996, 37.758282], [-122.440983, 37.758102], [-122.44087, 37.758107], [-122.440863, 37.758018], [-122.44075, 37.758023], [-122.440571, 37.75782], [-122.440538, 37.758213], [-122.440651, 37.758208], [-122.440697, 37.758836], [-122.44081, 37.75883], [-122.440875, 37.759027], [-122.441056, 37.759089], [-122.441062, 37.759179], [-122.441408, 37.759253], [-122.441414, 37.759343], [-122.441979, 37.759316], [-122.441973, 37.759227], [-122.442199, 37.759216], [-122.442192, 37.759127], [-122.442305, 37.759121], [-122.443047, 37.759257], [-122.442939, 37.759438], [-122.441625, 37.759393], [-122.441153, 37.759638], [-122.440519, 37.759719], [-122.440297, 37.759574], [-122.439958, 37.75959], [-122.439952, 37.7595], [-122.439694, 37.759467], [-122.439319, 37.759149], [-122.439616, 37.758996], [-122.439462, 37.758867], [-122.438978, 37.759038], [-122.438216, 37.758468], [-122.438093, 37.757909], [-122.437871, 37.757583], [-122.438062, 37.757484], [-122.438092, 37.757336], [-122.437544, 37.757049], [-122.437048, 37.757024], [-122.437055, 37.757114], [-122.436609, 37.757224], [-122.436616, 37.757314], [-122.436277, 37.75733], [-122.436331, 37.757104], [-122.436237, 37.756791], [-122.436124, 37.756797], [-122.436111, 37.756617], [-122.435998, 37.756622], [-122.435985, 37.756443], [-122.435831, 37.75639], [-122.435746, 37.756274], [-122.435633, 37.756279], [-122.435686, 37.756997], [-122.435799, 37.756992], [-122.435805, 37.757081], [-122.435692, 37.757087], [-122.435777, 37.757202], [-122.435931, 37.757256], [-122.435945, 37.757435], [-122.436058, 37.75743], [-122.436064, 37.75752], [-122.434861, 37.757446], [-122.434481, 37.757248], [-122.434083, 37.757314], [-122.433721, 37.757511], [-122.433367, 37.757486], [-122.433434, 37.75774], [-122.432785, 37.758521], [-122.432746, 37.758663], [-122.432633, 37.758669], [-122.432646, 37.758848], [-122.432533, 37.758853], [-122.432527, 37.758764], [-122.432075, 37.758784], [-122.432068, 37.758695], [-122.431842, 37.758705], [-122.432029, 37.75904], [-122.431875, 37.759154], [-122.431593, 37.759018], [-122.431503, 37.758721], [-122.431277, 37.758731], [-122.431244, 37.758283], [-122.431504, 37.758122], [-122.431557, 37.757908], [-122.431789, 37.757987], [-122.431796, 37.758077], [-122.431909, 37.758072], [-122.431889, 37.757803], [-122.431657, 37.757723], [-122.43165, 37.757634], [-122.431763, 37.757628], [-122.43175, 37.757449], [-122.431863, 37.757444], [-122.43185, 37.757264], [-122.431963, 37.757259], [-122.431956, 37.757169], [-122.431843, 37.757175], [-122.431804, 37.756636], [-122.431917, 37.756631], [-122.431904, 37.756452], [-122.432017, 37.756446], [-122.432091, 37.756348], [-122.432582, 37.75642], [-122.432651, 37.756293], [-122.433069, 37.756107], [-122.433418, 37.756222], [-122.433637, 37.756124], [-122.434428, 37.756633], [-122.435048, 37.756036], [-122.435035, 37.755857], [-122.434922, 37.755862], [-122.434915, 37.755772], [-122.434802, 37.755777], [-122.434796, 37.755688], [-122.43457, 37.755698], [-122.434563, 37.755608], [-122.43445, 37.755614], [-122.434479, 37.755379], [-122.434643, 37.755154], [-122.43453, 37.75516], [-122.434504, 37.754801], [-122.434617, 37.754796], [-122.434597, 37.754526], [-122.434817, 37.754426], [-122.43469, 37.754252], [-122.434684, 37.754162], [-122.434825, 37.754111], [-122.434677, 37.754073], [-122.434644, 37.753624], [-122.434757, 37.753619], [-122.434751, 37.753529], [-122.434864, 37.753524], [-122.434857, 37.753434], [-122.435422, 37.753408], [-122.435429, 37.753498], [-122.435774, 37.753572], [-122.436279, 37.754269], [-122.436286, 37.754358], [-122.436144, 37.75441], [-122.436292, 37.754448], [-122.436305, 37.754627], [-122.436418, 37.754622], [-122.436471, 37.75534], [-122.436358, 37.755345], [-122.436365, 37.755435], [-122.436215, 37.755574], [-122.436112, 37.755086], [-122.435797, 37.754794], [-122.435721, 37.754384], [-122.435834, 37.754379], [-122.435794, 37.753841], [-122.435455, 37.753856], [-122.435475, 37.754126], [-122.435362, 37.754131], [-122.435375, 37.75431], [-122.435262, 37.754316], [-122.435347, 37.754431], [-122.435501, 37.754485], [-122.435514, 37.754664], [-122.435295, 37.754764], [-122.435428, 37.755028], [-122.435286, 37.75508], [-122.435832, 37.755364], [-122.435966, 37.755546], [-122.435749, 37.75568], [-122.435669, 37.755859], [-122.435965, 37.756174], [-122.435972, 37.756263], [-122.436311, 37.756248], [-122.436304, 37.756158], [-122.436643, 37.756142], [-122.43665, 37.756232], [-122.437095, 37.756121], [-122.437278, 37.75615], [-122.437391, 37.756431], [-122.437627, 37.756685], [-122.437829, 37.756782], [-122.438066, 37.756728], [-122.43818, 37.756265], [-122.438432, 37.756298], [-122.43885, 37.75685], [-122.439076, 37.75684], [-122.439063, 37.756661], [-122.439176, 37.756655], [-122.439174, 37.755678], [-122.439536, 37.755378], [-122.439529, 37.755289], [-122.439642, 37.755283], [-122.440182, 37.754587], [-122.440381, 37.753947], [-122.440616, 37.753925], [-122.440541, 37.754741], [-122.439659, 37.755756], [-122.44008, 37.756613], [-122.440419, 37.756598], [-122.440426, 37.756687], [-122.440539, 37.756682], [-122.440545, 37.756772], [-122.440658, 37.756767], [-122.440665, 37.756856], [-122.440778, 37.756851], [-122.440784, 37.756941], [-122.44101, 37.756931], [-122.441024, 37.75711], [-122.44125, 37.757099], [-122.441256, 37.757189], [-122.441369, 37.757184]], [[-122.440425, 37.758218], [-122.440405, 37.757949], [-122.440292, 37.757954], [-122.440285, 37.757864], [-122.440064, 37.757758], [-122.440121, 37.757483], [-122.44002, 37.75739], [-122.43982, 37.757652], [-122.439244, 37.757577], [-122.43888, 37.75766], [-122.439182, 37.758148], [-122.439088, 37.75855], [-122.439861, 37.758591], [-122.440488, 37.758365], [-122.440538, 37.758213], [-122.440425, 37.758218]], [[-122.436324, 37.756427], [-122.436211, 37.756432], [-122.436231, 37.756702], [-122.436457, 37.756691], [-122.436444, 37.756512], [-122.436331, 37.756517], [-122.436324, 37.756427]], [[-122.439661, 37.757083], [-122.439548, 37.757088], [-122.439658, 37.757292], [-122.439824, 37.757156], [-122.439661, 37.757083]], [[-122.439003, 37.757384], [-122.439067, 37.757496], [-122.439116, 37.757378], [-122.43903, 37.757382], [-122.439003, 37.757384]], [[-122.438783, 37.757484], [-122.43867, 37.757489], [-122.438591, 37.757636], [-122.438745, 37.757696], [-122.438783, 37.757484]], [[-122.439767, 37.759153], [-122.440288, 37.759251], [-122.440364, 37.758941], [-122.440251, 37.758946], [-122.440245, 37.758857], [-122.439876, 37.758802], [-122.439816, 37.758994], [-122.439767, 37.759153]], [[-122.432501, 37.756874], [-122.432388, 37.756879], [-122.432408, 37.757148], [-122.432634, 37.757138], [-122.432628, 37.757048], [-122.432501, 37.756874]], [[-122.435102, 37.754213], [-122.435009, 37.754296], [-122.435149, 37.754321], [-122.435102, 37.754213]], [[-122.435056, 37.754075], [-122.43515, 37.753991], [-122.43501, 37.753967], [-122.435056, 37.754075]], [[-122.434611, 37.756767], [-122.434669, 37.756715], [-122.434529, 37.75669], [-122.434576, 37.756798], [-122.434611, 37.756767]], [[-122.432322, 37.757513], [-122.432328, 37.757602], [-122.43247, 37.757551], [-122.432322, 37.757513]]], [[[-122.441242, 37.75854], [-122.441235, 37.758451], [-122.441574, 37.758435], [-122.441533, 37.758642], [-122.441468, 37.75853], [-122.441242, 37.75854]]], [[[-122.440975, 37.76007], [-122.440876, 37.759728], [-122.441259, 37.759794], [-122.441317, 37.760013], [-122.440975, 37.76007]]], [[[-122.441546, 37.761137], [-122.441829, 37.761191], [-122.441689, 37.761442], [-122.441288, 37.761349], [-122.441546, 37.761137]]], [[[-122.442914, 37.769651], [-122.442844, 37.76954], [-122.443094, 37.769563], [-122.442914, 37.769651]]], [[[-122.440844, 37.779356], [-122.44107, 37.779345], [-122.44109, 37.779615], [-122.440864, 37.779625], [-122.440844, 37.779356]]], [[[-122.441628, 37.780431], [-122.441535, 37.780514], [-122.441488, 37.780406], [-122.441628, 37.780431]]], [[[-122.441288, 37.780776], [-122.441672, 37.780842], [-122.441801, 37.781331], [-122.441411, 37.781197], [-122.441288, 37.780776]]], [[[-122.442109, 37.781808], [-122.442371, 37.781684], [-122.442498, 37.7818], [-122.442724, 37.78179], [-122.442731, 37.781879], [-122.442618, 37.781885], [-122.442624, 37.781974], [-122.442285, 37.78199], [-122.442279, 37.7819], [-122.442109, 37.781808]]], [[[-122.441464, 37.782614], [-122.441351, 37.782779], [-122.441194, 37.782581], [-122.441464, 37.782614]]], [[[-122.4423, 37.783186], [-122.442094, 37.78328], [-122.442025, 37.783082], [-122.4423, 37.783186]]], [[[-122.443316, 37.794457], [-122.443637, 37.794482], [-122.443068, 37.794826], [-122.442945, 37.795141], [-122.442624, 37.79493], [-122.442699, 37.794702], [-122.443207, 37.794599], [-122.443316, 37.794457]]], [[[-122.443184, 37.79558], [-122.442975, 37.795422], [-122.443029, 37.79519], [-122.443418, 37.79522], [-122.443184, 37.79558]]], [[[-122.442545, 37.795555], [-122.442046, 37.795813], [-122.442258, 37.795496], [-122.442545, 37.795555]]], [[[-122.442069, 37.796799], [-122.44162, 37.796694], [-122.441545, 37.796609], [-122.442383, 37.796609], [-122.442069, 37.796799]]], [[[-122.441884, 37.797536], [-122.441511, 37.797613], [-122.441605, 37.797417], [-122.441884, 37.797536]]], [[[-122.441638, 37.797865], [-122.441651, 37.798045], [-122.441312, 37.798061], [-122.441299, 37.797881], [-122.441638, 37.797865]]], [[[-122.439274, 37.708291], [-122.439314, 37.708412], [-122.439495, 37.708474], [-122.439501, 37.708564], [-122.439614, 37.708559], [-122.439428, 37.709107], [-122.439816, 37.70924], [-122.43968, 37.709456], [-122.439693, 37.709635], [-122.43958, 37.70964], [-122.439511, 37.709767], [-122.439201, 37.709906], [-122.438909, 37.709762], [-122.438683, 37.709772], [-122.438703, 37.710041], [-122.438816, 37.710036], [-122.438823, 37.710126], [-122.439048, 37.710115], [-122.438993, 37.710517], [-122.43861, 37.710316], [-122.438297, 37.710262], [-122.437899, 37.709898], [-122.437673, 37.709909], [-122.437667, 37.709819], [-122.437134, 37.709767], [-122.436684, 37.709493], [-122.437001, 37.709362], [-122.437986, 37.709534], [-122.438086, 37.70935], [-122.437395, 37.709201], [-122.437382, 37.709022], [-122.437149, 37.708943], [-122.437143, 37.708853], [-122.43703, 37.708858], [-122.437023, 37.708768], [-122.436797, 37.708779], [-122.436811, 37.708958], [-122.435907, 37.709], [-122.4359, 37.70891], [-122.435668, 37.708831], [-122.435655, 37.708652], [-122.435542, 37.708657], [-122.435522, 37.708388], [-122.435987, 37.708546], [-122.435994, 37.708636], [-122.436107, 37.708631], [-122.436113, 37.70872], [-122.436226, 37.708715], [-122.436382, 37.708396], [-122.436352, 37.708289], [-122.438017, 37.708287], [-122.437943, 37.708313], [-122.43787, 37.708581], [-122.438166, 37.708896], [-122.438398, 37.708975], [-122.438405, 37.709065], [-122.438631, 37.709054], [-122.438637, 37.709144], [-122.43875, 37.709139], [-122.438757, 37.709228], [-122.438989, 37.709308], [-122.438996, 37.709397], [-122.439109, 37.709392], [-122.439082, 37.709033], [-122.438949, 37.708961], [-122.438817, 37.708505], [-122.438704, 37.708511], [-122.438691, 37.708331], [-122.438578, 37.708336], [-122.438574, 37.708286], [-122.439066, 37.708285], [-122.439274, 37.708291]], [[-122.438438, 37.709513], [-122.438444, 37.709603], [-122.438557, 37.709598], [-122.438551, 37.709508], [-122.438438, 37.709513]]], [[[-122.440572, 37.709645], [-122.440594, 37.709163], [-122.44075, 37.709029], [-122.440794, 37.709697], [-122.440572, 37.709645]]], [[[-122.439042, 37.710026], [-122.439268, 37.710015], [-122.439274, 37.710105], [-122.439048, 37.710115], [-122.439042, 37.710026]]], [[[-122.439234, 37.711097], [-122.439227, 37.711007], [-122.439488, 37.71104], [-122.439347, 37.711092], [-122.439234, 37.711097]]], [[[-122.438605, 37.711433], [-122.438337, 37.711229], [-122.438848, 37.711282], [-122.438605, 37.711433]]], [[[-122.439039, 37.712169], [-122.438735, 37.71202], [-122.439114, 37.712041], [-122.439039, 37.712169]]], [[[-122.437612, 37.720392], [-122.437339, 37.720328], [-122.437719, 37.71981], [-122.437885, 37.71989], [-122.437612, 37.720392]]], [[[-122.438315, 37.73053], [-122.438221, 37.730709], [-122.437575, 37.730675], [-122.437825, 37.730519], [-122.438315, 37.73053]]], [[[-122.437422, 37.730754], [-122.43723, 37.730841], [-122.43716, 37.73073], [-122.437422, 37.730754]]], [[[-122.440123, 37.730953], [-122.440117, 37.730863], [-122.440456, 37.730847], [-122.440462, 37.730937], [-122.440123, 37.730953]]], [[[-122.43763, 37.732509], [-122.437624, 37.732419], [-122.43785, 37.732408], [-122.437856, 37.732498], [-122.43763, 37.732509]]], [[[-122.438453, 37.734451], [-122.438905, 37.73443], [-122.438912, 37.73452], [-122.439137, 37.734509], [-122.439144, 37.734599], [-122.43937, 37.734589], [-122.439377, 37.734678], [-122.43949, 37.734673], [-122.439574, 37.734789], [-122.439955, 37.734832], [-122.439917, 37.735135], [-122.439177, 37.735048], [-122.43917, 37.734958], [-122.439057, 37.734963], [-122.439051, 37.734874], [-122.438818, 37.734794], [-122.438812, 37.734705], [-122.438699, 37.73471], [-122.438692, 37.73462], [-122.438127, 37.734646], [-122.438121, 37.734557], [-122.437895, 37.734567], [-122.437875, 37.734298], [-122.438101, 37.734287], [-122.438088, 37.734108], [-122.437862, 37.734118], [-122.437855, 37.734029], [-122.437397, 37.73396], [-122.43739, 37.73387], [-122.437277, 37.733875], [-122.437271, 37.733786], [-122.436412, 37.733471], [-122.436361, 37.733247], [-122.437037, 37.733328], [-122.437251, 37.733516], [-122.437703, 37.733496], [-122.437676, 37.733137], [-122.437563, 37.733142], [-122.437557, 37.733052], [-122.438009, 37.733031], [-122.438254, 37.73329], [-122.438367, 37.733285], [-122.438505, 37.733587], [-122.438194, 37.734013], [-122.43822, 37.734372], [-122.438403, 37.734363], [-122.438453, 37.734451]]], [[[-122.439239, 37.736495], [-122.439413, 37.736352], [-122.439937, 37.736463], [-122.440086, 37.736626], [-122.439521, 37.736652], [-122.439473, 37.7366], [-122.439239, 37.736495]]], [[[-122.440627, 37.742453], [-122.440901, 37.742493], [-122.440776, 37.742641], [-122.440292, 37.742774], [-122.440161, 37.742613], [-122.440627, 37.742453]]], [[[-122.439146, 37.752269], [-122.43974, 37.751881], [-122.440146, 37.751902], [-122.440289, 37.751742], [-122.440685, 37.751812], [-122.440489, 37.752128], [-122.440164, 37.752341], [-122.439812, 37.752199], [-122.439326, 37.752457], [-122.439146, 37.752269]]], [[[-122.436731, 37.754248], [-122.436756, 37.753951], [-122.437057, 37.754052], [-122.437474, 37.754763], [-122.437575, 37.755148], [-122.43733, 37.755044], [-122.436864, 37.754512], [-122.436844, 37.754242], [-122.436731, 37.754248]]], [[[-122.440548, 37.761458], [-122.440068, 37.761567], [-122.440409, 37.7611], [-122.440686, 37.761143], [-122.440548, 37.761458]]], [[[-122.437542, 37.763753], [-122.438108, 37.763727], [-122.438114, 37.763817], [-122.438453, 37.763801], [-122.43846, 37.763891], [-122.437556, 37.763933], [-122.437542, 37.763753]]], [[[-122.438619, 37.764514], [-122.438606, 37.764334], [-122.439359, 37.764322], [-122.439678, 37.764525], [-122.439769, 37.764731], [-122.439656, 37.764736], [-122.439663, 37.764826], [-122.439323, 37.764841], [-122.439304, 37.764572], [-122.439072, 37.764494], [-122.438971, 37.764678], [-122.438858, 37.764683], [-122.438865, 37.764772], [-122.438752, 37.764778], [-122.438758, 37.764867], [-122.438419, 37.764883], [-122.438413, 37.764793], [-122.438274, 37.764746], [-122.438393, 37.764524], [-122.438619, 37.764514]]], [[[-122.439171, 37.765543], [-122.438698, 37.76559], [-122.438691, 37.765501], [-122.438126, 37.765527], [-122.437999, 37.765353], [-122.437767, 37.765273], [-122.437754, 37.765094], [-122.437528, 37.765104], [-122.437522, 37.765015], [-122.438087, 37.764989], [-122.438107, 37.765258], [-122.438446, 37.765242], [-122.438479, 37.765308], [-122.43888, 37.765335], [-122.439171, 37.765543]]], [[[-122.439622, 37.765818], [-122.439735, 37.765813], [-122.439728, 37.765723], [-122.440061, 37.765617], [-122.440006, 37.765842], [-122.439629, 37.765908], [-122.439622, 37.765818]]], [[[-122.439635, 37.765997], [-122.439522, 37.766002], [-122.439516, 37.765913], [-122.439629, 37.765908], [-122.439635, 37.765997]]], [[[-122.437296, 37.765864], [-122.437566, 37.765987], [-122.437512, 37.766248], [-122.437986, 37.766141], [-122.437771, 37.766626], [-122.437295, 37.766556], [-122.437308, 37.766735], [-122.437195, 37.76674], [-122.437214, 37.76701], [-122.437101, 37.767015], [-122.436962, 37.767154], [-122.436772, 37.766629], [-122.436773, 37.766109], [-122.436431, 37.765605], [-122.436684, 37.765634], [-122.436783, 37.765769], [-122.437009, 37.765759], [-122.43709, 37.766193], [-122.437296, 37.765864]]], [[[-122.438137, 37.770298], [-122.438528, 37.770359], [-122.438254, 37.770589], [-122.438137, 37.770298]]], [[[-122.438038, 37.77092], [-122.437937, 37.770667], [-122.438324, 37.770698], [-122.438448, 37.771041], [-122.438038, 37.77092]]], [[[-122.437422, 37.770827], [-122.437309, 37.770992], [-122.437152, 37.770794], [-122.437422, 37.770827]]], [[[-122.440125, 37.779519], [-122.440475, 37.780313], [-122.43997, 37.780206], [-122.439878, 37.77981], [-122.439946, 37.779487], [-122.440125, 37.779519]]], [[[-122.436335, 37.791218], [-122.436147, 37.791116], [-122.436009, 37.790744], [-122.436076, 37.790621], [-122.436222, 37.790554], [-122.436215, 37.790464], [-122.436441, 37.790453], [-122.436583, 37.790288], [-122.437113, 37.790332], [-122.43712, 37.790422], [-122.437346, 37.790412], [-122.437339, 37.790322], [-122.438922, 37.790249], [-122.438929, 37.790338], [-122.439042, 37.790333], [-122.439055, 37.790513], [-122.438942, 37.790518], [-122.439048, 37.790893], [-122.43818, 37.790735], [-122.437061, 37.790977], [-122.436847, 37.791125], [-122.43679, 37.791631], [-122.437055, 37.792085], [-122.436832, 37.792017], [-122.43658, 37.791668], [-122.436335, 37.791218]]], [[[-122.437488, 37.792257], [-122.437875, 37.792407], [-122.437497, 37.792475], [-122.437491, 37.792386], [-122.437378, 37.792391], [-122.437488, 37.792257]]], [[[-122.439004, 37.792698], [-122.438818, 37.79274], [-122.438068, 37.792582], [-122.438169, 37.792354], [-122.438772, 37.792448], [-122.439004, 37.792698]]], [[[-122.43785, 37.792639], [-122.437856, 37.792729], [-122.437743, 37.792734], [-122.437611, 37.792929], [-122.436909, 37.792774], [-122.436984, 37.792623], [-122.43773, 37.792555], [-122.437737, 37.792644], [-122.43785, 37.792639]]], [[[-122.432699, 37.708518], [-122.432586, 37.708523], [-122.432109, 37.708816], [-122.432273, 37.708898], [-122.432286, 37.709077], [-122.432173, 37.709083], [-122.43218, 37.709172], [-122.431057, 37.709314], [-122.430708, 37.709146], [-122.430792, 37.708786], [-122.430566, 37.708797], [-122.430559, 37.708707], [-122.42953, 37.708575], [-122.429549, 37.708844], [-122.429662, 37.708839], [-122.429676, 37.709018], [-122.429789, 37.709013], [-122.429808, 37.709282], [-122.430272, 37.710346], [-122.429987, 37.710307], [-122.429698, 37.709954], [-122.429322, 37.709862], [-122.429081, 37.709262], [-122.428829, 37.7092], [-122.428603, 37.708924], [-122.428368, 37.708811], [-122.428449, 37.708661], [-122.428626, 37.708616], [-122.428678, 37.708376], [-122.429287, 37.708326], [-122.432239, 37.708296], [-122.432287, 37.70841], [-122.432798, 37.708334], [-122.433074, 37.708442], [-122.432791, 37.708631], [-122.432699, 37.708518]], [[-122.429544, 37.708425], [-122.429404, 37.7084], [-122.42945, 37.708508], [-122.429544, 37.708425]]], [[[-122.435264, 37.70881], [-122.434812, 37.708831], [-122.434591, 37.708741], [-122.433691, 37.708679], [-122.433602, 37.708476], [-122.434662, 37.708471], [-122.435264, 37.70881]]], [[[-122.433091, 37.708891], [-122.432998, 37.708974], [-122.432951, 37.708867], [-122.433091, 37.708891]]], [[[-122.435288, 37.709441], [-122.436084, 37.709528], [-122.436179, 37.709618], [-122.43645, 37.709654], [-122.436355, 37.709913], [-122.435917, 37.709806], [-122.435847, 37.709723], [-122.435347, 37.70964], [-122.435288, 37.709441]]], [[[-122.436708, 37.717856], [-122.436813, 37.717931], [-122.436678, 37.717968], [-122.436708, 37.717856]]], [[[-122.435209, 37.718035], [-122.435216, 37.718125], [-122.434674, 37.718127], [-122.434509, 37.718006], [-122.434864, 37.717961], [-122.434857, 37.717872], [-122.435196, 37.717856], [-122.435203, 37.717946], [-122.435315, 37.717941], [-122.435322, 37.71803], [-122.435209, 37.718035]]], [[[-122.434559, 37.719896], [-122.434424, 37.719692], [-122.43465, 37.719682], [-122.434643, 37.719592], [-122.435208, 37.719566], [-122.435201, 37.719476], [-122.435088, 37.719482], [-122.435206, 37.719229], [-122.434888, 37.718903], [-122.435564, 37.718817], [-122.435781, 37.719054], [-122.435966, 37.719081], [-122.436185, 37.718675], [-122.43589, 37.718573], [-122.435958, 37.718249], [-122.436205, 37.718331], [-122.436352, 37.718163], [-122.436345, 37.718073], [-122.436458, 37.718068], [-122.436452, 37.717978], [-122.436678, 37.717968], [-122.436597, 37.718421], [-122.43663, 37.71887], [-122.436517, 37.718875], [-122.436481, 37.719076], [-122.436311, 37.719155], [-122.436318, 37.719245], [-122.436205, 37.71925], [-122.436225, 37.719519], [-122.436109, 37.719649], [-122.434559, 37.719896]]], [[[-122.434212, 37.719243], [-122.434012, 37.719389], [-122.433321, 37.719311], [-122.433242, 37.719027], [-122.433638, 37.719151], [-122.434212, 37.719243]]], [[[-122.435315, 37.731042], [-122.434481, 37.731432], [-122.434304, 37.731175], [-122.433758, 37.731098], [-122.43462, 37.730797], [-122.434935, 37.730792], [-122.436361, 37.73029], [-122.436549, 37.730128], [-122.437046, 37.730228], [-122.435955, 37.730559], [-122.435315, 37.731042]]], [[[-122.434919, 37.733558], [-122.434559, 37.733482], [-122.434274, 37.733114], [-122.434657, 37.733143], [-122.434919, 37.733558]]], [[[-122.435384, 37.733432], [-122.435304, 37.733246], [-122.435796, 37.73329], [-122.435882, 37.733619], [-122.435384, 37.733432]]], [[[-122.432728, 37.734753], [-122.432535, 37.734839], [-122.432465, 37.734728], [-122.432728, 37.734753]]], [[[-122.433539, 37.736463], [-122.433474, 37.736122], [-122.433587, 37.736117], [-122.433554, 37.735668], [-122.433322, 37.735589], [-122.433315, 37.735499], [-122.433202, 37.735504], [-122.433196, 37.735415], [-122.432631, 37.735441], [-122.432352, 37.735294], [-122.432582, 37.73505], [-122.433006, 37.735163], [-122.433069, 37.73524], [-122.433927, 37.735574], [-122.434026, 37.735916], [-122.434139, 37.735911], [-122.434152, 37.736091], [-122.433926, 37.736101], [-122.433933, 37.736191], [-122.433713, 37.736291], [-122.43372, 37.736381], [-122.433539, 37.736463]]], [[[-122.434165, 37.73627], [-122.434152, 37.736091], [-122.434265, 37.736085], [-122.434278, 37.736265], [-122.434165, 37.73627]]], [[[-122.432957, 37.742988], [-122.43297, 37.743168], [-122.432631, 37.743183], [-122.432612, 37.742914], [-122.432725, 37.742909], [-122.432705, 37.74264], [-122.433044, 37.742624], [-122.43307, 37.742983], [-122.432957, 37.742988]]], [[[-122.433633, 37.745008], [-122.43368, 37.745116], [-122.43354, 37.745091], [-122.433633, 37.745008]]], [[[-122.433813, 37.745379], [-122.433806, 37.74529], [-122.433919, 37.745285], [-122.433926, 37.745374], [-122.433813, 37.745379]]], [[[-122.433819, 37.745469], [-122.433706, 37.745474], [-122.4337, 37.745385], [-122.433813, 37.745379], [-122.433819, 37.745469]]], [[[-122.433459, 37.745526], [-122.433706, 37.745474], [-122.433713, 37.745564], [-122.4336, 37.745569], [-122.433607, 37.745659], [-122.433381, 37.74567], [-122.433459, 37.745526]]], [[[-122.433859, 37.746008], [-122.433865, 37.746097], [-122.433633, 37.746018], [-122.433726, 37.745744], [-122.433839, 37.745738], [-122.433833, 37.745649], [-122.434065, 37.745728], [-122.434072, 37.745818], [-122.434185, 37.745812], [-122.434298, 37.745807], [-122.434291, 37.745717], [-122.434511, 37.745617], [-122.434517, 37.745707], [-122.434743, 37.745697], [-122.43475, 37.745786], [-122.435031, 37.745836], [-122.434901, 37.746088], [-122.434763, 37.745966], [-122.434311, 37.745987], [-122.434304, 37.745897], [-122.434078, 37.745907], [-122.433859, 37.746008]]], [[[-122.434596, 37.746784], [-122.43437, 37.746794], [-122.434364, 37.746704], [-122.434138, 37.746715], [-122.434131, 37.746625], [-122.433566, 37.746651], [-122.433559, 37.746562], [-122.433779, 37.746461], [-122.433759, 37.746192], [-122.433872, 37.746187], [-122.433885, 37.746366], [-122.434337, 37.746346], [-122.434344, 37.746435], [-122.434909, 37.746409], [-122.434922, 37.746589], [-122.434696, 37.746599], [-122.434703, 37.746689], [-122.43459, 37.746694], [-122.434596, 37.746784]]], [[[-122.433858, 37.747538], [-122.433991, 37.747802], [-122.43308, 37.747754], [-122.433073, 37.747664], [-122.43296, 37.74767], [-122.432941, 37.7474], [-122.432715, 37.747411], [-122.432708, 37.747321], [-122.432595, 37.747326], [-122.432569, 37.746968], [-122.432788, 37.746867], [-122.432888, 37.746683], [-122.433001, 37.746677], [-122.433008, 37.746767], [-122.433347, 37.746751], [-122.433353, 37.746841], [-122.43324, 37.746846], [-122.433247, 37.746936], [-122.433134, 37.746941], [-122.43314, 37.747031], [-122.433027, 37.747036], [-122.4331, 37.747389], [-122.433632, 37.747549], [-122.433858, 37.747538]]], [[[-122.435633, 37.747006], [-122.43562, 37.746826], [-122.435887, 37.746879], [-122.435633, 37.747006]]], [[[-122.434901, 37.74785], [-122.434788, 37.747855], [-122.434782, 37.747766], [-122.434895, 37.74776], [-122.434901, 37.74785]]], [[[-122.433991, 37.747802], [-122.434104, 37.747797], [-122.43411, 37.747887], [-122.433997, 37.747892], [-122.433991, 37.747802]]], [[[-122.433093, 37.747934], [-122.43298, 37.747939], [-122.432967, 37.747759], [-122.43308, 37.747754], [-122.433093, 37.747934]]], [[[-122.435598, 37.749098], [-122.435552, 37.74899], [-122.435692, 37.749015], [-122.435598, 37.749098]]], [[[-122.43322, 37.752311], [-122.433697, 37.752169], [-122.433761, 37.752404], [-122.433535, 37.752415], [-122.433542, 37.752504], [-122.433316, 37.752515], [-122.433322, 37.752605], [-122.432983, 37.75262], [-122.43322, 37.752311]]], [[[-122.436345, 37.753426], [-122.436479, 37.753899], [-122.436366, 37.753904], [-122.436353, 37.753725], [-122.43624, 37.75373], [-122.436226, 37.753551], [-122.436113, 37.753556], [-122.436107, 37.753466], [-122.435926, 37.753404], [-122.435861, 37.753207], [-122.435628, 37.753128], [-122.435588, 37.752973], [-122.43529, 37.752761], [-122.43525, 37.752606], [-122.435137, 37.752611], [-122.43513, 37.752521], [-122.436108, 37.752605], [-122.4362, 37.753192], [-122.436804, 37.753209], [-122.437055, 37.753466], [-122.436798, 37.753614], [-122.436791, 37.753525], [-122.436678, 37.75353], [-122.436594, 37.753414], [-122.436439, 37.753361], [-122.436345, 37.753426]]], [[[-122.432923, 37.753343], [-122.433155, 37.753423], [-122.433023, 37.75356], [-122.432923, 37.753343]]], [[[-122.435475, 37.754126], [-122.435588, 37.75412], [-122.435594, 37.75421], [-122.435481, 37.754215], [-122.435475, 37.754126]]], [[[-122.435707, 37.754205], [-122.435721, 37.754384], [-122.435608, 37.75439], [-122.435594, 37.75421], [-122.435707, 37.754205]]], [[[-122.435202, 37.757856], [-122.435714, 37.758294], [-122.434941, 37.758077], [-122.434654, 37.757812], [-122.434715, 37.757672], [-122.435202, 37.757856]]], [[[-122.436033, 37.75854], [-122.436123, 37.758327], [-122.436626, 37.758351], [-122.436702, 37.758609], [-122.436033, 37.75854]]], [[[-122.435746, 37.758664], [-122.43621, 37.758799], [-122.435764, 37.758925], [-122.435188, 37.758631], [-122.435113, 37.758464], [-122.435351, 37.758508], [-122.435746, 37.758664]]], [[[-122.432998, 37.759012], [-122.433297, 37.758909], [-122.433614, 37.758956], [-122.433051, 37.759321], [-122.432899, 37.759196], [-122.433012, 37.759191], [-122.433005, 37.759102], [-122.432998, 37.759012]]], [[[-122.434606, 37.760828], [-122.434768, 37.760897], [-122.434395, 37.761232], [-122.434241, 37.761066], [-122.434606, 37.760828]]], [[[-122.435619, 37.762655], [-122.435748, 37.762486], [-122.435914, 37.762566], [-122.435655, 37.763042], [-122.435126, 37.763228], [-122.434647, 37.76356], [-122.434749, 37.763181], [-122.435619, 37.762655]]], [[[-122.434947, 37.764354], [-122.434724, 37.76428], [-122.434843, 37.764058], [-122.43511, 37.764088], [-122.434947, 37.764354]]], [[[-122.435861, 37.765654], [-122.435758, 37.765339], [-122.435946, 37.765071], [-122.435729, 37.764415], [-122.435376, 37.764238], [-122.43559, 37.764044], [-122.435816, 37.764068], [-122.435854, 37.763922], [-122.435967, 37.763916], [-122.43598, 37.764096], [-122.436093, 37.76409], [-122.436106, 37.76427], [-122.436332, 37.764259], [-122.436339, 37.764349], [-122.436416, 37.764376], [-122.436531, 37.764909], [-122.436305, 37.765431], [-122.436079, 37.765442], [-122.436092, 37.765621], [-122.435979, 37.765626], [-122.435985, 37.765716], [-122.435861, 37.765654]], [[-122.436089, 37.764473], [-122.436297, 37.764563], [-122.436339, 37.764349], [-122.436089, 37.764473]]], [[[-122.432875, 37.775278], [-122.432814, 37.775046], [-122.433087, 37.775085], [-122.433225, 37.775402], [-122.432875, 37.775278]]], [[[-122.434194, 37.774505], [-122.434675, 37.774629], [-122.435447, 37.775374], [-122.435837, 37.775453], [-122.435896, 37.775937], [-122.435712, 37.775951], [-122.435529, 37.775684], [-122.435181, 37.775457], [-122.435044, 37.775256], [-122.434493, 37.774896], [-122.434194, 37.774505]]], [[[-122.435259, 37.776773], [-122.435168, 37.776983], [-122.43437, 37.776926], [-122.433643, 37.777046], [-122.433504, 37.776725], [-122.433272, 37.776645], [-122.433259, 37.776466], [-122.433146, 37.776471], [-122.433132, 37.776292], [-122.433019, 37.776297], [-122.433013, 37.776207], [-122.432767, 37.775947], [-122.432932, 37.775874], [-122.433338, 37.776011], [-122.43352, 37.77593], [-122.433598, 37.77645], [-122.433711, 37.776445], [-122.433717, 37.776535], [-122.434078, 37.776584], [-122.434902, 37.776351], [-122.435583, 37.776549], [-122.435259, 37.776773]]], [[[-122.432638, 37.789639], [-122.432921, 37.789776], [-122.432759, 37.78994], [-122.432638, 37.789639]]], [[[-122.435117, 37.790965], [-122.435397, 37.791013], [-122.435237, 37.791159], [-122.434751, 37.791239], [-122.435072, 37.791018], [-122.435117, 37.790965]]], [[[-122.433333, 37.794469], [-122.433473, 37.794493], [-122.433379, 37.794576], [-122.433333, 37.794469]]], [[[-122.432673, 37.805573], [-122.432814, 37.805597], [-122.43272, 37.80568], [-122.432673, 37.805573]]], [[[-122.428572, 37.709429], [-122.428685, 37.709424], [-122.428698, 37.709603], [-122.428811, 37.709598], [-122.428825, 37.709778], [-122.428937, 37.709772], [-122.428944, 37.709862], [-122.429057, 37.709857], [-122.429064, 37.709947], [-122.429459, 37.710017], [-122.429245, 37.710252], [-122.429389, 37.710424], [-122.429369, 37.710671], [-122.429808, 37.710896], [-122.430319, 37.71104], [-122.429886, 37.711209], [-122.429635, 37.711491], [-122.429275, 37.711287], [-122.429049, 37.711298], [-122.429043, 37.711208], [-122.428817, 37.711218], [-122.42881, 37.711129], [-122.428628, 37.711175], [-122.428717, 37.711403], [-122.428949, 37.711482], [-122.428956, 37.711572], [-122.429182, 37.711562], [-122.429188, 37.711651], [-122.429532, 37.711512], [-122.42964, 37.711631], [-122.429866, 37.71162], [-122.429873, 37.71171], [-122.430098, 37.711699], [-122.430105, 37.711789], [-122.430331, 37.711779], [-122.430337, 37.711868], [-122.430563, 37.711858], [-122.43057, 37.711948], [-122.430683, 37.711943], [-122.430689, 37.712032], [-122.430915, 37.712022], [-122.430922, 37.712112], [-122.431374, 37.712091], [-122.43138, 37.71218], [-122.431606, 37.71217], [-122.431619, 37.712349], [-122.430716, 37.712391], [-122.430709, 37.712301], [-122.430483, 37.712312], [-122.430477, 37.712222], [-122.430364, 37.712227], [-122.430357, 37.712138], [-122.429892, 37.711979], [-122.429451, 37.712065], [-122.429208, 37.711921], [-122.428982, 37.711931], [-122.428976, 37.711841], [-122.428863, 37.711847], [-122.428856, 37.711757], [-122.42863, 37.711767], [-122.428624, 37.711678], [-122.428511, 37.711683], [-122.428504, 37.711593], [-122.428391, 37.711598], [-122.428385, 37.711508], [-122.428272, 37.711514], [-122.428265, 37.711424], [-122.428033, 37.711345], [-122.428026, 37.711255], [-122.427913, 37.71126], [-122.427907, 37.71117], [-122.427794, 37.711176], [-122.427787, 37.711086], [-122.427674, 37.711091], [-122.427668, 37.711001], [-122.427216, 37.711022], [-122.427168, 37.71114], [-122.427103, 37.711027], [-122.426764, 37.711043], [-122.426757, 37.710953], [-122.426299, 37.710885], [-122.426292, 37.710795], [-122.42618, 37.7108], [-122.426153, 37.710441], [-122.426599, 37.710331], [-122.426585, 37.710151], [-122.426437, 37.710113], [-122.426579, 37.710061], [-122.426572, 37.709972], [-122.425782, 37.710008], [-122.425801, 37.710277], [-122.425688, 37.710282], [-122.425564, 37.710499], [-122.425011, 37.710314], [-122.425004, 37.710224], [-122.424772, 37.710145], [-122.424759, 37.709965], [-122.424646, 37.70997], [-122.424639, 37.709881], [-122.424407, 37.709801], [-122.424394, 37.709622], [-122.424281, 37.709627], [-122.424274, 37.709537], [-122.424113, 37.709436], [-122.423839, 37.708926], [-122.423796, 37.708633], [-122.423939, 37.70849], [-122.424283, 37.70887], [-122.42451, 37.708849], [-122.424939, 37.709009], [-122.425274, 37.708794], [-122.425458, 37.708319], [-122.425758, 37.708322], [-122.425943, 37.708414], [-122.426002, 37.708334], [-122.42825, 37.708414], [-122.428234, 37.708618], [-122.427714, 37.708976], [-122.427032, 37.709124], [-122.426978, 37.709323], [-122.427543, 37.709297], [-122.427536, 37.709207], [-122.427649, 37.709202], [-122.427643, 37.709112], [-122.427981, 37.709096], [-122.427975, 37.709007], [-122.428427, 37.708986], [-122.42844, 37.709165], [-122.428553, 37.70916], [-122.428566, 37.709339], [-122.428572, 37.709429]], [[-122.427256, 37.71003], [-122.427289, 37.710479], [-122.427402, 37.710473], [-122.427383, 37.710204], [-122.427524, 37.710153], [-122.427376, 37.710115], [-122.427369, 37.710025], [-122.427256, 37.71003]], [[-122.42725, 37.70994], [-122.427391, 37.709889], [-122.427243, 37.709851], [-122.42725, 37.70994]], [[-122.427895, 37.70946], [-122.428017, 37.70958], [-122.428121, 37.70945], [-122.427895, 37.70946]], [[-122.427994, 37.710171], [-122.427685, 37.710058], [-122.427615, 37.710284], [-122.427994, 37.710171]], [[-122.426526, 37.709344], [-122.426752, 37.709333], [-122.426739, 37.709154], [-122.426626, 37.709159], [-122.426526, 37.709344]], [[-122.425955, 37.70928], [-122.425962, 37.70937], [-122.4263, 37.709354], [-122.426294, 37.709264], [-122.425955, 37.70928]], [[-122.425736, 37.70938], [-122.42551, 37.70939], [-122.425516, 37.70948], [-122.425742, 37.70947], [-122.425736, 37.70938]]], [[[-122.428341, 37.715562], [-122.428481, 37.715586], [-122.428388, 37.715669], [-122.428341, 37.715562]]], [[[-122.428877, 37.718539], [-122.428793, 37.718306], [-122.429103, 37.718228], [-122.429477, 37.717808], [-122.429396, 37.717584], [-122.429163, 37.717505], [-122.429157, 37.717415], [-122.429044, 37.71742], [-122.429031, 37.717241], [-122.428918, 37.717246], [-122.428785, 37.716982], [-122.428541, 37.71692], [-122.42828, 37.717059], [-122.427624, 37.716689], [-122.42733, 37.716845], [-122.426982, 37.716747], [-122.426367, 37.716463], [-122.426254, 37.716469], [-122.426248, 37.716379], [-122.426135, 37.716384], [-122.426128, 37.716294], [-122.425855, 37.716255], [-122.425791, 37.716106], [-122.426232, 37.715985], [-122.426341, 37.716104], [-122.426454, 37.716099], [-122.42646, 37.716189], [-122.426975, 37.716128], [-122.427151, 37.715687], [-122.426836, 37.715868], [-122.426392, 37.715746], [-122.426278, 37.71589], [-122.426026, 37.715977], [-122.425415, 37.715706], [-122.425457, 37.715464], [-122.425202, 37.715337], [-122.424888, 37.715483], [-122.425066, 37.716028], [-122.424969, 37.716583], [-122.424724, 37.716557], [-122.424699, 37.7169], [-122.424812, 37.716895], [-122.424819, 37.716985], [-122.425045, 37.716975], [-122.424966, 37.717118], [-122.424606, 37.717175], [-122.424599, 37.717085], [-122.423809, 37.717122], [-122.423766, 37.717064], [-122.423231, 37.716968], [-122.423224, 37.716878], [-122.423111, 37.716884], [-122.423105, 37.716794], [-122.422879, 37.716804], [-122.422872, 37.716715], [-122.422759, 37.71672], [-122.422628, 37.716604], [-122.422579, 37.717358], [-122.42224, 37.717374], [-122.422234, 37.717284], [-122.422121, 37.71729], [-122.422108, 37.71711], [-122.421995, 37.717115], [-122.421988, 37.717026], [-122.421636, 37.716862], [-122.421297, 37.716877], [-122.421304, 37.716967], [-122.421191, 37.716972], [-122.421224, 37.717421], [-122.421111, 37.717426], [-122.421124, 37.717606], [-122.421237, 37.7176], [-122.421243, 37.71769], [-122.42115, 37.717964], [-122.421037, 37.71797], [-122.421044, 37.718059], [-122.42078, 37.717989], [-122.420614, 37.717487], [-122.420398, 37.717414], [-122.420652, 37.717357], [-122.420639, 37.717178], [-122.420252, 37.717046], [-122.419723, 37.71704], [-122.419619, 37.716799], [-122.419118, 37.716528], [-122.419112, 37.716438], [-122.418653, 37.716369], [-122.41866, 37.716459], [-122.418514, 37.716526], [-122.418447, 37.716649], [-122.418334, 37.716654], [-122.41836, 37.717013], [-122.418473, 37.717008], [-122.41865, 37.717187], [-122.419058, 37.717251], [-122.419566, 37.71749], [-122.419899, 37.717784], [-122.420538, 37.718033], [-122.421063, 37.718329], [-122.421076, 37.718508], [-122.421189, 37.718503], [-122.421196, 37.718593], [-122.42097, 37.718603], [-122.420964, 37.718513], [-122.420625, 37.718529], [-122.420618, 37.718439], [-122.420306, 37.718391], [-122.420027, 37.718106], [-122.419204, 37.718177], [-122.419369, 37.718407], [-122.419482, 37.718402], [-122.419489, 37.718491], [-122.419714, 37.718481], [-122.419721, 37.718571], [-122.420179, 37.718639], [-122.420186, 37.718729], [-122.420299, 37.718724], [-122.420312, 37.718903], [-122.420425, 37.718898], [-122.420458, 37.719347], [-122.420391, 37.71947], [-122.420245, 37.719537], [-122.420019, 37.719547], [-122.420026, 37.719637], [-122.4198, 37.719647], [-122.419793, 37.719558], [-122.419454, 37.719573], [-122.419441, 37.719394], [-122.420119, 37.719363], [-122.420099, 37.719093], [-122.419867, 37.719014], [-122.41986, 37.718924], [-122.419295, 37.71895], [-122.419289, 37.718861], [-122.419515, 37.71885], [-122.419508, 37.71876], [-122.419395, 37.718766], [-122.419256, 37.718412], [-122.419143, 37.718417], [-122.41913, 37.718238], [-122.418904, 37.718248], [-122.418898, 37.718158], [-122.418785, 37.718164], [-122.418791, 37.718253], [-122.418678, 37.718259], [-122.418685, 37.718348], [-122.41812, 37.718374], [-122.418107, 37.718195], [-122.417768, 37.71821], [-122.417761, 37.718121], [-122.417648, 37.718126], [-122.417642, 37.718036], [-122.417416, 37.718047], [-122.417409, 37.717957], [-122.417296, 37.717962], [-122.41729, 37.717872], [-122.416612, 37.717904], [-122.416458, 37.71785], [-122.416373, 37.717735], [-122.416147, 37.717745], [-122.416154, 37.717835], [-122.415476, 37.717866], [-122.415469, 37.717776], [-122.414905, 37.717802], [-122.414918, 37.717982], [-122.415483, 37.717956], [-122.415489, 37.718045], [-122.41589, 37.718081], [-122.416522, 37.718345], [-122.416861, 37.718836], [-122.416804, 37.718975], [-122.417248, 37.718896], [-122.417735, 37.71893], [-122.418027, 37.718649], [-122.418181, 37.718702], [-122.418315, 37.718965], [-122.418834, 37.719362], [-122.418971, 37.720195], [-122.419139, 37.720428], [-122.419327, 37.72093], [-122.419553, 37.720919], [-122.419598, 37.721547], [-122.419711, 37.721542], [-122.419838, 37.721716], [-122.420176, 37.721701], [-122.42017, 37.721611], [-122.420283, 37.721606], [-122.420263, 37.721337], [-122.420376, 37.721331], [-122.420363, 37.721152], [-122.420589, 37.721141], [-122.420711, 37.721261], [-122.420815, 37.721131], [-122.420928, 37.721126], [-122.420921, 37.721036], [-122.421034, 37.721031], [-122.421134, 37.720846], [-122.421579, 37.720736], [-122.421931, 37.7209], [-122.421737, 37.721276], [-122.422256, 37.721729], [-122.422184, 37.722373], [-122.422275, 37.722721], [-122.421956, 37.723458], [-122.421822, 37.723386], [-122.421636, 37.722953], [-122.421291, 37.723], [-122.421503, 37.72434], [-122.42139, 37.724346], [-122.421331, 37.723538], [-122.421111, 37.723638], [-122.421138, 37.723997], [-122.421025, 37.724002], [-122.421031, 37.724092], [-122.420692, 37.724108], [-122.420753, 37.723385], [-122.420866, 37.72338], [-122.42077, 37.722965], [-122.420847, 37.722429], [-122.421188, 37.722447], [-122.421011, 37.721532], [-122.420792, 37.721521], [-122.42061, 37.721724], [-122.420409, 37.72178], [-122.419762, 37.72185], [-122.41945, 37.722043], [-122.419545, 37.722307], [-122.419066, 37.722022], [-122.418728, 37.722038], [-122.418645, 37.722189], [-122.417611, 37.722269], [-122.417631, 37.722538], [-122.417179, 37.722559], [-122.417172, 37.722469], [-122.416946, 37.72248], [-122.416668, 37.722385], [-122.416607, 37.722495], [-122.416495, 37.722501], [-122.41642, 37.722728], [-122.415671, 37.722453], [-122.415846, 37.722118], [-122.416003, 37.721983], [-122.415971, 37.721534], [-122.416224, 37.721595], [-122.41639, 37.72177], [-122.416825, 37.721891], [-122.416954, 37.721549], [-122.417474, 37.721627], [-122.417572, 37.721731], [-122.417685, 37.721726], [-122.417672, 37.721546], [-122.417785, 37.721541], [-122.417778, 37.721451], [-122.41817, 37.721303], [-122.418409, 37.721035], [-122.418158, 37.719952], [-122.418231, 37.7199], [-122.418147, 37.719784], [-122.417992, 37.719731], [-122.417965, 37.720053], [-122.41784, 37.720047], [-122.417675, 37.720416], [-122.417384, 37.720278], [-122.417406, 37.720012], [-122.416733, 37.719977], [-122.41656, 37.720171], [-122.415564, 37.720039], [-122.41448, 37.720339], [-122.414445, 37.720189], [-122.414681, 37.72002], [-122.414428, 37.719719], [-122.414912, 37.719572], [-122.415042, 37.719687], [-122.415155, 37.719681], [-122.415552, 37.719536], [-122.415703, 37.719339], [-122.41629, 37.71922], [-122.416465, 37.718991], [-122.416119, 37.718917], [-122.416113, 37.718827], [-122.415887, 37.718837], [-122.41575, 37.718975], [-122.414777, 37.718705], [-122.413749, 37.71853], [-122.413588, 37.718403], [-122.41404, 37.718382], [-122.414034, 37.718292], [-122.414147, 37.718287], [-122.414134, 37.718108], [-122.414585, 37.718087], [-122.414478, 37.717623], [-122.413643, 37.71759], [-122.413587, 37.717655], [-122.412712, 37.717799], [-122.412287, 37.717653], [-122.412261, 37.717294], [-122.411809, 37.717315], [-122.41167, 37.716961], [-122.41165, 37.716692], [-122.411311, 37.716707], [-122.411211, 37.716892], [-122.411099, 37.716897], [-122.411112, 37.717077], [-122.411225, 37.717071], [-122.411238, 37.717251], [-122.411351, 37.717246], [-122.411377, 37.717605], [-122.411038, 37.71762], [-122.411031, 37.71753], [-122.410918, 37.717536], [-122.410547, 37.717103], [-122.410593, 37.717731], [-122.41034, 37.717702], [-122.410241, 37.717567], [-122.410314, 37.717023], [-122.410088, 37.717034], [-122.410052, 37.717139], [-122.409847, 37.716989], [-122.409969, 37.716949], [-122.409927, 37.716891], [-122.409695, 37.716811], [-122.409512, 37.71656], [-122.409258, 37.716532], [-122.409245, 37.716352], [-122.408409, 37.71627], [-122.408342, 37.716394], [-122.408116, 37.716404], [-122.408103, 37.716225], [-122.409232, 37.716173], [-122.409239, 37.716262], [-122.409923, 37.716321], [-122.409936, 37.7165], [-122.410162, 37.71649], [-122.410169, 37.71658], [-122.41039, 37.716524], [-122.410957, 37.71576], [-122.410994, 37.715461], [-122.411478, 37.715889], [-122.411498, 37.716158], [-122.412182, 37.716217], [-122.412189, 37.716307], [-122.412528, 37.716291], [-122.412534, 37.716381], [-122.41276, 37.71637], [-122.412767, 37.71646], [-122.413498, 37.716499], [-122.414212, 37.71612], [-122.415584, 37.71624], [-122.415564, 37.715971], [-122.415677, 37.715966], [-122.415658, 37.715697], [-122.415927, 37.715547], [-122.41664, 37.715407], [-122.416898, 37.715149], [-122.417496, 37.715314], [-122.417281, 37.715486], [-122.417352, 37.715619], [-122.417465, 37.715614], [-122.417478, 37.715793], [-122.417591, 37.715788], [-122.417604, 37.715967], [-122.417823, 37.715867], [-122.417817, 37.715777], [-122.418022, 37.715548], [-122.418877, 37.715639], [-122.418718, 37.715892], [-122.418049, 37.715857], [-122.418121, 37.716143], [-122.418527, 37.716195], [-122.418514, 37.716015], [-122.418853, 37.716], [-122.419002, 37.716122], [-122.419883, 37.716132], [-122.419889, 37.716222], [-122.419694, 37.716489], [-122.419809, 37.716676], [-122.420035, 37.716665], [-122.420042, 37.716755], [-122.420268, 37.716745], [-122.420274, 37.716834], [-122.420563, 37.716864], [-122.420679, 37.716956], [-122.421136, 37.716639], [-122.421554, 37.716463], [-122.421764, 37.716252], [-122.422416, 37.716253], [-122.423811, 37.715781], [-122.424133, 37.715125], [-122.424486, 37.714607], [-122.425552, 37.71461], [-122.425545, 37.714521], [-122.425313, 37.714441], [-122.425306, 37.714352], [-122.42508, 37.714362], [-122.425074, 37.714272], [-122.424622, 37.714293], [-122.424615, 37.714203], [-122.424502, 37.714209], [-122.424496, 37.714119], [-122.424383, 37.714124], [-122.424376, 37.714034], [-122.424263, 37.71404], [-122.424257, 37.71395], [-122.424144, 37.713955], [-122.424131, 37.713776], [-122.424033, 37.713722], [-122.423825, 37.713377], [-122.423594, 37.713415], [-122.4234, 37.713089], [-122.422781, 37.712939], [-122.422703, 37.712851], [-122.421659, 37.712859], [-122.42156, 37.712724], [-122.421447, 37.712729], [-122.421441, 37.712639], [-122.421153, 37.712483], [-122.421229, 37.712141], [-122.421647, 37.71236], [-122.421654, 37.712449], [-122.422287, 37.712333], [-122.422186, 37.711975], [-122.422741, 37.710893], [-122.423104, 37.710582], [-122.42313, 37.71043], [-122.423344, 37.710335], [-122.422632, 37.710333], [-122.422639, 37.710423], [-122.422413, 37.710434], [-122.42242, 37.710523], [-122.422194, 37.710534], [-122.4222, 37.710624], [-122.422087, 37.710629], [-122.422094, 37.710718], [-122.421303, 37.710755], [-122.421297, 37.710665], [-122.421013, 37.710536], [-122.420328, 37.710459], [-122.420614, 37.710209], [-122.421106, 37.710261], [-122.421396, 37.710481], [-122.421961, 37.710454], [-122.421955, 37.710365], [-122.422068, 37.71036], [-122.422054, 37.71018], [-122.42228, 37.71017], [-122.422362, 37.71002], [-122.423623, 37.709928], [-122.423629, 37.710017], [-122.423742, 37.710012], [-122.423749, 37.710102], [-122.424167, 37.710302], [-122.424711, 37.710868], [-122.424944, 37.710947], [-122.42495, 37.711037], [-122.425628, 37.711006], [-122.425635, 37.711095], [-122.425973, 37.71108], [-122.42598, 37.711169], [-122.426319, 37.711154], [-122.426325, 37.711243], [-122.426551, 37.711233], [-122.426558, 37.711323], [-122.426671, 37.711318], [-122.426677, 37.711407], [-122.426903, 37.711397], [-122.42691, 37.711487], [-122.427023, 37.711481], [-122.427029, 37.711571], [-122.427185, 37.711625], [-122.427128, 37.712035], [-122.426956, 37.712115], [-122.426962, 37.712204], [-122.426849, 37.71221], [-122.426763, 37.712574], [-122.426876, 37.712569], [-122.426889, 37.712748], [-122.427002, 37.712743], [-122.427008, 37.712832], [-122.427121, 37.712827], [-122.427128, 37.712917], [-122.427241, 37.712912], [-122.427247, 37.713002], [-122.427419, 37.713102], [-122.427267, 37.713305], [-122.427028, 37.713102], [-122.426821, 37.71323], [-122.426948, 37.713556], [-122.42718, 37.713635], [-122.427313, 37.713899], [-122.427426, 37.713894], [-122.427465, 37.714432], [-122.427239, 37.714442], [-122.427213, 37.714083], [-122.4271, 37.714089], [-122.426967, 37.713825], [-122.426854, 37.71383], [-122.426656, 37.713338], [-122.426366, 37.712885], [-122.426417, 37.7125], [-122.42653, 37.712494], [-122.426397, 37.71223], [-122.426285, 37.712236], [-122.426134, 37.712027], [-122.426352, 37.711926], [-122.426252, 37.711787], [-122.425687, 37.711813], [-122.425747, 37.71195], [-122.425885, 37.712028], [-122.425386, 37.712587], [-122.4253, 37.712174], [-122.425538, 37.711958], [-122.425461, 37.711824], [-122.42467, 37.71186], [-122.424664, 37.71177], [-122.424438, 37.711781], [-122.424431, 37.711691], [-122.424319, 37.711696], [-122.424312, 37.711606], [-122.42408, 37.711527], [-122.424125, 37.712155], [-122.424238, 37.71215], [-122.424245, 37.71224], [-122.424358, 37.712235], [-122.424364, 37.712324], [-122.424477, 37.712319], [-122.424484, 37.712409], [-122.4247, 37.712518], [-122.42457, 37.713253], [-122.424475, 37.713182], [-122.42441, 37.712952], [-122.424025, 37.713029], [-122.424259, 37.713183], [-122.42435, 37.713675], [-122.424463, 37.71367], [-122.424469, 37.71376], [-122.424954, 37.713781], [-122.425167, 37.713998], [-122.42528, 37.713993], [-122.425286, 37.714082], [-122.425399, 37.714077], [-122.425406, 37.714167], [-122.425632, 37.714156], [-122.425638, 37.714246], [-122.425871, 37.714325], [-122.425884, 37.714505], [-122.426037, 37.714588], [-122.425786, 37.714761], [-122.426097, 37.715178], [-122.426792, 37.715063], [-122.427199, 37.715435], [-122.427311, 37.715429], [-122.427318, 37.715519], [-122.427431, 37.715514], [-122.427438, 37.715604], [-122.427551, 37.715598], [-122.427557, 37.715688], [-122.428021, 37.715847], [-122.428148, 37.716021], [-122.428195, 37.716266], [-122.428373, 37.716394], [-122.428413, 37.716549], [-122.428872, 37.716618], [-122.428878, 37.716708], [-122.428991, 37.716702], [-122.428998, 37.716792], [-122.42923, 37.716871], [-122.42925, 37.71714], [-122.429363, 37.717135], [-122.429376, 37.717315], [-122.429767, 37.717375], [-122.429696, 37.717867], [-122.429405, 37.718333], [-122.428877, 37.718539]], [[-122.414858, 37.717695], [-122.414765, 37.717778], [-122.414905, 37.717802], [-122.414858, 37.717695]], [[-122.416578, 37.718986], [-122.416584, 37.719075], [-122.41681, 37.719065], [-122.416804, 37.718975], [-122.416578, 37.718986]], [[-122.425558, 37.7147], [-122.425671, 37.714695], [-122.425665, 37.714605], [-122.425552, 37.71461], [-122.425558, 37.7147]], [[-122.424066, 37.711348], [-122.423953, 37.711353], [-122.423947, 37.711263], [-122.423799, 37.711369], [-122.42408, 37.711527], [-122.424066, 37.711348]], [[-122.412248, 37.716874], [-122.412102, 37.716671], [-122.411989, 37.716676], [-122.412038, 37.716824], [-122.412248, 37.716874]], [[-122.426568, 37.715573], [-122.426661, 37.71549], [-122.426521, 37.715466], [-122.426568, 37.715573]], [[-122.426474, 37.715358], [-122.426381, 37.715442], [-122.426521, 37.715466], [-122.426474, 37.715358]], [[-122.426497, 37.712046], [-122.426723, 37.712035], [-122.426717, 37.711946], [-122.42683, 37.71194], [-122.426823, 37.711851], [-122.426499, 37.711866], [-122.426497, 37.712046]], [[-122.423076, 37.711754], [-122.422963, 37.711759], [-122.422957, 37.711669], [-122.422731, 37.711679], [-122.422737, 37.711769], [-122.422624, 37.711774], [-122.422631, 37.711864], [-122.422518, 37.711869], [-122.422608, 37.712262], [-122.423003, 37.712297], [-122.423091, 37.712156], [-122.423511, 37.712061], [-122.423584, 37.711943], [-122.423803, 37.71183], [-122.423662, 37.711587], [-122.423176, 37.711569], [-122.423182, 37.711659], [-122.42307, 37.711664], [-122.423076, 37.711754]], [[-122.423907, 37.713129], [-122.423626, 37.713079], [-122.423719, 37.71329], [-122.423907, 37.713129]], [[-122.424224, 37.716039], [-122.424195, 37.716203], [-122.424421, 37.716193], [-122.424414, 37.716103], [-122.424224, 37.716039]], [[-122.41644, 37.717101], [-122.416892, 37.71708], [-122.416872, 37.716811], [-122.416759, 37.716816], [-122.416753, 37.716727], [-122.417012, 37.71667], [-122.416746, 37.716637], [-122.416414, 37.716742], [-122.416421, 37.716832], [-122.41644, 37.717101]], [[-122.415916, 37.716135], [-122.415949, 37.716584], [-122.416288, 37.716568], [-122.416281, 37.716478], [-122.417038, 37.716221], [-122.416971, 37.716035], [-122.417192, 37.715899], [-122.416742, 37.7158], [-122.416275, 37.716073], [-122.415916, 37.716135]], [[-122.417663, 37.716775], [-122.417776, 37.71677], [-122.417769, 37.71668], [-122.417882, 37.716675], [-122.417843, 37.716136], [-122.417617, 37.716147], [-122.417663, 37.716775]], [[-122.418213, 37.7181], [-122.418326, 37.718095], [-122.418254, 37.717889], [-122.418213, 37.7181]], [[-122.418355, 37.719649], [-122.418468, 37.719484], [-122.418199, 37.719451], [-122.418355, 37.719649]], [[-122.416508, 37.72216], [-122.416602, 37.722076], [-122.416462, 37.722052], [-122.416508, 37.72216]]], [[[-122.428966, 37.722555], [-122.429192, 37.722545], [-122.429219, 37.722904], [-122.428993, 37.722914], [-122.428966, 37.722555]]], [[[-122.428827, 37.724289], [-122.428892, 37.72463], [-122.428905, 37.724809], [-122.428835, 37.724845], [-122.428747, 37.725118], [-122.428646, 37.724371], [-122.428827, 37.724289]]], [[[-122.429056, 37.726873], [-122.429049, 37.726783], [-122.429162, 37.726778], [-122.429156, 37.726688], [-122.429269, 37.726683], [-122.429368, 37.726498], [-122.429481, 37.726493], [-122.429475, 37.726403], [-122.429588, 37.726398], [-122.429824, 37.72609], [-122.430126, 37.726013], [-122.430139, 37.726193], [-122.430027, 37.726198], [-122.430033, 37.726288], [-122.42992, 37.726293], [-122.429927, 37.726382], [-122.429814, 37.726388], [-122.429564, 37.726795], [-122.429056, 37.726873]]], [[[-122.427869, 37.726846], [-122.428458, 37.72645], [-122.428725, 37.726607], [-122.428187, 37.726954], [-122.427869, 37.726846]]], [[[-122.428012, 37.728091], [-122.42848, 37.727778], [-122.428928, 37.72765], [-122.428513, 37.72811], [-122.428018, 37.728181], [-122.428012, 37.728091]]], [[[-122.428287, 37.73186], [-122.428281, 37.73177], [-122.428055, 37.731781], [-122.428061, 37.73187], [-122.427118, 37.732039], [-122.427235, 37.731793], [-122.427709, 37.731707], [-122.427703, 37.731617], [-122.428381, 37.731586], [-122.428387, 37.731675], [-122.428561, 37.731781], [-122.428287, 37.73186]]], [[[-122.432765, 37.732514], [-122.43254, 37.732654], [-122.432546, 37.732744], [-122.432433, 37.732749], [-122.43244, 37.732839], [-122.432214, 37.732849], [-122.432152, 37.732522], [-122.43196, 37.732456], [-122.432288, 37.732305], [-122.432357, 37.731905], [-122.43257, 37.731974], [-122.432765, 37.732514]]], [[[-122.429244, 37.732536], [-122.429506, 37.732561], [-122.429313, 37.732647], [-122.429244, 37.732536]]], [[[-122.431493, 37.732918], [-122.431843, 37.732745], [-122.432214, 37.732849], [-122.432042, 37.733074], [-122.431493, 37.732918]]], [[[-122.429474, 37.735677], [-122.42948, 37.735766], [-122.429141, 37.735782], [-122.429003, 37.735921], [-122.428636, 37.73572], [-122.429015, 37.735608], [-122.429009, 37.735518], [-122.429235, 37.735508], [-122.429228, 37.735418], [-122.429454, 37.735407], [-122.429448, 37.735318], [-122.429561, 37.735312], [-122.429554, 37.735223], [-122.42978, 37.735212], [-122.429869, 37.735096], [-122.430448, 37.734965], [-122.430383, 37.735265], [-122.429906, 37.735387], [-122.429913, 37.735476], [-122.4298, 37.735481], [-122.429806, 37.735571], [-122.42958, 37.735582], [-122.429587, 37.735671], [-122.429474, 37.735677]]], [[[-122.428748, 37.735376], [-122.428324, 37.73546], [-122.428331, 37.735549], [-122.428111, 37.735649], [-122.428118, 37.735739], [-122.427786, 37.735845], [-122.427792, 37.735934], [-122.427679, 37.73594], [-122.427686, 37.736029], [-122.427573, 37.736034], [-122.427579, 37.736124], [-122.427247, 37.73623], [-122.427254, 37.736319], [-122.427034, 37.736419], [-122.427041, 37.736509], [-122.426928, 37.736514], [-122.426934, 37.736604], [-122.426602, 37.73671], [-122.426609, 37.736799], [-122.426496, 37.736804], [-122.426502, 37.736894], [-122.426386, 37.737029], [-122.42612, 37.736918], [-122.42627, 37.736815], [-122.426256, 37.736635], [-122.426476, 37.736535], [-122.426469, 37.736446], [-122.426582, 37.73644], [-122.426576, 37.736351], [-122.426802, 37.73634], [-122.426795, 37.73625], [-122.426908, 37.736245], [-122.426902, 37.736156], [-122.427014, 37.73615], [-122.427008, 37.736061], [-122.427227, 37.73596], [-122.427221, 37.735871], [-122.427447, 37.73586], [-122.42744, 37.735771], [-122.427553, 37.735765], [-122.427547, 37.735676], [-122.42766, 37.73567], [-122.427653, 37.735581], [-122.427879, 37.73557], [-122.427872, 37.73548], [-122.428092, 37.73538], [-122.428085, 37.735291], [-122.428311, 37.73528], [-122.428305, 37.73519], [-122.428692, 37.735221], [-122.428748, 37.735376]]], [[[-122.432432, 37.735648], [-122.431973, 37.735741], [-122.431833, 37.735388], [-122.432217, 37.735418], [-122.432432, 37.735648]]], [[[-122.432325, 37.735905], [-122.432438, 37.7359], [-122.432444, 37.735989], [-122.432328, 37.735954], [-122.432325, 37.735905]]], [[[-122.430024, 37.737002], [-122.430031, 37.737091], [-122.429918, 37.737097], [-122.429925, 37.737186], [-122.429699, 37.737197], [-122.429705, 37.737286], [-122.429592, 37.737292], [-122.429612, 37.737561], [-122.429838, 37.73755], [-122.429831, 37.737461], [-122.430277, 37.73735], [-122.43037, 37.737228], [-122.430928, 37.73696], [-122.430955, 37.737319], [-122.430735, 37.737419], [-122.430755, 37.737688], [-122.430529, 37.737699], [-122.430535, 37.737788], [-122.429745, 37.737825], [-122.429751, 37.737915], [-122.429412, 37.73793], [-122.429419, 37.73802], [-122.428741, 37.738051], [-122.428734, 37.737962], [-122.428621, 37.737967], [-122.428535, 37.737835], [-122.428695, 37.737375], [-122.429027, 37.737318], [-122.429021, 37.737228], [-122.429134, 37.737223], [-122.429127, 37.737133], [-122.429353, 37.737123], [-122.429346, 37.737033], [-122.429459, 37.737028], [-122.429453, 37.736938], [-122.429898, 37.736827], [-122.429892, 37.736738], [-122.430005, 37.736732], [-122.429998, 37.736643], [-122.430224, 37.736632], [-122.430217, 37.736543], [-122.430443, 37.736532], [-122.430437, 37.736442], [-122.430776, 37.736427], [-122.43095, 37.736294], [-122.43105, 37.736007], [-122.431534, 37.735942], [-122.431554, 37.736211], [-122.431328, 37.736221], [-122.431341, 37.736401], [-122.431002, 37.736416], [-122.431008, 37.736506], [-122.430895, 37.736511], [-122.430908, 37.736691], [-122.430463, 37.736801], [-122.43047, 37.736891], [-122.430024, 37.737002]]], [[[-122.431786, 37.73629], [-122.431799, 37.736469], [-122.43146, 37.736485], [-122.431454, 37.736395], [-122.431786, 37.73629]]], [[[-122.428674, 37.738685], [-122.42868, 37.738774], [-122.428532, 37.738736], [-122.428674, 37.738685]]], [[[-122.430375, 37.738696], [-122.430382, 37.738786], [-122.430119, 37.73876], [-122.430262, 37.738701], [-122.430375, 37.738696]]], [[[-122.42868, 37.738774], [-122.428793, 37.738769], [-122.4288, 37.738859], [-122.428687, 37.738864], [-122.42868, 37.738774]]], [[[-122.428181, 37.739698], [-122.428321, 37.739722], [-122.428228, 37.739805], [-122.428181, 37.739698]]], [[[-122.429051, 37.740738], [-122.429543, 37.740781], [-122.429629, 37.74111], [-122.429165, 37.741002], [-122.429051, 37.740738]]], [[[-122.429657, 37.741368], [-122.429916, 37.741573], [-122.429679, 37.741725], [-122.42937, 37.741518], [-122.429323, 37.741356], [-122.429657, 37.741368]]], [[[-122.429621, 37.742332], [-122.429761, 37.742356], [-122.429668, 37.74244], [-122.429621, 37.742332]]], [[[-122.431314, 37.745315], [-122.431395, 37.745167], [-122.431753, 37.745115], [-122.431759, 37.745204], [-122.431427, 37.74531], [-122.431314, 37.745315]]], [[[-122.431339, 37.747204], [-122.431332, 37.747115], [-122.431445, 37.747109], [-122.431452, 37.747199], [-122.431339, 37.747204]]], [[[-122.432019, 37.753385], [-122.432012, 37.753295], [-122.432125, 37.75329], [-122.432132, 37.75338], [-122.432019, 37.753385]]], [[[-122.428429, 37.753911], [-122.428316, 37.753916], [-122.428309, 37.753827], [-122.428422, 37.753821], [-122.428429, 37.753911]]], [[[-122.431115, 37.754011], [-122.431719, 37.753939], [-122.431726, 37.754029], [-122.431613, 37.754034], [-122.431115, 37.754011]]], [[[-122.428449, 37.75418], [-122.428455, 37.75427], [-122.428681, 37.75426], [-122.428707, 37.754619], [-122.428922, 37.754913], [-122.429286, 37.754772], [-122.42937, 37.754888], [-122.429525, 37.754941], [-122.430067, 37.754885], [-122.429884, 37.754627], [-122.429725, 37.754572], [-122.429904, 37.754346], [-122.430119, 37.754411], [-122.430282, 37.754571], [-122.431281, 37.754683], [-122.431758, 37.754922], [-122.431718, 37.755155], [-122.432157, 37.755269], [-122.432164, 37.755359], [-122.432396, 37.755438], [-122.432409, 37.755618], [-122.43219, 37.755718], [-122.43221, 37.755987], [-122.432097, 37.755992], [-122.43211, 37.756172], [-122.431997, 37.756177], [-122.431949, 37.756295], [-122.431884, 37.756182], [-122.431771, 37.756188], [-122.431764, 37.756098], [-122.430584, 37.756108], [-122.430721, 37.755786], [-122.430488, 37.755707], [-122.430468, 37.755438], [-122.430242, 37.755448], [-122.430236, 37.755358], [-122.430035, 37.75541], [-122.430203, 37.755926], [-122.42988, 37.756043], [-122.429856, 37.756366], [-122.429969, 37.756361], [-122.429976, 37.756451], [-122.43075, 37.756354], [-122.431106, 37.756398], [-122.43124, 37.756521], [-122.431546, 37.756604], [-122.43116, 37.756709], [-122.431065, 37.757391], [-122.431072, 37.75748], [-122.431185, 37.757475], [-122.431218, 37.757924], [-122.431105, 37.757929], [-122.431098, 37.757839], [-122.430852, 37.757581], [-122.430739, 37.757586], [-122.430733, 37.757496], [-122.430507, 37.757506], [-122.4305, 37.757417], [-122.430161, 37.757432], [-122.430174, 37.757612], [-122.430407, 37.757691], [-122.430413, 37.757781], [-122.430526, 37.757776], [-122.43054, 37.757955], [-122.430427, 37.75796], [-122.43044, 37.75814], [-122.430553, 37.758135], [-122.430686, 37.758398], [-122.430459, 37.758409], [-122.430473, 37.758588], [-122.43024, 37.758509], [-122.430227, 37.75833], [-122.430114, 37.758335], [-122.430107, 37.758245], [-122.429881, 37.758256], [-122.429868, 37.758076], [-122.430207, 37.75806], [-122.430214, 37.75815], [-122.430327, 37.758145], [-122.4303, 37.757786], [-122.429871, 37.757863], [-122.429483, 37.757464], [-122.42937, 37.757469], [-122.429217, 37.757719], [-122.428738, 37.757459], [-122.428679, 37.757321], [-122.428453, 37.757331], [-122.428368, 37.757216], [-122.428214, 37.757162], [-122.428207, 37.757073], [-122.428094, 37.757078], [-122.427968, 37.756904], [-122.428068, 37.756719], [-122.428181, 37.756714], [-122.428194, 37.756893], [-122.42842, 37.756883], [-122.428407, 37.756703], [-122.428294, 37.756708], [-122.428287, 37.756619], [-122.4284, 37.756613], [-122.428394, 37.756524], [-122.428161, 37.756444], [-122.428098, 37.756253], [-122.427858, 37.75612], [-122.427689, 37.756196], [-122.427702, 37.756376], [-122.427476, 37.756386], [-122.427457, 37.756117], [-122.427344, 37.756122], [-122.42733, 37.755943], [-122.427476, 37.755875], [-122.427543, 37.755753], [-122.427656, 37.755747], [-122.42765, 37.755658], [-122.427989, 37.755642], [-122.428098, 37.754692], [-122.428012, 37.754169], [-122.428103, 37.754106], [-122.428258, 37.754159], [-122.428449, 37.75418]], [[-122.430927, 37.755506], [-122.43094, 37.755686], [-122.431053, 37.755681], [-122.43106, 37.75577], [-122.430834, 37.755781], [-122.43084, 37.75587], [-122.431292, 37.75585], [-122.431299, 37.755939], [-122.431412, 37.755934], [-122.431405, 37.755844], [-122.431631, 37.755834], [-122.431625, 37.755744], [-122.431286, 37.75576], [-122.431153, 37.755496], [-122.430927, 37.755506]], [[-122.428467, 37.75598], [-122.42846, 37.75589], [-122.428347, 37.755896], [-122.428341, 37.755806], [-122.428115, 37.755816], [-122.428108, 37.755727], [-122.427995, 37.755732], [-122.428015, 37.756001], [-122.428128, 37.755996], [-122.428473, 37.75631], [-122.428691, 37.756275], [-122.42858, 37.755975], [-122.428467, 37.75598]], [[-122.431712, 37.75538], [-122.431647, 37.755268], [-122.431599, 37.755385], [-122.431712, 37.75538]], [[-122.430141, 37.757163], [-122.430412, 37.757234], [-122.430257, 37.757029], [-122.430141, 37.757163]]], [[[-122.428459, 37.757421], [-122.428572, 37.757416], [-122.428448, 37.757633], [-122.428181, 37.757544], [-122.428114, 37.757347], [-122.428453, 37.757331], [-122.428459, 37.757421]]], [[[-122.42899, 37.758477], [-122.428829, 37.758408], [-122.428915, 37.758086], [-122.429125, 37.758195], [-122.42899, 37.758477]]], [[[-122.430686, 37.758398], [-122.431025, 37.758383], [-122.431031, 37.758473], [-122.430812, 37.758572], [-122.430686, 37.758398]]], [[[-122.431064, 37.758921], [-122.431204, 37.758945], [-122.431111, 37.759029], [-122.431064, 37.758921]]], [[[-122.429389, 37.759269], [-122.429615, 37.759258], [-122.429621, 37.759348], [-122.429395, 37.759358], [-122.429389, 37.759269]]], [[[-122.430764, 37.759475], [-122.430758, 37.759385], [-122.430871, 37.75938], [-122.430925, 37.759261], [-122.431237, 37.759314], [-122.431097, 37.75937], [-122.431104, 37.75946], [-122.430764, 37.759475]]], [[[-122.428435, 37.759546], [-122.428132, 37.759147], [-122.428471, 37.759131], [-122.428478, 37.759221], [-122.428591, 37.759216], [-122.428563, 37.759614], [-122.428435, 37.759546]]], [[[-122.429621, 37.759348], [-122.429734, 37.759343], [-122.429741, 37.759433], [-122.429628, 37.759438], [-122.429621, 37.759348]]], [[[-122.430106, 37.759776], [-122.430113, 37.759865], [-122.430226, 37.75986], [-122.430239, 37.76004], [-122.430352, 37.760034], [-122.430345, 37.759945], [-122.430458, 37.75994], [-122.430452, 37.75985], [-122.430626, 37.759909], [-122.430791, 37.759834], [-122.430797, 37.759924], [-122.431023, 37.759913], [-122.43103, 37.760003], [-122.430899, 37.760139], [-122.430437, 37.760363], [-122.431216, 37.760277], [-122.433048, 37.760402], [-122.433159, 37.760486], [-122.431929, 37.760723], [-122.431555, 37.760912], [-122.430065, 37.760768], [-122.430259, 37.760309], [-122.430104, 37.760256], [-122.430019, 37.76014], [-122.429906, 37.760145], [-122.4299, 37.760055], [-122.429674, 37.760066], [-122.429667, 37.759976], [-122.429328, 37.759992], [-122.429322, 37.759902], [-122.428756, 37.759928], [-122.428939, 37.759798], [-122.429044, 37.7596], [-122.428817, 37.759205], [-122.429275, 37.759274], [-122.429223, 37.759501], [-122.429313, 37.759752], [-122.429428, 37.759807], [-122.430106, 37.759776]]], [[[-122.42853, 37.759939], [-122.428078, 37.759959], [-122.427961, 37.759658], [-122.428354, 37.759713], [-122.42853, 37.759939]]], [[[-122.432349, 37.774887], [-122.432489, 37.774912], [-122.432396, 37.774995], [-122.432349, 37.774887]]], [[[-122.431682, 37.777149], [-122.431729, 37.777257], [-122.431589, 37.777233], [-122.431682, 37.777149]]], [[[-122.431775, 37.777364], [-122.431729, 37.777257], [-122.431869, 37.777281], [-122.431775, 37.777364]]], [[[-122.428045, 37.789815], [-122.428849, 37.789939], [-122.428707, 37.790128], [-122.427954, 37.790029], [-122.427882, 37.789769], [-122.428045, 37.789815]]], [[[-122.43107, 37.790108], [-122.430948, 37.789807], [-122.431232, 37.789944], [-122.43107, 37.790108]]], [[[-122.429152, 37.79007], [-122.429422, 37.790103], [-122.429309, 37.790268], [-122.429152, 37.79007]]], [[[-122.428881, 37.790563], [-122.42864, 37.79051], [-122.42872, 37.79036], [-122.428987, 37.79039], [-122.428881, 37.790563]]], [[[-122.430248, 37.79096], [-122.429459, 37.79073], [-122.429305, 37.790603], [-122.429994, 37.790643], [-122.430248, 37.79096]]], [[[-122.429218, 37.790968], [-122.429231, 37.791147], [-122.428892, 37.791163], [-122.428879, 37.790983], [-122.429218, 37.790968]]], [[[-122.425861, 37.793836], [-122.425951, 37.79368], [-122.426836, 37.793535], [-122.426863, 37.793206], [-122.426262, 37.793099], [-122.426127, 37.793401], [-122.42549, 37.793182], [-122.425388, 37.79274], [-122.425546, 37.792628], [-122.425675, 37.792172], [-122.425865, 37.792333], [-122.426115, 37.792737], [-122.426987, 37.79261], [-122.427075, 37.792687], [-122.427365, 37.792715], [-122.427607, 37.792808], [-122.427603, 37.79298], [-122.427785, 37.793208], [-122.429511, 37.793017], [-122.429028, 37.793452], [-122.429196, 37.79376], [-122.429429, 37.793839], [-122.429319, 37.793966], [-122.428625, 37.794081], [-122.425861, 37.793836]]], [[[-122.43097, 37.79397], [-122.431454, 37.794134], [-122.431539, 37.794239], [-122.431278, 37.794294], [-122.431291, 37.794473], [-122.431404, 37.794468], [-122.431254, 37.794689], [-122.430456, 37.794513], [-122.430532, 37.794362], [-122.430787, 37.79428], [-122.430738, 37.794176], [-122.430812, 37.794135], [-122.430806, 37.794045], [-122.43097, 37.79397]]], [[[-122.432323, 37.794465], [-122.431798, 37.794352], [-122.431723, 37.794183], [-122.432457, 37.794222], [-122.432323, 37.794465]]], [[[-122.43093, 37.794817], [-122.431446, 37.794866], [-122.431557, 37.795001], [-122.432194, 37.795038], [-122.432109, 37.794673], [-122.433251, 37.794732], [-122.433359, 37.794827], [-122.433134, 37.794967], [-122.433268, 37.795339], [-122.432689, 37.79547], [-122.432319, 37.79527], [-122.431981, 37.795346], [-122.431576, 37.79527], [-122.431583, 37.79536], [-122.431696, 37.795355], [-122.431703, 37.795444], [-122.431382, 37.795582], [-122.431011, 37.795477], [-122.431208, 37.795237], [-122.430841, 37.795093], [-122.43093, 37.794817]]], [[[-122.427685, 37.795537], [-122.427827, 37.795333], [-122.42966, 37.795076], [-122.429741, 37.794995], [-122.430359, 37.795031], [-122.430395, 37.795276], [-122.430072, 37.795308], [-122.427685, 37.795537]]], [[[-122.430451, 37.806216], [-122.430458, 37.806306], [-122.430345, 37.806311], [-122.430351, 37.806401], [-122.430238, 37.806406], [-122.430245, 37.806495], [-122.430132, 37.806501], [-122.430145, 37.80668], [-122.430032, 37.806685], [-122.430045, 37.806865], [-122.429932, 37.80687], [-122.429952, 37.807139], [-122.429839, 37.807144], [-122.429852, 37.807324], [-122.429739, 37.807329], [-122.429752, 37.807509], [-122.429639, 37.807514], [-122.429645, 37.807604], [-122.429758, 37.807598], [-122.429772, 37.807778], [-122.429545, 37.807788], [-122.429551, 37.807864], [-122.429263, 37.807903], [-122.429241, 37.807982], [-122.428993, 37.807994], [-122.429, 37.808084], [-122.428521, 37.808286], [-122.427995, 37.80831], [-122.427989, 37.80822], [-122.428215, 37.80821], [-122.428366, 37.808113], [-122.428202, 37.80803], [-122.427862, 37.808046], [-122.427856, 37.807956], [-122.427629, 37.807967], [-122.427649, 37.808236], [-122.427549, 37.808241], [-122.42753, 37.808152], [-122.427235, 37.808165], [-122.427184, 37.808077], [-122.427071, 37.808083], [-122.427057, 37.807903], [-122.426424, 37.807581], [-122.426685, 37.80747], [-122.426659, 37.807111], [-122.426546, 37.807117], [-122.426539, 37.807027], [-122.426313, 37.807037], [-122.426306, 37.806948], [-122.42608, 37.806958], [-122.426067, 37.806779], [-122.425834, 37.806699], [-122.425821, 37.80652], [-122.425708, 37.806525], [-122.425442, 37.805931], [-122.425097, 37.805923], [-122.42509, 37.805833], [-122.424977, 37.805839], [-122.42497, 37.805749], [-122.424857, 37.805754], [-122.424741, 37.805889], [-122.424636, 37.805617], [-122.425556, 37.805465], [-122.425749, 37.805533], [-122.425768, 37.805802], [-122.425882, 37.805797], [-122.425895, 37.805976], [-122.426008, 37.805971], [-122.426028, 37.80624], [-122.42626, 37.80632], [-122.426352, 37.806525], [-122.42708, 37.806609], [-122.427211, 37.806906], [-122.427324, 37.806901], [-122.427351, 37.807259], [-122.427464, 37.807254], [-122.427477, 37.807434], [-122.42759, 37.807428], [-122.427603, 37.807608], [-122.427829, 37.807597], [-122.427836, 37.807687], [-122.428062, 37.807677], [-122.428056, 37.807587], [-122.428395, 37.807571], [-122.428388, 37.807482], [-122.428501, 37.807476], [-122.428495, 37.807387], [-122.428721, 37.807376], [-122.429091, 37.807163], [-122.429286, 37.80735], [-122.42936, 37.806792], [-122.428933, 37.806297], [-122.429366, 37.806331], [-122.429453, 37.806532], [-122.429899, 37.806421], [-122.429892, 37.806332], [-122.430005, 37.806326], [-122.429999, 37.806237], [-122.430112, 37.806232], [-122.430105, 37.806142], [-122.430218, 37.806137], [-122.430212, 37.806047], [-122.430325, 37.806042], [-122.430318, 37.805952], [-122.430545, 37.805941], [-122.430538, 37.805852], [-122.430764, 37.805841], [-122.430758, 37.805752], [-122.430871, 37.805746], [-122.430864, 37.805657], [-122.430977, 37.805651], [-122.430975, 37.805221], [-122.431129, 37.805088], [-122.43119, 37.805461], [-122.431338, 37.8055], [-122.431197, 37.805551], [-122.431217, 37.80582], [-122.431103, 37.805826], [-122.43111, 37.805915], [-122.430884, 37.805926], [-122.43089, 37.806015], [-122.430777, 37.806021], [-122.430784, 37.80611], [-122.430558, 37.806121], [-122.430564, 37.806211], [-122.430451, 37.806216]], [[-122.429047, 37.807764], [-122.428967, 37.807635], [-122.428804, 37.80771], [-122.428726, 37.807964], [-122.428993, 37.807994], [-122.429047, 37.807764]]], [[[-122.425042, 37.708325], [-122.425048, 37.708368], [-122.424718, 37.708531], [-122.424688, 37.70833], [-122.424822, 37.708328], [-122.425042, 37.708325]]], [[[-122.425072, 37.712031], [-122.424814, 37.712154], [-122.424903, 37.711939], [-122.425072, 37.712031]]], [[[-122.425045, 37.716975], [-122.425096, 37.716756], [-122.425408, 37.716678], [-122.4253, 37.717048], [-122.425045, 37.716975]]], [[[-122.427046, 37.717462], [-122.42675, 37.717552], [-122.426665, 37.71744], [-122.427046, 37.717462]]], [[[-122.424897, 37.718062], [-122.424784, 37.718067], [-122.424771, 37.717887], [-122.424658, 37.717893], [-122.424652, 37.717803], [-122.424999, 37.717668], [-122.425117, 37.717962], [-122.424891, 37.717972], [-122.424897, 37.718062]]], [[[-122.425123, 37.718051], [-122.425117, 37.717962], [-122.42523, 37.717956], [-122.425236, 37.718046], [-122.425123, 37.718051]]], [[[-122.42584, 37.718558], [-122.425827, 37.718379], [-122.42594, 37.718374], [-122.425953, 37.718553], [-122.42584, 37.718558]]], [[[-122.425559, 37.720912], [-122.425446, 37.720917], [-122.425526, 37.720464], [-122.425639, 37.720458], [-122.425652, 37.720638], [-122.425765, 37.720633], [-122.425785, 37.720902], [-122.425566, 37.721002], [-122.425559, 37.720912]]], [[[-122.425453, 37.721007], [-122.42534, 37.721012], [-122.425333, 37.720923], [-122.425446, 37.720917], [-122.425453, 37.721007]]], [[[-122.426607, 37.722844], [-122.426614, 37.722934], [-122.42684, 37.722924], [-122.426853, 37.723103], [-122.427079, 37.723093], [-122.427054, 37.723381], [-122.426879, 37.723462], [-122.426886, 37.723552], [-122.426773, 37.723557], [-122.426786, 37.723737], [-122.426447, 37.723752], [-122.426427, 37.723483], [-122.42654, 37.723478], [-122.426501, 37.722939], [-122.425491, 37.723076], [-122.425475, 37.723654], [-122.42486, 37.724093], [-122.4246, 37.723864], [-122.424304, 37.723907], [-122.424491, 37.723442], [-122.424, 37.723355], [-122.423882, 37.722847], [-122.424147, 37.722808], [-122.424429, 37.723198], [-122.424581, 37.723028], [-122.424694, 37.723023], [-122.424687, 37.722933], [-122.424574, 37.722938], [-122.424567, 37.722849], [-122.424454, 37.722854], [-122.424448, 37.722764], [-122.424335, 37.722769], [-122.424112, 37.722629], [-122.423677, 37.722191], [-122.424438, 37.722192], [-122.424439, 37.721642], [-122.424151, 37.721894], [-122.423861, 37.721663], [-122.423584, 37.721577], [-122.423762, 37.721215], [-122.42405, 37.721215], [-122.424204, 37.720975], [-122.42512, 37.721112], [-122.424868, 37.721275], [-122.424701, 37.72158], [-122.424828, 37.721756], [-122.425053, 37.721746], [-122.42506, 37.721836], [-122.425499, 37.721635], [-122.425731, 37.721715], [-122.426032, 37.721583], [-122.42619, 37.721783], [-122.426303, 37.721778], [-122.426605, 37.722178], [-122.42692, 37.72233], [-122.427046, 37.722644], [-122.426691, 37.722592], [-122.426494, 37.72285], [-122.426607, 37.722844]], [[-122.425547, 37.722941], [-122.425458, 37.722627], [-122.425091, 37.722681], [-122.425331, 37.723021], [-122.425491, 37.723076], [-122.425547, 37.722941]], [[-122.425967, 37.722408], [-122.425997, 37.722242], [-122.425884, 37.722248], [-122.425877, 37.722158], [-122.425469, 37.722014], [-122.425273, 37.72217], [-122.425967, 37.722408]], [[-122.426295, 37.722699], [-122.426389, 37.722615], [-122.426249, 37.722591], [-122.426295, 37.722699]]], [[[-122.426797, 37.724719], [-122.426574, 37.72453], [-122.426786, 37.723737], [-122.427143, 37.723565], [-122.427357, 37.723204], [-122.427483, 37.72313], [-122.427633, 37.723879], [-122.42719, 37.724022], [-122.426797, 37.724719]]], [[[-122.425425, 37.724548], [-122.42583, 37.724768], [-122.426207, 37.724683], [-122.426306, 37.724929], [-122.426709, 37.725488], [-122.427323, 37.724882], [-122.427436, 37.724877], [-122.427443, 37.724967], [-122.427412, 37.725213], [-122.427037, 37.725616], [-122.427043, 37.725705], [-122.42693, 37.725711], [-122.426944, 37.72589], [-122.426724, 37.72599], [-122.426867, 37.726222], [-122.426266, 37.726574], [-122.426125, 37.726225], [-122.425734, 37.726396], [-122.42574, 37.726486], [-122.425521, 37.726586], [-122.425527, 37.726676], [-122.425308, 37.726776], [-122.425315, 37.726866], [-122.425095, 37.726966], [-122.425184, 37.727187], [-122.42568, 37.727209], [-122.425767, 37.72708], [-122.426285, 37.727139], [-122.426067, 37.727418], [-122.4257, 37.727478], [-122.425769, 37.727626], [-122.426022, 37.727785], [-122.427544, 37.727643], [-122.427708, 37.727859], [-122.4266, 37.72803], [-122.424277, 37.728174], [-122.424209, 37.728297], [-122.423912, 37.728232], [-122.423812, 37.728015], [-122.423425, 37.727907], [-122.423254, 37.728131], [-122.42326, 37.728221], [-122.423147, 37.728226], [-122.423154, 37.728316], [-122.422369, 37.728442], [-122.421968, 37.728358], [-122.422272, 37.728169], [-122.423184, 37.727983], [-122.422988, 37.727603], [-122.422762, 37.727614], [-122.422756, 37.727524], [-122.42253, 37.727534], [-122.422523, 37.727445], [-122.421569, 37.727421], [-122.421526, 37.727174], [-122.42199, 37.727067], [-122.422186, 37.726863], [-122.422751, 37.726831], [-122.422975, 37.727015], [-122.423113, 37.726925], [-122.423191, 37.726555], [-122.42335, 37.726433], [-122.422665, 37.725326], [-122.423012, 37.725439], [-122.423451, 37.72593], [-122.423717, 37.7259], [-122.424239, 37.726105], [-122.424506, 37.725783], [-122.424596, 37.725454], [-122.425159, 37.72515], [-122.425064, 37.724986], [-122.424951, 37.724992], [-122.424944, 37.724902], [-122.424668, 37.724859], [-122.424865, 37.724649], [-122.425304, 37.724707], [-122.425425, 37.724548]], [[-122.426211, 37.725718], [-122.426485, 37.725821], [-122.426416, 37.725624], [-122.426211, 37.725718]], [[-122.424511, 37.726723], [-122.424504, 37.726633], [-122.42473, 37.726622], [-122.424896, 37.726314], [-122.424917, 37.726074], [-122.42439, 37.726386], [-122.423858, 37.726317], [-122.423713, 37.726669], [-122.424052, 37.726654], [-122.424059, 37.726743], [-122.424511, 37.726723]], [[-122.425405, 37.725814], [-122.425229, 37.725699], [-122.424953, 37.725873], [-122.424917, 37.726074], [-122.425405, 37.725814]], [[-122.423567, 37.726555], [-122.423707, 37.72658], [-122.42366, 37.726472], [-122.423567, 37.726555]], [[-122.425502, 37.725272], [-122.42569, 37.725111], [-122.425409, 37.725061], [-122.425502, 37.725272]]], [[[-122.426522, 37.729421], [-122.427034, 37.729474], [-122.42679, 37.729625], [-122.426522, 37.729421]]], [[[-122.426859, 37.730936], [-122.42827, 37.730916], [-122.428317, 37.73118], [-122.427109, 37.73114], [-122.426859, 37.730936]]], [[[-122.424752, 37.731573], [-122.425091, 37.731557], [-122.425098, 37.731647], [-122.424759, 37.731663], [-122.424752, 37.731573]]], [[[-122.425456, 37.731901], [-122.425005, 37.731922], [-122.424998, 37.731832], [-122.425111, 37.731827], [-122.425104, 37.731737], [-122.42533, 37.731726], [-122.425324, 37.731637], [-122.42555, 37.731626], [-122.425556, 37.731716], [-122.425809, 37.731745], [-122.425908, 37.73188], [-122.426387, 37.731894], [-122.426529, 37.732095], [-122.425964, 37.732117], [-122.425921, 37.732059], [-122.425456, 37.731901]]], [[[-122.426875, 37.735797], [-122.426762, 37.735802], [-122.426769, 37.735892], [-122.426656, 37.735897], [-122.426669, 37.736076], [-122.426556, 37.736081], [-122.426563, 37.736171], [-122.426337, 37.736182], [-122.426343, 37.736271], [-122.426124, 37.736372], [-122.42613, 37.736461], [-122.426017, 37.736466], [-122.426024, 37.736556], [-122.425911, 37.736561], [-122.425917, 37.736651], [-122.425805, 37.736656], [-122.425811, 37.736746], [-122.425592, 37.736846], [-122.425598, 37.736936], [-122.425485, 37.736941], [-122.425492, 37.737031], [-122.425379, 37.737036], [-122.425392, 37.737216], [-122.425618, 37.737205], [-122.425644, 37.737564], [-122.425531, 37.737569], [-122.425438, 37.737844], [-122.425325, 37.737849], [-122.425232, 37.738123], [-122.425119, 37.738128], [-122.424953, 37.738437], [-122.424932, 37.738677], [-122.424819, 37.738683], [-122.424787, 37.739264], [-122.424626, 37.739142], [-122.424513, 37.739147], [-122.424487, 37.738788], [-122.4246, 37.738783], [-122.42458, 37.738513], [-122.424799, 37.738413], [-122.42478, 37.738144], [-122.424893, 37.738139], [-122.42488, 37.737959], [-122.424993, 37.737954], [-122.424979, 37.737775], [-122.425092, 37.73777], [-122.425086, 37.73768], [-122.425199, 37.737675], [-122.425192, 37.737585], [-122.425305, 37.73758], [-122.425292, 37.7374], [-122.425066, 37.737411], [-122.425079, 37.73759], [-122.42486, 37.73769], [-122.424873, 37.73787], [-122.424534, 37.737885], [-122.424541, 37.737975], [-122.424428, 37.73798], [-122.424415, 37.737801], [-122.424527, 37.737796], [-122.424514, 37.737616], [-122.424364, 37.737573], [-122.424432, 37.737326], [-122.424621, 37.737521], [-122.424721, 37.737337], [-122.424834, 37.737331], [-122.42482, 37.737152], [-122.424933, 37.737147], [-122.424927, 37.737057], [-122.42504, 37.737052], [-122.425033, 37.736962], [-122.425146, 37.736957], [-122.42514, 37.736867], [-122.425359, 37.736767], [-122.425353, 37.736677], [-122.425466, 37.736672], [-122.425459, 37.736582], [-122.425572, 37.736577], [-122.425565, 37.736487], [-122.425678, 37.736482], [-122.425672, 37.736392], [-122.425785, 37.736387], [-122.425778, 37.736297], [-122.425891, 37.736292], [-122.425885, 37.736202], [-122.425998, 37.736197], [-122.425991, 37.736108], [-122.42621, 37.736007], [-122.426204, 37.735918], [-122.42643, 37.735907], [-122.426423, 37.735817], [-122.426643, 37.735717], [-122.426636, 37.735628], [-122.426969, 37.735522], [-122.426962, 37.735432], [-122.427075, 37.735427], [-122.427218, 37.735207], [-122.427325, 37.735442], [-122.427194, 37.735512], [-122.427208, 37.735691], [-122.426869, 37.735707], [-122.426875, 37.735797]]], [[[-122.428395, 37.737977], [-122.428282, 37.737982], [-122.428289, 37.738072], [-122.42795, 37.738088], [-122.427956, 37.738178], [-122.427737, 37.738278], [-122.427724, 37.738098], [-122.427538, 37.737786], [-122.427302, 37.737658], [-122.427439, 37.73745], [-122.427732, 37.737338], [-122.428316, 37.736951], [-122.428788, 37.737119], [-122.427984, 37.737674], [-122.428105, 37.737957], [-122.428333, 37.737833], [-122.428395, 37.737977]]], [[[-122.428242, 37.738975], [-122.428129, 37.73898], [-122.428122, 37.73889], [-122.428235, 37.738885], [-122.428242, 37.738975]]], [[[-122.426971, 37.739516], [-122.426558, 37.739608], [-122.426347, 37.739422], [-122.426234, 37.739427], [-122.426228, 37.739338], [-122.426115, 37.739343], [-122.426108, 37.739253], [-122.42582, 37.738932], [-122.426103, 37.738925], [-122.426208, 37.739069], [-122.426321, 37.739063], [-122.426327, 37.739153], [-122.426971, 37.739516]]], [[[-122.427115, 37.739566], [-122.427012, 37.739211], [-122.427515, 37.739298], [-122.427566, 37.739492], [-122.427115, 37.739566]]], [[[-122.427393, 37.739962], [-122.427351, 37.740051], [-122.427541, 37.740399], [-122.42712, 37.740294], [-122.426902, 37.740162], [-122.427131, 37.739986], [-122.4271, 37.739807], [-122.427158, 37.739655], [-122.428241, 37.739923], [-122.428303, 37.740274], [-122.427951, 37.740177], [-122.427393, 37.739962]]], [[[-122.425236, 37.749017], [-122.425516, 37.749067], [-122.425329, 37.749228], [-122.425236, 37.749017]]], [[[-122.426109, 37.749609], [-122.426212, 37.749962], [-122.426038, 37.749903], [-122.425829, 37.749996], [-122.425747, 37.749804], [-122.425599, 37.749765], [-122.42574, 37.749714], [-122.42572, 37.749445], [-122.425946, 37.749434], [-122.425953, 37.749524], [-122.426109, 37.749609]]], [[[-122.425162, 37.74956], [-122.425431, 37.749594], [-122.425318, 37.749759], [-122.425162, 37.74956]]], [[[-122.426218, 37.750052], [-122.426212, 37.749962], [-122.426325, 37.749957], [-122.426331, 37.750047], [-122.426218, 37.750052]]], [[[-122.426331, 37.750047], [-122.426799, 37.750066], [-122.426972, 37.750503], [-122.426609, 37.750405], [-122.426331, 37.750047]]], [[[-122.425293, 37.751355], [-122.425574, 37.751405], [-122.425387, 37.751566], [-122.425293, 37.751355]]], [[[-122.424762, 37.752577], [-122.424688, 37.752373], [-122.424956, 37.752409], [-122.425084, 37.752659], [-122.424762, 37.752577]]], [[[-122.427, 37.752987], [-122.426961, 37.752448], [-122.427187, 37.752438], [-122.427226, 37.752976], [-122.427, 37.752987]]], [[[-122.427014, 37.753166], [-122.427164, 37.753209], [-122.427074, 37.753368], [-122.427014, 37.753166]]], [[[-122.42704, 37.753525], [-122.42718, 37.753549], [-122.427087, 37.753633], [-122.42704, 37.753525]]], [[[-122.427186, 37.753969], [-122.427359, 37.754074], [-122.427264, 37.754727], [-122.427153, 37.754628], [-122.427186, 37.753969]]], [[[-122.426804, 37.755326], [-122.427025, 37.754876], [-122.427194, 37.754964], [-122.427099, 37.755541], [-122.426804, 37.755326]]], [[[-122.427955, 37.756724], [-122.427935, 37.756455], [-122.428167, 37.756534], [-122.428174, 37.756624], [-122.428061, 37.756629], [-122.428068, 37.756719], [-122.427955, 37.756724]]], [[[-122.426545, 37.757599], [-122.426841, 37.757914], [-122.426501, 37.757925], [-122.426309, 37.757729], [-122.426056, 37.757786], [-122.425986, 37.757715], [-122.426545, 37.757599]]], [[[-122.425703, 37.758039], [-122.424358, 37.757718], [-122.424271, 37.757524], [-122.424384, 37.757519], [-122.424485, 37.757622], [-122.425534, 37.757736], [-122.425703, 37.758039]]], [[[-122.428445, 37.758772], [-122.428451, 37.758862], [-122.428126, 37.759057], [-122.428112, 37.758878], [-122.427999, 37.758883], [-122.427882, 37.758581], [-122.428275, 37.758637], [-122.428445, 37.758772]]], [[[-122.427327, 37.75949], [-122.427121, 37.758552], [-122.426679, 37.75842], [-122.426591, 37.758228], [-122.427581, 37.758214], [-122.427791, 37.758419], [-122.427576, 37.758584], [-122.427538, 37.759493], [-122.427327, 37.75949]]], [[[-122.4274, 37.759991], [-122.427663, 37.760015], [-122.42747, 37.760102], [-122.4274, 37.759991]]], [[[-122.428366, 37.760277], [-122.42845, 37.760392], [-122.427834, 37.760216], [-122.427978, 37.760144], [-122.428366, 37.760277]]], [[[-122.426874, 37.769829], [-122.42688, 37.769918], [-122.426764, 37.770053], [-122.426498, 37.769942], [-122.426648, 37.769839], [-122.426641, 37.769749], [-122.426754, 37.769744], [-122.426748, 37.769654], [-122.426861, 37.769649], [-122.426854, 37.769559], [-122.427984, 37.769507], [-122.427991, 37.769597], [-122.428104, 37.769592], [-122.428111, 37.769681], [-122.428224, 37.769676], [-122.42823, 37.769766], [-122.428402, 37.769867], [-122.42825, 37.770069], [-122.428011, 37.769866], [-122.427898, 37.769871], [-122.427891, 37.769782], [-122.426874, 37.769829]]], [[[-122.425828, 37.772578], [-122.425489, 37.772593], [-122.425469, 37.772324], [-122.425582, 37.772319], [-122.425569, 37.77214], [-122.425795, 37.772129], [-122.425782, 37.77195], [-122.425895, 37.771944], [-122.425875, 37.771675], [-122.426094, 37.771575], [-122.426088, 37.771485], [-122.426011, 37.771459], [-122.425886, 37.770805], [-122.425654, 37.770724], [-122.42571, 37.770314], [-122.425883, 37.770234], [-122.426014, 37.769825], [-122.426487, 37.770116], [-122.426306, 37.770618], [-122.426334, 37.771744], [-122.426221, 37.771749], [-122.426234, 37.771929], [-122.426121, 37.771934], [-122.426074, 37.772241], [-122.425808, 37.772309], [-122.425828, 37.772578]]], [[[-122.425466, 37.773262], [-122.425064, 37.773014], [-122.424947, 37.772654], [-122.425017, 37.772345], [-122.425197, 37.772436], [-122.425466, 37.773262]]], [[[-122.426394, 37.773484], [-122.425869, 37.773403], [-122.425674, 37.772989], [-122.425734, 37.772852], [-122.426119, 37.773038], [-122.426394, 37.773484]]], [[[-122.426854, 37.773737], [-122.426661, 37.773824], [-122.426591, 37.773713], [-122.426854, 37.773737]]], [[[-122.426847, 37.786486], [-122.427247, 37.786564], [-122.427028, 37.786869], [-122.426847, 37.786486]]], [[[-122.425246, 37.790034], [-122.425182, 37.790074], [-122.425035, 37.789696], [-122.425347, 37.789626], [-122.425246, 37.790034]]], [[[-122.425155, 37.790321], [-122.425038, 37.790655], [-122.425001, 37.790116], [-122.425182, 37.790074], [-122.425155, 37.790321]]], [[[-122.427583, 37.790323], [-122.427723, 37.790347], [-122.427629, 37.79043], [-122.427583, 37.790323]]], [[[-122.427065, 37.790557], [-122.426824, 37.790503], [-122.426904, 37.790354], [-122.427171, 37.790384], [-122.427065, 37.790557]]], [[[-122.428003, 37.791164], [-122.428233, 37.791687], [-122.428031, 37.792139], [-122.42631, 37.792334], [-122.426231, 37.792006], [-122.426166, 37.791966], [-122.426208, 37.790968], [-122.426301, 37.79086], [-122.426593, 37.790729], [-122.426716, 37.790903], [-122.426498, 37.791003], [-122.426568, 37.791323], [-122.42676, 37.79153], [-122.427209, 37.791421], [-122.427203, 37.791331], [-122.427316, 37.791326], [-122.427379, 37.791103], [-122.428003, 37.791164]], [[-122.426948, 37.791727], [-122.426783, 37.7918], [-122.42679, 37.79189], [-122.426859, 37.791957], [-122.427187, 37.79189], [-122.427731, 37.791949], [-122.427826, 37.79145], [-122.427549, 37.791405], [-122.427511, 37.791604], [-122.427216, 37.791808], [-122.426948, 37.791727]]], [[[-122.428129, 37.790827], [-122.427712, 37.791069], [-122.427616, 37.790772], [-122.428129, 37.790827]]], [[[-122.427217, 37.79099], [-122.42717, 37.790882], [-122.42731, 37.790906], [-122.427217, 37.79099]]], [[[-122.425389, 37.806481], [-122.425296, 37.806564], [-122.425249, 37.806456], [-122.425389, 37.806481]]], [[[-122.4201, 37.711351], [-122.420202, 37.711389], [-122.420393, 37.711704], [-122.420171, 37.71164], [-122.4201, 37.711351]]], [[[-122.423279, 37.714535], [-122.423542, 37.71456], [-122.423349, 37.714646], [-122.423279, 37.714535]]], [[[-122.421299, 37.715347], [-122.421679, 37.715368], [-122.421384, 37.715459], [-122.421299, 37.715347]]], [[[-122.420973, 37.715542], [-122.42135, 37.715569], [-122.421604, 37.715829], [-122.42082, 37.715944], [-122.420324, 37.716145], [-122.420231, 37.71593], [-122.420574, 37.715685], [-122.420933, 37.715599], [-122.420973, 37.715542]]], [[[-122.424359, 37.718447], [-122.424258, 37.718631], [-122.42404, 37.718732], [-122.424046, 37.718821], [-122.423933, 37.718826], [-122.423927, 37.718737], [-122.423814, 37.718742], [-122.423807, 37.718652], [-122.423908, 37.718468], [-122.424126, 37.718367], [-122.424359, 37.718447]]], [[[-122.420946, 37.71881], [-122.421316, 37.718677], [-122.421335, 37.718946], [-122.420946, 37.71881]]], [[[-122.423295, 37.719396], [-122.423344, 37.719544], [-122.423576, 37.719624], [-122.423786, 37.719914], [-122.423334, 37.719934], [-122.423328, 37.719845], [-122.422763, 37.719871], [-122.422756, 37.719781], [-122.422643, 37.719786], [-122.42263, 37.719607], [-122.423069, 37.719407], [-122.423295, 37.719396]]], [[[-122.421262, 37.71949], [-122.421281, 37.719759], [-122.420934, 37.71964], [-122.421262, 37.71949]]], [[[-122.423793, 37.720003], [-122.423786, 37.719914], [-122.423899, 37.719908], [-122.423906, 37.719998], [-122.423793, 37.720003]]], [[[-122.423906, 37.719998], [-122.424401, 37.720159], [-122.424879, 37.720016], [-122.425055, 37.720215], [-122.423825, 37.720452], [-122.423819, 37.720362], [-122.423932, 37.720357], [-122.423925, 37.720267], [-122.423906, 37.719998]]], [[[-122.422144, 37.72071], [-122.422138, 37.72062], [-122.422025, 37.720625], [-122.422018, 37.720535], [-122.42156, 37.720466], [-122.421573, 37.720646], [-122.421114, 37.720577], [-122.420975, 37.720223], [-122.421616, 37.720257], [-122.422105, 37.720171], [-122.422111, 37.720261], [-122.422224, 37.720256], [-122.422237, 37.720435], [-122.422696, 37.720504], [-122.422702, 37.720594], [-122.422928, 37.720583], [-122.422935, 37.720673], [-122.422144, 37.72071]]], [[[-122.423221, 37.72096], [-122.423287, 37.720837], [-122.4234, 37.720832], [-122.423413, 37.721582], [-122.423184, 37.7215], [-122.423221, 37.72096]]], [[[-122.422763, 37.722307], [-122.422466, 37.722524], [-122.422595, 37.722219], [-122.422763, 37.722307]]], [[[-122.422447, 37.723307], [-122.422587, 37.723331], [-122.422494, 37.723414], [-122.422447, 37.723307]]], [[[-122.422686, 37.723476], [-122.423025, 37.72346], [-122.423038, 37.723639], [-122.4227, 37.723655], [-122.422686, 37.723476]]], [[[-122.420232, 37.724207], [-122.420353, 37.724123], [-122.42036, 37.724213], [-122.420473, 37.724208], [-122.420499, 37.724567], [-122.420725, 37.724556], [-122.420732, 37.724646], [-122.420393, 37.724662], [-122.420399, 37.724751], [-122.420286, 37.724757], [-122.42028, 37.724667], [-122.420167, 37.724672], [-122.420232, 37.724207]]], [[[-122.423657, 37.725381], [-122.423602, 37.725144], [-122.423489, 37.725149], [-122.423456, 37.724701], [-122.423376, 37.724648], [-122.423318, 37.723673], [-122.423676, 37.723899], [-122.423815, 37.724954], [-122.423928, 37.724949], [-122.423947, 37.725218], [-122.424192, 37.725478], [-122.423909, 37.725605], [-122.423657, 37.725381]]], [[[-122.420252, 37.725839], [-122.419913, 37.725854], [-122.4199, 37.725675], [-122.419787, 37.72568], [-122.419774, 37.725501], [-122.419661, 37.725506], [-122.419641, 37.725237], [-122.419465, 37.725121], [-122.419564, 37.724663], [-122.419722, 37.724783], [-122.419835, 37.724778], [-122.419854, 37.725047], [-122.42008, 37.725036], [-122.420067, 37.724857], [-122.42018, 37.724852], [-122.420213, 37.7253], [-122.420326, 37.725295], [-122.420332, 37.725385], [-122.420219, 37.72539], [-122.420252, 37.725839]]], [[[-122.42239, 37.726444], [-122.422291, 37.726608], [-122.421842, 37.726607], [-122.421704, 37.726887], [-122.421447, 37.726684], [-122.421335, 37.726689], [-122.421328, 37.726599], [-122.421215, 37.726605], [-122.421202, 37.726425], [-122.420928, 37.726382], [-122.420717, 37.725857], [-122.420472, 37.725739], [-122.420465, 37.725649], [-122.420691, 37.725638], [-122.420678, 37.725459], [-122.420791, 37.725454], [-122.421043, 37.725802], [-122.421156, 37.725797], [-122.421162, 37.725887], [-122.421275, 37.725881], [-122.421282, 37.725971], [-122.421395, 37.725966], [-122.421402, 37.726056], [-122.421515, 37.726051], [-122.421521, 37.72614], [-122.42181, 37.726264], [-122.42239, 37.726444]]], [[[-122.423871, 37.728823], [-122.423878, 37.728913], [-122.426072, 37.728853], [-122.426416, 37.729368], [-122.425923, 37.72944], [-122.425207, 37.729351], [-122.424954, 37.729248], [-122.423841, 37.72919], [-122.422877, 37.729331], [-122.422767, 37.729234], [-122.421757, 37.729371], [-122.421869, 37.729679], [-122.421296, 37.729983], [-122.421069, 37.729971], [-122.420888, 37.730174], [-122.420687, 37.73023], [-122.420693, 37.73032], [-122.42058, 37.730325], [-122.42048, 37.73051], [-122.420367, 37.730515], [-122.420156, 37.730159], [-122.419909, 37.730446], [-122.419689, 37.730546], [-122.419571, 37.730241], [-122.419611, 37.730049], [-122.419286, 37.729795], [-122.41884, 37.729775], [-122.418833, 37.729685], [-122.418946, 37.72968], [-122.418933, 37.729501], [-122.419341, 37.729519], [-122.419448, 37.72971], [-122.419663, 37.729774], [-122.419513, 37.729358], [-122.419824, 37.72928], [-122.419817, 37.72919], [-122.420036, 37.72909], [-122.42003, 37.729], [-122.420482, 37.728979], [-122.420475, 37.728889], [-122.421379, 37.728848], [-122.421372, 37.728758], [-122.421824, 37.728737], [-122.421831, 37.728827], [-122.423525, 37.728749], [-122.423532, 37.728838], [-122.423645, 37.728833], [-122.423871, 37.728823]], [[-122.423022, 37.729186], [-122.422822, 37.729114], [-122.422767, 37.729234], [-122.423022, 37.729186]], [[-122.420715, 37.729461], [-122.421305, 37.729391], [-122.421299, 37.729302], [-122.421412, 37.729296], [-122.421286, 37.729122], [-122.420269, 37.729169], [-122.420275, 37.729259], [-122.420163, 37.729264], [-122.420169, 37.729354], [-122.41995, 37.729454], [-122.420062, 37.729743], [-122.419907, 37.729958], [-122.420215, 37.729982], [-122.420202, 37.729802], [-122.420428, 37.729792], [-122.420421, 37.729702], [-122.420534, 37.729697], [-122.420715, 37.729461]], [[-122.420262, 37.730089], [-122.420355, 37.730006], [-122.420215, 37.729982], [-122.420262, 37.730089]], [[-122.425698, 37.729009], [-122.425768, 37.72912], [-122.425961, 37.729033], [-122.425698, 37.729009]]], [[[-122.423146, 37.729799], [-122.423352, 37.729477], [-122.424786, 37.729465], [-122.425122, 37.729703], [-122.424113, 37.729845], [-122.423793, 37.730045], [-122.422389, 37.730043], [-122.421972, 37.729934], [-122.422627, 37.729642], [-122.423146, 37.729799]]], [[[-122.421132, 37.73012], [-122.421471, 37.730104], [-122.421484, 37.730283], [-122.421145, 37.730299], [-122.421132, 37.73012]]], [[[-122.4243, 37.731594], [-122.424294, 37.731504], [-122.42452, 37.731494], [-122.424524, 37.731549], [-122.4243, 37.731594]]], [[[-122.422506, 37.731857], [-122.422499, 37.731767], [-122.423177, 37.731736], [-122.423184, 37.731826], [-122.423071, 37.731831], [-122.422506, 37.731857]]], [[[-122.422293, 37.732047], [-122.42218, 37.732052], [-122.422187, 37.732142], [-122.422074, 37.732147], [-122.422067, 37.732057], [-122.421615, 37.732078], [-122.421609, 37.731988], [-122.421722, 37.731983], [-122.421708, 37.731804], [-122.422273, 37.731778], [-122.42228, 37.731867], [-122.422506, 37.731857], [-122.422512, 37.731947], [-122.422287, 37.731957], [-122.422293, 37.732047]]], [[[-122.421044, 37.732014], [-122.421157, 37.732009], [-122.421163, 37.732099], [-122.42105, 37.732104], [-122.421044, 37.732014]]], [[[-122.420824, 37.732114], [-122.420937, 37.732109], [-122.420944, 37.732199], [-122.420831, 37.732204], [-122.420824, 37.732114]]], [[[-122.420492, 37.73222], [-122.420718, 37.732209], [-122.420857, 37.732563], [-122.4207, 37.732684], [-122.420983, 37.732737], [-122.421003, 37.733007], [-122.421116, 37.733001], [-122.421122, 37.733091], [-122.420897, 37.733101], [-122.420903, 37.733191], [-122.42079, 37.733196], [-122.420823, 37.733645], [-122.420597, 37.733656], [-122.420604, 37.733745], [-122.420491, 37.73375], [-122.420497, 37.73384], [-122.420158, 37.733856], [-122.420165, 37.733946], [-122.419261, 37.733987], [-122.419135, 37.733813], [-122.418796, 37.733829], [-122.418789, 37.733739], [-122.418563, 37.733749], [-122.418557, 37.73366], [-122.418324, 37.73358], [-122.418396, 37.733357], [-122.419039, 37.733591], [-122.418932, 37.733405], [-122.418756, 37.73329], [-122.418743, 37.733111], [-122.418517, 37.733121], [-122.418511, 37.733031], [-122.418916, 37.733052], [-122.419716, 37.73326], [-122.419786, 37.733423], [-122.41956, 37.733433], [-122.419567, 37.733523], [-122.419446, 37.733593], [-122.419564, 37.733738], [-122.420093, 37.733648], [-122.420182, 37.733575], [-122.420019, 37.733502], [-122.420012, 37.733412], [-122.419899, 37.733418], [-122.420161, 37.733059], [-122.420179, 37.732594], [-122.420292, 37.732589], [-122.420279, 37.73241], [-122.420499, 37.73231], [-122.420492, 37.73222]]], [[[-122.421686, 37.734596], [-122.421679, 37.734506], [-122.421566, 37.734511], [-122.42156, 37.734421], [-122.421892, 37.734316], [-122.422398, 37.734361], [-122.422199, 37.734533], [-122.421799, 37.73459], [-122.421806, 37.73468], [-122.421693, 37.734685], [-122.421699, 37.734775], [-122.421586, 37.73478], [-122.421573, 37.734601], [-122.421686, 37.734596]]], [[[-122.420224, 37.734753], [-122.420337, 37.734748], [-122.420343, 37.734838], [-122.420682, 37.734822], [-122.420689, 37.734912], [-122.420802, 37.734906], [-122.420693, 37.735032], [-122.419838, 37.73481], [-122.419154, 37.73475], [-122.419359, 37.734652], [-122.420098, 37.734579], [-122.420104, 37.734669], [-122.420217, 37.734663], [-122.420224, 37.734753]]], [[[-122.421593, 37.73487], [-122.421367, 37.73488], [-122.42136, 37.734791], [-122.421586, 37.73478], [-122.421593, 37.73487]]], [[[-122.421141, 37.734891], [-122.421254, 37.734886], [-122.421206, 37.735003], [-122.421141, 37.734891]]], [[[-122.420024, 37.735122], [-122.420521, 37.73514], [-122.420211, 37.735215], [-122.420121, 37.735236], [-122.420024, 37.735122]]], [[[-122.419851, 37.735851], [-122.419738, 37.735856], [-122.419751, 37.736035], [-122.419638, 37.736041], [-122.419651, 37.73622], [-122.419425, 37.73623], [-122.419431, 37.73632], [-122.419092, 37.736336], [-122.418923, 37.736557], [-122.418467, 37.736839], [-122.418216, 37.737535], [-122.418094, 37.738182], [-122.417806, 37.738026], [-122.417904, 37.737416], [-122.418247, 37.736622], [-122.418899, 37.736114], [-122.419073, 37.736067], [-122.419066, 37.735977], [-122.419512, 37.735866], [-122.419505, 37.735777], [-122.419618, 37.735771], [-122.419699, 37.735624], [-122.420057, 37.735571], [-122.420063, 37.735661], [-122.419844, 37.735761], [-122.419851, 37.735851]]], [[[-122.420918, 37.738052], [-122.420912, 37.737962], [-122.421025, 37.737957], [-122.421031, 37.738047], [-122.420918, 37.738052]]], [[[-122.424434, 37.73807], [-122.424321, 37.738075], [-122.424315, 37.737986], [-122.424428, 37.73798], [-122.424434, 37.73807]]], [[[-122.424321, 37.738075], [-122.424341, 37.738344], [-122.424228, 37.73835], [-122.424235, 37.738439], [-122.424026, 37.738416], [-122.424215, 37.73817], [-122.424208, 37.73808], [-122.424321, 37.738075]]], [[[-122.422594, 37.738414], [-122.422672, 37.738782], [-122.422333, 37.738797], [-122.422336, 37.738131], [-122.422594, 37.738414]]], [[[-122.423496, 37.739194], [-122.423342, 37.73914], [-122.423257, 37.739025], [-122.423424, 37.738717], [-122.423719, 37.738781], [-122.423496, 37.739194]]], [[[-122.421695, 37.739367], [-122.421362, 37.739472], [-122.421431, 37.739889], [-122.421515, 37.740005], [-122.421747, 37.740085], [-122.421754, 37.740174], [-122.420826, 37.740181], [-122.420682, 37.739984], [-122.420485, 37.739873], [-122.420146, 37.739888], [-122.420139, 37.739799], [-122.420026, 37.739804], [-122.420039, 37.739983], [-122.420187, 37.740067], [-122.420311, 37.740601], [-122.420198, 37.740606], [-122.420185, 37.740427], [-122.420072, 37.740432], [-122.419774, 37.740044], [-122.419938, 37.739594], [-122.420888, 37.739704], [-122.421056, 37.739937], [-122.421282, 37.739926], [-122.421216, 37.739642], [-122.420953, 37.739551], [-122.420897, 37.739314], [-122.421688, 37.739277], [-122.421695, 37.739367]]], [[[-122.422647, 37.740167], [-122.42249, 37.739996], [-122.42208, 37.739979], [-122.422173, 37.739705], [-122.422319, 37.739638], [-122.422386, 37.739515], [-122.422612, 37.739505], [-122.422677, 37.739617], [-122.422725, 37.739499], [-122.422879, 37.739553], [-122.422971, 37.739758], [-122.423416, 37.739648], [-122.423589, 37.739753], [-122.423316, 37.739832], [-122.423323, 37.739922], [-122.422647, 37.740167]]], [[[-122.421973, 37.740074], [-122.421967, 37.739985], [-122.42208, 37.739979], [-122.422086, 37.740069], [-122.421973, 37.740074]]], [[[-122.421973, 37.740074], [-122.422125, 37.740285], [-122.421812, 37.740425], [-122.421754, 37.740174], [-122.421867, 37.740169], [-122.42186, 37.740079], [-122.421973, 37.740074]]], [[[-122.421135, 37.741013], [-122.420783, 37.740849], [-122.420637, 37.740472], [-122.420893, 37.740414], [-122.421065, 37.740693], [-122.421135, 37.741013]]], [[[-122.421985, 37.741399], [-122.420948, 37.742051], [-122.420855, 37.741836], [-122.421145, 37.741786], [-122.421394, 37.741451], [-122.422017, 37.741113], [-122.421985, 37.741399]]], [[[-122.420575, 37.742066], [-122.420079, 37.741856], [-122.420271, 37.741593], [-122.420384, 37.741588], [-122.42039, 37.741678], [-122.420623, 37.741757], [-122.420575, 37.742066]]], [[[-122.42485, 37.741952], [-122.424484, 37.741849], [-122.424526, 37.741642], [-122.42459, 37.741754], [-122.424703, 37.741749], [-122.42485, 37.741952]]], [[[-122.420004, 37.742596], [-122.42003, 37.742955], [-122.419917, 37.74296], [-122.419943, 37.743319], [-122.41983, 37.743324], [-122.419876, 37.743952], [-122.41965, 37.743963], [-122.419644, 37.743873], [-122.419418, 37.743883], [-122.419411, 37.743794], [-122.419072, 37.743809], [-122.419059, 37.74363], [-122.419278, 37.74353], [-122.419259, 37.743261], [-122.419372, 37.743255], [-122.419359, 37.743076], [-122.419585, 37.743065], [-122.419558, 37.742707], [-122.419778, 37.742606], [-122.419869, 37.742237], [-122.420467, 37.742101], [-122.420368, 37.742312], [-122.420004, 37.742596]]], [[[-122.419809, 37.744586], [-122.419922, 37.74458], [-122.419929, 37.74467], [-122.419816, 37.744675], [-122.419809, 37.744586]]], [[[-122.42325, 37.747787], [-122.42311, 37.747855], [-122.423137, 37.747552], [-122.42325, 37.747787]]], [[[-122.422967, 37.747943], [-122.42311, 37.747855], [-122.423013, 37.748246], [-122.422645, 37.74833], [-122.422797, 37.748048], [-122.422967, 37.747943]]], [[[-122.424709, 37.750091], [-122.424636, 37.750125], [-122.424755, 37.751071], [-122.425094, 37.751393], [-122.424727, 37.751454], [-122.42425, 37.751043], [-122.424129, 37.749909], [-122.423886, 37.749693], [-122.423948, 37.749327], [-122.424119, 37.749249], [-122.424106, 37.749069], [-122.424657, 37.748864], [-122.425021, 37.748876], [-122.42476, 37.749106], [-122.424564, 37.749138], [-122.424571, 37.749228], [-122.424458, 37.749233], [-122.424471, 37.749412], [-122.424358, 37.749418], [-122.424384, 37.749776], [-122.424769, 37.749865], [-122.424709, 37.750091]]], [[[-122.423227, 37.750083], [-122.423361, 37.749734], [-122.423686, 37.749795], [-122.423656, 37.750875], [-122.423956, 37.751725], [-122.423692, 37.751754], [-122.423472, 37.75148], [-122.423227, 37.750083]]], [[[-122.42416, 37.751503], [-122.424389, 37.751397], [-122.424396, 37.751487], [-122.424358, 37.751699], [-122.42416, 37.751503]]], [[[-122.424335, 37.75221], [-122.424475, 37.752234], [-122.424382, 37.752317], [-122.424335, 37.75221]]], [[[-122.423814, 37.755925], [-122.423827, 37.756104], [-122.423601, 37.756115], [-122.423588, 37.755935], [-122.423701, 37.75593], [-122.423814, 37.755925]]], [[[-122.42346, 37.757292], [-122.423573, 37.757286], [-122.42358, 37.757376], [-122.423467, 37.757381], [-122.42346, 37.757292]]], [[[-122.42358, 37.757376], [-122.424039, 37.757445], [-122.424045, 37.757535], [-122.42368, 37.757478], [-122.42358, 37.757376]]], [[[-122.420114, 37.79832], [-122.420227, 37.798315], [-122.420195, 37.798524], [-122.42012, 37.79841], [-122.420114, 37.79832]]], [[[-122.421782, 37.799414], [-122.421988, 37.799339], [-122.422365, 37.799963], [-122.422281, 37.800021], [-122.422287, 37.800111], [-122.422174, 37.800116], [-122.422168, 37.800026], [-122.422055, 37.800031], [-122.422048, 37.799942], [-122.42186, 37.799877], [-122.421789, 37.799504], [-122.421782, 37.799414]]], [[[-122.420445, 37.799746], [-122.420585, 37.79977], [-122.420492, 37.799853], [-122.420445, 37.799746]]], [[[-122.422859, 37.800174], [-122.42268, 37.799889], [-122.423013, 37.79996], [-122.423092, 37.800254], [-122.422859, 37.800174]]], [[[-122.421529, 37.80146], [-122.421362, 37.800737], [-122.420978, 37.800131], [-122.420847, 37.799723], [-122.421104, 37.799325], [-122.420666, 37.798115], [-122.420932, 37.798187], [-122.421291, 37.798617], [-122.421461, 37.799031], [-122.421642, 37.799122], [-122.421493, 37.799465], [-122.421443, 37.800069], [-122.422113, 37.800337], [-122.421918, 37.800616], [-122.421835, 37.801081], [-122.422152, 37.801374], [-122.422549, 37.801147], [-122.422772, 37.801437], [-122.422619, 37.801536], [-122.422685, 37.802433], [-122.422345, 37.802449], [-122.422359, 37.802628], [-122.422245, 37.802634], [-122.422239, 37.803455], [-122.421814, 37.803672], [-122.422387, 37.80375], [-122.422534, 37.80397], [-122.42302, 37.80373], [-122.422803, 37.804048], [-122.422577, 37.804059], [-122.422011, 37.804356], [-122.421359, 37.804475], [-122.420341, 37.804522], [-122.419273, 37.804703], [-122.418884, 37.804899], [-122.418425, 37.804701], [-122.418512, 37.804336], [-122.418399, 37.804342], [-122.418386, 37.804162], [-122.41823, 37.804077], [-122.418127, 37.803724], [-122.417671, 37.803794], [-122.417988, 37.804199], [-122.417758, 37.804149], [-122.417328, 37.803809], [-122.417169, 37.804133], [-122.41672, 37.80385], [-122.41665, 37.803702], [-122.417194, 37.803747], [-122.41714, 37.803539], [-122.417603, 37.803439], [-122.417861, 37.803196], [-122.417773, 37.803118], [-122.417247, 37.803195], [-122.41715, 37.802779], [-122.417639, 37.802711], [-122.417696, 37.802483], [-122.418005, 37.802797], [-122.418048, 37.801792], [-122.417976, 37.80166], [-122.417714, 37.801736], [-122.417683, 37.802304], [-122.417224, 37.802235], [-122.417037, 37.802089], [-122.416739, 37.802138], [-122.416619, 37.801723], [-122.416506, 37.801728], [-122.416486, 37.801459], [-122.416599, 37.801454], [-122.415957, 37.801052], [-122.416166, 37.800891], [-122.416074, 37.800487], [-122.416187, 37.800482], [-122.416181, 37.800393], [-122.416068, 37.800398], [-122.416061, 37.800308], [-122.415835, 37.800318], [-122.415745, 37.800446], [-122.415383, 37.800339], [-122.415157, 37.80035], [-122.414756, 37.800062], [-122.414409, 37.800195], [-122.414717, 37.80055], [-122.414184, 37.800531], [-122.4142, 37.800345], [-122.413615, 37.800099], [-122.413181, 37.7996], [-122.412947, 37.799861], [-122.412596, 37.799667], [-122.413075, 37.79948], [-122.413109, 37.799075], [-122.412725, 37.798741], [-122.412651, 37.798419], [-122.412872, 37.797034], [-122.412686, 37.796555], [-122.413113, 37.796629], [-122.413198, 37.796839], [-122.413637, 37.796638], [-122.413624, 37.796459], [-122.413737, 37.796454], [-122.413799, 37.7962], [-122.414183, 37.79625], [-122.414268, 37.795838], [-122.413921, 37.795671], [-122.413764, 37.795282], [-122.413878, 37.795277], [-122.413884, 37.795367], [-122.41411, 37.795356], [-122.414175, 37.795469], [-122.414286, 37.795128], [-122.414611, 37.795361], [-122.414343, 37.795435], [-122.414602, 37.795958], [-122.414522, 37.796328], [-122.414631, 37.796631], [-122.414181, 37.797606], [-122.414055, 37.7977], [-122.413999, 37.797928], [-122.413509, 37.797995], [-122.413522, 37.798174], [-122.413409, 37.798179], [-122.413416, 37.798269], [-122.413952, 37.798029], [-122.414088, 37.798148], [-122.414201, 37.798143], [-122.414207, 37.798233], [-122.41432, 37.798227], [-122.414334, 37.798407], [-122.414447, 37.798402], [-122.41446, 37.798581], [-122.415212, 37.79893], [-122.416973, 37.799079], [-122.417871, 37.799628], [-122.417738, 37.799961], [-122.417851, 37.799955], [-122.417857, 37.800045], [-122.418305, 37.800065], [-122.41863, 37.800396], [-122.418708, 37.800816], [-122.419161, 37.800795], [-122.41935, 37.8012], [-122.419489, 37.801267], [-122.419633, 37.801623], [-122.419588, 37.80184], [-122.419357, 37.802161], [-122.419844, 37.802384], [-122.42007, 37.802374], [-122.420077, 37.802464], [-122.420869, 37.802427], [-122.420856, 37.802248], [-122.420742, 37.802253], [-122.420667, 37.802124], [-122.42071, 37.801804], [-122.420483, 37.801815], [-122.42049, 37.801904], [-122.420264, 37.801915], [-122.420148, 37.802049], [-122.419991, 37.801842], [-122.420138, 37.801741], [-122.420131, 37.801651], [-122.420357, 37.80164], [-122.420172, 37.800659], [-122.419939, 37.800579], [-122.419813, 37.800405], [-122.4197, 37.80041], [-122.419693, 37.800321], [-122.419519, 37.800215], [-122.419735, 37.799647], [-122.420234, 37.79995], [-122.420832, 37.800154], [-122.421003, 37.80116], [-122.421069, 37.801197], [-122.421215, 37.801763], [-122.421529, 37.80146]], [[-122.41823, 37.803759], [-122.418313, 37.803787], [-122.418353, 37.803714], [-122.41834, 37.803534], [-122.418149, 37.803469], [-122.418127, 37.803724], [-122.41823, 37.803759]], [[-122.418127, 37.803406], [-122.418159, 37.803172], [-122.418198, 37.802871], [-122.417861, 37.803196], [-122.418127, 37.803406]], [[-122.421226, 37.804211], [-122.42122, 37.804121], [-122.421446, 37.804111], [-122.421514, 37.803883], [-122.42142, 37.803752], [-122.421307, 37.803757], [-122.4213, 37.803668], [-122.421074, 37.803678], [-122.421067, 37.803588], [-122.420615, 37.803609], [-122.420621, 37.803699], [-122.420282, 37.803715], [-122.420063, 37.803815], [-122.419944, 37.804036], [-122.42016, 37.804111], [-122.420209, 37.804258], [-122.420887, 37.804227], [-122.421226, 37.804211]], [[-122.419086, 37.802869], [-122.419011, 37.803008], [-122.419105, 37.803139], [-122.419218, 37.803133], [-122.419199, 37.802864], [-122.419086, 37.802869]], [[-122.419864, 37.802653], [-122.419791, 37.802687], [-122.419715, 37.802952], [-122.419551, 37.803028], [-122.419564, 37.803207], [-122.419904, 37.803192], [-122.419897, 37.803102], [-122.420575, 37.803071], [-122.420569, 37.802981], [-122.421134, 37.802955], [-122.421141, 37.803045], [-122.42148, 37.803029], [-122.42136, 37.802658], [-122.420995, 37.802601], [-122.421001, 37.802691], [-122.420662, 37.802707], [-122.420669, 37.802796], [-122.420216, 37.802817], [-122.42021, 37.802728], [-122.419871, 37.802743], [-122.419864, 37.802653]], [[-122.419451, 37.803213], [-122.419458, 37.803302], [-122.419571, 37.803297], [-122.419564, 37.803207], [-122.419451, 37.803213]], [[-122.419345, 37.803308], [-122.419351, 37.803397], [-122.419464, 37.803392], [-122.419458, 37.803302], [-122.419345, 37.803308]], [[-122.419245, 37.803492], [-122.419238, 37.803403], [-122.419125, 37.803408], [-122.419132, 37.803498], [-122.419245, 37.803492]], [[-122.419019, 37.803503], [-122.419025, 37.803592], [-122.419138, 37.803587], [-122.419132, 37.803498], [-122.419019, 37.803503]], [[-122.415676, 37.799696], [-122.415611, 37.799583], [-122.415563, 37.799701], [-122.415676, 37.799696]], [[-122.417257, 37.80046], [-122.417312, 37.80034], [-122.417057, 37.800388], [-122.417257, 37.80046]], [[-122.416687, 37.800569], [-122.41678, 37.800486], [-122.41664, 37.800461], [-122.416687, 37.800569]], [[-122.418428, 37.801639], [-122.418202, 37.80165], [-122.418381, 37.801853], [-122.418428, 37.801639]], [[-122.41911, 37.801194], [-122.418848, 37.80117], [-122.418917, 37.801281], [-122.41911, 37.801194]], [[-122.418344, 37.803925], [-122.418449, 37.803999], [-122.418479, 37.803888], [-122.418344, 37.803925]]], [[[-122.423027, 37.801114], [-122.423151, 37.801061], [-122.423176, 37.800773], [-122.423377, 37.801051], [-122.423291, 37.801415], [-122.423178, 37.80142], [-122.423117, 37.801542], [-122.423027, 37.801114]]], [[[-122.423048, 37.805838], [-122.423331, 37.805891], [-122.422991, 37.806152], [-122.422881, 37.805979], [-122.423048, 37.805838]]], [[[-122.418939, 37.709423], [-122.418953, 37.709603], [-122.418727, 37.709613], [-122.418679, 37.709731], [-122.418614, 37.709618], [-122.418275, 37.709634], [-122.418268, 37.709544], [-122.418042, 37.709555], [-122.418036, 37.709465], [-122.417822, 37.70925], [-122.417897, 37.709111], [-122.41801, 37.709106], [-122.41809, 37.708652], [-122.418203, 37.708647], [-122.418196, 37.708557], [-122.418648, 37.708537], [-122.418859, 37.708596], [-122.419213, 37.708515], [-122.419605, 37.708566], [-122.419739, 37.70887], [-122.419617, 37.709392], [-122.419052, 37.709418], [-122.418939, 37.709423]], [[-122.419026, 37.709059], [-122.419252, 37.709049], [-122.419246, 37.708959], [-122.41902, 37.70897], [-122.419026, 37.709059]], [[-122.418405, 37.709031], [-122.4188, 37.70907], [-122.418707, 37.708765], [-122.418405, 37.709031]]], [[[-122.419245, 37.709985], [-122.41913, 37.710185], [-122.418773, 37.710241], [-122.41865, 37.710421], [-122.4183, 37.710526], [-122.418534, 37.710072], [-122.418759, 37.710062], [-122.418753, 37.709972], [-122.419245, 37.709985]]], [[[-122.414723, 37.713759], [-122.415676, 37.713778], [-122.415719, 37.714025], [-122.414669, 37.713899], [-122.414723, 37.713759]]], [[[-122.415073, 37.715454], [-122.41506, 37.715274], [-122.415399, 37.715259], [-122.415412, 37.715438], [-122.415285, 37.715444], [-122.415073, 37.715454]]], [[[-122.415383, 37.722351], [-122.415006, 37.722299], [-122.414987, 37.72203], [-122.415615, 37.722198], [-122.415383, 37.722351]]], [[[-122.419026, 37.724451], [-122.419153, 37.724125], [-122.419277, 37.723873], [-122.41955, 37.723567], [-122.419737, 37.723577], [-122.420113, 37.723014], [-122.420346, 37.723331], [-122.420181, 37.723977], [-122.419922, 37.724267], [-122.419668, 37.724043], [-122.419456, 37.724255], [-122.41938, 37.724565], [-122.419026, 37.724451]]], [[[-122.416633, 37.723887], [-122.416518, 37.724082], [-122.416161, 37.724137], [-122.416154, 37.724047], [-122.415928, 37.724057], [-122.415922, 37.723968], [-122.416148, 37.723957], [-122.416212, 37.723835], [-122.416633, 37.723887]]], [[[-122.415589, 37.724073], [-122.415583, 37.723983], [-122.415696, 37.723978], [-122.415702, 37.724068], [-122.415589, 37.724073]]], [[[-122.415147, 37.727334], [-122.415141, 37.727245], [-122.415254, 37.727239], [-122.41526, 37.727329], [-122.415147, 37.727334]]], [[[-122.417197, 37.728839], [-122.417305, 37.728946], [-122.417079, 37.728956], [-122.417183, 37.728826], [-122.417197, 37.728839]]], [[[-122.416986, 37.72923], [-122.416476, 37.729087], [-122.416579, 37.728882], [-122.417079, 37.728956], [-122.417086, 37.729046], [-122.416973, 37.729051], [-122.416986, 37.72923]]], [[[-122.416348, 37.7298], [-122.416617, 37.729833], [-122.416504, 37.729998], [-122.416348, 37.7298]]], [[[-122.417995, 37.730624], [-122.417988, 37.730535], [-122.416859, 37.730587], [-122.416865, 37.730676], [-122.416752, 37.730682], [-122.416772, 37.730951], [-122.416439, 37.731056], [-122.416446, 37.731146], [-122.416107, 37.731162], [-122.4161, 37.731072], [-122.415649, 37.731093], [-122.41537, 37.731236], [-122.415025, 37.731608], [-122.414829, 37.731441], [-122.414425, 37.731419], [-122.414432, 37.731509], [-122.414319, 37.731514], [-122.414119, 37.731883], [-122.414006, 37.731889], [-122.413922, 37.731773], [-122.413582, 37.731656], [-122.413541, 37.73173], [-122.413428, 37.731735], [-122.413335, 37.73201], [-122.413194, 37.731933], [-122.413091, 37.731539], [-122.413522, 37.731461], [-122.413528, 37.73155], [-122.41398, 37.73153], [-122.413974, 37.73144], [-122.414199, 37.73143], [-122.414186, 37.73125], [-122.414638, 37.731229], [-122.414632, 37.731139], [-122.414971, 37.731124], [-122.414964, 37.731034], [-122.415303, 37.731019], [-122.415296, 37.730929], [-122.415742, 37.730818], [-122.415735, 37.730729], [-122.415848, 37.730723], [-122.415842, 37.730634], [-122.416287, 37.730523], [-122.416274, 37.730344], [-122.416958, 37.730402], [-122.417062, 37.730272], [-122.417184, 37.730392], [-122.417297, 37.730386], [-122.417304, 37.730476], [-122.418208, 37.730435], [-122.418214, 37.730524], [-122.419344, 37.730472], [-122.419351, 37.730562], [-122.417995, 37.730624]]], [[[-122.413736, 37.7306], [-122.413682, 37.730553], [-122.414639, 37.730554], [-122.414689, 37.73077], [-122.413736, 37.7306]]], [[[-122.414791, 37.731762], [-122.414904, 37.731757], [-122.41491, 37.731847], [-122.414797, 37.731852], [-122.414791, 37.731762]]], [[[-122.414452, 37.731778], [-122.414678, 37.731768], [-122.414684, 37.731857], [-122.414458, 37.731868], [-122.414452, 37.731778]]], [[[-122.417833, 37.733063], [-122.41778, 37.73329], [-122.417866, 37.733511], [-122.417753, 37.733517], [-122.417759, 37.733606], [-122.41742, 37.733622], [-122.417414, 37.733532], [-122.417301, 37.733537], [-122.417288, 37.733358], [-122.417506, 37.733257], [-122.4176, 37.732983], [-122.417149, 37.733004], [-122.417155, 37.733094], [-122.416716, 37.733294], [-122.416723, 37.733384], [-122.416836, 37.733379], [-122.416842, 37.733468], [-122.416384, 37.7334], [-122.41639, 37.733489], [-122.415017, 37.733587], [-122.414828, 37.733831], [-122.414948, 37.734262], [-122.414345, 37.734265], [-122.414156, 37.734099], [-122.413873, 37.734416], [-122.413537, 37.734278], [-122.413053, 37.734363], [-122.41326, 37.734084], [-122.413373, 37.734079], [-122.413366, 37.733989], [-122.413479, 37.733984], [-122.413473, 37.733894], [-122.413586, 37.733889], [-122.413579, 37.733799], [-122.413798, 37.733699], [-122.413785, 37.733519], [-122.414124, 37.733504], [-122.414118, 37.733414], [-122.414344, 37.733404], [-122.414337, 37.733314], [-122.41445, 37.733309], [-122.414444, 37.733219], [-122.414557, 37.733214], [-122.41477, 37.732935], [-122.415208, 37.732824], [-122.415604, 37.732733], [-122.416564, 37.732761], [-122.41657, 37.732851], [-122.417439, 37.732841], [-122.417939, 37.732968], [-122.418504, 37.732942], [-122.418511, 37.733031], [-122.417833, 37.733063]]], [[[-122.415103, 37.736739], [-122.415082, 37.736652], [-122.415351, 37.736328], [-122.41552, 37.73642], [-122.415103, 37.736739]]], [[[-122.416942, 37.73701], [-122.416749, 37.736923], [-122.416952, 37.736524], [-122.417232, 37.736649], [-122.416942, 37.73701]]], [[[-122.418492, 37.738602], [-122.418637, 37.739004], [-122.418228, 37.738883], [-122.418127, 37.738631], [-122.418003, 37.738572], [-122.418094, 37.738182], [-122.418233, 37.73825], [-122.418346, 37.738531], [-122.418492, 37.738602]]], [[[-122.41895, 37.739043], [-122.419341, 37.739104], [-122.419154, 37.739251], [-122.41895, 37.739043]]], [[[-122.416831, 37.739633], [-122.41543, 37.739473], [-122.415058, 37.739361], [-122.414996, 37.739226], [-122.41566, 37.739239], [-122.416989, 37.739415], [-122.416831, 37.739633]]], [[[-122.414057, 37.739771], [-122.414111, 37.739536], [-122.4145, 37.739567], [-122.414267, 37.739836], [-122.414057, 37.739771]]], [[[-122.414801, 37.741215], [-122.414912, 37.74161], [-122.414637, 37.74192], [-122.414445, 37.741895], [-122.414299, 37.74227], [-122.414541, 37.742308], [-122.414573, 37.742756], [-122.414347, 37.742767], [-122.414361, 37.742946], [-122.414248, 37.742951], [-122.414121, 37.742778], [-122.413889, 37.742698], [-122.413882, 37.742608], [-122.413317, 37.742634], [-122.413311, 37.742544], [-122.412972, 37.74256], [-122.412959, 37.742381], [-122.412733, 37.742391], [-122.412739, 37.742481], [-122.412626, 37.742486], [-122.412633, 37.742576], [-122.411722, 37.742527], [-122.411709, 37.742348], [-122.411596, 37.742353], [-122.41159, 37.742263], [-122.411477, 37.742269], [-122.41147, 37.742179], [-122.410792, 37.74221], [-122.410766, 37.741851], [-122.41054, 37.741862], [-122.410546, 37.741951], [-122.410101, 37.742062], [-122.410088, 37.741882], [-122.409975, 37.741888], [-122.409988, 37.742067], [-122.409875, 37.742072], [-122.409869, 37.741983], [-122.40953, 37.741998], [-122.409523, 37.741908], [-122.409297, 37.741919], [-122.409304, 37.742009], [-122.409078, 37.742019], [-122.409091, 37.742198], [-122.408978, 37.742204], [-122.408984, 37.742293], [-122.408871, 37.742299], [-122.408878, 37.742388], [-122.408658, 37.742488], [-122.408524, 37.742776], [-122.408684, 37.742847], [-122.408691, 37.742937], [-122.409249, 37.742821], [-122.409107, 37.743061], [-122.408717, 37.743296], [-122.408724, 37.743386], [-122.408611, 37.743391], [-122.40863, 37.74366], [-122.408517, 37.743665], [-122.408491, 37.743306], [-122.408604, 37.743301], [-122.408598, 37.743212], [-122.408372, 37.743222], [-122.408365, 37.743132], [-122.407687, 37.743163], [-122.407694, 37.743253], [-122.407355, 37.743269], [-122.407361, 37.743358], [-122.407248, 37.743364], [-122.407255, 37.743453], [-122.407142, 37.743459], [-122.407094, 37.743576], [-122.407029, 37.743464], [-122.40681, 37.743565], [-122.406709, 37.743749], [-122.406596, 37.743754], [-122.406623, 37.744113], [-122.40651, 37.744118], [-122.406642, 37.744382], [-122.406868, 37.744371], [-122.406875, 37.744461], [-122.406988, 37.744456], [-122.407001, 37.744635], [-122.407114, 37.74463], [-122.40724, 37.744805], [-122.407253, 37.744984], [-122.40714, 37.744989], [-122.407147, 37.745079], [-122.406921, 37.745089], [-122.406927, 37.745179], [-122.406515, 37.745069], [-122.406343, 37.744936], [-122.405778, 37.744962], [-122.405784, 37.745052], [-122.405671, 37.745057], [-122.405713, 37.744916], [-122.406237, 37.744318], [-122.406059, 37.744101], [-122.405787, 37.744096], [-122.405264, 37.744854], [-122.40488, 37.745093], [-122.404887, 37.745183], [-122.404774, 37.745188], [-122.40478, 37.745278], [-122.404667, 37.745283], [-122.404674, 37.745373], [-122.404945, 37.745467], [-122.404872, 37.745745], [-122.404706, 37.745821], [-122.404713, 37.745911], [-122.404768, 37.74596], [-122.405329, 37.745944], [-122.405365, 37.745521], [-122.405591, 37.745511], [-122.405597, 37.7456], [-122.40571, 37.745595], [-122.405755, 37.745384], [-122.405836, 37.745769], [-122.405949, 37.745764], [-122.405982, 37.746213], [-122.405869, 37.746218], [-122.405969, 37.746435], [-122.406102, 37.746297], [-122.406089, 37.746118], [-122.406428, 37.746102], [-122.406447, 37.746372], [-122.406334, 37.746377], [-122.406341, 37.746466], [-122.406042, 37.74651], [-122.405941, 37.746694], [-122.405796, 37.746762], [-122.40535, 37.746872], [-122.405357, 37.746962], [-122.405131, 37.746972], [-122.405031, 37.747157], [-122.404918, 37.747162], [-122.404931, 37.747342], [-122.404818, 37.747347], [-122.404831, 37.747526], [-122.404718, 37.747531], [-122.404757, 37.74807], [-122.40487, 37.748065], [-122.404877, 37.748154], [-122.40499, 37.748149], [-122.404996, 37.748239], [-122.405335, 37.748223], [-122.405355, 37.748493], [-122.405687, 37.748387], [-122.405681, 37.748297], [-122.4059, 37.748197], [-122.405881, 37.747928], [-122.405967, 37.747564], [-122.406187, 37.747464], [-122.406193, 37.747554], [-122.406306, 37.747548], [-122.406326, 37.747818], [-122.406439, 37.747812], [-122.406578, 37.748166], [-122.40624, 37.748559], [-122.405707, 37.748656], [-122.405368, 37.748672], [-122.405361, 37.748582], [-122.405129, 37.748503], [-122.405122, 37.748413], [-122.404896, 37.748424], [-122.40489, 37.748334], [-122.404664, 37.748344], [-122.404657, 37.748255], [-122.404544, 37.74826], [-122.404525, 37.747991], [-122.404412, 37.747996], [-122.404405, 37.747906], [-122.404518, 37.747901], [-122.404505, 37.747721], [-122.404392, 37.747727], [-122.404385, 37.747637], [-122.404498, 37.747632], [-122.404472, 37.747273], [-122.404585, 37.747268], [-122.404579, 37.747178], [-122.404692, 37.747173], [-122.404685, 37.747083], [-122.404798, 37.747078], [-122.404778, 37.746808], [-122.405004, 37.746798], [-122.404978, 37.746439], [-122.404865, 37.746444], [-122.404859, 37.746355], [-122.404746, 37.74636], [-122.404752, 37.74645], [-122.404639, 37.746455], [-122.404646, 37.746544], [-122.404426, 37.746645], [-122.404507, 37.746191], [-122.404394, 37.746196], [-122.404361, 37.745747], [-122.404512, 37.74565], [-122.404348, 37.745568], [-122.404322, 37.745209], [-122.404435, 37.745204], [-122.404422, 37.745024], [-122.404535, 37.745019], [-122.404521, 37.74484], [-122.404634, 37.744834], [-122.404621, 37.744655], [-122.404734, 37.74465], [-122.404721, 37.74447], [-122.404834, 37.744465], [-122.404928, 37.744191], [-122.405041, 37.744185], [-122.405028, 37.744006], [-122.405141, 37.744001], [-122.405127, 37.743821], [-122.40524, 37.743816], [-122.405334, 37.743542], [-122.405447, 37.743537], [-122.405434, 37.743357], [-122.405547, 37.743352], [-122.40554, 37.743262], [-122.40576, 37.743162], [-122.405853, 37.742888], [-122.405966, 37.742882], [-122.406059, 37.742608], [-122.406172, 37.742603], [-122.406166, 37.742513], [-122.406385, 37.742413], [-122.406372, 37.742234], [-122.406592, 37.742133], [-122.406579, 37.741954], [-122.406692, 37.741949], [-122.406698, 37.742038], [-122.407489, 37.742002], [-122.407469, 37.741733], [-122.407356, 37.741738], [-122.407363, 37.741828], [-122.407024, 37.741843], [-122.407004, 37.741574], [-122.407117, 37.741569], [-122.407111, 37.741479], [-122.407676, 37.741453], [-122.407669, 37.741364], [-122.407782, 37.741358], [-122.407769, 37.741179], [-122.407882, 37.741174], [-122.407862, 37.740905], [-122.407975, 37.740899], [-122.407962, 37.74072], [-122.40807, 37.740781], [-122.408015, 37.741438], [-122.408128, 37.741433], [-122.408147, 37.741702], [-122.407808, 37.741717], [-122.407708, 37.741902], [-122.408273, 37.741876], [-122.408358, 37.741992], [-122.408743, 37.742125], [-122.408965, 37.742024], [-122.408945, 37.741755], [-122.409058, 37.74175], [-122.409123, 37.741862], [-122.409171, 37.741745], [-122.409164, 37.741655], [-122.408919, 37.741396], [-122.409032, 37.741391], [-122.409025, 37.741301], [-122.410591, 37.74129], [-122.41079, 37.741447], [-122.410966, 37.741482], [-122.411079, 37.741477], [-122.411072, 37.741387], [-122.411298, 37.741377], [-122.411272, 37.741018], [-122.411385, 37.741012], [-122.411452, 37.74089], [-122.411598, 37.740823], [-122.411451, 37.740445], [-122.411712, 37.740386], [-122.411961, 37.740499], [-122.412581, 37.740548], [-122.412522, 37.740831], [-122.413073, 37.740845], [-122.413289, 37.739808], [-122.41348, 37.739765], [-122.413642, 37.740166], [-122.413888, 37.740418], [-122.414236, 37.740214], [-122.414435, 37.740338], [-122.414162, 37.740694], [-122.413835, 37.740651], [-122.413651, 37.740998], [-122.413718, 37.741321], [-122.413834, 37.741384], [-122.414027, 37.740821], [-122.414376, 37.74102], [-122.414675, 37.741041], [-122.414713, 37.740852], [-122.415155, 37.740962], [-122.415316, 37.740777], [-122.414611, 37.740732], [-122.414788, 37.740472], [-122.415105, 37.74036], [-122.4152, 37.740477], [-122.416676, 37.740499], [-122.416682, 37.740588], [-122.416569, 37.740594], [-122.416576, 37.740683], [-122.416463, 37.740689], [-122.41647, 37.740778], [-122.415988, 37.740838], [-122.41615, 37.741063], [-122.416037, 37.741068], [-122.416044, 37.741158], [-122.415628, 37.741147], [-122.415182, 37.740996], [-122.414907, 37.74112], [-122.414914, 37.74121], [-122.414801, 37.741215]], [[-122.412726, 37.742301], [-122.413065, 37.742286], [-122.413078, 37.742465], [-122.413298, 37.742365], [-122.413304, 37.742455], [-122.41353, 37.742444], [-122.413524, 37.742354], [-122.413411, 37.74236], [-122.413404, 37.74227], [-122.413856, 37.742249], [-122.413863, 37.742339], [-122.414162, 37.742283], [-122.413912, 37.742014], [-122.413497, 37.741996], [-122.413504, 37.742085], [-122.413165, 37.742101], [-122.413158, 37.742011], [-122.412706, 37.742032], [-122.412713, 37.742122], [-122.4126, 37.742127], [-122.412607, 37.742217], [-122.41245, 37.742337], [-122.412733, 37.742391], [-122.412726, 37.742301]], [[-122.410901, 37.741814], [-122.410797, 37.74174], [-122.410766, 37.741851], [-122.410901, 37.741814]], [[-122.415652, 37.740851], [-122.415952, 37.740719], [-122.415553, 37.74064], [-122.415652, 37.740851]], [[-122.411907, 37.741103], [-122.412099, 37.741016], [-122.411837, 37.740992], [-122.411907, 37.741103]], [[-122.412527, 37.741335], [-122.413064, 37.741174], [-122.413014, 37.741069], [-122.412521, 37.74105], [-122.412456, 37.741186], [-122.412527, 37.741335]], [[-122.407109, 37.74301], [-122.407329, 37.74291], [-122.407315, 37.74273], [-122.407428, 37.742725], [-122.407345, 37.74236], [-122.406802, 37.742721], [-122.406404, 37.74335], [-122.406796, 37.743384], [-122.40679, 37.743295], [-122.406903, 37.74329], [-122.406896, 37.7432], [-122.407122, 37.743189], [-122.407109, 37.74301]], [[-122.405098, 37.746524], [-122.405104, 37.746613], [-122.405246, 37.746562], [-122.405098, 37.746524]]], [[[-122.418934, 37.741818], [-122.418695, 37.741756], [-122.418702, 37.741846], [-122.418589, 37.741851], [-122.418608, 37.74212], [-122.418495, 37.742125], [-122.418591, 37.742454], [-122.418825, 37.742416], [-122.419, 37.742822], [-122.418661, 37.742838], [-122.418667, 37.742928], [-122.417983, 37.742869], [-122.417976, 37.74278], [-122.418089, 37.742774], [-122.418083, 37.742685], [-122.418302, 37.742584], [-122.418289, 37.742405], [-122.418124, 37.742279], [-122.417659, 37.742185], [-122.418024, 37.741877], [-122.418363, 37.741861], [-122.418356, 37.741772], [-122.418502, 37.741704], [-122.418569, 37.741582], [-122.418556, 37.741402], [-122.418782, 37.741392], [-122.418775, 37.741302], [-122.419114, 37.741287], [-122.419121, 37.741376], [-122.419234, 37.741371], [-122.419319, 37.741487], [-122.419473, 37.74154], [-122.419586, 37.741535], [-122.419579, 37.741445], [-122.419805, 37.741435], [-122.419925, 37.741641], [-122.418934, 37.741818]]], [[[-122.417885, 37.741523], [-122.418111, 37.741513], [-122.418117, 37.741603], [-122.418004, 37.741608], [-122.418017, 37.741787], [-122.417838, 37.741869], [-122.417785, 37.741708], [-122.417898, 37.741703], [-122.417891, 37.741613], [-122.417885, 37.741523]]], [[[-122.417146, 37.742278], [-122.417139, 37.742188], [-122.417294, 37.742241], [-122.417385, 37.742447], [-122.417046, 37.742462], [-122.417033, 37.742283], [-122.417146, 37.742278]]], [[[-122.419631, 37.742359], [-122.419558, 37.742707], [-122.419278, 37.742657], [-122.41939, 37.742134], [-122.419631, 37.742359]]], [[[-122.415145, 37.74282], [-122.414864, 37.74277], [-122.415052, 37.742609], [-122.415145, 37.74282]]], [[[-122.417983, 37.742869], [-122.417989, 37.742959], [-122.417877, 37.742964], [-122.41787, 37.742874], [-122.417983, 37.742869]]], [[[-122.414407, 37.743254], [-122.414506, 37.74339], [-122.414732, 37.743379], [-122.414739, 37.743469], [-122.415142, 37.743705], [-122.414991, 37.743817], [-122.414985, 37.743728], [-122.414533, 37.743749], [-122.414539, 37.743838], [-122.414307, 37.743759], [-122.414293, 37.743579], [-122.41418, 37.743585], [-122.414077, 37.743444], [-122.413602, 37.743431], [-122.413503, 37.743296], [-122.412911, 37.743283], [-122.413009, 37.743632], [-122.41297, 37.744091], [-122.413083, 37.744085], [-122.41309, 37.744175], [-122.413203, 37.74417], [-122.413209, 37.74426], [-122.413442, 37.744339], [-122.413435, 37.744249], [-122.413881, 37.744139], [-122.413874, 37.744049], [-122.414094, 37.743949], [-122.41432, 37.743938], [-122.414326, 37.744028], [-122.414439, 37.744023], [-122.414446, 37.744113], [-122.414904, 37.744182], [-122.414911, 37.744271], [-122.415137, 37.744261], [-122.415143, 37.744351], [-122.414804, 37.744366], [-122.414798, 37.744276], [-122.414572, 37.744287], [-122.414565, 37.744197], [-122.414452, 37.744202], [-122.414465, 37.744382], [-122.414578, 37.744377], [-122.414585, 37.744466], [-122.414811, 37.744456], [-122.414818, 37.744546], [-122.415044, 37.744535], [-122.41505, 37.744625], [-122.415163, 37.74462], [-122.41517, 37.74471], [-122.415057, 37.744715], [-122.415076, 37.744984], [-122.415189, 37.744979], [-122.415196, 37.745068], [-122.415083, 37.745074], [-122.415096, 37.745253], [-122.41495, 37.74532], [-122.414777, 37.745538], [-122.414809, 37.745987], [-122.414922, 37.745981], [-122.414942, 37.746251], [-122.415175, 37.74633], [-122.415188, 37.746509], [-122.415075, 37.746515], [-122.415081, 37.746604], [-122.415533, 37.746583], [-122.41554, 37.746673], [-122.415766, 37.746663], [-122.415772, 37.746752], [-122.416807, 37.746613], [-122.416902, 37.7467], [-122.417778, 37.746429], [-122.417963, 37.746213], [-122.417914, 37.746028], [-122.417754, 37.745941], [-122.417747, 37.745851], [-122.418601, 37.746054], [-122.417605, 37.746763], [-122.416729, 37.746964], [-122.415282, 37.747175], [-122.414662, 37.747094], [-122.414543, 37.746989], [-122.414266, 37.746946], [-122.41451, 37.746541], [-122.414397, 37.746546], [-122.41447, 37.746002], [-122.41433, 37.745942], [-122.414471, 37.74549], [-122.413723, 37.745325], [-122.413617, 37.745101], [-122.41394, 37.744946], [-122.413933, 37.744857], [-122.413707, 37.744867], [-122.413701, 37.744777], [-122.413211, 37.74487], [-122.413198, 37.745112], [-122.413566, 37.745327], [-122.413289, 37.745467], [-122.412791, 37.745254], [-122.413023, 37.744808], [-122.412618, 37.744596], [-122.412212, 37.744576], [-122.412378, 37.744268], [-122.412392, 37.743937], [-122.412312, 37.743645], [-122.411827, 37.743963], [-122.411714, 37.743968], [-122.411721, 37.744058], [-122.411608, 37.744063], [-122.41143, 37.744295], [-122.411062, 37.744359], [-122.410528, 37.744163], [-122.410571, 37.743841], [-122.41103, 37.74391], [-122.411023, 37.74382], [-122.411136, 37.743815], [-122.411129, 37.743725], [-122.411016, 37.74373], [-122.41101, 37.743641], [-122.410784, 37.743651], [-122.410777, 37.743561], [-122.410551, 37.743572], [-122.410545, 37.743482], [-122.410312, 37.743403], [-122.410306, 37.743313], [-122.410419, 37.743308], [-122.410412, 37.743218], [-122.410751, 37.743202], [-122.410771, 37.743472], [-122.410884, 37.743466], [-122.41089, 37.743556], [-122.411116, 37.743546], [-122.411123, 37.743635], [-122.411236, 37.74363], [-122.411242, 37.74372], [-122.411355, 37.743715], [-122.411349, 37.743625], [-122.411603, 37.743568], [-122.411455, 37.74353], [-122.411436, 37.743261], [-122.411607, 37.743037], [-122.411981, 37.742966], [-122.411974, 37.742876], [-122.412194, 37.742776], [-122.412187, 37.742686], [-122.413317, 37.742634], [-122.413324, 37.742724], [-122.413211, 37.742729], [-122.413337, 37.742903], [-122.414015, 37.742872], [-122.414022, 37.742962], [-122.414248, 37.742951], [-122.414261, 37.743131], [-122.414148, 37.743136], [-122.414154, 37.743226], [-122.414407, 37.743254]], [[-122.414059, 37.745068], [-122.414436, 37.744894], [-122.414212, 37.744785], [-122.41394, 37.744946], [-122.414059, 37.745068]], [[-122.413276, 37.744636], [-122.413369, 37.744553], [-122.413229, 37.744529], [-122.413276, 37.744636]]], [[[-122.417651, 37.742975], [-122.417877, 37.742964], [-122.41789, 37.743144], [-122.417438, 37.743164], [-122.417444, 37.743254], [-122.417331, 37.743259], [-122.416766, 37.743285], [-122.41676, 37.743196], [-122.416534, 37.743206], [-122.41654, 37.743296], [-122.416314, 37.743306], [-122.416308, 37.743217], [-122.416421, 37.743211], [-122.416312, 37.742979], [-122.416514, 37.742937], [-122.416627, 37.742932], [-122.416634, 37.743021], [-122.416747, 37.743016], [-122.416753, 37.743106], [-122.417099, 37.74318], [-122.417657, 37.743064], [-122.417651, 37.742975]]], [[[-122.416082, 37.743227], [-122.416112, 37.743116], [-122.416217, 37.74319], [-122.416082, 37.743227]]], [[[-122.415946, 37.743264], [-122.416082, 37.743227], [-122.416051, 37.743338], [-122.415946, 37.743264]]], [[[-122.415612, 37.743643], [-122.415766, 37.743479], [-122.415888, 37.743686], [-122.415612, 37.743643]]], [[[-122.418481, 37.743477], [-122.418494, 37.743656], [-122.418607, 37.743651], [-122.418614, 37.74374], [-122.418727, 37.743735], [-122.418733, 37.743825], [-122.418168, 37.743851], [-122.418155, 37.743672], [-122.418268, 37.743666], [-122.418255, 37.743487], [-122.418481, 37.743477]]], [[[-122.414878, 37.743823], [-122.414991, 37.743817], [-122.414998, 37.743907], [-122.415224, 37.743897], [-122.41523, 37.743986], [-122.415456, 37.743976], [-122.415582, 37.74415], [-122.415117, 37.743992], [-122.414891, 37.744002], [-122.414878, 37.743823]]], [[[-122.41731, 37.744521], [-122.417317, 37.744611], [-122.417656, 37.744595], [-122.417901, 37.744854], [-122.417788, 37.744859], [-122.417795, 37.744949], [-122.417908, 37.744943], [-122.417914, 37.745033], [-122.417461, 37.745173], [-122.417525, 37.744908], [-122.417336, 37.74488], [-122.416897, 37.74508], [-122.416884, 37.744901], [-122.417035, 37.744804], [-122.416871, 37.744721], [-122.416878, 37.744811], [-122.416765, 37.744816], [-122.416758, 37.744726], [-122.416645, 37.744732], [-122.416639, 37.744642], [-122.416406, 37.744562], [-122.416393, 37.744383], [-122.41616, 37.744304], [-122.416015, 37.74386], [-122.416234, 37.74376], [-122.416319, 37.743876], [-122.416473, 37.743929], [-122.41648, 37.744019], [-122.416593, 37.744014], [-122.416684, 37.744219], [-122.416838, 37.744272], [-122.416851, 37.744452], [-122.41731, 37.744521]], [[-122.416544, 37.744286], [-122.41638, 37.744204], [-122.416393, 37.744383], [-122.416544, 37.744286]]], [[[-122.415283, 37.744375], [-122.41519, 37.744458], [-122.415143, 37.744351], [-122.415283, 37.744375]]], [[[-122.419816, 37.744675], [-122.419822, 37.744765], [-122.419709, 37.74477], [-122.419703, 37.744681], [-122.419816, 37.744675]]], [[[-122.419157, 37.744976], [-122.419164, 37.745066], [-122.418938, 37.745076], [-122.418931, 37.744986], [-122.419157, 37.744976]]], [[[-122.418486, 37.745097], [-122.418493, 37.745187], [-122.417987, 37.745416], [-122.417914, 37.745033], [-122.41814, 37.745023], [-122.418147, 37.745112], [-122.41826, 37.745107], [-122.418486, 37.745097]]], [[[-122.415561, 37.788301], [-122.415286, 37.78849], [-122.41476, 37.788451], [-122.414842, 37.7883], [-122.415167, 37.7883], [-122.415561, 37.788301]]], [[[-122.414183, 37.7886], [-122.414453, 37.788634], [-122.414339, 37.788799], [-122.414183, 37.7886]]], [[[-122.417524, 37.788743], [-122.417318, 37.788837], [-122.417249, 37.788639], [-122.417524, 37.788743]]], [[[-122.418901, 37.790423], [-122.418597, 37.790429], [-122.418196, 37.790089], [-122.418126, 37.789769], [-122.418429, 37.789915], [-122.418901, 37.790423]]], [[[-122.415139, 37.791366], [-122.415537, 37.791363], [-122.415805, 37.791612], [-122.415437, 37.791784], [-122.415139, 37.791366]]], [[[-122.416119, 37.791941], [-122.415829, 37.791588], [-122.416342, 37.791742], [-122.416348, 37.791832], [-122.416461, 37.791827], [-122.416474, 37.792006], [-122.416119, 37.791941]]], [[[-122.415078, 37.791827], [-122.415437, 37.791784], [-122.415424, 37.792074], [-122.415078, 37.791827]]], [[[-122.416696, 37.792313], [-122.416577, 37.792145], [-122.41682, 37.79208], [-122.416827, 37.79217], [-122.41694, 37.792165], [-122.417087, 37.792368], [-122.416696, 37.792313]]], [[[-122.417092, 37.793623], [-122.417032, 37.793421], [-122.417182, 37.793464], [-122.417092, 37.793623]]], [[[-122.414402, 37.794222], [-122.414311, 37.794381], [-122.414251, 37.794179], [-122.414402, 37.794222]]], [[[-122.418474, 37.795558], [-122.418263, 37.795393], [-122.418614, 37.794878], [-122.418898, 37.794934], [-122.418474, 37.795558]]], [[[-122.41751, 37.796415], [-122.417358, 37.795991], [-122.417668, 37.795912], [-122.417795, 37.795776], [-122.418051, 37.795897], [-122.417794, 37.796087], [-122.417681, 37.796092], [-122.417654, 37.79649], [-122.41751, 37.796415]]], [[[-122.417262, 37.796038], [-122.417051, 37.796204], [-122.41699, 37.795944], [-122.417262, 37.796038]]], [[[-122.418306, 37.796873], [-122.418707, 37.797067], [-122.418417, 37.797149], [-122.418306, 37.796873]]], [[[-122.415776, 37.797382], [-122.415585, 37.796909], [-122.415957, 37.796966], [-122.416124, 37.797429], [-122.415776, 37.797382]]], [[[-122.418021, 37.798099], [-122.417379, 37.797851], [-122.417234, 37.797733], [-122.417961, 37.797758], [-122.418021, 37.798099]]], [[[-122.418557, 37.798752], [-122.418708, 37.798796], [-122.418617, 37.798954], [-122.418557, 37.798752]]], [[[-122.415825, 37.800978], [-122.415584, 37.800885], [-122.415522, 37.800693], [-122.415901, 37.800712], [-122.415825, 37.800978]]], [[[-122.416078, 37.803638], [-122.416072, 37.803549], [-122.416252, 37.803339], [-122.41665, 37.803702], [-122.416431, 37.803802], [-122.416424, 37.803712], [-122.416198, 37.803723], [-122.416191, 37.803633], [-122.416078, 37.803638]]], [[[-122.417308, 37.804932], [-122.417195, 37.804937], [-122.417188, 37.804848], [-122.417075, 37.804853], [-122.417062, 37.804673], [-122.416897, 37.804591], [-122.41749, 37.804254], [-122.417827, 37.804648], [-122.418425, 37.804701], [-122.418445, 37.80497], [-122.417767, 37.805001], [-122.417773, 37.805091], [-122.417434, 37.805106], [-122.417427, 37.805017], [-122.417314, 37.805022], [-122.417308, 37.804932]], [[-122.417558, 37.804721], [-122.417527, 37.804832], [-122.417663, 37.804795], [-122.417558, 37.804721]]], [[[-122.419896, 37.805458], [-122.41973, 37.805673], [-122.418707, 37.80527], [-122.418791, 37.805044], [-122.419896, 37.805458]]], [[[-122.409537, 37.713608], [-122.409481, 37.71337], [-122.410408, 37.71336], [-122.410554, 37.713565], [-122.409537, 37.713608]]], [[[-122.41231, 37.714861], [-122.412323, 37.71504], [-122.411918, 37.714828], [-122.411626, 37.714802], [-122.411619, 37.714712], [-122.411054, 37.714738], [-122.411048, 37.714649], [-122.410779, 37.714607], [-122.410576, 37.7144], [-122.410636, 37.714305], [-122.411057, 37.714409], [-122.411135, 37.714285], [-122.411248, 37.714279], [-122.411156, 37.714093], [-122.410598, 37.713908], [-122.410987, 37.71372], [-122.412191, 37.713921], [-122.412555, 37.714189], [-122.414506, 37.714679], [-122.414108, 37.714831], [-122.413421, 37.714752], [-122.412768, 37.71493], [-122.412762, 37.71484], [-122.41231, 37.714861]]], [[[-122.410567, 37.715285], [-122.410503, 37.714944], [-122.410735, 37.715023], [-122.410748, 37.715203], [-122.410567, 37.715285]]], [[[-122.409596, 37.718047], [-122.409589, 37.717957], [-122.409815, 37.717947], [-122.409822, 37.718036], [-122.410047, 37.718026], [-122.410074, 37.718385], [-122.409961, 37.71839], [-122.409974, 37.718569], [-122.409512, 37.718763], [-122.409136, 37.718736], [-122.408744, 37.718806], [-122.408751, 37.718896], [-122.408525, 37.718906], [-122.408531, 37.718996], [-122.408419, 37.719001], [-122.408359, 37.719259], [-122.408627, 37.719388], [-122.408684, 37.719529], [-122.408271, 37.719515], [-122.408173, 37.719316], [-122.407804, 37.719266], [-122.407404, 37.719524], [-122.407497, 37.719261], [-122.407345, 37.719197], [-122.407045, 37.719391], [-122.406406, 37.719493], [-122.406312, 37.719638], [-122.406199, 37.719643], [-122.406192, 37.719554], [-122.406079, 37.719559], [-122.406073, 37.719469], [-122.40596, 37.719474], [-122.405827, 37.71921], [-122.405488, 37.719226], [-122.405482, 37.719136], [-122.405369, 37.719141], [-122.405362, 37.719052], [-122.405249, 37.719057], [-122.405243, 37.718967], [-122.40513, 37.718972], [-122.405004, 37.718798], [-122.404772, 37.718718], [-122.404645, 37.718544], [-122.404532, 37.71855], [-122.404519, 37.71837], [-122.404406, 37.718375], [-122.404393, 37.718196], [-122.404506, 37.718191], [-122.404512, 37.71828], [-122.404738, 37.71827], [-122.404725, 37.718091], [-122.404612, 37.718096], [-122.404593, 37.717827], [-122.404819, 37.717816], [-122.404825, 37.717906], [-122.404938, 37.717901], [-122.404945, 37.717991], [-122.405177, 37.71807], [-122.405184, 37.71816], [-122.40541, 37.718149], [-122.405423, 37.718329], [-122.40531, 37.718334], [-122.405486, 37.718514], [-122.405894, 37.718577], [-122.40602, 37.718751], [-122.406503, 37.719013], [-122.406239, 37.719195], [-122.406787, 37.719295], [-122.406868, 37.718716], [-122.407958, 37.718302], [-122.408086, 37.718005], [-122.408411, 37.71771], [-122.408832, 37.717815], [-122.408892, 37.717719], [-122.409005, 37.717714], [-122.409011, 37.717803], [-122.409244, 37.717883], [-122.40925, 37.717973], [-122.409483, 37.718052], [-122.409596, 37.718047]], [[-122.408599, 37.718363], [-122.40868, 37.718211], [-122.408185, 37.718171], [-122.408147, 37.718383], [-122.408034, 37.718389], [-122.408053, 37.718658], [-122.407941, 37.718663], [-122.407947, 37.718753], [-122.408173, 37.718742], [-122.408166, 37.718653], [-122.408279, 37.718647], [-122.408273, 37.718558], [-122.408386, 37.718552], [-122.408379, 37.718463], [-122.408492, 37.718458], [-122.408486, 37.718368], [-122.408599, 37.718363]], [[-122.40715, 37.718699], [-122.407454, 37.718848], [-122.407529, 37.71872], [-122.40715, 37.718699]]], [[[-122.410244, 37.719187], [-122.4101, 37.718984], [-122.410423, 37.719029], [-122.410465, 37.719087], [-122.410244, 37.719187]]], [[[-122.409442, 37.719044], [-122.409704, 37.719069], [-122.409511, 37.719155], [-122.409442, 37.719044]]], [[[-122.410145, 37.720169], [-122.409901, 37.72032], [-122.409633, 37.720116], [-122.410145, 37.720169]]], [[[-122.414937, 37.720655], [-122.414735, 37.720831], [-122.41425, 37.720938], [-122.413645, 37.721421], [-122.413133, 37.721485], [-122.41314, 37.721575], [-122.412801, 37.72159], [-122.412758, 37.721745], [-122.411316, 37.721955], [-122.411287, 37.7217], [-122.410768, 37.721684], [-122.410648, 37.722169], [-122.409733, 37.722399], [-122.409583, 37.722593], [-122.408742, 37.722804], [-122.408545, 37.72292], [-122.408255, 37.72297], [-122.408241, 37.722791], [-122.408354, 37.722785], [-122.408335, 37.722516], [-122.408222, 37.722521], [-122.408096, 37.722347], [-122.408942, 37.72226], [-122.409359, 37.722422], [-122.409558, 37.722016], [-122.408451, 37.722202], [-122.40803, 37.722202], [-122.407983, 37.722352], [-122.407644, 37.722368], [-122.40765, 37.722458], [-122.407312, 37.722473], [-122.407305, 37.722384], [-122.406853, 37.722404], [-122.406953, 37.722175], [-122.40735, 37.722075], [-122.407512, 37.721658], [-122.408037, 37.721387], [-122.408215, 37.721155], [-122.409039, 37.720946], [-122.409447, 37.720664], [-122.410042, 37.72044], [-122.410118, 37.720544], [-122.410344, 37.720533], [-122.411638, 37.72011], [-122.412921, 37.720122], [-122.413934, 37.719974], [-122.414174, 37.720519], [-122.414937, 37.720655]], [[-122.408788, 37.721975], [-122.408881, 37.721892], [-122.408741, 37.721867], [-122.408788, 37.721975]]], [[[-122.410996, 37.722784], [-122.4107, 37.722719], [-122.410607, 37.722592], [-122.4111, 37.722605], [-122.410996, 37.722784]]], [[[-122.411889, 37.723073], [-122.411896, 37.723163], [-122.411557, 37.723178], [-122.411563, 37.723268], [-122.411337, 37.723278], [-122.411344, 37.723368], [-122.411118, 37.723379], [-122.411125, 37.723468], [-122.410899, 37.723479], [-122.410905, 37.723568], [-122.410792, 37.723574], [-122.410799, 37.723663], [-122.410573, 37.723674], [-122.410579, 37.723763], [-122.410466, 37.723769], [-122.410519, 37.724486], [-122.410067, 37.724507], [-122.409861, 37.723912], [-122.410015, 37.723789], [-122.410044, 37.723499], [-122.410214, 37.72342], [-122.410208, 37.72333], [-122.410434, 37.72332], [-122.410427, 37.72323], [-122.410653, 37.72322], [-122.410647, 37.72313], [-122.411092, 37.72302], [-122.41114, 37.722902], [-122.411205, 37.723014], [-122.411431, 37.723004], [-122.411424, 37.722914], [-122.411989, 37.722888], [-122.411982, 37.722799], [-122.412321, 37.722783], [-122.412328, 37.722873], [-122.412441, 37.722867], [-122.412447, 37.722957], [-122.412109, 37.722973], [-122.412115, 37.723063], [-122.412002, 37.723068], [-122.411889, 37.723073]]], [[[-122.410073, 37.724597], [-122.410006, 37.72472], [-122.409861, 37.724787], [-122.409882, 37.724532], [-122.410073, 37.724597]]], [[[-122.409761, 37.724972], [-122.409748, 37.724792], [-122.409861, 37.724787], [-122.409874, 37.724966], [-122.409761, 37.724972]]], [[[-122.410358, 37.725394], [-122.410345, 37.725215], [-122.410458, 37.72521], [-122.410452, 37.72512], [-122.410565, 37.725115], [-122.410571, 37.725204], [-122.410684, 37.725199], [-122.410691, 37.725289], [-122.411156, 37.725448], [-122.411107, 37.725674], [-122.411175, 37.725936], [-122.411009, 37.725865], [-122.410823, 37.725553], [-122.410591, 37.725474], [-122.410358, 37.725394]]], [[[-122.413428, 37.725523], [-122.413415, 37.725343], [-122.413528, 37.725338], [-122.413541, 37.725518], [-122.413428, 37.725523]]], [[[-122.409527, 37.726423], [-122.40964, 37.726418], [-122.409646, 37.726507], [-122.409533, 37.726513], [-122.409527, 37.726423]]], [[[-122.413593, 37.727446], [-122.413692, 37.727582], [-122.413472, 37.727682], [-122.413466, 37.727592], [-122.412675, 37.727628], [-122.412668, 37.727539], [-122.412443, 37.727549], [-122.412429, 37.72737], [-122.412316, 37.727375], [-122.41231, 37.727285], [-122.412147, 37.727212], [-122.412313, 37.727076], [-122.412416, 37.72719], [-122.412529, 37.727185], [-122.412536, 37.727275], [-122.412649, 37.727269], [-122.412655, 37.727359], [-122.41334, 37.727418], [-122.413593, 37.727446]]], [[[-122.412243, 37.727918], [-122.411565, 37.72795], [-122.411558, 37.72786], [-122.411445, 37.727865], [-122.411432, 37.727686], [-122.411319, 37.727691], [-122.411313, 37.727601], [-122.411165, 37.727563], [-122.411306, 37.727511], [-122.4113, 37.727422], [-122.411413, 37.727416], [-122.411419, 37.727506], [-122.411532, 37.727501], [-122.411539, 37.727591], [-122.411771, 37.72767], [-122.411778, 37.72776], [-122.41223, 37.727739], [-122.412236, 37.727829], [-122.412243, 37.727918]]], [[[-122.413421, 37.730999], [-122.413227, 37.731167], [-122.412259, 37.731249], [-122.412246, 37.731069], [-122.412698, 37.731049], [-122.412799, 37.730917], [-122.413421, 37.730999]]], [[[-122.412645, 37.7319], [-122.412586, 37.73209], [-122.412212, 37.732151], [-122.412199, 37.731972], [-122.412086, 37.731977], [-122.412079, 37.731887], [-122.412242, 37.73182], [-122.412645, 37.7319]]], [[[-122.410915, 37.733021], [-122.410463, 37.733042], [-122.41047, 37.733132], [-122.409792, 37.733163], [-122.409779, 37.732984], [-122.41045, 37.732863], [-122.410443, 37.732773], [-122.411115, 37.732652], [-122.411108, 37.732562], [-122.411899, 37.732526], [-122.412073, 37.732636], [-122.411354, 37.732821], [-122.41136, 37.732911], [-122.410908, 37.732932], [-122.410915, 37.733021]]], [[[-122.411251, 37.736067], [-122.410692, 37.736183], [-122.410699, 37.736272], [-122.410473, 37.736283], [-122.41044, 37.735834], [-122.410553, 37.735829], [-122.410573, 37.736098], [-122.410686, 37.736093], [-122.410679, 37.736003], [-122.410905, 37.735993], [-122.410899, 37.735903], [-122.412141, 37.735846], [-122.412135, 37.735756], [-122.412595, 37.735628], [-122.412999, 37.735176], [-122.413225, 37.735166], [-122.413955, 37.735376], [-122.414104, 37.735653], [-122.413225, 37.735591], [-122.413171, 37.735978], [-122.41254, 37.736091], [-122.412267, 37.73602], [-122.411251, 37.736067]]], [[[-122.410653, 37.735644], [-122.410879, 37.735634], [-122.410885, 37.735724], [-122.410659, 37.735734], [-122.410653, 37.735644]]], [[[-122.410666, 37.735824], [-122.410553, 37.735829], [-122.410546, 37.735739], [-122.410659, 37.735734], [-122.410666, 37.735824]]], [[[-122.414011, 37.735899], [-122.414482, 37.736175], [-122.413861, 37.736153], [-122.413497, 37.735783], [-122.4139, 37.735805], [-122.414011, 37.735899]]], [[[-122.413824, 37.736479], [-122.413762, 37.736311], [-122.414026, 37.736347], [-122.414276, 37.736591], [-122.413824, 37.736479]]], [[[-122.409695, 37.736499], [-122.41026, 37.736473], [-122.41028, 37.736742], [-122.410167, 37.736747], [-122.41016, 37.736657], [-122.409708, 37.736678], [-122.409702, 37.736588], [-122.409695, 37.736499]]], [[[-122.411455, 37.737318], [-122.411342, 37.737323], [-122.411349, 37.737413], [-122.410558, 37.737449], [-122.410399, 37.736826], [-122.410286, 37.736832], [-122.41028, 37.736742], [-122.410506, 37.736731], [-122.410512, 37.736821], [-122.410625, 37.736816], [-122.410612, 37.736637], [-122.410725, 37.736631], [-122.410732, 37.736721], [-122.410844, 37.736716], [-122.410851, 37.736806], [-122.411542, 37.736954], [-122.411555, 37.737133], [-122.411442, 37.737138], [-122.411455, 37.737318]]], [[[-122.409461, 37.73795], [-122.409009, 37.737971], [-122.409002, 37.737881], [-122.408889, 37.737886], [-122.408823, 37.73801], [-122.408816, 37.73843], [-122.408703, 37.738435], [-122.408722, 37.738704], [-122.408609, 37.738709], [-122.408622, 37.738889], [-122.408509, 37.738894], [-122.408516, 37.738984], [-122.408403, 37.738989], [-122.40837, 37.73854], [-122.408483, 37.738535], [-122.40845, 37.738086], [-122.408563, 37.738081], [-122.408544, 37.737812], [-122.408657, 37.737807], [-122.40865, 37.737717], [-122.408537, 37.737722], [-122.408531, 37.737633], [-122.408644, 37.737627], [-122.408737, 37.737353], [-122.40885, 37.737348], [-122.408951, 37.737164], [-122.409315, 37.736996], [-122.409589, 37.736594], [-122.409615, 37.736953], [-122.409396, 37.737053], [-122.409295, 37.737237], [-122.409356, 37.737374], [-122.409787, 37.737755], [-122.409793, 37.737845], [-122.409906, 37.737839], [-122.409913, 37.737929], [-122.409574, 37.737945], [-122.40958, 37.738034], [-122.409467, 37.73804], [-122.409461, 37.73795]]], [[[-122.412041, 37.737951], [-122.411696, 37.737892], [-122.41182, 37.737661], [-122.4122, 37.737682], [-122.412041, 37.737951]]], [[[-122.411014, 37.737998], [-122.41093, 37.737882], [-122.411474, 37.737967], [-122.411401, 37.738131], [-122.411014, 37.737998]]], [[[-122.410681, 37.740685], [-122.410908, 37.740927], [-122.410251, 37.741182], [-122.409932, 37.741028], [-122.40997, 37.740845], [-122.409444, 37.740832], [-122.409425, 37.740563], [-122.409538, 37.740557], [-122.409518, 37.740288], [-122.409631, 37.740283], [-122.409611, 37.740014], [-122.409724, 37.740009], [-122.409803, 37.739865], [-122.410163, 37.739808], [-122.410157, 37.739719], [-122.41027, 37.739713], [-122.410263, 37.739624], [-122.409553, 37.739497], [-122.409353, 37.739575], [-122.409372, 37.739845], [-122.409259, 37.73985], [-122.409266, 37.73994], [-122.408927, 37.739955], [-122.408914, 37.739776], [-122.409133, 37.739676], [-122.409127, 37.739586], [-122.408562, 37.739612], [-122.408649, 37.739248], [-122.408536, 37.739253], [-122.408529, 37.739163], [-122.409094, 37.739137], [-122.409087, 37.739048], [-122.409765, 37.739016], [-122.409772, 37.739106], [-122.410111, 37.73909], [-122.410104, 37.739001], [-122.41033, 37.73899], [-122.410324, 37.738901], [-122.410437, 37.738895], [-122.410443, 37.738985], [-122.410669, 37.738975], [-122.410676, 37.739064], [-122.410789, 37.739059], [-122.410802, 37.739239], [-122.411028, 37.739228], [-122.411161, 37.739492], [-122.411387, 37.739482], [-122.41118, 37.739761], [-122.41116, 37.740002], [-122.410965, 37.740222], [-122.411248, 37.740473], [-122.410867, 37.740646], [-122.410681, 37.740685]], [[-122.410597, 37.740568], [-122.410542, 37.740331], [-122.410284, 37.740395], [-122.410068, 37.740671], [-122.410681, 37.740685], [-122.410597, 37.740568]], [[-122.410888, 37.740243], [-122.410628, 37.739967], [-122.410289, 37.739983], [-122.41021, 37.74013], [-122.410457, 37.740215], [-122.410542, 37.740331], [-122.410888, 37.740243]], [[-122.410848, 37.739867], [-122.410835, 37.739687], [-122.410466, 37.739742], [-122.410628, 37.739967], [-122.410848, 37.739867]]], [[[-122.412788, 37.740048], [-122.412956, 37.740135], [-122.41266, 37.740352], [-122.412788, 37.740048]]], [[[-122.413291, 37.742275], [-122.413285, 37.742185], [-122.413398, 37.74218], [-122.413404, 37.74227], [-122.413291, 37.742275]]], [[[-122.411016, 37.742605], [-122.411157, 37.742553], [-122.411151, 37.742464], [-122.411264, 37.742459], [-122.411277, 37.742638], [-122.411164, 37.742643], [-122.411016, 37.742605]]], [[[-122.410199, 37.743408], [-122.410332, 37.743672], [-122.410445, 37.743667], [-122.410452, 37.743756], [-122.41, 37.743777], [-122.409993, 37.743687], [-122.409654, 37.743703], [-122.409667, 37.743883], [-122.409554, 37.743888], [-122.40958, 37.744247], [-122.409467, 37.744252], [-122.40948, 37.744431], [-122.40959, 37.744484], [-122.409783, 37.744831], [-122.411102, 37.744897], [-122.411355, 37.745104], [-122.411786, 37.744955], [-122.412082, 37.74527], [-122.411935, 37.745422], [-122.411305, 37.745246], [-122.411183, 37.74556], [-122.410646, 37.745496], [-122.410584, 37.745323], [-122.411168, 37.745175], [-122.411071, 37.745115], [-122.410324, 37.745113], [-122.41033, 37.745203], [-122.410104, 37.745213], [-122.410017, 37.745408], [-122.410226, 37.745633], [-122.409837, 37.746216], [-122.409705, 37.745952], [-122.409246, 37.745883], [-122.409233, 37.745703], [-122.409346, 37.745698], [-122.408993, 37.745408], [-122.408725, 37.745685], [-122.40859, 37.745683], [-122.408314, 37.745969], [-122.408123, 37.746024], [-122.408129, 37.746114], [-122.407684, 37.746225], [-122.40769, 37.746314], [-122.407577, 37.74632], [-122.407584, 37.746409], [-122.407358, 37.74642], [-122.407364, 37.746509], [-122.407145, 37.74661], [-122.407206, 37.745887], [-122.407319, 37.745881], [-122.407306, 37.745702], [-122.407525, 37.745602], [-122.407512, 37.745422], [-122.408296, 37.745296], [-122.40829, 37.745206], [-122.408403, 37.745201], [-122.408456, 37.744974], [-122.408394, 37.744802], [-122.408483, 37.744747], [-122.408476, 37.744658], [-122.408589, 37.744652], [-122.408463, 37.744478], [-122.40845, 37.744299], [-122.408337, 37.744304], [-122.408311, 37.743945], [-122.408424, 37.74394], [-122.408404, 37.743671], [-122.408517, 37.743665], [-122.408544, 37.744024], [-122.408657, 37.744019], [-122.408683, 37.744378], [-122.408796, 37.744373], [-122.408821, 37.743644], [-122.409189, 37.743544], [-122.409169, 37.743275], [-122.409282, 37.74327], [-122.409276, 37.74318], [-122.409502, 37.74317], [-122.40958, 37.743027], [-122.409828, 37.742975], [-122.409841, 37.743154], [-122.409954, 37.743149], [-122.410086, 37.743413], [-122.410199, 37.743408]], [[-122.409696, 37.745372], [-122.409546, 37.745329], [-122.409606, 37.745531], [-122.409696, 37.745372]]], [[[-122.410458, 37.743846], [-122.410452, 37.743756], [-122.410565, 37.743751], [-122.410571, 37.743841], [-122.410458, 37.743846]]], [[[-122.412118, 37.745647], [-122.411874, 37.745798], [-122.411606, 37.745594], [-122.412118, 37.745647]]], [[[-122.41394, 37.745824], [-122.413769, 37.746154], [-122.413369, 37.745937], [-122.413434, 37.74578], [-122.41394, 37.745824]]], [[[-122.412649, 37.745906], [-122.412932, 37.746043], [-122.41277, 37.746207], [-122.412649, 37.745906]]], [[[-122.413712, 37.746487], [-122.413434, 37.746368], [-122.413751, 37.746182], [-122.413932, 37.746387], [-122.414284, 37.746551], [-122.414171, 37.746556], [-122.414177, 37.746646], [-122.413838, 37.746662], [-122.413832, 37.746572], [-122.413719, 37.746577], [-122.413712, 37.746487]]], [[[-122.409844, 37.746305], [-122.410296, 37.746284], [-122.410316, 37.746554], [-122.410203, 37.746559], [-122.410054, 37.746754], [-122.409657, 37.746854], [-122.409757, 37.746669], [-122.40987, 37.746664], [-122.409864, 37.746574], [-122.409977, 37.746569], [-122.409844, 37.746305]]], [[[-122.409577, 37.747308], [-122.409238, 37.747324], [-122.409245, 37.747413], [-122.408877, 37.747477], [-122.408699, 37.747708], [-122.40836, 37.747724], [-122.408738, 37.7473], [-122.408427, 37.747091], [-122.408421, 37.747001], [-122.408534, 37.746996], [-122.408734, 37.746626], [-122.40896, 37.746616], [-122.409044, 37.746732], [-122.409312, 37.74678], [-122.409318, 37.74687], [-122.409657, 37.746854], [-122.409593, 37.746949], [-122.40912, 37.747102], [-122.409331, 37.747173], [-122.409836, 37.746965], [-122.410054, 37.747034], [-122.409616, 37.74725], [-122.409577, 37.747308]]], [[[-122.409959, 37.789785], [-122.41024, 37.789835], [-122.410052, 37.789997], [-122.409959, 37.789785]]], [[[-122.409207, 37.79036], [-122.408827, 37.790453], [-122.40908, 37.790186], [-122.409307, 37.790176], [-122.40932, 37.790355], [-122.409207, 37.79036]]], [[[-122.412884, 37.791001], [-122.413549, 37.79079], [-122.413746, 37.790562], [-122.414526, 37.790606], [-122.414495, 37.790882], [-122.414861, 37.790981], [-122.414625, 37.79118], [-122.414101, 37.791044], [-122.413921, 37.791253], [-122.413476, 37.791334], [-122.413193, 37.791508], [-122.413101, 37.791382], [-122.412006, 37.791402], [-122.410329, 37.791749], [-122.410017, 37.791986], [-122.410156, 37.792477], [-122.410269, 37.792472], [-122.410459, 37.792797], [-122.411267, 37.793068], [-122.411134, 37.79328], [-122.410467, 37.793192], [-122.410056, 37.792662], [-122.409781, 37.792513], [-122.409703, 37.792215], [-122.409845, 37.792002], [-122.409982, 37.79128], [-122.410901, 37.791117], [-122.411141, 37.791134], [-122.411245, 37.791012], [-122.411637, 37.79104], [-122.41186, 37.790958], [-122.411973, 37.790953], [-122.411979, 37.791043], [-122.411866, 37.791048], [-122.411873, 37.791138], [-122.411986, 37.791133], [-122.412276, 37.791082], [-122.412379, 37.790949], [-122.412884, 37.791001]]], [[[-122.409379, 37.791163], [-122.40966, 37.791213], [-122.409472, 37.791374], [-122.409379, 37.791163]]], [[[-122.409436, 37.791821], [-122.409525, 37.791606], [-122.409694, 37.791698], [-122.409436, 37.791821]]], [[[-122.409477, 37.792509], [-122.409749, 37.792602], [-122.409538, 37.792769], [-122.409477, 37.792509]]], [[[-122.414231, 37.79391], [-122.414251, 37.794179], [-122.414025, 37.79419], [-122.414018, 37.7941], [-122.413905, 37.794105], [-122.413899, 37.794015], [-122.413652, 37.793882], [-122.413513, 37.793403], [-122.4134, 37.793408], [-122.413055, 37.792524], [-122.413387, 37.792629], [-122.413937, 37.793504], [-122.413992, 37.793741], [-122.414105, 37.793736], [-122.414118, 37.793915], [-122.414231, 37.79391]]], [[[-122.412989, 37.79303], [-122.413196, 37.793153], [-122.413048, 37.793244], [-122.413055, 37.793334], [-122.412942, 37.793339], [-122.412989, 37.79303]]], [[[-122.412024, 37.793202], [-122.41241, 37.793234], [-122.412334, 37.793431], [-122.411635, 37.79321], [-122.411896, 37.793085], [-122.412024, 37.793202]]], [[[-122.408592, 37.792819], [-122.408479, 37.792825], [-122.408473, 37.792735], [-122.40836, 37.79274], [-122.408353, 37.79265], [-122.40824, 37.792656], [-122.408272, 37.792255], [-122.408941, 37.792315], [-122.409204, 37.792752], [-122.40944, 37.79288], [-122.409243, 37.793279], [-122.40921, 37.793511], [-122.409389, 37.793543], [-122.409503, 37.793728], [-122.40993, 37.793968], [-122.410183, 37.793684], [-122.410857, 37.793804], [-122.411149, 37.793477], [-122.411698, 37.793397], [-122.411704, 37.793486], [-122.411877, 37.793587], [-122.411344, 37.793848], [-122.411588, 37.79399], [-122.410274, 37.794092], [-122.41028, 37.794182], [-122.410054, 37.794193], [-122.409989, 37.79408], [-122.409941, 37.794198], [-122.409715, 37.794208], [-122.409526, 37.79409], [-122.409416, 37.793893], [-122.408884, 37.793706], [-122.408871, 37.793527], [-122.40868, 37.793461], [-122.408592, 37.792819]], [[-122.410194, 37.794026], [-122.410288, 37.793942], [-122.410148, 37.793918], [-122.410194, 37.794026]]], [[[-122.409543, 37.793406], [-122.409934, 37.793467], [-122.40966, 37.793697], [-122.409543, 37.793406]]], [[[-122.41195, 37.793745], [-122.412335, 37.793775], [-122.412586, 37.794046], [-122.412431, 37.794389], [-122.41195, 37.793745]]], [[[-122.409256, 37.794139], [-122.409108, 37.794101], [-122.409249, 37.79405], [-122.409256, 37.794139]]], [[[-122.410513, 37.794261], [-122.410653, 37.794286], [-122.41056, 37.794369], [-122.410513, 37.794261]]], [[[-122.413138, 37.79562], [-122.412402, 37.795567], [-122.412196, 37.795012], [-122.412355, 37.794627], [-122.412784, 37.794664], [-122.413138, 37.79562]]], [[[-122.413844, 37.795691], [-122.41358, 37.795956], [-122.413452, 37.795657], [-122.413844, 37.795691]]], [[[-122.41124, 37.79954], [-122.411226, 37.79936], [-122.411104, 37.799301], [-122.410897, 37.798966], [-122.411032, 37.798882], [-122.411133, 37.798469], [-122.411393, 37.798542], [-122.411413, 37.798812], [-122.411529, 37.798874], [-122.411488, 37.799235], [-122.411831, 37.799178], [-122.41222, 37.799533], [-122.412095, 37.799722], [-122.412162, 37.799979], [-122.412008, 37.800084], [-122.411472, 37.799619], [-122.411466, 37.799529], [-122.41124, 37.79954]]], [[[-122.412924, 37.801196], [-122.413094, 37.80132], [-122.412056, 37.801393], [-122.411781, 37.801275], [-122.412269, 37.801203], [-122.412924, 37.801196]]], [[[-122.413872, 37.801399], [-122.414272, 37.801477], [-122.413971, 37.80161], [-122.413872, 37.801399]]], [[[-122.408636, 37.802721], [-122.408364, 37.802627], [-122.408439, 37.80234], [-122.408754, 37.802402], [-122.408849, 37.802531], [-122.409322, 37.802552], [-122.4095, 37.803046], [-122.409216, 37.80326], [-122.408908, 37.803339], [-122.408792, 37.803473], [-122.408525, 37.803363], [-122.408675, 37.803259], [-122.408668, 37.80317], [-122.408781, 37.803164], [-122.408768, 37.802985], [-122.408881, 37.80298], [-122.408875, 37.80289], [-122.408642, 37.802811], [-122.408636, 37.802721]]], [[[-122.411076, 37.803509], [-122.410963, 37.803514], [-122.411001, 37.803205], [-122.41113, 37.803276], [-122.411076, 37.803509]]], [[[-122.410043, 37.803696], [-122.41053, 37.803804], [-122.410524, 37.803714], [-122.410637, 37.803709], [-122.41063, 37.803619], [-122.410743, 37.803614], [-122.410737, 37.803524], [-122.41085, 37.803519], [-122.410788, 37.804101], [-122.410596, 37.804032], [-122.410537, 37.803894], [-122.410424, 37.803899], [-122.41043, 37.803989], [-122.409982, 37.804234], [-122.410043, 37.803696]]], [[[-122.40939, 37.804157], [-122.409167, 37.804083], [-122.409286, 37.803861], [-122.409554, 37.803891], [-122.40939, 37.804157]]], [[[-122.410024, 37.804638], [-122.410244, 37.804538], [-122.410403, 37.8046], [-122.410268, 37.804929], [-122.409969, 37.804878], [-122.409917, 37.804733], [-122.410031, 37.804727], [-122.410024, 37.804638]]], [[[-122.408493, 37.805428], [-122.408506, 37.805608], [-122.408243, 37.805727], [-122.408167, 37.805623], [-122.408054, 37.805629], [-122.408047, 37.805539], [-122.407695, 37.805375], [-122.407688, 37.805285], [-122.407575, 37.805291], [-122.407569, 37.805201], [-122.407456, 37.805206], [-122.407443, 37.805027], [-122.40721, 37.804947], [-122.407203, 37.804858], [-122.406864, 37.804873], [-122.406857, 37.804783], [-122.406292, 37.804809], [-122.406285, 37.80472], [-122.406059, 37.80473], [-122.406053, 37.80464], [-122.40594, 37.804646], [-122.4059, 37.804107], [-122.405787, 37.804112], [-122.405774, 37.803933], [-122.405661, 37.803938], [-122.405648, 37.803759], [-122.405082, 37.803785], [-122.405076, 37.803695], [-122.40485, 37.803705], [-122.404765, 37.80359], [-122.40461, 37.803536], [-122.404604, 37.803447], [-122.404491, 37.803452], [-122.404478, 37.803272], [-122.403912, 37.803298], [-122.403906, 37.803209], [-122.403632, 37.803166], [-122.40354, 37.802865], [-122.403427, 37.802871], [-122.403381, 37.802242], [-122.403268, 37.802248], [-122.403255, 37.802068], [-122.403022, 37.801989], [-122.403016, 37.801899], [-122.402902, 37.801904], [-122.402889, 37.801725], [-122.402776, 37.80173], [-122.402757, 37.801461], [-122.402605, 37.801385], [-122.402559, 37.801244], [-122.402698, 37.800653], [-122.402811, 37.800648], [-122.402804, 37.800558], [-122.402917, 37.800553], [-122.402911, 37.800463], [-122.40313, 37.800363], [-122.403091, 37.799825], [-122.402978, 37.79983], [-122.402958, 37.799561], [-122.402789, 37.799469], [-122.402861, 37.7989], [-122.403774, 37.798494], [-122.403758, 37.798765], [-122.403575, 37.798891], [-122.403497, 37.799176], [-122.404182, 37.799235], [-122.404169, 37.799055], [-122.404056, 37.79906], [-122.404079, 37.798598], [-122.404442, 37.798192], [-122.406159, 37.798333], [-122.406165, 37.798423], [-122.406279, 37.798418], [-122.406292, 37.798597], [-122.406066, 37.798608], [-122.406072, 37.798697], [-122.406185, 37.798692], [-122.406192, 37.798782], [-122.406384, 37.798899], [-122.406215, 37.799175], [-122.406536, 37.800793], [-122.40691, 37.801164], [-122.406834, 37.801363], [-122.40713, 37.801386], [-122.407251, 37.801761], [-122.407573, 37.801688], [-122.408045, 37.801989], [-122.40792, 37.80216], [-122.407299, 37.80208], [-122.407081, 37.802264], [-122.407698, 37.802359], [-122.408025, 37.802693], [-122.407992, 37.802853], [-122.407857, 37.802937], [-122.407864, 37.803027], [-122.408145, 37.803185], [-122.407996, 37.803291], [-122.408003, 37.80338], [-122.40789, 37.803385], [-122.407786, 37.803516], [-122.407544, 37.803311], [-122.407431, 37.803317], [-122.407438, 37.803406], [-122.407211, 37.803417], [-122.407218, 37.803506], [-122.406879, 37.803522], [-122.406771, 37.803719], [-122.40647, 37.803551], [-122.406453, 37.803902], [-122.406679, 37.803891], [-122.406746, 37.803768], [-122.407045, 37.803833], [-122.407264, 37.804135], [-122.40749, 37.804124], [-122.407497, 37.804214], [-122.40761, 37.804209], [-122.407629, 37.804478], [-122.407742, 37.804473], [-122.407749, 37.804562], [-122.408088, 37.804547], [-122.40779, 37.804216], [-122.407942, 37.804103], [-122.407936, 37.804014], [-122.408049, 37.804008], [-122.408042, 37.803919], [-122.408382, 37.803903], [-122.408388, 37.803993], [-122.408275, 37.803998], [-122.408288, 37.804177], [-122.408175, 37.804183], [-122.408195, 37.804452], [-122.408421, 37.804441], [-122.408441, 37.804711], [-122.407995, 37.804821], [-122.408001, 37.804911], [-122.408115, 37.804906], [-122.408121, 37.804995], [-122.408234, 37.80499], [-122.408241, 37.80508], [-122.408693, 37.805059], [-122.40868, 37.80488], [-122.409239, 37.804764], [-122.409356, 37.804926], [-122.409112, 37.8051], [-122.408926, 37.805138], [-122.408754, 37.805362], [-122.408493, 37.805428]], [[-122.403384, 37.799181], [-122.403397, 37.799361], [-122.4036, 37.799318], [-122.403497, 37.799176], [-122.403384, 37.799181]], [[-122.404387, 37.800486], [-122.404394, 37.800575], [-122.404055, 37.800591], [-122.40404, 37.800921], [-122.403834, 37.801159], [-122.403964, 37.801357], [-122.404503, 37.80153], [-122.404954, 37.801571], [-122.405109, 37.8013], [-122.405464, 37.801246], [-122.405505, 37.801105], [-122.406064, 37.80098], [-122.405864, 37.800561], [-122.405694, 37.800556], [-122.40531, 37.800754], [-122.405341, 37.800383], [-122.40568, 37.800394], [-122.40555, 37.800023], [-122.405306, 37.79988], [-122.405114, 37.799241], [-122.404881, 37.799473], [-122.404894, 37.799652], [-122.404781, 37.799657], [-122.404794, 37.799837], [-122.404681, 37.799842], [-122.404694, 37.800021], [-122.403902, 37.800058], [-122.403909, 37.800147], [-122.404758, 37.800222], [-122.404607, 37.800385], [-122.404614, 37.800475], [-122.404387, 37.800486]], [[-122.404996, 37.799062], [-122.404848, 37.799024], [-122.404854, 37.799114], [-122.404996, 37.799062]], [[-122.407192, 37.803148], [-122.407305, 37.803142], [-122.407298, 37.803053], [-122.407524, 37.803042], [-122.407511, 37.802863], [-122.407398, 37.802868], [-122.407392, 37.802778], [-122.407165, 37.802789], [-122.407172, 37.802878], [-122.406946, 37.802889], [-122.406886, 37.803008], [-122.406649, 37.802915], [-122.406587, 37.803131], [-122.406932, 37.803188], [-122.406972, 37.803248], [-122.407198, 37.803237], [-122.407192, 37.803148]], [[-122.407105, 37.802587], [-122.407015, 37.802745], [-122.407165, 37.802789], [-122.407105, 37.802587]], [[-122.405526, 37.798993], [-122.405591, 37.799105], [-122.405639, 37.798987], [-122.405526, 37.798993]], [[-122.405569, 37.802682], [-122.405682, 37.802677], [-122.405695, 37.802856], [-122.405808, 37.802851], [-122.405931, 37.802971], [-122.406035, 37.802841], [-122.405921, 37.802846], [-122.405809, 37.802007], [-122.40547, 37.801962], [-122.405637, 37.802425], [-122.405569, 37.802682]]], [[[-122.405752, 37.715583], [-122.405685, 37.715706], [-122.405698, 37.715885], [-122.405874, 37.716065], [-122.406787, 37.716207], [-122.40691, 37.716333], [-122.408009, 37.716499], [-122.408016, 37.716589], [-122.407903, 37.716594], [-122.40791, 37.716684], [-122.40769, 37.716784], [-122.407703, 37.716963], [-122.407529, 37.716904], [-122.407364, 37.716979], [-122.407371, 37.717069], [-122.407535, 37.717151], [-122.407384, 37.717248], [-122.407391, 37.717338], [-122.406809, 37.717582], [-122.406749, 37.717352], [-122.407251, 37.716984], [-122.407245, 37.716894], [-122.407132, 37.7169], [-122.407119, 37.71672], [-122.40678, 37.716736], [-122.406773, 37.716646], [-122.406548, 37.716656], [-122.406424, 37.716789], [-122.406183, 37.716408], [-122.405718, 37.716273], [-122.405485, 37.716075], [-122.405372, 37.71608], [-122.405359, 37.715901], [-122.405246, 37.715906], [-122.40524, 37.715816], [-122.405446, 37.715538], [-122.40532, 37.715362], [-122.405207, 37.715368], [-122.404961, 37.715109], [-122.404862, 37.714892], [-122.404729, 37.715029], [-122.404503, 37.71504], [-122.40451, 37.715129], [-122.404144, 37.715106], [-122.404045, 37.714971], [-122.404038, 37.714881], [-122.404151, 37.714876], [-122.404244, 37.714601], [-122.40447, 37.714591], [-122.404457, 37.714412], [-122.404231, 37.714422], [-122.404225, 37.714332], [-122.403773, 37.714353], [-122.40378, 37.714443], [-122.403892, 37.714438], [-122.403899, 37.714527], [-122.403786, 37.714533], [-122.403793, 37.714622], [-122.403454, 37.714638], [-122.403447, 37.714548], [-122.403173, 37.714426], [-122.403539, 37.714215], [-122.403401, 37.71392], [-122.403289, 37.713925], [-122.403282, 37.713835], [-122.402943, 37.713851], [-122.402976, 37.7143], [-122.402863, 37.714305], [-122.402869, 37.714395], [-122.403054, 37.714629], [-122.40276, 37.71514], [-122.403041, 37.715197], [-122.403054, 37.715376], [-122.403167, 37.715371], [-122.40318, 37.715551], [-122.402496, 37.715492], [-122.402502, 37.715582], [-122.401486, 37.715629], [-122.401242, 37.715947], [-122.401105, 37.715641], [-122.401253, 37.715549], [-122.401247, 37.71546], [-122.40136, 37.715454], [-122.401353, 37.715365], [-122.40166, 37.715224], [-122.40156, 37.715085], [-122.401194, 37.715062], [-122.401095, 37.714926], [-122.40053, 37.714952], [-122.400139, 37.714891], [-122.400333, 37.714728], [-122.400962, 37.714662], [-122.40103, 37.714539], [-122.401259, 37.714589], [-122.401405, 37.714789], [-122.402105, 37.71479], [-122.402098, 37.7147], [-122.402324, 37.71469], [-122.402318, 37.7146], [-122.402537, 37.7145], [-122.402472, 37.713603], [-122.402698, 37.713592], [-122.402704, 37.713682], [-122.403043, 37.713666], [-122.40305, 37.713756], [-122.403162, 37.713751], [-122.403262, 37.713566], [-122.403375, 37.713561], [-122.403369, 37.713471], [-122.403708, 37.713456], [-122.403721, 37.713635], [-122.403953, 37.713715], [-122.403966, 37.713894], [-122.404079, 37.713889], [-122.404086, 37.713979], [-122.404199, 37.713973], [-122.404205, 37.714063], [-122.404431, 37.714053], [-122.404438, 37.714142], [-122.404699, 37.714183], [-122.404907, 37.714557], [-122.405416, 37.714803], [-122.405759, 37.715162], [-122.405765, 37.715252], [-122.405878, 37.715247], [-122.405898, 37.715516], [-122.405752, 37.715583]]], [[[-122.40653, 37.714857], [-122.406792, 37.714881], [-122.406599, 37.714968], [-122.40653, 37.714857]]], [[[-122.407446, 37.715856], [-122.407917, 37.715912], [-122.407977, 37.71605], [-122.407257, 37.716179], [-122.407446, 37.715856]]], [[[-122.408182, 37.716781], [-122.408135, 37.716673], [-122.408275, 37.716698], [-122.408182, 37.716781]]], [[[-122.40567, 37.717057], [-122.405444, 37.717067], [-122.405438, 37.716977], [-122.405212, 37.716988], [-122.405205, 37.716898], [-122.404979, 37.716909], [-122.404973, 37.716819], [-122.404634, 37.716834], [-122.404621, 37.716655], [-122.405298, 37.716624], [-122.405305, 37.716713], [-122.405531, 37.716703], [-122.405537, 37.716793], [-122.406234, 37.716866], [-122.406517, 37.717051], [-122.405818, 37.717169], [-122.40567, 37.717057]]], [[[-122.406895, 37.720732], [-122.406524, 37.720929], [-122.405972, 37.72087], [-122.40558, 37.72064], [-122.40571, 37.72027], [-122.405414, 37.720367], [-122.40516, 37.720952], [-122.405406, 37.721152], [-122.405316, 37.721959], [-122.405804, 37.722002], [-122.405797, 37.721913], [-122.40591, 37.721908], [-122.406082, 37.721683], [-122.406221, 37.721769], [-122.406149, 37.722077], [-122.406036, 37.722082], [-122.406043, 37.722172], [-122.40581, 37.722092], [-122.405512, 37.722136], [-122.405365, 37.722203], [-122.405372, 37.722292], [-122.405146, 37.722303], [-122.405152, 37.722393], [-122.404926, 37.722403], [-122.404933, 37.722493], [-122.404368, 37.722519], [-122.404374, 37.722608], [-122.404155, 37.722708], [-122.40406, 37.721933], [-122.403977, 37.721816], [-122.403864, 37.721822], [-122.403857, 37.721732], [-122.403317, 37.721636], [-122.403339, 37.721363], [-122.40312, 37.721103], [-122.403704, 37.721018], [-122.404082, 37.721552], [-122.404619, 37.721827], [-122.404809, 37.721658], [-122.404688, 37.721374], [-122.40423, 37.72097], [-122.40474, 37.720771], [-122.404752, 37.720626], [-122.403816, 37.720646], [-122.403356, 37.72089], [-122.40322, 37.720771], [-122.402882, 37.720786], [-122.402888, 37.720876], [-122.402775, 37.720881], [-122.402788, 37.721061], [-122.402133, 37.720881], [-122.402084, 37.720733], [-122.40223, 37.720666], [-122.402297, 37.720543], [-122.402117, 37.720481], [-122.402052, 37.720284], [-122.401939, 37.720289], [-122.401926, 37.72011], [-122.4017, 37.72012], [-122.40197, 37.719795], [-122.40176, 37.719397], [-122.402219, 37.719466], [-122.402351, 37.71973], [-122.402464, 37.719725], [-122.402425, 37.720208], [-122.402871, 37.720379], [-122.402936, 37.719974], [-122.403733, 37.720027], [-122.403726, 37.719937], [-122.403945, 37.719838], [-122.40433, 37.719966], [-122.404417, 37.720086], [-122.404643, 37.720075], [-122.40465, 37.720165], [-122.405553, 37.720123], [-122.40556, 37.720213], [-122.405786, 37.720203], [-122.405919, 37.720467], [-122.406031, 37.720461], [-122.406154, 37.720581], [-122.406257, 37.720451], [-122.406483, 37.720441], [-122.406477, 37.720351], [-122.407945, 37.720283], [-122.407952, 37.720373], [-122.408856, 37.720332], [-122.408983, 37.720195], [-122.409653, 37.720367], [-122.409447, 37.720664], [-122.40896, 37.7206], [-122.408424, 37.720678], [-122.407343, 37.720608], [-122.406895, 37.720732]], [[-122.404807, 37.722318], [-122.404744, 37.722211], [-122.404665, 37.72237], [-122.404813, 37.722408], [-122.404807, 37.722318]]], [[[-122.407865, 37.720737], [-122.408128, 37.720762], [-122.407935, 37.720848], [-122.407865, 37.720737]]], [[[-122.406665, 37.722985], [-122.406766, 37.722768], [-122.406992, 37.722758], [-122.406986, 37.722668], [-122.407099, 37.722663], [-122.407092, 37.722573], [-122.407255, 37.722646], [-122.407156, 37.722851], [-122.406665, 37.722985]]], [[[-122.405324, 37.723195], [-122.405337, 37.723374], [-122.405224, 37.72338], [-122.405244, 37.723649], [-122.404647, 37.723538], [-122.404742, 37.723194], [-122.404301, 37.723315], [-122.404116, 37.723125], [-122.404055, 37.722893], [-122.404168, 37.722888], [-122.404175, 37.722978], [-122.404288, 37.722972], [-122.404294, 37.723062], [-122.404866, 37.723126], [-122.404879, 37.723305], [-122.405105, 37.723295], [-122.405098, 37.723205], [-122.405211, 37.7232], [-122.405204, 37.72311], [-122.40543, 37.7231], [-122.405437, 37.72319], [-122.405324, 37.723195]]], [[[-122.408035, 37.72307], [-122.408042, 37.72316], [-122.407953, 37.723215], [-122.408032, 37.723434], [-122.407503, 37.723545], [-122.40751, 37.723635], [-122.407171, 37.72365], [-122.407206, 37.723065], [-122.407803, 37.722991], [-122.407809, 37.723081], [-122.407922, 37.723075], [-122.408035, 37.72307]]], [[[-122.405854, 37.723479], [-122.406254, 37.723512], [-122.40626, 37.723602], [-122.406373, 37.723597], [-122.40638, 37.723687], [-122.406267, 37.723692], [-122.40628, 37.723871], [-122.406167, 37.723876], [-122.405759, 37.723813], [-122.405583, 37.723633], [-122.40547, 37.723638], [-122.405463, 37.723549], [-122.405854, 37.723479]]], [[[-122.40622, 37.735488], [-122.406333, 37.735483], [-122.40634, 37.735573], [-122.406453, 37.735567], [-122.406466, 37.735747], [-122.406246, 37.735847], [-122.406253, 37.735937], [-122.40614, 37.735942], [-122.40616, 37.736211], [-122.40594, 37.736311], [-122.405947, 37.736401], [-122.405721, 37.736411], [-122.405727, 37.736501], [-122.405275, 37.736522], [-122.405282, 37.736612], [-122.405169, 37.736617], [-122.405175, 37.736707], [-122.404837, 37.736722], [-122.404843, 37.736812], [-122.404165, 37.736843], [-122.404172, 37.736933], [-122.403946, 37.736943], [-122.403952, 37.737033], [-122.403839, 37.737038], [-122.403846, 37.737128], [-122.403733, 37.737133], [-122.403739, 37.737223], [-122.403626, 37.737228], [-122.403633, 37.737318], [-122.40352, 37.737323], [-122.403526, 37.737413], [-122.4033, 37.737423], [-122.403307, 37.737513], [-122.403194, 37.737518], [-122.403201, 37.737608], [-122.402975, 37.737618], [-122.402981, 37.737708], [-122.402373, 37.737913], [-122.402256, 37.737685], [-122.401951, 37.737575], [-122.401838, 37.73758], [-122.401845, 37.73767], [-122.401167, 37.737701], [-122.40116, 37.737611], [-122.400948, 37.737521], [-122.401076, 37.737156], [-122.401234, 37.737068], [-122.401108, 37.736894], [-122.400762, 37.736819], [-122.400756, 37.73673], [-122.400398, 37.736861], [-122.399513, 37.736787], [-122.399506, 37.736697], [-122.399393, 37.736702], [-122.399387, 37.736613], [-122.399214, 37.7365], [-122.3996, 37.736423], [-122.399606, 37.736512], [-122.400396, 37.736579], [-122.400543, 37.736239], [-122.400815, 37.736148], [-122.400949, 37.736271], [-122.401288, 37.736255], [-122.401295, 37.736345], [-122.401527, 37.736424], [-122.401534, 37.736514], [-122.401688, 37.736567], [-122.401773, 37.736683], [-122.402338, 37.736657], [-122.402431, 37.736383], [-122.402318, 37.736388], [-122.402298, 37.736119], [-122.402392, 37.735844], [-122.402611, 37.735745], [-122.402844, 37.735822], [-122.403207, 37.73566], [-122.403276, 37.735533], [-122.403502, 37.735523], [-122.403645, 37.735303], [-122.403752, 37.735538], [-122.403622, 37.735608], [-122.403628, 37.735697], [-122.403515, 37.735703], [-122.403522, 37.735792], [-122.403409, 37.735797], [-122.403415, 37.735887], [-122.403189, 37.735898], [-122.403025, 37.736122], [-122.402996, 37.736357], [-122.403003, 37.736446], [-122.403116, 37.736441], [-122.403129, 37.736621], [-122.403468, 37.736605], [-122.403474, 37.736695], [-122.403736, 37.736539], [-122.404026, 37.736489], [-122.404019, 37.7364], [-122.404358, 37.736384], [-122.404352, 37.736294], [-122.404204, 37.736256], [-122.404345, 37.736205], [-122.404326, 37.735935], [-122.404171, 37.735882], [-122.40408, 37.735677], [-122.403967, 37.735682], [-122.403941, 37.735323], [-122.404289, 37.735491], [-122.404589, 37.735797], [-122.405223, 37.735804], [-122.405216, 37.735714], [-122.405442, 37.735704], [-122.405358, 37.735588], [-122.405049, 37.735482], [-122.404964, 37.735366], [-122.404851, 37.735371], [-122.404728, 37.735171], [-122.405177, 37.735176], [-122.405184, 37.735266], [-122.40541, 37.735255], [-122.405416, 37.735345], [-122.405768, 37.735509], [-122.405762, 37.735419], [-122.405875, 37.735414], [-122.405855, 37.735145], [-122.405742, 37.73515], [-122.405736, 37.73506], [-122.405623, 37.735065], [-122.405616, 37.734976], [-122.405836, 37.734876], [-122.405842, 37.734965], [-122.405955, 37.73496], [-122.405968, 37.73514], [-122.406081, 37.735134], [-122.406101, 37.735404], [-122.406214, 37.735398], [-122.40622, 37.735488]]], [[[-122.408355, 37.739107], [-122.40829, 37.738994], [-122.408403, 37.738989], [-122.408355, 37.739107]]], [[[-122.407723, 37.740551], [-122.407504, 37.740651], [-122.40751, 37.740741], [-122.407397, 37.740746], [-122.407384, 37.740566], [-122.407497, 37.740561], [-122.407478, 37.740292], [-122.407591, 37.740287], [-122.407571, 37.740018], [-122.407684, 37.740012], [-122.407677, 37.739923], [-122.40779, 37.739917], [-122.407839, 37.7398], [-122.407903, 37.739912], [-122.408107, 37.739926], [-122.408274, 37.740049], [-122.407917, 37.740092], [-122.407923, 37.740181], [-122.40781, 37.740187], [-122.40783, 37.740456], [-122.407717, 37.740461], [-122.407723, 37.740551]]], [[[-122.40882, 37.74005], [-122.408814, 37.73996], [-122.408927, 37.739955], [-122.408933, 37.740045], [-122.40882, 37.74005]]], [[[-122.405678, 37.745147], [-122.405565, 37.745152], [-122.405558, 37.745062], [-122.405671, 37.745057], [-122.405678, 37.745147]]], [[[-122.408732, 37.746117], [-122.408711, 37.745787], [-122.408978, 37.745835], [-122.409027, 37.745983], [-122.408732, 37.746117]]], [[[-122.408734, 37.746626], [-122.408395, 37.746642], [-122.408401, 37.746732], [-122.408175, 37.746742], [-122.407816, 37.7471], [-122.407688, 37.747058], [-122.407304, 37.747232], [-122.407291, 37.747053], [-122.407178, 37.747058], [-122.407171, 37.746968], [-122.407284, 37.746963], [-122.407278, 37.746874], [-122.407165, 37.746879], [-122.407152, 37.746699], [-122.407823, 37.746578], [-122.407816, 37.746489], [-122.408042, 37.746478], [-122.408036, 37.746388], [-122.408262, 37.746378], [-122.408255, 37.746288], [-122.40882, 37.746262], [-122.408827, 37.746352], [-122.408375, 37.746373], [-122.408381, 37.746463], [-122.408607, 37.746452], [-122.408614, 37.746542], [-122.408727, 37.746537], [-122.408734, 37.746626]]], [[[-122.407443, 37.747586], [-122.40733, 37.747591], [-122.407317, 37.747412], [-122.40743, 37.747407], [-122.407443, 37.747586]]], [[[-122.408141, 37.747824], [-122.408134, 37.747734], [-122.40836, 37.747724], [-122.408367, 37.747814], [-122.408141, 37.747824]]], [[[-122.407363, 37.74804], [-122.408141, 37.747824], [-122.407954, 37.748033], [-122.407263, 37.748225], [-122.407256, 37.748135], [-122.407369, 37.74813], [-122.407363, 37.74804]]], [[[-122.405184, 37.757628], [-122.405099, 37.757418], [-122.405331, 37.757498], [-122.405458, 37.757671], [-122.405184, 37.757628]]], [[[-122.405523, 37.758568], [-122.405536, 37.758748], [-122.405769, 37.758827], [-122.405782, 37.759007], [-122.406015, 37.759086], [-122.406132, 37.760701], [-122.406218, 37.76072], [-122.406319, 37.761249], [-122.406473, 37.761116], [-122.406508, 37.760797], [-122.406591, 37.76077], [-122.406589, 37.760343], [-122.406747, 37.7602], [-122.406752, 37.759862], [-122.406902, 37.759641], [-122.407008, 37.759965], [-122.406878, 37.760037], [-122.406943, 37.760934], [-122.40683, 37.760939], [-122.406803, 37.761369], [-122.406601, 37.761928], [-122.40682, 37.76257], [-122.406713, 37.763419], [-122.40645, 37.763019], [-122.4064, 37.761856], [-122.406298, 37.761414], [-122.40605, 37.761465], [-122.405929, 37.761687], [-122.405703, 37.761561], [-122.405359, 37.761499], [-122.405482, 37.76131], [-122.40572, 37.76126], [-122.405713, 37.761171], [-122.405826, 37.761165], [-122.405793, 37.760717], [-122.405624, 37.760638], [-122.405478, 37.760367], [-122.405208, 37.760242], [-122.405267, 37.759996], [-122.405065, 37.759784], [-122.405161, 37.759389], [-122.404841, 37.759469], [-122.404778, 37.759233], [-122.404545, 37.759154], [-122.404539, 37.759064], [-122.404306, 37.758985], [-122.4043, 37.758895], [-122.403847, 37.758916], [-122.403841, 37.758826], [-122.403615, 37.758836], [-122.403608, 37.758747], [-122.403212, 37.758698], [-122.403369, 37.758577], [-122.403356, 37.758398], [-122.403243, 37.758403], [-122.40323, 37.758224], [-122.403117, 37.758229], [-122.40311, 37.758139], [-122.402665, 37.75825], [-122.402645, 37.757981], [-122.402413, 37.757901], [-122.402406, 37.757811], [-122.401519, 37.757952], [-122.400985, 37.75748], [-122.401075, 37.7564], [-122.400787, 37.756385], [-122.400619, 37.756804], [-122.400592, 37.757131], [-122.400785, 37.757746], [-122.400328, 37.757629], [-122.400105, 37.756828], [-122.400161, 37.756564], [-122.399528, 37.756152], [-122.398668, 37.755145], [-122.397262, 37.755048], [-122.397271, 37.754938], [-122.396833, 37.754466], [-122.396607, 37.754477], [-122.3966, 37.754387], [-122.396487, 37.754392], [-122.39648, 37.754302], [-122.396207, 37.75426], [-122.396065, 37.753908], [-122.395813, 37.753559], [-122.395428, 37.753234], [-122.395172, 37.752881], [-122.395094, 37.752514], [-122.39532, 37.752375], [-122.395313, 37.752285], [-122.395087, 37.752296], [-122.394877, 37.752522], [-122.394635, 37.752316], [-122.394296, 37.752332], [-122.394359, 37.752562], [-122.394712, 37.752942], [-122.394853, 37.753336], [-122.394607, 37.753488], [-122.394626, 37.753757], [-122.394739, 37.753752], [-122.394746, 37.753842], [-122.395098, 37.754004], [-122.395393, 37.753831], [-122.39565, 37.753865], [-122.395839, 37.754205], [-122.396018, 37.754291], [-122.396332, 37.754856], [-122.396187, 37.754946], [-122.396213, 37.755305], [-122.396326, 37.7553], [-122.396392, 37.756197], [-122.396624, 37.756276], [-122.396631, 37.756366], [-122.397083, 37.756345], [-122.397089, 37.756435], [-122.398023, 37.756235], [-122.398451, 37.756266], [-122.398651, 37.756954], [-122.398964, 37.757124], [-122.399102, 37.757603], [-122.398871, 37.757547], [-122.398687, 37.757934], [-122.398464, 37.757752], [-122.397913, 37.756847], [-122.397939, 37.757206], [-122.39772, 37.757307], [-122.397608, 37.756998], [-122.397387, 37.757541], [-122.39721, 37.757283], [-122.396809, 37.757258], [-122.396822, 37.757438], [-122.396935, 37.757433], [-122.396961, 37.757792], [-122.397074, 37.757786], [-122.397101, 37.758145], [-122.396988, 37.75815], [-122.39699, 37.759363], [-122.396792, 37.759376], [-122.396667, 37.759198], [-122.396101, 37.759226], [-122.395979, 37.759753], [-122.395533, 37.759898], [-122.395299, 37.759565], [-122.394898, 37.75992], [-122.394073, 37.759945], [-122.393942, 37.760945], [-122.393696, 37.760583], [-122.393663, 37.759883], [-122.393412, 37.759713], [-122.393364, 37.759083], [-122.394037, 37.759041], [-122.394279, 37.759219], [-122.394533, 37.759014], [-122.393795, 37.758676], [-122.394704, 37.758663], [-122.394716, 37.758928], [-122.395464, 37.759031], [-122.395451, 37.758851], [-122.395564, 37.758846], [-122.395462, 37.758583], [-122.395527, 37.75827], [-122.395013, 37.758143], [-122.395386, 37.757954], [-122.395373, 37.757774], [-122.39526, 37.75778], [-122.39524, 37.75751], [-122.395127, 37.757516], [-122.395114, 37.757336], [-122.395001, 37.757341], [-122.394988, 37.757162], [-122.394755, 37.757083], [-122.394742, 37.756903], [-122.394629, 37.756908], [-122.394616, 37.756729], [-122.394503, 37.756734], [-122.394496, 37.756644], [-122.394383, 37.756649], [-122.39437, 37.75647], [-122.394138, 37.756391], [-122.394118, 37.756121], [-122.394005, 37.756127], [-122.393986, 37.755857], [-122.39382, 37.755764], [-122.394019, 37.755456], [-122.39408, 37.754903], [-122.39414, 37.75486], [-122.394114, 37.754501], [-122.394227, 37.754496], [-122.3942, 37.754137], [-122.394087, 37.754142], [-122.394074, 37.753963], [-122.393848, 37.753973], [-122.393842, 37.753883], [-122.393503, 37.753899], [-122.393496, 37.753809], [-122.39327, 37.75382], [-122.393264, 37.75373], [-122.393096, 37.753642], [-122.393182, 37.753112], [-122.39357, 37.753147], [-122.393932, 37.752906], [-122.393676, 37.752502], [-122.393611, 37.752273], [-122.393379, 37.752194], [-122.393353, 37.751835], [-122.39312, 37.751756], [-122.3931, 37.751486], [-122.393326, 37.751476], [-122.393333, 37.751566], [-122.393446, 37.751561], [-122.393452, 37.75165], [-122.393565, 37.751645], [-122.393585, 37.751914], [-122.394828, 37.751857], [-122.394822, 37.751768], [-122.395048, 37.751757], [-122.395041, 37.751667], [-122.395154, 37.751662], [-122.395141, 37.751483], [-122.395254, 37.751478], [-122.395315, 37.751256], [-122.395596, 37.751343], [-122.395732, 37.751816], [-122.395845, 37.751811], [-122.396123, 37.752106], [-122.395652, 37.752225], [-122.395552, 37.752454], [-122.395891, 37.752439], [-122.395898, 37.752528], [-122.396011, 37.752523], [-122.396017, 37.752613], [-122.396271, 37.752658], [-122.396468, 37.752976], [-122.396809, 37.753072], [-122.396784, 37.753369], [-122.397373, 37.754121], [-122.397673, 37.753968], [-122.397492, 37.753651], [-122.397515, 37.75337], [-122.397297, 37.75263], [-122.396789, 37.752962], [-122.396476, 37.752785], [-122.396766, 37.752428], [-122.396943, 37.751988], [-122.396921, 37.751893], [-122.397165, 37.751515], [-122.39696, 37.751049], [-122.397183, 37.750799], [-122.397921, 37.750725], [-122.397914, 37.750635], [-122.399496, 37.750563], [-122.39949, 37.750473], [-122.399829, 37.750457], [-122.399822, 37.750367], [-122.400048, 37.750357], [-122.400042, 37.750267], [-122.400381, 37.750252], [-122.400374, 37.750162], [-122.400826, 37.750141], [-122.400833, 37.750231], [-122.401172, 37.750215], [-122.401956, 37.750089], [-122.402015, 37.750897], [-122.402128, 37.750892], [-122.402135, 37.750981], [-122.401859, 37.751222], [-122.401936, 37.75174], [-122.401779, 37.751865], [-122.40187, 37.75294], [-122.401577, 37.75321], [-122.40137, 37.752116], [-122.401665, 37.751618], [-122.401275, 37.751519], [-122.401177, 37.751836], [-122.401064, 37.751841], [-122.401077, 37.75202], [-122.401288, 37.752049], [-122.40113, 37.752228], [-122.401087, 37.752678], [-122.401255, 37.752913], [-122.401029, 37.752923], [-122.401042, 37.753102], [-122.401262, 37.753002], [-122.401275, 37.753182], [-122.401419, 37.753214], [-122.401397, 37.753694], [-122.401238, 37.753837], [-122.401085, 37.754324], [-122.400921, 37.754549], [-122.401505, 37.754738], [-122.401669, 37.754524], [-122.402313, 37.75465], [-122.402589, 37.754489], [-122.402742, 37.754645], [-122.402855, 37.75464], [-122.402875, 37.754909], [-122.403013, 37.754957], [-122.402894, 37.755178], [-122.402953, 37.755986], [-122.403066, 37.75598], [-122.403086, 37.75625], [-122.403377, 37.75642], [-122.403121, 37.756549], [-122.402986, 37.756434], [-122.402873, 37.756439], [-122.402866, 37.75635], [-122.402753, 37.756355], [-122.40274, 37.756175], [-122.402548, 37.75611], [-122.402573, 37.756993], [-122.403505, 37.757024], [-122.403849, 37.757385], [-122.403962, 37.75738], [-122.403969, 37.757469], [-122.404201, 37.757549], [-122.404208, 37.757639], [-122.404321, 37.757633], [-122.404327, 37.757723], [-122.40444, 37.757718], [-122.404447, 37.757808], [-122.40456, 37.757802], [-122.404567, 37.757892], [-122.40468, 37.757887], [-122.404693, 37.758066], [-122.404925, 37.758146], [-122.404932, 37.758235], [-122.405045, 37.75823], [-122.405051, 37.75832], [-122.405164, 37.758315], [-122.405171, 37.758405], [-122.405284, 37.758399], [-122.405291, 37.758489], [-122.405523, 37.758568]], [[-122.397813, 37.756631], [-122.397681, 37.756768], [-122.397913, 37.756847], [-122.397813, 37.756631]], [[-122.400651, 37.754433], [-122.400741, 37.754147], [-122.400482, 37.753904], [-122.400164, 37.754091], [-122.400409, 37.754336], [-122.400522, 37.754713], [-122.400771, 37.75477], [-122.400921, 37.754549], [-122.400651, 37.754433]], [[-122.404922, 37.758447], [-122.405027, 37.758521], [-122.405058, 37.75841], [-122.404922, 37.758447]], [[-122.403682, 37.758203], [-122.403908, 37.758193], [-122.403786, 37.758073], [-122.403682, 37.758203]], [[-122.404819, 37.758241], [-122.404679, 37.758296], [-122.404788, 37.758449], [-122.404819, 37.758241]], [[-122.405478, 37.758813], [-122.405197, 37.758763], [-122.40529, 37.758975], [-122.405478, 37.758813]], [[-122.399735, 37.750732], [-122.399396, 37.750747], [-122.399409, 37.750927], [-122.399522, 37.750921], [-122.399516, 37.750832], [-122.400081, 37.750806], [-122.400074, 37.750716], [-122.4003, 37.750706], [-122.400294, 37.750616], [-122.399729, 37.750642], [-122.399735, 37.750732]], [[-122.400905, 37.751218], [-122.400892, 37.751039], [-122.400696, 37.75107], [-122.400536, 37.751208], [-122.400905, 37.751218]], [[-122.40039, 37.753493], [-122.400463, 37.753784], [-122.400546, 37.753546], [-122.40039, 37.753493]], [[-122.399813, 37.752829], [-122.399973, 37.752431], [-122.399541, 37.752325], [-122.399338, 37.752763], [-122.398894, 37.753242], [-122.3987, 37.753161], [-122.398523, 37.752768], [-122.39827, 37.752828], [-122.398418, 37.753139], [-122.398236, 37.753501], [-122.3982, 37.753819], [-122.398452, 37.753984], [-122.398222, 37.754619], [-122.398515, 37.754792], [-122.398822, 37.754512], [-122.398924, 37.754058], [-122.399413, 37.75443], [-122.399714, 37.754361], [-122.399459, 37.754025], [-122.399625, 37.753888], [-122.399639, 37.753557], [-122.399772, 37.753311], [-122.399813, 37.752829]], [[-122.400032, 37.753239], [-122.39989, 37.75329], [-122.400038, 37.753329], [-122.400032, 37.753239]], [[-122.402575, 37.755463], [-122.402555, 37.755194], [-122.402329, 37.755204], [-122.402349, 37.755473], [-122.402575, 37.755463]], [[-122.401331, 37.750509], [-122.401191, 37.750485], [-122.401238, 37.750592], [-122.401331, 37.750509]], [[-122.39861, 37.752404], [-122.398341, 37.752366], [-122.398597, 37.752224], [-122.39859, 37.752135], [-122.398703, 37.75213], [-122.398697, 37.75204], [-122.39881, 37.752035], [-122.398608, 37.751545], [-122.398429, 37.75147], [-122.397751, 37.752229], [-122.398099, 37.752191], [-122.398092, 37.752458], [-122.398503, 37.752499], [-122.39851, 37.752589], [-122.398623, 37.752583], [-122.398617, 37.752494], [-122.39861, 37.752404]], [[-122.397445, 37.751131], [-122.397638, 37.751045], [-122.397375, 37.75102], [-122.397434, 37.751113], [-122.397445, 37.751131]], [[-122.401311, 37.756261], [-122.401405, 37.756178], [-122.401265, 37.756153], [-122.401311, 37.756261]], [[-122.401195, 37.756042], [-122.401002, 37.756129], [-122.401265, 37.756153], [-122.401195, 37.756042]], [[-122.397228, 37.752107], [-122.397277, 37.7523], [-122.397481, 37.752125], [-122.397228, 37.752107]], [[-122.400541, 37.751713], [-122.400737, 37.751455], [-122.400466, 37.751418], [-122.400541, 37.751713]], [[-122.401645, 37.755145], [-122.401563, 37.755297], [-122.402016, 37.755339], [-122.4019, 37.755174], [-122.401645, 37.755145]], [[-122.40171, 37.756736], [-122.401656, 37.756856], [-122.401392, 37.756958], [-122.401621, 37.757153], [-122.401669, 37.757035], [-122.401804, 37.756982], [-122.40171, 37.756736]], [[-122.401464, 37.755784], [-122.401526, 37.756111], [-122.401673, 37.756255], [-122.401736, 37.755878], [-122.401464, 37.755784]], [[-122.400514, 37.755197], [-122.400708, 37.755592], [-122.400913, 37.75524], [-122.400514, 37.755197]], [[-122.401756, 37.750582], [-122.401897, 37.750255], [-122.401737, 37.750189], [-122.401482, 37.750363], [-122.401756, 37.750582]], [[-122.401211, 37.750754], [-122.401276, 37.751095], [-122.401529, 37.750982], [-122.401591, 37.750774], [-122.401211, 37.750754]], [[-122.400259, 37.751698], [-122.400124, 37.751981], [-122.400339, 37.752089], [-122.400538, 37.751817], [-122.400259, 37.751698]], [[-122.400935, 37.755966], [-122.401322, 37.75585], [-122.401272, 37.755744], [-122.40078, 37.755725], [-122.400711, 37.75587], [-122.400935, 37.755966]], [[-122.395707, 37.756139], [-122.395674, 37.75569], [-122.3955, 37.755737], [-122.395174, 37.756271], [-122.395294, 37.756698], [-122.395407, 37.756692], [-122.39542, 37.756872], [-122.395646, 37.756862], [-122.395633, 37.756682], [-122.395361, 37.756588], [-122.395415, 37.756272], [-122.395707, 37.756139]], [[-122.397116, 37.756794], [-122.397003, 37.756799], [-122.397067, 37.756912], [-122.397116, 37.756794]], [[-122.39815, 37.756513], [-122.397887, 37.756489], [-122.397957, 37.7566], [-122.39815, 37.756513]], [[-122.39607, 37.758013], [-122.396296, 37.758002], [-122.396277, 37.757733], [-122.396051, 37.757743], [-122.39607, 37.758013]], [[-122.394061, 37.759665], [-122.393808, 37.759647], [-122.393858, 37.759839], [-122.394061, 37.759665]], [[-122.396292, 37.758948], [-122.396023, 37.758915], [-122.396179, 37.759113], [-122.396292, 37.758948]], [[-122.393703, 37.75353], [-122.394077, 37.753467], [-122.393696, 37.75344], [-122.393703, 37.75353]]], [[[-122.406249, 37.758228], [-122.406509, 37.758489], [-122.406724, 37.759086], [-122.406347, 37.758981], [-122.406327, 37.758711], [-122.406214, 37.758717], [-122.406208, 37.758627], [-122.406249, 37.758228]]], [[[-122.406246, 37.762977], [-122.406106, 37.762923], [-122.406037, 37.762506], [-122.406309, 37.7626], [-122.406246, 37.762977]]], [[[-122.405392, 37.762986], [-122.40579, 37.763062], [-122.405638, 37.763284], [-122.405392, 37.762986]]], [[[-122.406562, 37.763472], [-122.406712, 37.763516], [-122.406622, 37.763674], [-122.406562, 37.763472]]], [[[-122.408365, 37.767981], [-122.4082, 37.767496], [-122.408698, 37.767876], [-122.408969, 37.76797], [-122.408896, 37.768249], [-122.408604, 37.76815], [-122.408598, 37.76806], [-122.408485, 37.768066], [-122.408478, 37.767976], [-122.408365, 37.767981]]], [[[-122.408614, 37.78944], [-122.408306, 37.789623], [-122.40823, 37.789415], [-122.408614, 37.78944]]], [[[-122.406935, 37.79123], [-122.407181, 37.791523], [-122.407031, 37.791631], [-122.407044, 37.79181], [-122.407321, 37.79211], [-122.407173, 37.79239], [-122.407329, 37.792607], [-122.407515, 37.792569], [-122.407582, 37.792446], [-122.407858, 37.792373], [-122.40805, 37.792634], [-122.40824, 37.792656], [-122.40826, 37.792925], [-122.408033, 37.792935], [-122.407635, 37.792642], [-122.407581, 37.792956], [-122.407328, 37.792927], [-122.407229, 37.792792], [-122.406777, 37.792813], [-122.406737, 37.792275], [-122.406515, 37.792206], [-122.406198, 37.792309], [-122.40599, 37.791907], [-122.406443, 37.791803], [-122.406382, 37.791685], [-122.406497, 37.791509], [-122.406715, 37.791392], [-122.406503, 37.791228], [-122.406117, 37.791391], [-122.405974, 37.791139], [-122.406193, 37.791039], [-122.406719, 37.790475], [-122.406713, 37.790385], [-122.407346, 37.790186], [-122.407284, 37.790449], [-122.406845, 37.790649], [-122.407084, 37.790998], [-122.406935, 37.79123]]], [[[-122.408573, 37.790256], [-122.408819, 37.790579], [-122.408548, 37.790661], [-122.408554, 37.79075], [-122.408441, 37.790756], [-122.408448, 37.790845], [-122.408222, 37.790856], [-122.408228, 37.790945], [-122.408115, 37.790951], [-122.407992, 37.791078], [-122.407487, 37.791134], [-122.407517, 37.790528], [-122.408351, 37.790266], [-122.408567, 37.789986], [-122.408573, 37.790256]]], [[[-122.405548, 37.792087], [-122.405241, 37.791983], [-122.405202, 37.791445], [-122.405238, 37.791244], [-122.405541, 37.791028], [-122.405647, 37.791334], [-122.405534, 37.79134], [-122.405548, 37.792087]]], [[[-122.405337, 37.792669], [-122.405175, 37.792833], [-122.405054, 37.792532], [-122.405102, 37.792555], [-122.405337, 37.792669]]], [[[-122.408143, 37.79363], [-122.408212, 37.793827], [-122.407937, 37.793724], [-122.408143, 37.79363]]], [[[-122.408212, 37.793827], [-122.408484, 37.793921], [-122.408408, 37.794209], [-122.408274, 37.794154], [-122.408212, 37.793827]]], [[[-122.40885, 37.794459], [-122.408757, 37.794542], [-122.40871, 37.794435], [-122.40885, 37.794459]]], [[[-122.406946, 37.798509], [-122.406864, 37.798661], [-122.406411, 37.798682], [-122.406398, 37.798502], [-122.406511, 37.798497], [-122.406946, 37.798509]]], [[[-122.407417, 37.801182], [-122.40726, 37.800984], [-122.40753, 37.801017], [-122.407417, 37.801182]]], [[[-122.407506, 37.801242], [-122.407776, 37.801275], [-122.407663, 37.801441], [-122.407506, 37.801242]]], [[[-122.408031, 37.802209], [-122.408171, 37.802233], [-122.408078, 37.802316], [-122.408031, 37.802209]]], [[[-122.408463, 37.804197], [-122.408388, 37.803993], [-122.408656, 37.804029], [-122.408785, 37.804278], [-122.408463, 37.804197]]], [[[-122.408767, 37.804515], [-122.40903, 37.80454], [-122.408837, 37.804627], [-122.408767, 37.804515]]], [[[-122.398956, 37.708902], [-122.39873, 37.708913], [-122.398266, 37.708754], [-122.39814, 37.70858], [-122.397685, 37.708396], [-122.39915, 37.708443], [-122.399156, 37.708533], [-122.399767, 37.709135], [-122.39988, 37.70913], [-122.399886, 37.70922], [-122.399095, 37.709256], [-122.399089, 37.709166], [-122.398976, 37.709172], [-122.398956, 37.708902]]], [[[-122.400384, 37.709827], [-122.400316, 37.710052], [-122.399932, 37.709848], [-122.399706, 37.709858], [-122.399699, 37.709769], [-122.39936, 37.709784], [-122.399354, 37.709694], [-122.399806, 37.709674], [-122.399799, 37.709584], [-122.399567, 37.709505], [-122.39956, 37.709415], [-122.399447, 37.70942], [-122.399441, 37.70933], [-122.399893, 37.70931], [-122.399899, 37.709399], [-122.400012, 37.709394], [-122.400019, 37.709484], [-122.399906, 37.709489], [-122.399919, 37.709668], [-122.400258, 37.709653], [-122.400271, 37.709832], [-122.400384, 37.709827]]], [[[-122.401211, 37.71186], [-122.401099, 37.711865], [-122.401092, 37.711775], [-122.400917, 37.711665], [-122.401027, 37.711291], [-122.401179, 37.711411], [-122.401198, 37.71168], [-122.401424, 37.71167], [-122.401431, 37.71176], [-122.401544, 37.711755], [-122.401537, 37.711665], [-122.401931, 37.711706], [-122.401776, 37.711834], [-122.401783, 37.711924], [-122.401218, 37.71195], [-122.401211, 37.71186]]], [[[-122.403462, 37.713197], [-122.403456, 37.713107], [-122.403343, 37.713112], [-122.403336, 37.713023], [-122.403223, 37.713028], [-122.40321, 37.712848], [-122.403097, 37.712854], [-122.403091, 37.712764], [-122.402978, 37.712769], [-122.402971, 37.712679], [-122.403197, 37.712669], [-122.403204, 37.712759], [-122.403429, 37.712748], [-122.403436, 37.712838], [-122.403662, 37.712828], [-122.403668, 37.712917], [-122.403894, 37.712907], [-122.403901, 37.712997], [-122.404295, 37.713065], [-122.404161, 37.713292], [-122.403462, 37.713197]]], [[[-122.402306, 37.71289], [-122.402144, 37.712798], [-122.4024, 37.712616], [-122.402306, 37.71289]]], [[[-122.402333, 37.713249], [-122.402413, 37.713144], [-122.402791, 37.713318], [-122.402539, 37.71348], [-122.402472, 37.713603], [-122.402133, 37.713618], [-122.402113, 37.713349], [-122.402226, 37.713344], [-122.40222, 37.713254], [-122.402333, 37.713249]]], [[[-122.401944, 37.713607], [-122.402049, 37.713681], [-122.401913, 37.713718], [-122.401944, 37.713607]]], [[[-122.400219, 37.713796], [-122.400535, 37.713805], [-122.400711, 37.713934], [-122.400259, 37.713951], [-122.400219, 37.713796]]], [[[-122.401913, 37.713718], [-122.401875, 37.714023], [-122.401368, 37.71432], [-122.401101, 37.714074], [-122.401481, 37.714008], [-122.401475, 37.713919], [-122.401588, 37.713913], [-122.401666, 37.71377], [-122.401913, 37.713718]]], [[[-122.399699, 37.71496], [-122.399513, 37.714999], [-122.399533, 37.715268], [-122.39942, 37.715273], [-122.399361, 37.714466], [-122.399587, 37.714455], [-122.399655, 37.714332], [-122.400186, 37.714378], [-122.400118, 37.714491], [-122.399753, 37.714658], [-122.399699, 37.71496]]], [[[-122.403732, 37.715345], [-122.403719, 37.715166], [-122.403832, 37.715161], [-122.403958, 37.715335], [-122.403845, 37.71534], [-122.403732, 37.715345]]], [[[-122.403428, 37.716386], [-122.403363, 37.716242], [-122.403552, 37.715984], [-122.403665, 37.715979], [-122.403678, 37.716158], [-122.403791, 37.716153], [-122.403797, 37.716243], [-122.403428, 37.716386]]], [[[-122.403393, 37.717218], [-122.403256, 37.717025], [-122.404188, 37.716945], [-122.404195, 37.717035], [-122.404556, 37.717053], [-122.4047, 37.717241], [-122.404102, 37.717309], [-122.404095, 37.717219], [-122.403393, 37.717218]]], [[[-122.401024, 37.718621], [-122.401056, 37.71907], [-122.400618, 37.71927], [-122.400474, 37.718696], [-122.400153, 37.719111], [-122.400146, 37.719021], [-122.400033, 37.719027], [-122.40012, 37.718662], [-122.400035, 37.718547], [-122.399728, 37.718407], [-122.400279, 37.718436], [-122.400294, 37.717934], [-122.400165, 37.71785], [-122.399618, 37.716435], [-122.399385, 37.716355], [-122.39934, 37.715727], [-122.399181, 37.715665], [-122.3994, 37.715432], [-122.399566, 37.715717], [-122.399679, 37.715712], [-122.399718, 37.71625], [-122.399976, 37.716448], [-122.40034, 37.717641], [-122.400336, 37.7178], [-122.4004, 37.717839], [-122.400559, 37.718462], [-122.400672, 37.718457], [-122.400685, 37.718636], [-122.401024, 37.718621]]], [[[-122.402972, 37.717361], [-122.402994, 37.71716], [-122.403207, 37.717316], [-122.402972, 37.717361]]], [[[-122.402208, 37.718267], [-122.40214, 37.71839], [-122.402027, 37.718395], [-122.402034, 37.718484], [-122.401921, 37.71849], [-122.401927, 37.718579], [-122.401708, 37.718679], [-122.401715, 37.718769], [-122.401213, 37.718737], [-122.40129, 37.71845], [-122.401492, 37.718186], [-122.402026, 37.71805], [-122.40186, 37.717588], [-122.402133, 37.717428], [-122.402244, 37.717628], [-122.40254, 37.717651], [-122.402353, 37.7182], [-122.402208, 37.718267]]], [[[-122.40151, 37.720701], [-122.401646, 37.720933], [-122.401944, 37.720992], [-122.402011, 37.721277], [-122.401898, 37.721282], [-122.401975, 37.721469], [-122.402257, 37.721573], [-122.402512, 37.721253], [-122.403134, 37.721321], [-122.403083, 37.721615], [-122.403288, 37.721842], [-122.403224, 37.722211], [-122.403393, 37.722731], [-122.402993, 37.72289], [-122.403085, 37.722357], [-122.402337, 37.722002], [-122.401948, 37.722081], [-122.401209, 37.721821], [-122.401654, 37.721705], [-122.401739, 37.721561], [-122.401333, 37.721308], [-122.40122, 37.721313], [-122.401213, 37.721223], [-122.401015, 37.721111], [-122.401153, 37.720896], [-122.40087, 37.719618], [-122.400757, 37.719624], [-122.400744, 37.719444], [-122.401308, 37.719418], [-122.401315, 37.719508], [-122.401428, 37.719503], [-122.401448, 37.719772], [-122.401561, 37.719767], [-122.401587, 37.720126], [-122.40151, 37.720701]]], [[[-122.400902, 37.722715], [-122.40071, 37.722801], [-122.40064, 37.72269], [-122.400902, 37.722715]]], [[[-122.404028, 37.723355], [-122.403699, 37.723491], [-122.403211, 37.723176], [-122.403271, 37.723019], [-122.403567, 37.723076], [-122.404028, 37.723355]]], [[[-122.402606, 37.72323], [-122.402889, 37.723366], [-122.402727, 37.723531], [-122.402606, 37.72323]]], [[[-122.401264, 37.723472], [-122.401661, 37.723513], [-122.401321, 37.723782], [-122.4011, 37.723614], [-122.401213, 37.723521], [-122.401264, 37.723472]]], [[[-122.404712, 37.724123], [-122.404981, 37.724157], [-122.404868, 37.724322], [-122.404712, 37.724123]]], [[[-122.404718, 37.730425], [-122.404589, 37.730641], [-122.404492, 37.730436], [-122.404605, 37.730431], [-122.404653, 37.730313], [-122.404718, 37.730425]]], [[[-122.400746, 37.734499], [-122.400699, 37.734391], [-122.400839, 37.734416], [-122.400746, 37.734499]]], [[[-122.399873, 37.73551], [-122.39988, 37.7356], [-122.399767, 37.735605], [-122.399773, 37.735694], [-122.399548, 37.735705], [-122.399518, 37.735943], [-122.399109, 37.735905], [-122.398898, 37.73529], [-122.398619, 37.735155], [-122.398691, 37.734844], [-122.397971, 37.734813], [-122.398138, 37.73505], [-122.398039, 37.735234], [-122.39866, 37.735292], [-122.398571, 37.735553], [-122.397992, 37.735362], [-122.397388, 37.735624], [-122.397401, 37.735803], [-122.397766, 37.736147], [-122.398137, 37.736204], [-122.398248, 37.736513], [-122.397553, 37.736337], [-122.397546, 37.736247], [-122.39732, 37.736257], [-122.397314, 37.736168], [-122.39684, 37.736126], [-122.39661, 37.73584], [-122.396384, 37.73585], [-122.396377, 37.73576], [-122.396264, 37.735766], [-122.396258, 37.735676], [-122.396032, 37.735686], [-122.396025, 37.735597], [-122.395686, 37.735612], [-122.395693, 37.735702], [-122.39558, 37.735707], [-122.395586, 37.735797], [-122.395699, 37.735792], [-122.395632, 37.736016], [-122.39548, 37.735892], [-122.395467, 37.735712], [-122.394789, 37.735743], [-122.394782, 37.735654], [-122.394556, 37.735664], [-122.39455, 37.735574], [-122.394437, 37.735579], [-122.39443, 37.73549], [-122.394204, 37.7355], [-122.394198, 37.73541], [-122.393965, 37.735331], [-122.393959, 37.735241], [-122.393733, 37.735252], [-122.393726, 37.735162], [-122.393613, 37.735167], [-122.393607, 37.735077], [-122.393374, 37.734998], [-122.393368, 37.734908], [-122.393008, 37.73484], [-122.392594, 37.734323], [-122.392923, 37.73407], [-122.392768, 37.733183], [-122.393066, 37.733294], [-122.39315, 37.733478], [-122.393376, 37.733467], [-122.393759, 37.733759], [-122.39418, 37.73361], [-122.394167, 37.733431], [-122.39428, 37.733426], [-122.394274, 37.733336], [-122.394493, 37.733236], [-122.39448, 37.733057], [-122.394593, 37.733051], [-122.394587, 37.732962], [-122.394699, 37.732956], [-122.394693, 37.732867], [-122.394806, 37.732861], [-122.394799, 37.732772], [-122.395019, 37.732672], [-122.394999, 37.732402], [-122.395571, 37.732263], [-122.395727, 37.732422], [-122.396296, 37.732484], [-122.395731, 37.732776], [-122.395258, 37.732841], [-122.395264, 37.73293], [-122.395038, 37.732941], [-122.395045, 37.733031], [-122.394932, 37.733036], [-122.394839, 37.73331], [-122.394619, 37.73341], [-122.394632, 37.73359], [-122.394519, 37.733595], [-122.394532, 37.733774], [-122.394419, 37.73378], [-122.394426, 37.733869], [-122.394313, 37.733874], [-122.394237, 37.734013], [-122.393914, 37.734103], [-122.393894, 37.734344], [-122.394233, 37.734328], [-122.394239, 37.734418], [-122.394352, 37.734413], [-122.394365, 37.734592], [-122.394478, 37.734587], [-122.394485, 37.734677], [-122.394598, 37.734672], [-122.394604, 37.734761], [-122.39483, 37.734751], [-122.394837, 37.734841], [-122.395408, 37.734905], [-122.395402, 37.734815], [-122.395741, 37.734799], [-122.395916, 37.73472], [-122.395966, 37.734789], [-122.396192, 37.734779], [-122.396332, 37.735132], [-122.396564, 37.735212], [-122.396571, 37.735301], [-122.39691, 37.735286], [-122.397048, 37.734959], [-122.397335, 37.734906], [-122.397329, 37.734816], [-122.397442, 37.734811], [-122.397731, 37.734488], [-122.398717, 37.734532], [-122.399065, 37.734728], [-122.398917, 37.734833], [-122.398924, 37.734923], [-122.399156, 37.735003], [-122.399169, 37.735182], [-122.399282, 37.735177], [-122.399415, 37.735441], [-122.399754, 37.735425], [-122.399918, 37.735201], [-122.40004, 37.734706], [-122.400273, 37.734771], [-122.400286, 37.734951], [-122.400116, 37.735029], [-122.400044, 37.735431], [-122.399873, 37.73551]], [[-122.393316, 37.73419], [-122.393322, 37.73428], [-122.393435, 37.734275], [-122.393429, 37.734185], [-122.393316, 37.73419]], [[-122.393051, 37.73421], [-122.393206, 37.734415], [-122.393322, 37.73428], [-122.393051, 37.73421]]], [[[-122.399516, 37.737428], [-122.400004, 37.737304], [-122.400126, 37.737424], [-122.40023, 37.737294], [-122.400343, 37.737289], [-122.40062, 37.737583], [-122.39941, 37.737559], [-122.399516, 37.737428]]], [[[-122.404433, 37.746734], [-122.40432, 37.74674], [-122.404313, 37.74665], [-122.404426, 37.746645], [-122.404433, 37.746734]]], [[[-122.40424, 37.747193], [-122.404353, 37.747188], [-122.404372, 37.747457], [-122.404259, 37.747463], [-122.40424, 37.747193]]], [[[-122.404349, 37.756462], [-122.404362, 37.756641], [-122.404527, 37.756721], [-122.404333, 37.756853], [-122.404136, 37.756652], [-122.404023, 37.756657], [-122.404016, 37.756567], [-122.403903, 37.756572], [-122.403897, 37.756482], [-122.403784, 37.756488], [-122.403764, 37.756218], [-122.403651, 37.756224], [-122.403625, 37.755865], [-122.403462, 37.755792], [-122.403627, 37.755656], [-122.403731, 37.75577], [-122.403844, 37.755765], [-122.403864, 37.756034], [-122.403977, 37.756029], [-122.403997, 37.756298], [-122.40411, 37.756293], [-122.404116, 37.756382], [-122.404349, 37.756462]]], [[[-122.400974, 37.759191], [-122.401404, 37.759151], [-122.402095, 37.759979], [-122.403033, 37.760346], [-122.403589, 37.759791], [-122.403911, 37.75968], [-122.403567, 37.760261], [-122.403905, 37.76052], [-122.40321, 37.760878], [-122.403328, 37.760406], [-122.40286, 37.76045], [-122.402566, 37.760744], [-122.402108, 37.760743], [-122.402028, 37.761128], [-122.402492, 37.761097], [-122.402492, 37.76147], [-122.403067, 37.761833], [-122.402687, 37.762135], [-122.402388, 37.762224], [-122.402264, 37.762102], [-122.401992, 37.76237], [-122.401899, 37.762734], [-122.401598, 37.762647], [-122.401426, 37.762126], [-122.401026, 37.761697], [-122.401367, 37.761574], [-122.401244, 37.761486], [-122.400744, 37.761589], [-122.400613, 37.761186], [-122.400971, 37.761058], [-122.400072, 37.760496], [-122.398879, 37.760765], [-122.398886, 37.760854], [-122.398773, 37.760859], [-122.398566, 37.761139], [-122.398256, 37.760898], [-122.397875, 37.760991], [-122.397621, 37.761227], [-122.397379, 37.761077], [-122.39779, 37.76059], [-122.397958, 37.760271], [-122.398653, 37.760009], [-122.399883, 37.759772], [-122.400335, 37.759759], [-122.400331, 37.759662], [-122.399858, 37.759506], [-122.400303, 37.759308], [-122.399726, 37.759008], [-122.400154, 37.758818], [-122.399571, 37.758575], [-122.400244, 37.758501], [-122.400126, 37.758411], [-122.399472, 37.75824], [-122.399174, 37.757826], [-122.399102, 37.757603], [-122.399688, 37.757655], [-122.399794, 37.757751], [-122.400133, 37.757736], [-122.400139, 37.757826], [-122.400627, 37.757977], [-122.400342, 37.758203], [-122.400243, 37.758423], [-122.400826, 37.758791], [-122.400974, 37.759191]], [[-122.400966, 37.759709], [-122.401224, 37.759586], [-122.401055, 37.759494], [-122.400966, 37.759709]], [[-122.401268, 37.761265], [-122.401272, 37.760925], [-122.401077, 37.760957], [-122.401105, 37.761405], [-122.401268, 37.761265]]], [[[-122.4023, 37.758937], [-122.402076, 37.758612], [-122.402213, 37.75827], [-122.402494, 37.758321], [-122.4023, 37.758937]]], [[[-122.403818, 37.761618], [-122.403987, 37.76171], [-122.403729, 37.761833], [-122.403818, 37.761618]]], [[[-122.400828, 37.762085], [-122.40066, 37.761853], [-122.401025, 37.761873], [-122.401167, 37.762074], [-122.400828, 37.762085]]], [[[-122.403102, 37.763255], [-122.402799, 37.763195], [-122.402466, 37.763008], [-122.402617, 37.762799], [-122.402414, 37.762583], [-122.402147, 37.762553], [-122.402225, 37.762299], [-122.402388, 37.762224], [-122.402553, 37.76237], [-122.403043, 37.762298], [-122.403022, 37.762547], [-122.403718, 37.76284], [-122.404103, 37.762909], [-122.404315, 37.763074], [-122.403198, 37.763015], [-122.403102, 37.763255]]], [[[-122.402035, 37.763452], [-122.401479, 37.763034], [-122.401403, 37.762719], [-122.40217, 37.763185], [-122.402035, 37.763452]]], [[[-122.401026, 37.763247], [-122.400964, 37.76292], [-122.401236, 37.763013], [-122.40116, 37.763301], [-122.401026, 37.763247]]], [[[-122.404425, 37.764407], [-122.403995, 37.764041], [-122.404455, 37.764125], [-122.404745, 37.764295], [-122.404425, 37.764407]]], [[[-122.404716, 37.801045], [-122.40461, 37.800722], [-122.40474, 37.800649], [-122.404778, 37.800437], [-122.40507, 37.800551], [-122.404939, 37.80079], [-122.404716, 37.801045]]], [[[-122.396637, 37.709729], [-122.396524, 37.709734], [-122.396517, 37.709645], [-122.396059, 37.709576], [-122.396046, 37.709396], [-122.395813, 37.709317], [-122.395794, 37.709048], [-122.395907, 37.709042], [-122.395887, 37.708773], [-122.396113, 37.708763], [-122.39612, 37.708853], [-122.396233, 37.708847], [-122.396246, 37.709027], [-122.396359, 37.709022], [-122.396443, 37.709137], [-122.396598, 37.709191], [-122.396617, 37.70946], [-122.396637, 37.709729]]], [[[-122.397766, 37.709677], [-122.397686, 37.710131], [-122.396756, 37.709814], [-122.39675, 37.709724], [-122.397314, 37.709698], [-122.397308, 37.709608], [-122.397534, 37.709598], [-122.397527, 37.709508], [-122.397979, 37.709487], [-122.397986, 37.709577], [-122.397873, 37.709582], [-122.397879, 37.709672], [-122.397766, 37.709677]]], [[[-122.395746, 37.70995], [-122.395859, 37.709945], [-122.395885, 37.710304], [-122.395998, 37.710299], [-122.396037, 37.710837], [-122.39615, 37.710832], [-122.396176, 37.711191], [-122.396289, 37.711186], [-122.396254, 37.711492], [-122.396013, 37.71122], [-122.395931, 37.710932], [-122.395818, 37.710937], [-122.395805, 37.710758], [-122.395692, 37.710763], [-122.395646, 37.710135], [-122.395533, 37.71014], [-122.395543, 37.710969], [-122.395373, 37.711048], [-122.395331, 37.711259], [-122.39526, 37.711053], [-122.395096, 37.71097], [-122.395247, 37.710873], [-122.395201, 37.710245], [-122.395088, 37.71025], [-122.395062, 37.709891], [-122.395139, 37.709581], [-122.395344, 37.709735], [-122.395407, 37.709966], [-122.39552, 37.70996], [-122.395507, 37.709781], [-122.395733, 37.709771], [-122.39574, 37.70986], [-122.395746, 37.70995]]], [[[-122.39938, 37.710053], [-122.398928, 37.710074], [-122.398915, 37.709895], [-122.39936, 37.709784], [-122.39938, 37.710053]]], [[[-122.398935, 37.710164], [-122.398822, 37.710169], [-122.398815, 37.710079], [-122.398928, 37.710074], [-122.398935, 37.710164]]], [[[-122.396116, 37.711914], [-122.395946, 37.711822], [-122.396085, 37.71161], [-122.396617, 37.711971], [-122.396452, 37.712107], [-122.396348, 37.711993], [-122.396122, 37.712004], [-122.396116, 37.711914]]], [[[-122.399334, 37.712007], [-122.398863, 37.712028], [-122.398946, 37.711874], [-122.399334, 37.712007]]], [[[-122.395551, 37.71194], [-122.395612, 37.711718], [-122.395821, 37.711864], [-122.395716, 37.712126], [-122.395188, 37.712213], [-122.395137, 37.712015], [-122.395551, 37.71194]]], [[[-122.398476, 37.712092], [-122.397993, 37.712019], [-122.397447, 37.712155], [-122.397365, 37.711947], [-122.398768, 37.711921], [-122.398476, 37.712092]]], [[[-122.39551, 37.712932], [-122.395664, 37.712985], [-122.395749, 37.713101], [-122.396002, 37.71313], [-122.396101, 37.713265], [-122.396214, 37.71326], [-122.39622, 37.71335], [-122.396333, 37.713344], [-122.39634, 37.713434], [-122.396452, 37.713429], [-122.396459, 37.713519], [-122.396685, 37.713508], [-122.396691, 37.713598], [-122.396804, 37.713593], [-122.396811, 37.713683], [-122.396965, 37.713736], [-122.397182, 37.714116], [-122.397295, 37.71411], [-122.397308, 37.71429], [-122.397541, 37.714369], [-122.397554, 37.714549], [-122.397667, 37.714544], [-122.39768, 37.714723], [-122.397912, 37.714802], [-122.397925, 37.714982], [-122.398038, 37.714977], [-122.398078, 37.715515], [-122.398191, 37.71551], [-122.398204, 37.715689], [-122.398317, 37.715684], [-122.398336, 37.715953], [-122.398449, 37.715948], [-122.398469, 37.716217], [-122.397047, 37.715717], [-122.396616, 37.715672], [-122.396609, 37.715582], [-122.396496, 37.715588], [-122.39629, 37.715412], [-122.395382, 37.715148], [-122.395194, 37.714988], [-122.394291, 37.714879], [-122.394285, 37.714789], [-122.393946, 37.714804], [-122.393939, 37.714715], [-122.393488, 37.714735], [-122.393481, 37.714646], [-122.393142, 37.714661], [-122.393136, 37.714571], [-122.39291, 37.714582], [-122.392903, 37.714492], [-122.392564, 37.714508], [-122.392558, 37.714418], [-122.392099, 37.714349], [-122.392093, 37.714259], [-122.39198, 37.714264], [-122.391544, 37.713793], [-122.391123, 37.713131], [-122.390872, 37.713055], [-122.390866, 37.712965], [-122.390753, 37.71297], [-122.390552, 37.712632], [-122.390042, 37.712553], [-122.389955, 37.712917], [-122.389729, 37.712927], [-122.389723, 37.712837], [-122.38961, 37.712842], [-122.389597, 37.712663], [-122.389823, 37.712653], [-122.38981, 37.712473], [-122.389232, 37.71232], [-122.388787, 37.71243], [-122.388328, 37.712361], [-122.388244, 37.712245], [-122.388089, 37.712192], [-122.387864, 37.712202], [-122.38787, 37.712292], [-122.387757, 37.712297], [-122.387669, 37.712193], [-122.387374, 37.712278], [-122.387651, 37.712392], [-122.387657, 37.712482], [-122.387544, 37.712487], [-122.387551, 37.712577], [-122.387438, 37.712582], [-122.387411, 37.712733], [-122.387118, 37.712867], [-122.386667, 37.712887], [-122.386541, 37.712713], [-122.386521, 37.712444], [-122.386634, 37.712439], [-122.386908, 37.711526], [-122.387134, 37.711515], [-122.387108, 37.711157], [-122.387333, 37.711146], [-122.387327, 37.711056], [-122.387965, 37.710997], [-122.388111, 37.71093], [-122.388105, 37.710841], [-122.388331, 37.71083], [-122.388324, 37.710741], [-122.38855, 37.71073], [-122.388543, 37.710641], [-122.389334, 37.710604], [-122.389341, 37.710694], [-122.389679, 37.710679], [-122.389673, 37.710589], [-122.390915, 37.710532], [-122.391728, 37.710693], [-122.391978, 37.711113], [-122.392611, 37.711047], [-122.392574, 37.710943], [-122.393051, 37.710847], [-122.393829, 37.711066], [-122.393694, 37.711251], [-122.392847, 37.711141], [-122.392731, 37.71144], [-122.392511, 37.711576], [-122.392482, 37.71181], [-122.392595, 37.711805], [-122.392601, 37.711895], [-122.392827, 37.711885], [-122.392833, 37.711974], [-122.393172, 37.711959], [-122.393777, 37.711532], [-122.394349, 37.711823], [-122.394503, 37.712181], [-122.394853, 37.712371], [-122.394983, 37.712673], [-122.395277, 37.712853], [-122.39539, 37.712847], [-122.395397, 37.712937], [-122.395284, 37.712942], [-122.395297, 37.713122], [-122.395523, 37.713111], [-122.39551, 37.712932]], [[-122.395588, 37.713224], [-122.395636, 37.713106], [-122.395523, 37.713111], [-122.395588, 37.713224]], [[-122.388285, 37.711485], [-122.38865, 37.711379], [-122.388476, 37.711274], [-122.388363, 37.711279], [-122.388285, 37.711485]], [[-122.390542, 37.711629], [-122.390768, 37.711619], [-122.390761, 37.711529], [-122.390648, 37.711534], [-122.390583, 37.711422], [-122.390542, 37.711629]], [[-122.391333, 37.711073], [-122.391427, 37.710989], [-122.391287, 37.710965], [-122.391333, 37.711073]], [[-122.396395, 37.713638], [-122.39612, 37.713534], [-122.396189, 37.713732], [-122.396395, 37.713638]]], [[[-122.397442, 37.713862], [-122.397376, 37.713657], [-122.397263, 37.713662], [-122.397237, 37.713303], [-122.39735, 37.713298], [-122.39733, 37.713028], [-122.397443, 37.713023], [-122.39749, 37.712808], [-122.398008, 37.712997], [-122.398014, 37.713087], [-122.397788, 37.713097], [-122.397795, 37.713187], [-122.397721, 37.71322], [-122.397678, 37.713749], [-122.397442, 37.713862]]], [[[-122.399348, 37.714286], [-122.399235, 37.714291], [-122.399248, 37.714471], [-122.399016, 37.714392], [-122.398964, 37.713674], [-122.398731, 37.713594], [-122.398725, 37.713505], [-122.398612, 37.71351], [-122.398599, 37.71333], [-122.398486, 37.713336], [-122.398473, 37.713156], [-122.398586, 37.713151], [-122.398579, 37.713061], [-122.398466, 37.713066], [-122.39846, 37.712977], [-122.399314, 37.713139], [-122.399448, 37.714102], [-122.399335, 37.714107], [-122.399342, 37.714197], [-122.399348, 37.714286]]], [[[-122.398364, 37.714782], [-122.398477, 37.714776], [-122.398503, 37.715135], [-122.39839, 37.715141], [-122.398349, 37.715352], [-122.398277, 37.715146], [-122.398164, 37.715151], [-122.398138, 37.714792], [-122.398025, 37.714797], [-122.398006, 37.714528], [-122.397893, 37.714533], [-122.397954, 37.71381], [-122.398066, 37.713805], [-122.39808, 37.713984], [-122.398192, 37.713979], [-122.398219, 37.714338], [-122.398332, 37.714333], [-122.398351, 37.714602], [-122.398364, 37.714782]]], [[[-122.399427, 37.715363], [-122.399314, 37.715368], [-122.399307, 37.715279], [-122.39942, 37.715273], [-122.399427, 37.715363]]], [[[-122.396229, 37.71659], [-122.396342, 37.716585], [-122.396336, 37.716495], [-122.396448, 37.71649], [-122.396497, 37.716373], [-122.396561, 37.716485], [-122.397026, 37.716644], [-122.398156, 37.716592], [-122.398176, 37.716861], [-122.398288, 37.716856], [-122.398302, 37.717035], [-122.398021, 37.717348], [-122.397876, 37.717415], [-122.397882, 37.717505], [-122.397398, 37.717652], [-122.397305, 37.717351], [-122.397646, 37.717264], [-122.397787, 37.717115], [-122.397285, 37.717082], [-122.397298, 37.717261], [-122.396876, 37.717243], [-122.396488, 37.717029], [-122.396262, 37.717039], [-122.396268, 37.717129], [-122.396042, 37.717139], [-122.396049, 37.717229], [-122.395823, 37.717239], [-122.395571, 37.716891], [-122.395338, 37.716811], [-122.395319, 37.716542], [-122.395186, 37.716278], [-122.395073, 37.716283], [-122.395094, 37.7158], [-122.395373, 37.715729], [-122.395386, 37.715909], [-122.395499, 37.715904], [-122.395506, 37.715993], [-122.395619, 37.715988], [-122.395745, 37.716162], [-122.395858, 37.716157], [-122.396229, 37.71659]]], [[[-122.39561, 37.717429], [-122.395604, 37.717339], [-122.395717, 37.717334], [-122.395723, 37.717424], [-122.39561, 37.717429]]], [[[-122.395104, 37.718263], [-122.394937, 37.718399], [-122.394798, 37.718727], [-122.395024, 37.718716], [-122.39503, 37.718806], [-122.395256, 37.718796], [-122.395263, 37.718885], [-122.395653, 37.718946], [-122.395367, 37.719188], [-122.39493, 37.718991], [-122.39463, 37.718972], [-122.394311, 37.718806], [-122.394127, 37.7189], [-122.394308, 37.719224], [-122.393655, 37.718987], [-122.393203, 37.71862], [-122.393542, 37.718604], [-122.393516, 37.718245], [-122.393629, 37.71824], [-122.393616, 37.718061], [-122.393503, 37.718066], [-122.393496, 37.717976], [-122.393384, 37.717981], [-122.393377, 37.717892], [-122.393158, 37.717992], [-122.393151, 37.717902], [-122.393038, 37.717907], [-122.393032, 37.717817], [-122.392919, 37.717823], [-122.392912, 37.717733], [-122.392341, 37.717669], [-122.392334, 37.717579], [-122.391995, 37.717595], [-122.391989, 37.717505], [-122.39153, 37.717436], [-122.391524, 37.717346], [-122.39175, 37.717336], [-122.391743, 37.717246], [-122.391856, 37.717241], [-122.391824, 37.716792], [-122.392163, 37.716777], [-122.392289, 37.716439], [-122.392194, 37.716175], [-122.391865, 37.7158], [-122.391945, 37.715346], [-122.392058, 37.715341], [-122.392052, 37.715251], [-122.392165, 37.715246], [-122.392158, 37.715157], [-122.3923, 37.715105], [-122.392152, 37.715067], [-122.392132, 37.714798], [-122.392584, 37.714777], [-122.39259, 37.714867], [-122.392816, 37.714856], [-122.392823, 37.714946], [-122.392936, 37.714941], [-122.392949, 37.71512], [-122.393201, 37.715469], [-122.393314, 37.715464], [-122.39332, 37.715553], [-122.393553, 37.715633], [-122.393559, 37.715722], [-122.393785, 37.715712], [-122.393792, 37.715802], [-122.394469, 37.715771], [-122.394509, 37.716309], [-122.394283, 37.71632], [-122.394289, 37.716409], [-122.394176, 37.716414], [-122.394183, 37.716504], [-122.394008, 37.716585], [-122.393983, 37.716873], [-122.394159, 37.716989], [-122.39367, 37.717248], [-122.39369, 37.717517], [-122.39347, 37.717617], [-122.39349, 37.717886], [-122.393722, 37.717966], [-122.393735, 37.718145], [-122.393961, 37.718135], [-122.393955, 37.718045], [-122.394068, 37.71804], [-122.394061, 37.71795], [-122.394174, 37.717945], [-122.3943, 37.718119], [-122.394901, 37.717948], [-122.39582, 37.717833], [-122.396082, 37.717677], [-122.396472, 37.717738], [-122.396278, 37.717902], [-122.396101, 37.717947], [-122.396108, 37.718036], [-122.395882, 37.718047], [-122.395888, 37.718136], [-122.395217, 37.718257], [-122.395104, 37.718263]], [[-122.392295, 37.717041], [-122.392509, 37.717244], [-122.392803, 37.717126], [-122.392295, 37.717041]], [[-122.393861, 37.71832], [-122.393868, 37.718409], [-122.393642, 37.71842], [-122.393947, 37.718568], [-122.393987, 37.718494], [-122.3941, 37.718489], [-122.394087, 37.718309], [-122.393974, 37.718314], [-122.393861, 37.71832]]], [[[-122.398897, 37.718989], [-122.39901, 37.718984], [-122.399023, 37.719163], [-122.399192, 37.719255], [-122.398931, 37.719379], [-122.398797, 37.719173], [-122.398684, 37.719179], [-122.398665, 37.718909], [-122.398592, 37.718878], [-122.398359, 37.718417], [-122.398287, 37.718387], [-122.398293, 37.718476], [-122.398067, 37.718487], [-122.398, 37.71861], [-122.397831, 37.71841], [-122.398167, 37.718302], [-122.398228, 37.71819], [-122.398692, 37.718351], [-122.398765, 37.718725], [-122.398873, 37.71872], [-122.398897, 37.718989]]], [[[-122.396863, 37.718925], [-122.396366, 37.719038], [-122.396499, 37.718739], [-122.397, 37.718761], [-122.396863, 37.718925]]], [[[-122.39575, 37.719637], [-122.396099, 37.719477], [-122.396485, 37.719505], [-122.396364, 37.719659], [-122.395876, 37.719793], [-122.39575, 37.719637]]], [[[-122.39548, 37.720238], [-122.395573, 37.720042], [-122.395852, 37.720161], [-122.39548, 37.720238]]], [[[-122.39863, 37.719681], [-122.399128, 37.719909], [-122.399021, 37.720909], [-122.398775, 37.720945], [-122.398876, 37.72025], [-122.398744, 37.720176], [-122.39863, 37.719681]]], [[[-122.397903, 37.722456], [-122.39779, 37.722461], [-122.397803, 37.72264], [-122.39767, 37.722778], [-122.39757, 37.722561], [-122.397551, 37.722292], [-122.397664, 37.722287], [-122.397644, 37.722017], [-122.397757, 37.722012], [-122.397744, 37.721833], [-122.397857, 37.721827], [-122.397837, 37.721558], [-122.39795, 37.721553], [-122.397924, 37.721194], [-122.397585, 37.72121], [-122.397442, 37.72143], [-122.397335, 37.721195], [-122.397466, 37.721125], [-122.397459, 37.721035], [-122.398529, 37.721033], [-122.398438, 37.721666], [-122.398089, 37.721907], [-122.398096, 37.721997], [-122.397983, 37.722002], [-122.397996, 37.722181], [-122.397883, 37.722186], [-122.397903, 37.722456]]], [[[-122.397026, 37.731448], [-122.397193, 37.731789], [-122.397478, 37.731524], [-122.397962, 37.731741], [-122.397976, 37.732042], [-122.398436, 37.732193], [-122.39857, 37.732374], [-122.398515, 37.732421], [-122.398647, 37.732685], [-122.399019, 37.733117], [-122.399439, 37.733263], [-122.39951, 37.733636], [-122.399397, 37.733641], [-122.399391, 37.733551], [-122.399165, 37.733562], [-122.399158, 37.733472], [-122.399045, 37.733477], [-122.399039, 37.733387], [-122.398926, 37.733393], [-122.398919, 37.733303], [-122.398806, 37.733308], [-122.3988, 37.733218], [-122.397913, 37.732671], [-122.396983, 37.732354], [-122.396581, 37.73233], [-122.396574, 37.73224], [-122.396123, 37.732261], [-122.396103, 37.731992], [-122.396734, 37.731842], [-122.396768, 37.731781], [-122.396525, 37.731602], [-122.395899, 37.731505], [-122.394771, 37.73146], [-122.395421, 37.731171], [-122.395394, 37.7309], [-122.396405, 37.731007], [-122.396727, 37.731245], [-122.397026, 37.731448]], [[-122.397698, 37.732098], [-122.397811, 37.732093], [-122.397804, 37.732004], [-122.397691, 37.732009], [-122.397698, 37.732098]]], [[[-122.398512, 37.731918], [-122.398319, 37.732004], [-122.39825, 37.731893], [-122.398512, 37.731918]]], [[[-122.397431, 37.733101], [-122.397444, 37.733281], [-122.39759, 37.733351], [-122.397646, 37.733508], [-122.39737, 37.733824], [-122.39739, 37.734093], [-122.397277, 37.734099], [-122.397233, 37.734257], [-122.396821, 37.734736], [-122.396405, 37.734589], [-122.395668, 37.734486], [-122.39576, 37.734387], [-122.396266, 37.734235], [-122.39626, 37.734145], [-122.396147, 37.73415], [-122.396175, 37.733752], [-122.396374, 37.733857], [-122.396486, 37.734135], [-122.396938, 37.734114], [-122.396925, 37.733935], [-122.397038, 37.733929], [-122.396998, 37.733391], [-122.396885, 37.733396], [-122.396859, 37.733037], [-122.396181, 37.733068], [-122.396016, 37.732988], [-122.396129, 37.732782], [-122.396833, 37.732678], [-122.39684, 37.732768], [-122.397066, 37.732758], [-122.397072, 37.732847], [-122.397185, 37.732842], [-122.397192, 37.732932], [-122.397305, 37.732927], [-122.397318, 37.733106], [-122.397431, 37.733101]]], [[[-122.399569, 37.734444], [-122.399392, 37.734523], [-122.399084, 37.734016], [-122.399319, 37.734097], [-122.399569, 37.734444]]], [[[-122.398858, 37.73617], [-122.398593, 37.736079], [-122.398544, 37.735931], [-122.398923, 37.735951], [-122.398858, 37.73617]]], [[[-122.399022, 37.736269], [-122.399162, 37.736294], [-122.399068, 37.736377], [-122.399022, 37.736269]]], [[[-122.399094, 37.736927], [-122.399001, 37.73701], [-122.398955, 37.736903], [-122.399094, 37.736927]]], [[[-122.398452, 37.737255], [-122.398409, 37.737198], [-122.398789, 37.737218], [-122.398714, 37.737346], [-122.398452, 37.737255]]], [[[-122.399399, 37.737993], [-122.399306, 37.738076], [-122.399259, 37.737969], [-122.399399, 37.737993]]], [[[-122.396964, 37.760943], [-122.396995, 37.760831], [-122.3971, 37.760906], [-122.396964, 37.760943]]], [[[-122.396829, 37.76098], [-122.396964, 37.760943], [-122.396933, 37.761054], [-122.396829, 37.76098]]], [[[-122.398126, 37.762275], [-122.397809, 37.762469], [-122.397595, 37.762361], [-122.397793, 37.761938], [-122.397578, 37.761717], [-122.398013, 37.761541], [-122.398204, 37.761574], [-122.398366, 37.761508], [-122.39836, 37.761419], [-122.398473, 37.761413], [-122.398566, 37.761139], [-122.399631, 37.761385], [-122.398832, 37.761667], [-122.398838, 37.761757], [-122.398725, 37.761762], [-122.398745, 37.762031], [-122.398632, 37.762036], [-122.398532, 37.762176], [-122.398126, 37.762275]]], [[[-122.398751, 37.762121], [-122.399018, 37.762151], [-122.398945, 37.762388], [-122.398751, 37.762121]]], [[[-122.397153, 37.762405], [-122.396973, 37.762251], [-122.397049, 37.762109], [-122.397316, 37.762139], [-122.397153, 37.762405]]], [[[-122.397795, 37.763366], [-122.397665, 37.763218], [-122.397793, 37.762975], [-122.398005, 37.763], [-122.397795, 37.763366]]], [[[-122.395974, 37.763712], [-122.395607, 37.763586], [-122.395558, 37.763438], [-122.396051, 37.763451], [-122.395974, 37.763712]]], [[[-122.393109, 37.70845], [-122.393144, 37.708449], [-122.39315, 37.708539], [-122.393035, 37.708508], [-122.393109, 37.70845]]], [[[-122.388659, 37.709105], [-122.388546, 37.70911], [-122.388539, 37.70902], [-122.388652, 37.709015], [-122.388659, 37.709105]]], [[[-122.388771, 37.7091], [-122.388884, 37.709094], [-122.388891, 37.709184], [-122.388778, 37.709189], [-122.388771, 37.7091]]], [[[-122.392292, 37.709208], [-122.392286, 37.709118], [-122.392399, 37.709113], [-122.392405, 37.709203], [-122.392292, 37.709208]]], [[[-122.388897, 37.709274], [-122.388891, 37.709184], [-122.389004, 37.709179], [-122.38901, 37.709269], [-122.388897, 37.709274]]], [[[-122.389017, 37.709358], [-122.38901, 37.709269], [-122.389123, 37.709263], [-122.38913, 37.709353], [-122.389017, 37.709358]]], [[[-122.390379, 37.709386], [-122.390483, 37.709256], [-122.390605, 37.709376], [-122.390492, 37.709381], [-122.390379, 37.709386]]], [[[-122.38913, 37.709353], [-122.389243, 37.709348], [-122.389249, 37.709438], [-122.389136, 37.709443], [-122.38913, 37.709353]]], [[[-122.390882, 37.709363], [-122.39095, 37.70945], [-122.390611, 37.709465], [-122.390605, 37.709376], [-122.390718, 37.70937], [-122.390882, 37.709363]]], [[[-122.390272, 37.709481], [-122.390266, 37.709391], [-122.390379, 37.709386], [-122.390385, 37.709476], [-122.390272, 37.709481]]], [[[-122.391471, 37.709696], [-122.391196, 37.709709], [-122.391189, 37.709619], [-122.391076, 37.709624], [-122.39107, 37.709534], [-122.390957, 37.70954], [-122.39095, 37.70945], [-122.391241, 37.709582], [-122.391471, 37.709696]]], [[[-122.389375, 37.709612], [-122.389369, 37.709522], [-122.389482, 37.709517], [-122.389488, 37.709607], [-122.389375, 37.709612]]], [[[-122.389488, 37.709607], [-122.389601, 37.709602], [-122.389608, 37.709691], [-122.389495, 37.709697], [-122.389488, 37.709607]]], [[[-122.391647, 37.709688], [-122.391512, 37.709694], [-122.391568, 37.709673], [-122.391588, 37.709665], [-122.391647, 37.709688]]], [[[-122.389834, 37.709681], [-122.38984, 37.709771], [-122.389614, 37.709781], [-122.389608, 37.709691], [-122.389834, 37.709681]]], [[[-122.390977, 37.71348], [-122.391024, 37.713588], [-122.390884, 37.713564], [-122.390977, 37.71348]]], [[[-122.391164, 37.713612], [-122.391071, 37.713696], [-122.391024, 37.713588], [-122.391164, 37.713612]]], [[[-122.389047, 37.714255], [-122.38886, 37.71397], [-122.389194, 37.713623], [-122.389549, 37.713566], [-122.389556, 37.713655], [-122.389669, 37.71365], [-122.389582, 37.714014], [-122.390147, 37.713988], [-122.390153, 37.714078], [-122.390385, 37.714157], [-122.390392, 37.714247], [-122.390505, 37.714242], [-122.390896, 37.714944], [-122.390869, 37.715095], [-122.390803, 37.715219], [-122.390464, 37.715234], [-122.390425, 37.714696], [-122.390312, 37.714701], [-122.390217, 37.714975], [-122.389999, 37.715075], [-122.389905, 37.71535], [-122.389602, 37.715334], [-122.389447, 37.715281], [-122.389441, 37.715191], [-122.389328, 37.715196], [-122.389308, 37.714927], [-122.389169, 37.714573], [-122.389056, 37.714579], [-122.389069, 37.714758], [-122.38873, 37.714774], [-122.388724, 37.714684], [-122.388498, 37.714694], [-122.388491, 37.714604], [-122.388752, 37.714538], [-122.389047, 37.714255]], [[-122.390173, 37.714347], [-122.38994, 37.714268], [-122.389488, 37.714289], [-122.38964, 37.714822], [-122.389814, 37.714604], [-122.390186, 37.714527], [-122.390173, 37.714347]], [[-122.389527, 37.714827], [-122.389415, 37.714832], [-122.389421, 37.714922], [-122.389534, 37.714917], [-122.389527, 37.714827]]], [[[-122.391567, 37.714823], [-122.39158, 37.715003], [-122.391348, 37.714924], [-122.391335, 37.714744], [-122.391222, 37.714749], [-122.391251, 37.714585], [-122.391441, 37.714649], [-122.391454, 37.714829], [-122.391567, 37.714823]]], [[[-122.388882, 37.715307], [-122.389034, 37.715431], [-122.389102, 37.715207], [-122.389215, 37.715201], [-122.38936, 37.715645], [-122.389593, 37.715724], [-122.389691, 37.71586], [-122.389945, 37.715888], [-122.389951, 37.715978], [-122.39029, 37.715962], [-122.390277, 37.715783], [-122.39039, 37.715778], [-122.39059, 37.715409], [-122.390816, 37.715398], [-122.390803, 37.715219], [-122.391049, 37.715244], [-122.391191, 37.715416], [-122.391048, 37.715478], [-122.391055, 37.715567], [-122.391168, 37.715562], [-122.391174, 37.715652], [-122.3914, 37.715641], [-122.391426, 37.716], [-122.391313, 37.716006], [-122.391278, 37.716308], [-122.391094, 37.716106], [-122.390874, 37.716206], [-122.390913, 37.716744], [-122.391146, 37.716824], [-122.391152, 37.716913], [-122.391265, 37.716908], [-122.391272, 37.716998], [-122.391498, 37.716987], [-122.391743, 37.717246], [-122.391404, 37.717262], [-122.391398, 37.717172], [-122.391285, 37.717177], [-122.391291, 37.717267], [-122.391179, 37.717272], [-122.391185, 37.717362], [-122.391072, 37.717367], [-122.391079, 37.717457], [-122.391192, 37.717452], [-122.391198, 37.717541], [-122.391431, 37.717621], [-122.391358, 37.717854], [-122.391111, 37.717906], [-122.391105, 37.717816], [-122.390992, 37.717821], [-122.390985, 37.717731], [-122.390591, 37.717802], [-122.39042, 37.717757], [-122.390414, 37.717667], [-122.390132, 37.717531], [-122.390042, 37.717234], [-122.389549, 37.716988], [-122.389447, 37.717314], [-122.389878, 37.717499], [-122.3898, 37.717788], [-122.38919, 37.717653], [-122.388966, 37.717429], [-122.3889, 37.717107], [-122.388787, 37.717112], [-122.388767, 37.716843], [-122.388654, 37.716848], [-122.388641, 37.716668], [-122.388528, 37.716673], [-122.388515, 37.716494], [-122.388402, 37.716499], [-122.388383, 37.71623], [-122.38827, 37.716235], [-122.388237, 37.715786], [-122.388124, 37.715792], [-122.388105, 37.715522], [-122.387879, 37.715533], [-122.387872, 37.715443], [-122.387759, 37.715448], [-122.387746, 37.715269], [-122.387633, 37.715274], [-122.387507, 37.7151], [-122.387733, 37.715089], [-122.38774, 37.715179], [-122.388079, 37.715164], [-122.388085, 37.715253], [-122.388198, 37.715248], [-122.388192, 37.715158], [-122.388417, 37.715148], [-122.388424, 37.715238], [-122.388537, 37.715233], [-122.388543, 37.715322], [-122.388769, 37.715312], [-122.388882, 37.715307]], [[-122.390913, 37.715619], [-122.391061, 37.715657], [-122.391055, 37.715567], [-122.390913, 37.715619]], [[-122.390588, 37.716939], [-122.390594, 37.717029], [-122.390933, 37.717013], [-122.39094, 37.717103], [-122.391165, 37.717093], [-122.391159, 37.717003], [-122.390927, 37.716924], [-122.39092, 37.716834], [-122.390807, 37.716839], [-122.390814, 37.716929], [-122.390588, 37.716939]], [[-122.390197, 37.716237], [-122.39031, 37.716232], [-122.390316, 37.716321], [-122.390429, 37.716316], [-122.390529, 37.716132], [-122.390642, 37.716126], [-122.390635, 37.716037], [-122.390777, 37.715985], [-122.390516, 37.715952], [-122.390522, 37.716042], [-122.390297, 37.716052], [-122.390303, 37.716142], [-122.39019, 37.716147], [-122.390197, 37.716237]]], [[[-122.3948, 37.717196], [-122.395139, 37.717181], [-122.395158, 37.71745], [-122.394819, 37.717465], [-122.394806, 37.717286], [-122.3948, 37.717196]]], [[[-122.39448, 37.717481], [-122.394819, 37.717465], [-122.394583, 37.717694], [-122.39448, 37.717481]]], [[[-122.394726, 37.71774], [-122.394733, 37.717829], [-122.394394, 37.717845], [-122.394387, 37.717755], [-122.394726, 37.71774]]], [[[-122.390898, 37.718095], [-122.390905, 37.718185], [-122.390792, 37.71819], [-122.390616, 37.718075], [-122.390796, 37.717882], [-122.390898, 37.718095]]], [[[-122.393157, 37.718512], [-122.393203, 37.71862], [-122.393063, 37.718595], [-122.393157, 37.718512]]], [[[-122.388939, 37.720236], [-122.389044, 37.72031], [-122.388909, 37.720347], [-122.388939, 37.720236]]], [[[-122.388622, 37.721081], [-122.388628, 37.721171], [-122.388402, 37.721181], [-122.388409, 37.721271], [-122.38807, 37.721286], [-122.388149, 37.721084], [-122.388666, 37.720772], [-122.388696, 37.720537], [-122.388809, 37.720532], [-122.388796, 37.720353], [-122.388909, 37.720347], [-122.389035, 37.720673], [-122.388828, 37.720801], [-122.388841, 37.720981], [-122.388622, 37.721081]]], [[[-122.392335, 37.731624], [-122.392222, 37.73163], [-122.392183, 37.731091], [-122.392296, 37.731086], [-122.392283, 37.730907], [-122.392396, 37.730901], [-122.39239, 37.730812], [-122.392503, 37.730806], [-122.392594, 37.730677], [-122.392765, 37.730808], [-122.392622, 37.730891], [-122.392629, 37.730981], [-122.392516, 37.730986], [-122.392535, 37.731255], [-122.392422, 37.73126], [-122.392335, 37.731624]]], [[[-122.394117, 37.731182], [-122.39413, 37.731362], [-122.393877, 37.731333], [-122.393778, 37.731198], [-122.394004, 37.731188], [-122.394117, 37.731182]]], [[[-122.393475, 37.731333], [-122.39317, 37.731167], [-122.393733, 37.731139], [-122.393778, 37.731198], [-122.393475, 37.731333]]], [[[-122.392953, 37.732316], [-122.392918, 37.732807], [-122.392753, 37.732686], [-122.392746, 37.732596], [-122.392633, 37.732601], [-122.3926, 37.732152], [-122.392713, 37.732147], [-122.392808, 37.73156], [-122.393073, 37.731693], [-122.392953, 37.732316]]], [[[-122.39365, 37.732554], [-122.393663, 37.732734], [-122.393776, 37.732729], [-122.39376, 37.733107], [-122.393515, 37.733217], [-122.393437, 37.732744], [-122.393324, 37.732749], [-122.393311, 37.73257], [-122.39365, 37.732554]]], [[[-122.395346, 37.736437], [-122.394755, 37.736598], [-122.394459, 37.736483], [-122.394835, 37.736371], [-122.394941, 37.736265], [-122.395346, 37.736437]]], [[[-122.392932, 37.758517], [-122.392938, 37.758606], [-122.392712, 37.758617], [-122.392719, 37.758707], [-122.392606, 37.758712], [-122.39248, 37.758537], [-122.392699, 37.758437], [-122.392693, 37.758348], [-122.393087, 37.758389], [-122.392932, 37.758517]]], [[[-122.392756, 37.760776], [-122.392763, 37.760865], [-122.39265, 37.760871], [-122.392715, 37.761768], [-122.393598, 37.761875], [-122.394045, 37.761637], [-122.394453, 37.761659], [-122.394787, 37.76144], [-122.395586, 37.761643], [-122.395721, 37.76186], [-122.395852, 37.761934], [-122.395996, 37.762529], [-122.394548, 37.762313], [-122.394329, 37.762557], [-122.394019, 37.762541], [-122.393898, 37.762434], [-122.393252, 37.762433], [-122.392869, 37.762301], [-122.392949, 37.762149], [-122.392515, 37.762137], [-122.392505, 37.762707], [-122.392315, 37.762506], [-122.392202, 37.762512], [-122.392169, 37.762063], [-122.392056, 37.762068], [-122.391873, 37.759556], [-122.391986, 37.75955], [-122.392028, 37.759318], [-122.392589, 37.759292], [-122.392709, 37.759384], [-122.393165, 37.759476], [-122.392968, 37.759819], [-122.392857, 37.760692], [-122.392756, 37.760776]], [[-122.392289, 37.760144], [-122.392284, 37.760527], [-122.392517, 37.760607], [-122.392474, 37.760337], [-122.392289, 37.760144]], [[-122.392681, 37.760003], [-122.392854, 37.759808], [-122.392558, 37.759614], [-122.392681, 37.760003]]], [[[-122.392706, 37.763209], [-122.392933, 37.763198], [-122.393036, 37.763068], [-122.393442, 37.763325], [-122.393333, 37.763435], [-122.392946, 37.763378], [-122.392952, 37.763468], [-122.392839, 37.763473], [-122.392696, 37.763693], [-122.392589, 37.763458], [-122.39272, 37.763388], [-122.392706, 37.763209]]], [[[-122.393313, 37.783649], [-122.39322, 37.783732], [-122.393173, 37.783625], [-122.393313, 37.783649]]], [[[-122.392786, 37.784543], [-122.392708, 37.784686], [-122.39246, 37.784738], [-122.392467, 37.784828], [-122.39224, 37.784838], [-122.392247, 37.784928], [-122.392021, 37.784938], [-122.392027, 37.785028], [-122.391914, 37.785033], [-122.391921, 37.785123], [-122.391701, 37.785223], [-122.391727, 37.785582], [-122.39184, 37.785577], [-122.391867, 37.785936], [-122.39198, 37.78593], [-122.391986, 37.78602], [-122.392492, 37.786099], [-122.392187, 37.786318], [-122.391654, 37.786125], [-122.391647, 37.786036], [-122.391534, 37.786041], [-122.391508, 37.785682], [-122.391395, 37.785687], [-122.391382, 37.785508], [-122.391043, 37.785523], [-122.391056, 37.785703], [-122.390943, 37.785708], [-122.390962, 37.785977], [-122.391075, 37.785972], [-122.391147, 37.786959], [-122.39126, 37.786954], [-122.391366, 37.787179], [-122.391958, 37.787192], [-122.391965, 37.787282], [-122.392596, 37.78752], [-122.392423, 37.787637], [-122.391871, 37.787556], [-122.391865, 37.787466], [-122.391412, 37.787487], [-122.391406, 37.787397], [-122.391173, 37.787318], [-122.391167, 37.787228], [-122.391054, 37.787233], [-122.390928, 37.787059], [-122.390814, 37.787064], [-122.390801, 37.786885], [-122.390688, 37.78689], [-122.390656, 37.786441], [-122.390769, 37.786436], [-122.390743, 37.786077], [-122.390629, 37.786082], [-122.390597, 37.785634], [-122.39071, 37.785628], [-122.390697, 37.785449], [-122.39081, 37.785444], [-122.390803, 37.785354], [-122.390916, 37.785349], [-122.39091, 37.785259], [-122.391129, 37.785159], [-122.391123, 37.785069], [-122.391236, 37.785064], [-122.391223, 37.784885], [-122.39111, 37.78489], [-122.391077, 37.784441], [-122.39119, 37.784436], [-122.391289, 37.784035], [-122.391555, 37.784137], [-122.391416, 37.784426], [-122.391436, 37.784695], [-122.391669, 37.784774], [-122.391662, 37.784684], [-122.392001, 37.784669], [-122.391995, 37.784579], [-122.392786, 37.784543]]], [[[-122.394752, 37.786613], [-122.394413, 37.786629], [-122.394491, 37.786429], [-122.394846, 37.786339], [-122.394813, 37.78589], [-122.394926, 37.785885], [-122.394974, 37.785768], [-122.395039, 37.78588], [-122.395187, 37.785918], [-122.395046, 37.78597], [-122.395078, 37.786418], [-122.394965, 37.786423], [-122.394972, 37.786513], [-122.394746, 37.786524], [-122.394752, 37.786613]]], [[[-122.37729, 37.708734], [-122.37725, 37.708747], [-122.377296, 37.708689], [-122.37733, 37.708723], [-122.37729, 37.708734]]], [[[-122.388187, 37.708856], [-122.387961, 37.708867], [-122.388065, 37.708736], [-122.388187, 37.708856]]], [[[-122.377052, 37.708826], [-122.376858, 37.708903], [-122.376853, 37.708835], [-122.377052, 37.708826]]], [[[-122.388194, 37.708946], [-122.388187, 37.708856], [-122.3883, 37.708851], [-122.388307, 37.708941], [-122.388194, 37.708946]]], [[[-122.38842, 37.708936], [-122.388533, 37.70893], [-122.388539, 37.70902], [-122.388426, 37.709025], [-122.38842, 37.708936]]], [[[-122.387642, 37.709151], [-122.387648, 37.709241], [-122.387536, 37.709246], [-122.387572, 37.709186], [-122.387642, 37.709151]]], [[[-122.387542, 37.709336], [-122.387549, 37.709426], [-122.387436, 37.709431], [-122.387429, 37.709341], [-122.387542, 37.709336]]], [[[-122.387323, 37.709436], [-122.387436, 37.709431], [-122.387442, 37.709521], [-122.387329, 37.709526], [-122.387323, 37.709436]]], [[[-122.385097, 37.709513], [-122.385133, 37.709536], [-122.385064, 37.70954], [-122.385061, 37.709495], [-122.385097, 37.709513]]], [[[-122.387003, 37.709721], [-122.386997, 37.709631], [-122.38711, 37.709626], [-122.387116, 37.709716], [-122.387003, 37.709721]]], [[[-122.387003, 37.709721], [-122.38701, 37.709811], [-122.386784, 37.709821], [-122.386822, 37.709749], [-122.387003, 37.709721]]], [[[-122.386678, 37.709916], [-122.386691, 37.710095], [-122.386578, 37.7101], [-122.386565, 37.709921], [-122.386678, 37.709916]]], [[[-122.386465, 37.710106], [-122.386578, 37.7101], [-122.386584, 37.71019], [-122.386471, 37.710195], [-122.386465, 37.710106]]], [[[-122.386245, 37.710206], [-122.386471, 37.710195], [-122.386478, 37.710285], [-122.386252, 37.710295], [-122.386245, 37.710206]]], [[[-122.385811, 37.712026], [-122.385924, 37.712021], [-122.38593, 37.712111], [-122.385817, 37.712116], [-122.385811, 37.712026]]], [[[-122.386435, 37.711952], [-122.385743, 37.71266], [-122.385518, 37.71267], [-122.385524, 37.71276], [-122.385298, 37.71277], [-122.385305, 37.71286], [-122.385163, 37.712911], [-122.385311, 37.712949], [-122.385318, 37.713039], [-122.385544, 37.713029], [-122.385645, 37.713168], [-122.386008, 37.713188], [-122.386015, 37.713277], [-122.386686, 37.713157], [-122.386693, 37.713246], [-122.386919, 37.713236], [-122.387164, 37.713495], [-122.387835, 37.713374], [-122.387842, 37.713464], [-122.387955, 37.713459], [-122.388094, 37.713812], [-122.387981, 37.713818], [-122.387987, 37.713907], [-122.387761, 37.713918], [-122.387768, 37.714007], [-122.387542, 37.714018], [-122.387549, 37.714107], [-122.387323, 37.714118], [-122.387316, 37.714028], [-122.38709, 37.714038], [-122.387084, 37.713949], [-122.387197, 37.713943], [-122.38719, 37.713854], [-122.387303, 37.713849], [-122.387297, 37.713759], [-122.387184, 37.713764], [-122.387177, 37.713674], [-122.386622, 37.713449], [-122.385922, 37.713552], [-122.385915, 37.713462], [-122.385802, 37.713467], [-122.385796, 37.713377], [-122.385683, 37.713383], [-122.385676, 37.713293], [-122.385444, 37.713214], [-122.385437, 37.713124], [-122.384985, 37.713144], [-122.384959, 37.712786], [-122.384846, 37.712791], [-122.38484, 37.712701], [-122.384953, 37.712696], [-122.384946, 37.712606], [-122.385059, 37.712601], [-122.385107, 37.712483], [-122.385172, 37.712596], [-122.385318, 37.712529], [-122.385379, 37.712316], [-122.385611, 37.712396], [-122.385598, 37.712216], [-122.385711, 37.712211], [-122.385704, 37.712121], [-122.385937, 37.712201], [-122.38593, 37.712111], [-122.386043, 37.712106], [-122.386037, 37.712016], [-122.386263, 37.712006], [-122.386256, 37.711916], [-122.386435, 37.711952]]], [[[-122.388228, 37.712546], [-122.388368, 37.71257], [-122.388275, 37.712653], [-122.388228, 37.712546]]], [[[-122.38793, 37.71277], [-122.387836, 37.712853], [-122.38779, 37.712746], [-122.38793, 37.71277]]], [[[-122.385144, 37.713767], [-122.384911, 37.713688], [-122.384898, 37.713509], [-122.38535, 37.713488], [-122.385357, 37.713578], [-122.385583, 37.713567], [-122.385589, 37.713657], [-122.385476, 37.713662], [-122.385483, 37.713752], [-122.38537, 37.713757], [-122.385376, 37.713847], [-122.38515, 37.713857], [-122.385144, 37.713767]]], [[[-122.385748, 37.71428], [-122.385741, 37.71419], [-122.385628, 37.714195], [-122.385622, 37.714106], [-122.386412, 37.714069], [-122.386419, 37.714159], [-122.387097, 37.714128], [-122.38711, 37.714308], [-122.386964, 37.714375], [-122.386897, 37.714497], [-122.386558, 37.714513], [-122.386551, 37.714423], [-122.386326, 37.714434], [-122.386319, 37.714344], [-122.385861, 37.714275], [-122.385748, 37.71428]]], [[[-122.38802, 37.714356], [-122.387907, 37.714361], [-122.3879, 37.714271], [-122.38812, 37.714171], [-122.3883, 37.714234], [-122.388365, 37.71443], [-122.388478, 37.714425], [-122.388491, 37.714604], [-122.388033, 37.714535], [-122.388026, 37.714446], [-122.38802, 37.714356]]], [[[-122.38701, 37.714492], [-122.38715, 37.714517], [-122.387056, 37.7146], [-122.38701, 37.714492]]], [[[-122.38712, 37.714788], [-122.387255, 37.714751], [-122.387225, 37.714862], [-122.38712, 37.714788]]], [[[-122.387275, 37.71502], [-122.387268, 37.714931], [-122.387381, 37.714925], [-122.387388, 37.715015], [-122.387275, 37.71502]]], [[[-122.387394, 37.715105], [-122.387388, 37.715015], [-122.387501, 37.71501], [-122.387507, 37.7151], [-122.387394, 37.715105]]], [[[-122.387674, 37.719797], [-122.387388, 37.719697], [-122.387431, 37.719486], [-122.387731, 37.71938], [-122.387827, 37.719497], [-122.387714, 37.719502], [-122.387767, 37.719645], [-122.388025, 37.719702], [-122.388119, 37.719809], [-122.38858, 37.719911], [-122.388498, 37.720196], [-122.387857, 37.720002], [-122.387314, 37.72024], [-122.387307, 37.720151], [-122.387159, 37.720112], [-122.387301, 37.720061], [-122.387294, 37.719971], [-122.387674, 37.719797]]], [[[-122.386801, 37.720984], [-122.386808, 37.721074], [-122.386921, 37.721069], [-122.386927, 37.721158], [-122.38716, 37.721238], [-122.387166, 37.721328], [-122.387699, 37.721233], [-122.387676, 37.72144], [-122.38684, 37.721523], [-122.386834, 37.721433], [-122.386608, 37.721443], [-122.386595, 37.721264], [-122.386482, 37.721269], [-122.386469, 37.721089], [-122.386236, 37.72101], [-122.386104, 37.720746], [-122.385878, 37.720756], [-122.385865, 37.720577], [-122.386317, 37.720556], [-122.386323, 37.720646], [-122.386436, 37.720641], [-122.386449, 37.72082], [-122.386562, 37.720815], [-122.386688, 37.720989], [-122.386801, 37.720984]]], [[[-122.380873, 37.721767], [-122.38096, 37.721792], [-122.38074, 37.721802], [-122.380799, 37.721759], [-122.380873, 37.721767]]], [[[-122.381563, 37.722124], [-122.381557, 37.722125], [-122.381557, 37.722121], [-122.381563, 37.722124]]], [[[-122.377866, 37.724094], [-122.377859, 37.724095], [-122.377861, 37.724092], [-122.377866, 37.724094]]], [[[-122.377511, 37.72417], [-122.377514, 37.7242], [-122.377288, 37.724211], [-122.377324, 37.724163], [-122.377511, 37.72417]]], [[[-122.376027, 37.72715], [-122.376253, 37.727139], [-122.37626, 37.727229], [-122.376373, 37.727224], [-122.376379, 37.727313], [-122.376944, 37.727288], [-122.37695, 37.727377], [-122.377405, 37.727401], [-122.37792, 37.727616], [-122.378405, 37.72822], [-122.378968, 37.728373], [-122.379144, 37.728169], [-122.379527, 37.72852], [-122.379753, 37.72851], [-122.37976, 37.728599], [-122.379873, 37.728594], [-122.379879, 37.728684], [-122.379992, 37.728679], [-122.379999, 37.728768], [-122.380231, 37.728848], [-122.380238, 37.728938], [-122.381082, 37.729173], [-122.380842, 37.729589], [-122.381419, 37.729544], [-122.382267, 37.730002], [-122.382427, 37.730235], [-122.38304, 37.730393], [-122.383555, 37.730353], [-122.383926, 37.730595], [-122.383369, 37.730728], [-122.383049, 37.730933], [-122.383777, 37.731166], [-122.383981, 37.731351], [-122.383755, 37.731521], [-122.38359, 37.731395], [-122.383251, 37.731411], [-122.383245, 37.731321], [-122.382899, 37.731247], [-122.383208, 37.731679], [-122.382745, 37.731663], [-122.382115, 37.731373], [-122.381714, 37.731542], [-122.381056, 37.731424], [-122.380463, 37.7309], [-122.379538, 37.730785], [-122.379503, 37.730633], [-122.379631, 37.730541], [-122.378708, 37.729728], [-122.377966, 37.72972], [-122.377227, 37.729377], [-122.376835, 37.729055], [-122.376573, 37.72905], [-122.376343, 37.729166], [-122.373839, 37.72824], [-122.37304, 37.727519], [-122.372862, 37.727077], [-122.371892, 37.727401], [-122.371037, 37.727108], [-122.370811, 37.727118], [-122.370804, 37.727028], [-122.370691, 37.727033], [-122.370685, 37.726944], [-122.370572, 37.726949], [-122.370565, 37.726859], [-122.370113, 37.72688], [-122.3701, 37.7267], [-122.369987, 37.726705], [-122.369981, 37.726616], [-122.369705, 37.726684], [-122.369303, 37.726647], [-122.369309, 37.726736], [-122.368518, 37.726772], [-122.368512, 37.726683], [-122.367947, 37.726708], [-122.367941, 37.726619], [-122.367715, 37.726629], [-122.367708, 37.726539], [-122.367595, 37.726544], [-122.367589, 37.726455], [-122.367363, 37.726465], [-122.367356, 37.726375], [-122.367243, 37.726381], [-122.367237, 37.726291], [-122.366862, 37.726359], [-122.366585, 37.726681], [-122.366698, 37.726676], [-122.366711, 37.726855], [-122.366824, 37.72685], [-122.366837, 37.727029], [-122.36695, 37.727024], [-122.366963, 37.727204], [-122.367076, 37.727198], [-122.367095, 37.727468], [-122.367328, 37.727547], [-122.367341, 37.727727], [-122.367573, 37.727806], [-122.36758, 37.727896], [-122.36781, 37.728093], [-122.367732, 37.728429], [-122.36819, 37.728498], [-122.368196, 37.728588], [-122.368309, 37.728583], [-122.368316, 37.728672], [-122.368542, 37.728662], [-122.368548, 37.728752], [-122.368661, 37.728747], [-122.368668, 37.728836], [-122.369174, 37.728888], [-122.368913, 37.729095], [-122.368574, 37.729111], [-122.368568, 37.729021], [-122.368222, 37.728947], [-122.368216, 37.728857], [-122.36799, 37.728867], [-122.367984, 37.728778], [-122.367871, 37.728783], [-122.367864, 37.728693], [-122.367638, 37.728703], [-122.367632, 37.728614], [-122.367419, 37.728564], [-122.367141, 37.728096], [-122.367028, 37.728101], [-122.367015, 37.727922], [-122.366902, 37.727927], [-122.366895, 37.727837], [-122.366782, 37.727842], [-122.366776, 37.727752], [-122.36669, 37.727733], [-122.36661, 37.727423], [-122.366192, 37.727126], [-122.366152, 37.726971], [-122.365997, 37.726917], [-122.36603, 37.726239], [-122.366207, 37.726158], [-122.3662, 37.726068], [-122.366313, 37.726063], [-122.366307, 37.725973], [-122.36642, 37.725968], [-122.366413, 37.725878], [-122.367424, 37.725742], [-122.36743, 37.725832], [-122.367543, 37.725827], [-122.36755, 37.725916], [-122.367776, 37.725906], [-122.367782, 37.725996], [-122.367895, 37.725991], [-122.367902, 37.72608], [-122.368128, 37.72607], [-122.368134, 37.72616], [-122.36836, 37.726149], [-122.368367, 37.726239], [-122.368705, 37.726224], [-122.368699, 37.726134], [-122.369151, 37.726113], [-122.369144, 37.726024], [-122.370048, 37.725982], [-122.370055, 37.726072], [-122.370281, 37.726062], [-122.370287, 37.726151], [-122.3704, 37.726146], [-122.370407, 37.726236], [-122.370639, 37.726315], [-122.370646, 37.726405], [-122.370759, 37.7264], [-122.370765, 37.72649], [-122.370878, 37.726485], [-122.370885, 37.726574], [-122.370998, 37.726569], [-122.371004, 37.726659], [-122.37123, 37.726649], [-122.371236, 37.726738], [-122.371575, 37.726723], [-122.371569, 37.726633], [-122.371682, 37.726628], [-122.371675, 37.726538], [-122.371788, 37.726533], [-122.371782, 37.726443], [-122.371895, 37.726438], [-122.372126, 37.726207], [-122.373118, 37.726112], [-122.373125, 37.726202], [-122.373238, 37.726197], [-122.373244, 37.726286], [-122.37347, 37.726276], [-122.373477, 37.726366], [-122.37359, 37.726361], [-122.373596, 37.72645], [-122.373709, 37.726445], [-122.373716, 37.726535], [-122.373828, 37.72653], [-122.373835, 37.72662], [-122.373948, 37.726614], [-122.373954, 37.726704], [-122.374067, 37.726699], [-122.374074, 37.726789], [-122.374978, 37.726747], [-122.374984, 37.726837], [-122.37521, 37.726827], [-122.375217, 37.726916], [-122.375556, 37.726901], [-122.375562, 37.726991], [-122.376021, 37.72706], [-122.376027, 37.72715]], [[-122.382852, 37.731139], [-122.382759, 37.731222], [-122.382899, 37.731247], [-122.382852, 37.731139]], [[-122.366449, 37.726718], [-122.366554, 37.726792], [-122.366585, 37.726681], [-122.366449, 37.726718]], [[-122.377563, 37.728647], [-122.378114, 37.728801], [-122.378561, 37.72869], [-122.377941, 37.728325], [-122.37758, 37.728406], [-122.377348, 37.728169], [-122.377122, 37.72818], [-122.377116, 37.72809], [-122.376777, 37.728106], [-122.37677, 37.728016], [-122.376318, 37.728037], [-122.376312, 37.727947], [-122.374618, 37.727756], [-122.374239, 37.727501], [-122.374013, 37.727512], [-122.374039, 37.727871], [-122.375252, 37.728223], [-122.376551, 37.728444], [-122.376696, 37.728559], [-122.377563, 37.728647]], [[-122.374658, 37.727032], [-122.374432, 37.727042], [-122.374818, 37.727337], [-122.374658, 37.727032]], [[-122.38213, 37.730806], [-122.382082, 37.730924], [-122.382195, 37.730919], [-122.38213, 37.730806]], [[-122.380107, 37.7296], [-122.380027, 37.729759], [-122.380488, 37.729861], [-122.380542, 37.730004], [-122.380655, 37.729999], [-122.380729, 37.729958], [-122.380612, 37.729712], [-122.380107, 37.7296]], [[-122.382561, 37.730933], [-122.382421, 37.730908], [-122.382468, 37.731016], [-122.382561, 37.730933]], [[-122.366778, 37.726222], [-122.367004, 37.726211], [-122.366998, 37.726122], [-122.36714, 37.726054], [-122.366812, 37.725919], [-122.366778, 37.726222]]], [[[-122.384751, 37.729848], [-122.384483, 37.729644], [-122.384995, 37.729697], [-122.384751, 37.729848]]], [[[-122.37604, 37.729736], [-122.376109, 37.729847], [-122.375847, 37.729822], [-122.37604, 37.729736]]], [[[-122.378125, 37.730197], [-122.378302, 37.730377], [-122.378487, 37.730441], [-122.378554, 37.730725], [-122.378667, 37.73072], [-122.37868, 37.7309], [-122.378793, 37.730894], [-122.378799, 37.730984], [-122.378912, 37.730979], [-122.378919, 37.731069], [-122.37951, 37.731402], [-122.379623, 37.731397], [-122.379636, 37.731576], [-122.379798, 37.731668], [-122.379436, 37.731945], [-122.37976, 37.732007], [-122.381292, 37.732934], [-122.381283, 37.733258], [-122.381518, 37.733687], [-122.381717, 37.733773], [-122.38198, 37.733394], [-122.382281, 37.733399], [-122.381571, 37.732415], [-122.381971, 37.732422], [-122.382464, 37.732827], [-122.38259, 37.733241], [-122.382755, 37.733324], [-122.382603, 37.733421], [-122.382583, 37.733621], [-122.382418, 37.7335], [-122.382397, 37.7337], [-122.382474, 37.733727], [-122.382624, 37.73474], [-122.382708, 37.734857], [-122.383558, 37.735033], [-122.382986, 37.734544], [-122.383355, 37.734429], [-122.383479, 37.734551], [-122.384095, 37.734561], [-122.384915, 37.734854], [-122.384481, 37.735037], [-122.384674, 37.735397], [-122.385085, 37.735297], [-122.385246, 37.735461], [-122.385359, 37.735456], [-122.385365, 37.735545], [-122.385591, 37.735535], [-122.385598, 37.735625], [-122.385711, 37.735619], [-122.385664, 37.735374], [-122.385366, 37.735162], [-122.385287, 37.734468], [-122.385207, 37.734331], [-122.385315, 37.733761], [-122.385696, 37.733788], [-122.385767, 37.733276], [-122.385654, 37.733281], [-122.385648, 37.733191], [-122.385422, 37.733202], [-122.385415, 37.733112], [-122.385235, 37.733155], [-122.385116, 37.73333], [-122.384398, 37.733159], [-122.384392, 37.733069], [-122.384231, 37.732997], [-122.384366, 37.73271], [-122.383844, 37.732697], [-122.38332, 37.732362], [-122.383216, 37.732493], [-122.382764, 37.732513], [-122.382758, 37.732424], [-122.382299, 37.732354], [-122.382293, 37.732265], [-122.38218, 37.73227], [-122.382173, 37.73218], [-122.381667, 37.73209], [-122.381622, 37.731895], [-122.382512, 37.731955], [-122.382738, 37.732154], [-122.382851, 37.732149], [-122.382858, 37.732239], [-122.383259, 37.732271], [-122.383362, 37.732234], [-122.382905, 37.731967], [-122.383455, 37.731811], [-122.383658, 37.731547], [-122.383723, 37.731659], [-122.384061, 37.731644], [-122.384068, 37.731733], [-122.384626, 37.731618], [-122.384613, 37.731438], [-122.384467, 37.731368], [-122.384398, 37.731174], [-122.384813, 37.731069], [-122.384953, 37.731594], [-122.384807, 37.731832], [-122.384839, 37.732014], [-122.385247, 37.732171], [-122.385393, 37.731866], [-122.38599, 37.731877], [-122.387237, 37.732496], [-122.387316, 37.732755], [-122.386924, 37.732697], [-122.386806, 37.732852], [-122.386413, 37.732801], [-122.385953, 37.73255], [-122.385666, 37.732615], [-122.385628, 37.732922], [-122.385854, 37.732912], [-122.385861, 37.733002], [-122.385974, 37.732996], [-122.38598, 37.733086], [-122.386518, 37.733301], [-122.386509, 37.733627], [-122.386771, 37.733955], [-122.386404, 37.734237], [-122.386417, 37.734417], [-122.38653, 37.734411], [-122.386549, 37.734681], [-122.386826, 37.734804], [-122.386622, 37.735073], [-122.386602, 37.735399], [-122.386834, 37.735478], [-122.386938, 37.735348], [-122.38706, 37.735468], [-122.387173, 37.735462], [-122.387186, 37.735642], [-122.387299, 37.735637], [-122.387312, 37.735816], [-122.387531, 37.736036], [-122.387992, 37.736085], [-122.388362, 37.735384], [-122.388466, 37.735623], [-122.388322, 37.73568], [-122.388342, 37.735949], [-122.388219, 37.736458], [-122.388155, 37.736498], [-122.388168, 37.736677], [-122.388055, 37.736682], [-122.387995, 37.736792], [-122.387717, 37.736699], [-122.387616, 37.736883], [-122.387503, 37.736888], [-122.387432, 37.737178], [-122.387303, 37.737257], [-122.387434, 37.73772], [-122.387117, 37.737806], [-122.387016, 37.737937], [-122.386497, 37.737834], [-122.386319, 37.737392], [-122.3856, 37.737298], [-122.385392, 37.737518], [-122.385618, 37.737762], [-122.385422, 37.737884], [-122.385428, 37.737973], [-122.385202, 37.737984], [-122.385123, 37.73811], [-122.384831, 37.737936], [-122.385076, 37.737809], [-122.385021, 37.737658], [-122.384681, 37.737769], [-122.384605, 37.737561], [-122.384372, 37.737481], [-122.384359, 37.737302], [-122.384246, 37.737307], [-122.38424, 37.737217], [-122.384014, 37.737228], [-122.384007, 37.737138], [-122.383835, 37.737037], [-122.384196, 37.736911], [-122.38434, 37.737033], [-122.384453, 37.737028], [-122.384459, 37.737117], [-122.384572, 37.737112], [-122.384585, 37.737292], [-122.384818, 37.737371], [-122.384824, 37.737461], [-122.385105, 37.737389], [-122.385223, 37.736818], [-122.384504, 37.736676], [-122.383957, 37.7368], [-122.383853, 37.736512], [-122.384013, 37.736291], [-122.384042, 37.736056], [-122.383929, 37.736061], [-122.383922, 37.735971], [-122.383746, 37.735938], [-122.382983, 37.735493], [-122.382408, 37.735411], [-122.382349, 37.735487], [-122.382123, 37.735458], [-122.381784, 37.735656], [-122.381129, 37.735543], [-122.380654, 37.735313], [-122.380777, 37.735088], [-122.381035, 37.735169], [-122.381152, 37.735288], [-122.381878, 37.735349], [-122.381982, 37.735109], [-122.382269, 37.735057], [-122.3824, 37.734802], [-122.382077, 37.734501], [-122.382223, 37.734429], [-122.382191, 37.73398], [-122.381994, 37.733782], [-122.381733, 37.733918], [-122.38154, 37.733841], [-122.381494, 37.734253], [-122.381419, 37.734285], [-122.381327, 37.73459], [-122.380716, 37.734658], [-122.380681, 37.734454], [-122.381126, 37.734272], [-122.381154, 37.733757], [-122.381041, 37.733763], [-122.381035, 37.733673], [-122.380576, 37.733604], [-122.380563, 37.733424], [-122.38045, 37.73343], [-122.380444, 37.73334], [-122.379985, 37.733271], [-122.379998, 37.73345], [-122.379659, 37.733466], [-122.379653, 37.733376], [-122.378906, 37.733503], [-122.378253, 37.733174], [-122.377813, 37.732682], [-122.376807, 37.732026], [-122.376541, 37.731946], [-122.37632, 37.731607], [-122.375486, 37.731357], [-122.374858, 37.731345], [-122.374851, 37.731255], [-122.374625, 37.731265], [-122.374619, 37.731175], [-122.374393, 37.731186], [-122.374386, 37.731096], [-122.374154, 37.731017], [-122.373908, 37.730758], [-122.373895, 37.730578], [-122.37333, 37.730604], [-122.373324, 37.730514], [-122.373211, 37.730519], [-122.373204, 37.73043], [-122.37264, 37.730228], [-122.371716, 37.730228], [-122.371709, 37.730138], [-122.371483, 37.730148], [-122.371151, 37.729844], [-122.370485, 37.729568], [-122.370624, 37.729481], [-122.371212, 37.72953], [-122.371219, 37.72962], [-122.371332, 37.729615], [-122.371338, 37.729705], [-122.37157, 37.729784], [-122.371577, 37.729874], [-122.371803, 37.729864], [-122.371809, 37.729953], [-122.372035, 37.729943], [-122.372042, 37.730033], [-122.372155, 37.730028], [-122.372116, 37.729489], [-122.372003, 37.729494], [-122.371103, 37.728752], [-122.370649, 37.728802], [-122.370456, 37.728485], [-122.370166, 37.728535], [-122.369593, 37.728799], [-122.369617, 37.728373], [-122.369212, 37.728582], [-122.36893, 37.728464], [-122.36929, 37.728203], [-122.369605, 37.728214], [-122.369501, 37.7277], [-122.370105, 37.727623], [-122.370017, 37.727834], [-122.369802, 37.727993], [-122.370465, 37.727958], [-122.370486, 37.728333], [-122.371062, 37.728308], [-122.371647, 37.728806], [-122.372422, 37.729025], [-122.372429, 37.729115], [-122.372542, 37.72911], [-122.372548, 37.729199], [-122.372774, 37.729189], [-122.372781, 37.729279], [-122.373013, 37.729358], [-122.37302, 37.729448], [-122.373246, 37.729437], [-122.373252, 37.729527], [-122.373365, 37.729522], [-122.373401, 37.729421], [-122.373535, 37.729513], [-122.373643, 37.72942], [-122.374149, 37.729779], [-122.374222, 37.73], [-122.374401, 37.730128], [-122.374441, 37.730283], [-122.374554, 37.730278], [-122.374567, 37.730458], [-122.37468, 37.730452], [-122.374686, 37.730542], [-122.375102, 37.730553], [-122.375643, 37.730737], [-122.375729, 37.730855], [-122.376526, 37.730908], [-122.376533, 37.730998], [-122.376646, 37.730993], [-122.376639, 37.730903], [-122.376752, 37.730898], [-122.3768, 37.73078], [-122.376865, 37.730893], [-122.376978, 37.730887], [-122.376985, 37.730977], [-122.376872, 37.730982], [-122.376885, 37.731162], [-122.376998, 37.731157], [-122.377137, 37.73151], [-122.37725, 37.731505], [-122.377851, 37.731948], [-122.378358, 37.732129], [-122.378399, 37.731723], [-122.378117, 37.731586], [-122.378034, 37.731379], [-122.377957, 37.731353], [-122.377853, 37.730968], [-122.377522, 37.730699], [-122.37763, 37.730497], [-122.377398, 37.730418], [-122.377391, 37.730328], [-122.377278, 37.730333], [-122.377272, 37.730244], [-122.376694, 37.730171], [-122.376284, 37.730596], [-122.374344, 37.729671], [-122.37483, 37.729507], [-122.375972, 37.730075], [-122.376109, 37.729847], [-122.377385, 37.729972], [-122.377485, 37.730054], [-122.377711, 37.730044], [-122.377717, 37.730133], [-122.378125, 37.730197]], [[-122.378691, 37.73228], [-122.378551, 37.732256], [-122.378598, 37.732364], [-122.378691, 37.73228]], [[-122.37906, 37.732458], [-122.37879, 37.732425], [-122.378946, 37.732623], [-122.37906, 37.732458]], [[-122.383698, 37.732131], [-122.383904, 37.732037], [-122.383629, 37.731933], [-122.383698, 37.732131]], [[-122.385456, 37.73212], [-122.385522, 37.732348], [-122.385915, 37.732455], [-122.386077, 37.732175], [-122.385456, 37.73212]], [[-122.384355, 37.735682], [-122.384446, 37.735817], [-122.384408, 37.736151], [-122.384831, 37.736509], [-122.385681, 37.736369], [-122.385795, 37.736105], [-122.386195, 37.736047], [-122.386076, 37.736274], [-122.386193, 37.736453], [-122.386091, 37.736665], [-122.38633, 37.736883], [-122.386423, 37.737086], [-122.386723, 37.737333], [-122.386971, 37.737362], [-122.386951, 37.737093], [-122.387064, 37.737088], [-122.38694, 37.736648], [-122.387132, 37.736455], [-122.387005, 37.73614], [-122.386691, 37.735988], [-122.386482, 37.735775], [-122.386231, 37.735832], [-122.385958, 37.735708], [-122.385724, 37.735799], [-122.385676, 37.735916], [-122.385611, 37.735804], [-122.385385, 37.735814], [-122.385378, 37.735725], [-122.384926, 37.735745], [-122.38492, 37.735656], [-122.384694, 37.735666], [-122.384355, 37.735682]], [[-122.387684, 37.736249], [-122.387753, 37.736543], [-122.38784, 37.736306], [-122.387684, 37.736249]], [[-122.372381, 37.730017], [-122.372374, 37.729927], [-122.372261, 37.729933], [-122.372268, 37.730022], [-122.372381, 37.730017]]], [[[-122.383492, 37.730049], [-122.384112, 37.730082], [-122.383821, 37.730339], [-122.383492, 37.730049]]], [[[-122.384954, 37.730756], [-122.384873, 37.731026], [-122.384813, 37.731069], [-122.384685, 37.730956], [-122.383938, 37.730641], [-122.384233, 37.730452], [-122.384954, 37.730756]]], [[[-122.386726, 37.730839], [-122.387234, 37.73103], [-122.387095, 37.731164], [-122.386334, 37.730996], [-122.386269, 37.730822], [-122.386726, 37.730839]]], [[[-122.385298, 37.731497], [-122.385806, 37.731526], [-122.385396, 37.731711], [-122.385298, 37.731497]]], [[[-122.387316, 37.732755], [-122.387588, 37.732849], [-122.387535, 37.733305], [-122.3874, 37.733365], [-122.387316, 37.732755]]], [[[-122.379127, 37.73394], [-122.37875, 37.734008], [-122.379034, 37.734292], [-122.378947, 37.734579], [-122.379059, 37.734574], [-122.379066, 37.734663], [-122.378645, 37.734811], [-122.378501, 37.734689], [-122.378388, 37.734694], [-122.37845, 37.735021], [-122.378837, 37.735154], [-122.378921, 37.73527], [-122.379302, 37.735313], [-122.379344, 37.735371], [-122.37957, 37.73536], [-122.379618, 37.735243], [-122.379683, 37.735355], [-122.38, 37.735387], [-122.380437, 37.735551], [-122.380817, 37.736185], [-122.38042, 37.736854], [-122.380724, 37.737198], [-122.380837, 37.737193], [-122.380843, 37.737283], [-122.381069, 37.737273], [-122.381082, 37.737452], [-122.381308, 37.737442], [-122.381302, 37.737352], [-122.381415, 37.737347], [-122.381061, 37.736735], [-122.381469, 37.736534], [-122.381456, 37.736355], [-122.381569, 37.736349], [-122.381563, 37.73626], [-122.381782, 37.73616], [-122.382, 37.735759], [-122.382511, 37.735796], [-122.382679, 37.736028], [-122.383131, 37.736008], [-122.383138, 37.736097], [-122.383251, 37.736092], [-122.383264, 37.736272], [-122.383377, 37.736267], [-122.383535, 37.736746], [-122.383182, 37.736678], [-122.382769, 37.736258], [-122.382409, 37.736348], [-122.382324, 37.736458], [-122.382034, 37.736508], [-122.382041, 37.736598], [-122.381928, 37.736603], [-122.381934, 37.736693], [-122.381821, 37.736698], [-122.381828, 37.736788], [-122.381715, 37.736793], [-122.381728, 37.736972], [-122.381508, 37.737072], [-122.381861, 37.737238], [-122.381654, 37.737516], [-122.38166, 37.737606], [-122.381441, 37.737706], [-122.381454, 37.737885], [-122.381567, 37.73788], [-122.381573, 37.73797], [-122.380443, 37.738022], [-122.37982, 37.737734], [-122.379759, 37.737472], [-122.379918, 37.737358], [-122.379722, 37.736506], [-122.380145, 37.736341], [-122.379676, 37.735862], [-122.379264, 37.735825], [-122.379142, 37.73596], [-122.378864, 37.735893], [-122.378101, 37.735428], [-122.377988, 37.735433], [-122.377982, 37.735343], [-122.377869, 37.735348], [-122.377856, 37.735169], [-122.37751, 37.735434], [-122.377935, 37.736086], [-122.378895, 37.736269], [-122.378554, 37.736399], [-122.377931, 37.73628], [-122.377236, 37.736007], [-122.377193, 37.736147], [-122.376891, 37.736426], [-122.376623, 37.735983], [-122.376868, 37.735984], [-122.376604, 37.734199], [-122.376876, 37.733647], [-122.377851, 37.733548], [-122.377858, 37.733638], [-122.378084, 37.733628], [-122.37809, 37.733718], [-122.378429, 37.733702], [-122.378423, 37.733612], [-122.378649, 37.733602], [-122.378655, 37.733692], [-122.378768, 37.733687], [-122.378775, 37.733776], [-122.378888, 37.733771], [-122.378881, 37.733681], [-122.379169, 37.733611], [-122.379233, 37.733845], [-122.37912, 37.733851], [-122.379127, 37.73394]], [[-122.37719, 37.7359], [-122.377096, 37.735983], [-122.377236, 37.736007], [-122.37719, 37.7359]], [[-122.377936, 37.734715], [-122.378049, 37.73471], [-122.378036, 37.73453], [-122.378482, 37.73442], [-122.378404, 37.734213], [-122.378004, 37.734082], [-122.37762, 37.734193], [-122.37781, 37.734541], [-122.377923, 37.734536], [-122.37793, 37.734625], [-122.377936, 37.734715]]], [[[-122.380315, 37.734186], [-122.379592, 37.734099], [-122.379674, 37.73395], [-122.380144, 37.733894], [-122.380286, 37.733505], [-122.380576, 37.733604], [-122.380549, 37.733758], [-122.380315, 37.734186]]], [[[-122.38017, 37.734253], [-122.38055, 37.734273], [-122.380304, 37.734436], [-122.38017, 37.734253]]], [[[-122.387525, 37.734925], [-122.387404, 37.735223], [-122.387086, 37.734976], [-122.387212, 37.734703], [-122.387353, 37.734824], [-122.387525, 37.734925]]], [[[-122.378973, 37.734938], [-122.379123, 37.734981], [-122.379033, 37.73514], [-122.378973, 37.734938]]], [[[-122.376274, 37.735241], [-122.376545, 37.735278], [-122.376348, 37.735536], [-122.376274, 37.735241]]], [[[-122.386226, 37.735936], [-122.386331, 37.73601], [-122.386195, 37.736047], [-122.386226, 37.735936]]], [[[-122.38372, 37.737871], [-122.383714, 37.737782], [-122.383481, 37.737702], [-122.383475, 37.737613], [-122.383362, 37.737618], [-122.383355, 37.737528], [-122.383201, 37.737477], [-122.383267, 37.737143], [-122.383512, 37.737234], [-122.383575, 37.737428], [-122.383807, 37.737507], [-122.383814, 37.737597], [-122.383927, 37.737592], [-122.383933, 37.737682], [-122.384159, 37.737671], [-122.384172, 37.737851], [-122.38372, 37.737871]]], [[[-122.386276, 37.738235], [-122.385805, 37.738194], [-122.385887, 37.738042], [-122.386379, 37.738056], [-122.386276, 37.738235]]], [[[-122.384444, 37.738469], [-122.384437, 37.738379], [-122.384043, 37.738311], [-122.384343, 37.738123], [-122.38477, 37.738274], [-122.384996, 37.738263], [-122.385002, 37.738353], [-122.385228, 37.738343], [-122.385235, 37.738432], [-122.385348, 37.738427], [-122.385361, 37.738607], [-122.384444, 37.738469]]], [[[-122.377099, 37.738805], [-122.377093, 37.738715], [-122.377206, 37.73871], [-122.377212, 37.7388], [-122.377099, 37.738805]]], [[[-122.384387, 37.754857], [-122.384538, 37.7549], [-122.384448, 37.755059], [-122.384387, 37.754857]]], [[[-122.368334, 37.727809], [-122.368886, 37.728076], [-122.368724, 37.72824], [-122.368151, 37.728034], [-122.367912, 37.72779], [-122.368334, 37.727809]]], [[[-122.373618, 37.72935], [-122.373572, 37.729243], [-122.373712, 37.729267], [-122.373618, 37.72935]]], [[[-122.364356, 37.807547], [-122.364622, 37.807535], [-122.364837, 37.807431], [-122.364844, 37.80752], [-122.364957, 37.807515], [-122.364964, 37.807605], [-122.365153, 37.807596], [-122.365196, 37.807684], [-122.365796, 37.807613], [-122.366101, 37.807467], [-122.36706, 37.807458], [-122.367673, 37.807834], [-122.367879, 37.807879], [-122.368043, 37.807824], [-122.36805, 37.807914], [-122.368351, 37.807966], [-122.369622, 37.808616], [-122.370257, 37.808714], [-122.37051, 37.808972], [-122.370768, 37.809008], [-122.370862, 37.809136], [-122.371096, 37.809162], [-122.371454, 37.809469], [-122.371671, 37.809562], [-122.371974, 37.810152], [-122.372191, 37.810246], [-122.372255, 37.810213], [-122.372795, 37.810743], [-122.372843, 37.810874], [-122.372815, 37.811027], [-122.372702, 37.811032], [-122.372709, 37.811122], [-122.37222, 37.811196], [-122.371889, 37.81158], [-122.371875, 37.812306], [-122.371733, 37.812391], [-122.37166, 37.812747], [-122.371468, 37.812865], [-122.371615, 37.813243], [-122.371634, 37.813512], [-122.371375, 37.813585], [-122.371241, 37.813831], [-122.371258, 37.81461], [-122.371147, 37.814615], [-122.371153, 37.814705], [-122.371012, 37.814756], [-122.37116, 37.814794], [-122.371126, 37.814958], [-122.370592, 37.81482], [-122.370317, 37.814134], [-122.37029, 37.813754], [-122.370177, 37.813759], [-122.370164, 37.813579], [-122.370051, 37.813585], [-122.370044, 37.813495], [-122.369813, 37.813415], [-122.369494, 37.812943], [-122.36899, 37.812738], [-122.367462, 37.812325], [-122.367458, 37.812263], [-122.366892, 37.812288], [-122.366899, 37.812378], [-122.366673, 37.812389], [-122.36661, 37.812481], [-122.366453, 37.812489], [-122.366447, 37.812579], [-122.366233, 37.812589], [-122.366184, 37.812705], [-122.36612, 37.812594], [-122.365293, 37.813032], [-122.364755, 37.813417], [-122.364381, 37.813834], [-122.363949, 37.813954], [-122.363932, 37.814044], [-122.363157, 37.81399], [-122.363099, 37.814082], [-122.362065, 37.814143], [-122.361898, 37.814317], [-122.361706, 37.814326], [-122.361713, 37.814416], [-122.360846, 37.814634], [-122.360255, 37.814662], [-122.36026, 37.814726], [-122.360146, 37.814757], [-122.359583, 37.814783], [-122.359577, 37.814693], [-122.359237, 37.814709], [-122.359231, 37.814619], [-122.358998, 37.81454], [-122.358973, 37.814196], [-122.359195, 37.813735], [-122.359186, 37.813631], [-122.359272, 37.813627], [-122.359266, 37.813537], [-122.359605, 37.813522], [-122.359599, 37.813432], [-122.359938, 37.813416], [-122.359925, 37.813237], [-122.360334, 37.813301], [-122.36051, 37.81348], [-122.360425, 37.813591], [-122.360071, 37.81368], [-122.360077, 37.81377], [-122.359518, 37.813886], [-122.359544, 37.814245], [-122.359431, 37.81425], [-122.359437, 37.81434], [-122.359664, 37.814329], [-122.35967, 37.814419], [-122.359896, 37.814409], [-122.35989, 37.814319], [-122.360569, 37.814288], [-122.360562, 37.814198], [-122.361015, 37.814178], [-122.361008, 37.814088], [-122.361574, 37.814062], [-122.361567, 37.813972], [-122.36168, 37.813967], [-122.361835, 37.813749], [-122.362068, 37.814004], [-122.362818, 37.814005], [-122.362811, 37.813915], [-122.363038, 37.813905], [-122.363031, 37.813815], [-122.363257, 37.813805], [-122.363361, 37.813675], [-122.363484, 37.813795], [-122.363597, 37.81379], [-122.36359, 37.8137], [-122.364156, 37.813674], [-122.364149, 37.813584], [-122.364262, 37.813579], [-122.364256, 37.813489], [-122.364369, 37.813484], [-122.364356, 37.813305], [-122.364469, 37.8133], [-122.364569, 37.813115], [-122.36455, 37.812846], [-122.364663, 37.812841], [-122.364637, 37.812482], [-122.363619, 37.812528], [-122.363612, 37.812438], [-122.363007, 37.812519], [-122.363628, 37.813483], [-122.363391, 37.813486], [-122.362468, 37.81231], [-122.362173, 37.812444], [-122.36216, 37.81222], [-122.362342, 37.812136], [-122.362329, 37.811957], [-122.362442, 37.811952], [-122.362429, 37.811772], [-122.362649, 37.811672], [-122.362616, 37.811223], [-122.362503, 37.811228], [-122.362483, 37.810959], [-122.36237, 37.810964], [-122.362351, 37.810695], [-122.362238, 37.8107], [-122.362218, 37.810431], [-122.362105, 37.810436], [-122.362092, 37.810257], [-122.361979, 37.810262], [-122.361972, 37.810172], [-122.361627, 37.810098], [-122.36162, 37.810008], [-122.361507, 37.810013], [-122.3615, 37.809924], [-122.361387, 37.809929], [-122.361348, 37.80939], [-122.361461, 37.809385], [-122.361448, 37.809206], [-122.361562, 37.809201], [-122.361549, 37.809021], [-122.361768, 37.808921], [-122.361855, 37.808557], [-122.361742, 37.808562], [-122.361729, 37.808383], [-122.361616, 37.808388], [-122.361603, 37.808208], [-122.36149, 37.808214], [-122.361462, 37.807829], [-122.361689, 37.80771], [-122.361943, 37.807075], [-122.362381, 37.80703], [-122.362718, 37.807407], [-122.363367, 37.807498], [-122.364356, 37.807547]], [[-122.362295, 37.808357], [-122.362301, 37.808447], [-122.362582, 37.808375], [-122.362601, 37.807893], [-122.362296, 37.807789], [-122.362295, 37.808357]], [[-122.363323, 37.809362], [-122.363551, 37.809294], [-122.363699, 37.80887], [-122.364143, 37.808813], [-122.364137, 37.808723], [-122.364363, 37.808713], [-122.364357, 37.808623], [-122.364696, 37.808607], [-122.364689, 37.808518], [-122.36423, 37.808449], [-122.364224, 37.808359], [-122.363772, 37.80838], [-122.363626, 37.808447], [-122.363506, 37.808783], [-122.363245, 37.808944], [-122.363271, 37.809303], [-122.363323, 37.809362]], [[-122.368102, 37.808632], [-122.368109, 37.808722], [-122.368335, 37.808711], [-122.368341, 37.808801], [-122.368568, 37.808791], [-122.368555, 37.808611], [-122.368441, 37.808616], [-122.368435, 37.808527], [-122.368209, 37.808537], [-122.368202, 37.808447], [-122.367637, 37.808473], [-122.367643, 37.808563], [-122.367869, 37.808552], [-122.367876, 37.808642], [-122.367989, 37.808637], [-122.368102, 37.808632]], [[-122.36763, 37.808383], [-122.367404, 37.808394], [-122.36741, 37.808483], [-122.367637, 37.808473], [-122.36763, 37.808383]], [[-122.365853, 37.808915], [-122.366079, 37.808904], [-122.366066, 37.808725], [-122.36584, 37.808735], [-122.365853, 37.808915]], [[-122.367217, 37.808942], [-122.367169, 37.80906], [-122.367104, 37.808948], [-122.366764, 37.808963], [-122.366684, 37.809152], [-122.367804, 37.809314], [-122.367915, 37.809181], [-122.367683, 37.8091], [-122.367556, 37.808927], [-122.367217, 37.808942]], [[-122.369392, 37.809203], [-122.369618, 37.809193], [-122.369612, 37.809103], [-122.369385, 37.809113], [-122.369392, 37.809203]], [[-122.365692, 37.809822], [-122.366031, 37.809807], [-122.366038, 37.809897], [-122.366264, 37.809886], [-122.366271, 37.809976], [-122.366497, 37.809966], [-122.366371, 37.809791], [-122.366144, 37.809802], [-122.366138, 37.809712], [-122.365799, 37.809727], [-122.365792, 37.809638], [-122.365333, 37.809569], [-122.36534, 37.809658], [-122.365453, 37.809653], [-122.365459, 37.809743], [-122.365685, 37.809733], [-122.365692, 37.809822]], [[-122.364578, 37.809299], [-122.364994, 37.809584], [-122.365262, 37.809503], [-122.364875, 37.80925], [-122.364578, 37.809299]], [[-122.367026, 37.810076], [-122.367025, 37.81035], [-122.367504, 37.810339], [-122.367533, 37.810839], [-122.36707, 37.810778], [-122.367288, 37.810604], [-122.366812, 37.810354], [-122.366064, 37.810256], [-122.366057, 37.810166], [-122.365847, 37.81031], [-122.366462, 37.810644], [-122.366842, 37.810709], [-122.36695, 37.810836], [-122.366725, 37.810991], [-122.366921, 37.811117], [-122.36726, 37.811101], [-122.367267, 37.811191], [-122.367932, 37.81098], [-122.368023, 37.810852], [-122.368557, 37.810946], [-122.368598, 37.81077], [-122.368485, 37.810775], [-122.368478, 37.810685], [-122.368365, 37.810691], [-122.368359, 37.810601], [-122.368189, 37.810509], [-122.368328, 37.810297], [-122.368459, 37.810416], [-122.368572, 37.810411], [-122.368578, 37.810501], [-122.368691, 37.810496], [-122.368698, 37.810585], [-122.368811, 37.81058], [-122.368818, 37.81067], [-122.369044, 37.81066], [-122.36905, 37.810749], [-122.36939, 37.810734], [-122.36937, 37.810465], [-122.369257, 37.81047], [-122.36925, 37.81038], [-122.369024, 37.81039], [-122.36894, 37.810275], [-122.368785, 37.810221], [-122.368421, 37.810202], [-122.368319, 37.810062], [-122.367867, 37.810083], [-122.367861, 37.809993], [-122.367408, 37.810014], [-122.367402, 37.809924], [-122.366836, 37.80995], [-122.366843, 37.81004], [-122.367026, 37.810076]], [[-122.36683, 37.80986], [-122.366716, 37.809866], [-122.366723, 37.809955], [-122.366836, 37.80995], [-122.36683, 37.80986]], [[-122.370478, 37.812374], [-122.37088, 37.811863], [-122.37037, 37.81171], [-122.369931, 37.811758], [-122.370079, 37.812413], [-122.370192, 37.812408], [-122.370212, 37.812677], [-122.370444, 37.812756], [-122.37047, 37.813115], [-122.370625, 37.813169], [-122.37071, 37.813284], [-122.370729, 37.813554], [-122.370842, 37.813548], [-122.370849, 37.813638], [-122.370736, 37.813643], [-122.370755, 37.813913], [-122.370642, 37.813918], [-122.370688, 37.814546], [-122.370885, 37.814745], [-122.370862, 37.813818], [-122.370975, 37.813812], [-122.370989, 37.813482], [-122.371049, 37.813269], [-122.371162, 37.813264], [-122.371149, 37.813084], [-122.371049, 37.812757], [-122.370643, 37.812801], [-122.370478, 37.812374]], [[-122.364926, 37.810217], [-122.364357, 37.810322], [-122.363833, 37.810037], [-122.363745, 37.810319], [-122.363415, 37.810458], [-122.363715, 37.811018], [-122.363314, 37.811462], [-122.363321, 37.811551], [-122.36362, 37.811507], [-122.363674, 37.811205], [-122.363921, 37.811133], [-122.364045, 37.811591], [-122.364176, 37.811533], [-122.364242, 37.811166], [-122.364374, 37.81121], [-122.364539, 37.811136], [-122.364526, 37.810956], [-122.364639, 37.810951], [-122.364613, 37.810592], [-122.364726, 37.810587], [-122.364762, 37.810386], [-122.364933, 37.810307], [-122.364926, 37.810217]], [[-122.371432, 37.81073], [-122.371545, 37.810725], [-122.371558, 37.810905], [-122.372004, 37.810794], [-122.371991, 37.810615], [-122.371765, 37.810625], [-122.371758, 37.810535], [-122.371645, 37.810541], [-122.371639, 37.810451], [-122.371412, 37.810461], [-122.371419, 37.810551], [-122.371432, 37.81073]], [[-122.365134, 37.812372], [-122.365096, 37.812551], [-122.365548, 37.81253], [-122.365541, 37.81244], [-122.365655, 37.812435], [-122.365579, 37.812227], [-122.365134, 37.812372]], [[-122.362392, 37.809703], [-122.362373, 37.809434], [-122.362147, 37.809444], [-122.362166, 37.809713], [-122.362392, 37.809703]], [[-122.369955, 37.810708], [-122.369842, 37.810713], [-122.369855, 37.810893], [-122.369742, 37.810898], [-122.369748, 37.810988], [-122.370188, 37.810787], [-122.370103, 37.810406], [-122.370055, 37.810523], [-122.369942, 37.810528], [-122.369955, 37.810708]], [[-122.366032, 37.81082], [-122.365723, 37.810542], [-122.365305, 37.81074], [-122.365324, 37.81101], [-122.365211, 37.811015], [-122.365224, 37.811194], [-122.36545, 37.811184], [-122.365444, 37.811094], [-122.365557, 37.811089], [-122.36555, 37.810999], [-122.365777, 37.810989], [-122.366032, 37.81082]], [[-122.363946, 37.811765], [-122.363511, 37.811906], [-122.363473, 37.812085], [-122.363841, 37.812026], [-122.363946, 37.811765]], [[-122.365051, 37.811402], [-122.365144, 37.811319], [-122.365004, 37.811294], [-122.365051, 37.811402]]], [[[-122.360945, 37.813952], [-122.360344, 37.813838], [-122.36041, 37.813665], [-122.361259, 37.813695], [-122.360945, 37.813952]]], [[[-122.370695, 37.815086], [-122.370661, 37.814997], [-122.37072, 37.814995], [-122.370727, 37.815084], [-122.370695, 37.815086]]], [[[-122.370848, 37.815439], [-122.370733, 37.815174], [-122.370847, 37.815169], [-122.370866, 37.815438], [-122.370848, 37.815439]]], [[[-122.370992, 37.815612], [-122.370934, 37.815615], [-122.370866, 37.815438], [-122.370979, 37.815433], [-122.370992, 37.815612]]], [[[-122.371372, 37.815615], [-122.371325, 37.815507], [-122.371465, 37.815531], [-122.371372, 37.815615]]], [[[-122.370992, 37.815612], [-122.371105, 37.815607], [-122.371118, 37.815787], [-122.371021, 37.815791], [-122.370999, 37.815702], [-122.370992, 37.815612]]]]}, "properties": {}}]}