{
"type": "FeatureCollection",
"name": "sf_earthquake_risk",
"crs": { "type": "name", "properties": { "name": "urn:ogc:def:crs:OGC:1.3:CRS84" } },
"features": [
{ "type": "Feature", "properties": { "TRACTFIPS": "06075010101", "ERQK_RISKS": 98.783489707800001, "ERQK_RISKR": "Very High" }, "geometry": { "type": "MultiPolygon", "coordinates": [ [ [ [ -122.409821086096642, 37.809494008140383 ], [ -122.409819706284367, 37.809491689494635 ], [ -122.409821435541289, 37.809491895312647 ], [ -122.409821086096642, 37.809494008140383 ] ] ], [ [ [ -122.416353437213402, 37.808515894419898 ], [ -122.416349208843343, 37.808514203141698 ], [ -122.417200079605735, 37.808527942735687 ], [ -122.417196436937246, 37.80854251483602 ], [ -122.416353437213402, 37.808515894419898 ] ] ], [ [ [ -122.419749015088442, 37.809127075690405 ], [ -122.418385438064149, 37.809078893452259 ], [ -122.41830641326861, 37.809194455824553 ], [ -122.417923438106797, 37.809038894271552 ], [ -122.418011533191788, 37.808863653899934 ], [ -122.41995701909417, 37.808915033579105 ], [ -122.419964563145911, 37.809132588799883 ], [ -122.419749015088442, 37.809127075690405 ] ] ], [ [ [ -122.420379439280111, 37.811519894018375 ], [ -122.418937978320727, 37.810817062226768 ], [ -122.419459038016427, 37.811422390018819 ], [ -122.418864566199048, 37.811477659191851 ], [ -122.415374934713753, 37.809166074117861 ], [ -122.415178438126816, 37.809240894206461 ], [ -122.415396437686695, 37.809416894500274 ], [ -122.415056437029747, 37.809199894408415 ], [ -122.4147760791178, 37.809407922956737 ], [ -122.415270072573989, 37.809830773095875 ], [ -122.413443990739168, 37.809246969405244 ], [ -122.413370950520047, 37.809391043024064 ], [ -122.414308364078579, 37.809955844441461 ], [ -122.414035652626325, 37.810132191499285 ], [ -122.413883435796379, 37.809855894832594 ], [ -122.412643436412466, 37.809088895550644 ], [ -122.412390018975884, 37.809117938036991 ], [ -122.411911001333792, 37.80938402320227 ], [ -122.412856000266601, 37.810523066608198 ], [ -122.412715699588901, 37.810602507639878 ], [ -122.411275436083741, 37.808929895169861 ], [ -122.410572436101944, 37.808828895200939 ], [ -122.410468435446575, 37.809334895786613 ], [ -122.41049943540871, 37.808813895903519 ], [ -122.410410434821941, 37.809290895348774 ], [ -122.411323010861196, 37.810957959699969 ], [ -122.411250974060238, 37.81112091868669 ], [ -122.410433001400179, 37.811413076644172 ], [ -122.410204304701878, 37.811311525086793 ], [ -122.409996061744309, 37.810868598810714 ], [ -122.410205436579162, 37.810111895892504 ], [ -122.409413436010595, 37.808729895807083 ], [ -122.407935962489759, 37.80814603231201 ], [ -122.407617064157165, 37.808243974992337 ], [ -122.407458434254409, 37.807913896285257 ], [ -122.407382544579178, 37.808056803578268 ], [ -122.406670433883789, 37.807827895137223 ], [ -122.406475009885312, 37.808056946943957 ], [ -122.406809732041651, 37.810027212400655 ], [ -122.406206942723074, 37.810078767988372 ], [ -122.405930433193774, 37.807169895813736 ], [ -122.405313067811392, 37.806882971740052 ], [ -122.404371433967654, 37.808880896621616 ], [ -122.403994025665639, 37.808774863933053 ], [ -122.404743433513318, 37.806980896222832 ], [ -122.403955073816618, 37.806591984681198 ], [ -122.402730433827429, 37.808026896222003 ], [ -122.402372432728825, 37.807789896017482 ], [ -122.40344843297953, 37.806480896024041 ], [ -122.40283043248823, 37.806032895866153 ], [ -122.400938432277854, 37.807648895975134 ], [ -122.400425432266871, 37.807271896653766 ], [ -122.400615432237672, 37.806031896537618 ], [ -122.402296432560846, 37.805136895204399 ], [ -122.403521432774454, 37.805098896119503 ], [ -122.406776434189013, 37.804464895913874 ], [ -122.411607434548131, 37.803972894115027 ], [ -122.411976435517388, 37.805834894417018 ], [ -122.417252437013758, 37.805179893809118 ], [ -122.41840743780547, 37.805986894092776 ], [ -122.418744438089362, 37.805941893749797 ], [ -122.419247188322956, 37.808447807488065 ], [ -122.417912438236144, 37.808624894132741 ], [ -122.41787043750503, 37.808839894494533 ], [ -122.417733082403146, 37.808361974457668 ], [ -122.417435957436396, 37.808330966436458 ], [ -122.417364041009719, 37.808135001686978 ], [ -122.416372438378261, 37.808269894294362 ], [ -122.416331975562926, 37.808507309567851 ], [ -122.416176437661377, 37.808512894406022 ], [ -122.416213437471313, 37.808863894496078 ], [ -122.417454437578456, 37.808936894452842 ], [ -122.417447944555562, 37.809197998036794 ], [ -122.420586785719053, 37.811311691156504 ], [ -122.420379439280111, 37.811519894018375 ] ] ] ] } },
{ "type": "Feature", "properties": { "TRACTFIPS": "06075010102", "ERQK_RISKS": 92.106358436500003, "ERQK_RISKR": "Relatively High" }, "geometry": { "type": "Polygon", "coordinates": [ [ [ -122.411607434548131, 37.803972894115027 ], [ -122.414903435970587, 37.803551893463222 ], [ -122.416844435686428, 37.804896894081111 ], [ -122.41691443600665, 37.805221893759075 ], [ -122.411976435517388, 37.805834894417018 ], [ -122.411607434548131, 37.803972894115027 ] ] ] } },
{ "type": "Feature", "properties": { "TRACTFIPS": "06075010201", "ERQK_RISKS": 97.056829938299998, "ERQK_RISKR": "Relatively High" }, "geometry": { "type": "Polygon", "coordinates": [ [ [ -122.418177435855057, 37.803144893625095 ], [ -122.417613435790457, 37.800350892969291 ], [ -122.424301437996505, 37.799481891399267 ], [ -122.424861437863143, 37.802277891745007 ], [ -122.418177435855057, 37.803144893625095 ] ] ] } },
{ "type": "Feature", "properties": { "TRACTFIPS": "06075010202", "ERQK_RISKS": 99.203263054000004, "ERQK_RISKR": "Very High" }, "geometry": { "type": "Polygon", "coordinates": [ [ [ -122.419247188322956, 37.808447807488065 ], [ -122.418177435855057, 37.803144893625095 ], [ -122.424861437863143, 37.802277891745007 ], [ -122.425514439412851, 37.806019892528866 ], [ -122.42580643949087, 37.806724892824931 ], [ -122.42628343951688, 37.807194892122119 ], [ -122.426623440173799, 37.808094892696424 ], [ -122.426505256916727, 37.808081549051565 ], [ -122.426351713275082, 37.807527622068065 ], [ -122.425095439113193, 37.806767892634262 ], [ -122.424103439426403, 37.806620892588327 ], [ -122.423182438986416, 37.806927894147783 ], [ -122.42151892077699, 37.808068982559476 ], [ -122.421090046195729, 37.808549001023749 ], [ -122.421351950915138, 37.809062950276385 ], [ -122.422800849026785, 37.810214336947283 ], [ -122.421392437984977, 37.809170894537488 ], [ -122.421236438349354, 37.80919989369869 ], [ -122.420937437700317, 37.808806894479666 ], [ -122.420739055549603, 37.80883698108007 ], [ -122.420762848328209, 37.809093107034805 ], [ -122.420387438777723, 37.809013894329006 ], [ -122.420694438924372, 37.808967893702906 ], [ -122.420488438161755, 37.808312893913801 ], [ -122.419247188322956, 37.808447807488065 ] ] ] } },
{ "type": "Feature", "properties": { "TRACTFIPS": "06075010300", "ERQK_RISKS": 99.036780707099993, "ERQK_RISKR": "Very High" }, "geometry": { "type": "Polygon", "coordinates": [ [ [ -122.41691443600665, 37.805221893759075 ], [ -122.416844435686428, 37.804896894081111 ], [ -122.412934434868987, 37.802193893441249 ], [ -122.412309433806684, 37.799105893817895 ], [ -122.4172444348212, 37.798481891840979 ], [ -122.418744438089362, 37.805941893749797 ], [ -122.41840743780547, 37.805986894092776 ], [ -122.417252437013758, 37.805179893809118 ], [ -122.41691443600665, 37.805221893759075 ] ] ] } },
{ "type": "Feature", "properties": { "TRACTFIPS": "06075010401", "ERQK_RISKS": 97.162665144499996, "ERQK_RISKR": "Relatively High" }, "geometry": { "type": "Polygon", "coordinates": [ [ [ -122.411607434548131, 37.803972894115027 ], [ -122.408358433879684, 37.804376894176706 ], [ -122.407796434363192, 37.801580893792931 ], [ -122.411402433610405, 37.801134893931582 ], [ -122.414903435970587, 37.803551893463222 ], [ -122.411607434548131, 37.803972894115027 ] ] ] } },
{ "type": "Feature", "properties": { "TRACTFIPS": "06075010402", "ERQK_RISKS": 95.397952267099996, "ERQK_RISKR": "Relatively High" }, "geometry": { "type": "Polygon", "coordinates": [ [ [ -122.405200433447789, 37.804772895844955 ], [ -122.404824431907528, 37.802910895738933 ], [ -122.403186432140387, 37.803107895722462 ], [ -122.402447430376967, 37.79939189411575 ], [ -122.405671431829376, 37.79897889397585 ], [ -122.406243432289898, 37.801757893984565 ], [ -122.407796434363192, 37.801580893792931 ], [ -122.408358433879684, 37.804376894176706 ], [ -122.406776434189013, 37.804464895913874 ], [ -122.405200433447789, 37.804772895844955 ] ] ] } },
{ "type": "Feature", "properties": { "TRACTFIPS": "06075010500", "ERQK_RISKS": 99.785951268199995, "ERQK_RISKR": "Very High" }, "geometry": { "type": "Polygon", "coordinates": [ [ [ -122.392008426463804, 37.793881895273636 ], [ -122.39244042628394, 37.793820896367478 ], [ -122.393207426738158, 37.793239895766575 ], [ -122.394774427258511, 37.794489896083142 ], [ -122.396341427778879, 37.7933468948887 ], [ -122.39661242883885, 37.794597894297915 ], [ -122.400175429326666, 37.794143893982607 ], [ -122.400889430077427, 37.797663894485886 ], [ -122.402067430435352, 37.797514894468002 ], [ -122.403186432140387, 37.803107895722462 ], [ -122.404824431907528, 37.802910895738933 ], [ -122.405200433447789, 37.804772895844955 ], [ -122.403521432774454, 37.805098896119503 ], [ -122.402296432560846, 37.805136895204399 ], [ -122.400615432237672, 37.806031896537618 ], [ -122.400990432156377, 37.803573895750084 ], [ -122.400869430884242, 37.803438895906012 ], [ -122.40050643066111, 37.803475895772145 ], [ -122.398537431356118, 37.804606896415024 ], [ -122.398257962776285, 37.804290540413866 ], [ -122.399998431571277, 37.803234896272762 ], [ -122.399628430777128, 37.802817896000072 ], [ -122.397840430323811, 37.80382389617678 ], [ -122.397548409584502, 37.803508448172209 ], [ -122.39975043007756, 37.802185896267922 ], [ -122.399435429534947, 37.801834895667874 ], [ -122.399219429624878, 37.801881895863119 ], [ -122.397110429679543, 37.803030896076095 ], [ -122.396174907074666, 37.801950149970892 ], [ -122.398410429337872, 37.800682895681852 ], [ -122.39801543022601, 37.800239895716842 ], [ -122.395783429358687, 37.801485896438564 ], [ -122.395466429166291, 37.80116989616338 ], [ -122.39766701145652, 37.799899952506458 ], [ -122.396767429547864, 37.798843895670565 ], [ -122.395710999095641, 37.799338034816707 ], [ -122.394502925836932, 37.800155004997563 ], [ -122.394293351576067, 37.800098470990953 ], [ -122.396600430041588, 37.798659896047759 ], [ -122.395887428217435, 37.797880896532675 ], [ -122.393834428348569, 37.798946895367372 ], [ -122.39358542792823, 37.79864389667614 ], [ -122.395519427971408, 37.797479895473018 ], [ -122.395158429194694, 37.797504895770864 ], [ -122.395022427853945, 37.797350896073063 ], [ -122.395230428266402, 37.797162895647361 ], [ -122.395042427945441, 37.797133896018607 ], [ -122.393207428534765, 37.798257896234034 ], [ -122.39296845870291, 37.797943300385555 ], [ -122.394823427662331, 37.796718895702739 ], [ -122.394707428209685, 37.796591896015947 ], [ -122.394176032498294, 37.796900510845255 ], [ -122.393024428236671, 37.795570896151112 ], [ -122.391616427724955, 37.796214896330419 ], [ -122.391234897054119, 37.795802378871507 ], [ -122.392437426809209, 37.794829896133827 ], [ -122.392293425970848, 37.794677895502815 ], [ -122.391946033077446, 37.794841402931169 ], [ -122.391684952113152, 37.794566912441546 ], [ -122.391972426478773, 37.794344895418561 ], [ -122.39169842684241, 37.794057895966482 ], [ -122.392008426463804, 37.793881895273636 ] ] ] } },
{ "type": "Feature", "properties": { "TRACTFIPS": "06075010600", "ERQK_RISKS": 99.557632620999996, "ERQK_RISKR": "Very High" }, "geometry": { "type": "Polygon", "coordinates": [ [ [ -122.407796434363192, 37.801580893792931 ], [ -122.406243432289898, 37.801757893984565 ], [ -122.405671431829376, 37.79897889397585 ], [ -122.402447430376967, 37.79939189411575 ], [ -122.402067430435352, 37.797514894468002 ], [ -122.405539431584899, 37.79707489443787 ], [ -122.411402433610405, 37.801134893931582 ], [ -122.407796434363192, 37.801580893792931 ] ] ] } },
{ "type": "Feature", "properties": { "TRACTFIPS": "06075010701", "ERQK_RISKS": 99.707466733299995, "ERQK_RISKR": "Very High" }, "geometry": { "type": "Polygon", "coordinates": [ [ [ -122.407895432300776, 37.798706894004376 ], [ -122.405539431584899, 37.79707489443787 ], [ -122.411745433742084, 37.796300893255427 ], [ -122.412122433310614, 37.798174893503244 ], [ -122.407895432300776, 37.798706894004376 ] ] ] } },
{ "type": "Feature", "properties": { "TRACTFIPS": "06075010702", "ERQK_RISKS": 97.566979415600002, "ERQK_RISKR": "Very High" }, "geometry": { "type": "Polygon", "coordinates": [ [ [ -122.411402433610405, 37.801134893931582 ], [ -122.410233433473294, 37.800324894228915 ], [ -122.407895432300776, 37.798706894004376 ], [ -122.412122433310614, 37.798174893503244 ], [ -122.412934434868987, 37.802193893441249 ], [ -122.411402433610405, 37.801134893931582 ] ] ] } },
{ "type": "Feature", "properties": { "TRACTFIPS": "06075010800", "ERQK_RISKS": 99.231802884900006, "ERQK_RISKR": "Very High" }, "geometry": { "type": "Polygon", "coordinates": [ [ [ -122.412309433806684, 37.799105893817895 ], [ -122.411390432118225, 37.794536892433598 ], [ -122.416318434358345, 37.793901891517613 ], [ -122.4172444348212, 37.798481891840979 ], [ -122.412309433806684, 37.799105893817895 ] ] ] } },
{ "type": "Feature", "properties": { "TRACTFIPS": "06075010901", "ERQK_RISKS": 92.177708013699998, "ERQK_RISKR": "Relatively High" }, "geometry": { "type": "Polygon", "coordinates": [ [ [ -122.417613435790457, 37.800350892969291 ], [ -122.416865433806194, 37.796605891951039 ], [ -122.420149436431416, 37.796166892357384 ], [ -122.420909436314602, 37.799911891497707 ], [ -122.417613435790457, 37.800350892969291 ] ] ] } },
{ "type": "Feature", "properties": { "TRACTFIPS": "06075010902", "ERQK_RISKS": 97.608600002399996, "ERQK_RISKR": "Very High" }, "geometry": { "type": "Polygon", "coordinates": [ [ [ -122.420909436314602, 37.799911891497707 ], [ -122.420149436431416, 37.796166892357384 ], [ -122.423507435981477, 37.795748891755622 ], [ -122.424301437996505, 37.799481891399267 ], [ -122.420909436314602, 37.799911891497707 ] ] ] } },
{ "type": "Feature", "properties": { "TRACTFIPS": "06075011001", "ERQK_RISKS": 98.397012830999998, "ERQK_RISKR": "Very High" }, "geometry": { "type": "Polygon", "coordinates": [ [ [ -122.416499434108303, 37.794786892213594 ], [ -122.416139433359888, 37.793023891659637 ], [ -122.422827436464232, 37.792170890569508 ], [ -122.423169436771005, 37.793932890689632 ], [ -122.416499434108303, 37.794786892213594 ] ] ] } },
{ "type": "Feature", "properties": { "TRACTFIPS": "06075011002", "ERQK_RISKS": 97.814324616799993, "ERQK_RISKR": "Very High" }, "geometry": { "type": "Polygon", "coordinates": [ [ [ -122.420149436431416, 37.796166892357384 ], [ -122.416865433806194, 37.796605891951039 ], [ -122.416499434108303, 37.794786892213594 ], [ -122.423169436771005, 37.793932890689632 ], [ -122.423507435981477, 37.795748891755622 ], [ -122.420149436431416, 37.796166892357384 ] ] ] } },
{ "type": "Feature", "properties": { "TRACTFIPS": "06075011101", "ERQK_RISKS": 99.110508603599996, "ERQK_RISKR": "Very High" }, "geometry": { "type": "Polygon", "coordinates": [ [ [ -122.416139433359888, 37.793023891659637 ], [ -122.415776434035038, 37.791215891543565 ], [ -122.422446434901104, 37.790367889999608 ], [ -122.422827436464232, 37.792170890569508 ], [ -122.416139433359888, 37.793023891659637 ] ] ] } },
{ "type": "Feature", "properties": { "TRACTFIPS": "06075011102", "ERQK_RISKS": 99.479148085999995, "ERQK_RISKR": "Very High" }, "geometry": { "type": "Polygon", "coordinates": [ [ [ -122.415776434035038, 37.791215891543565 ], [ -122.415398431946642, 37.789329891207224 ], [ -122.422103434769426, 37.788483889868047 ], [ -122.422446434901104, 37.790367889999608 ], [ -122.415776434035038, 37.791215891543565 ] ] ] } },
{ "type": "Feature", "properties": { "TRACTFIPS": "06075011200", "ERQK_RISKS": 99.558821780599999, "ERQK_RISKR": "Very High" }, "geometry": { "type": "Polygon", "coordinates": [ [ [ -122.411390432118225, 37.794536892433598 ], [ -122.409748432153094, 37.79474689381054 ], [ -122.409197431608959, 37.792052892211579 ], [ -122.415776434035038, 37.791215891543565 ], [ -122.416318434358345, 37.793901891517613 ], [ -122.411390432118225, 37.794536892433598 ] ] ] } },
{ "type": "Feature", "properties": { "TRACTFIPS": "06075011300", "ERQK_RISKS": 99.290071706299997, "ERQK_RISKR": "Very High" }, "geometry": { "type": "Polygon", "coordinates": [ [ [ -122.408457432715565, 37.796713893461117 ], [ -122.407562430418224, 37.792258892651368 ], [ -122.409197431608959, 37.792052892211579 ], [ -122.409748432153094, 37.79474689381054 ], [ -122.411390432118225, 37.794536892433598 ], [ -122.411745433742084, 37.796300893255427 ], [ -122.408457432715565, 37.796713893461117 ] ] ] } },
{ "type": "Feature", "properties": { "TRACTFIPS": "06075011700", "ERQK_RISKS": 99.997621680799995, "ERQK_RISKR": "Very High" }, "geometry": { "type": "Polygon", "coordinates": [ [ [ -122.400175429326666, 37.794143893982607 ], [ -122.39661242883885, 37.794597894297915 ], [ -122.396341427778879, 37.7933468948887 ], [ -122.407477430029402, 37.784613891713356 ], [ -122.407724429003295, 37.784708891594903 ], [ -122.408812430746167, 37.790169891991411 ], [ -122.407175430803917, 37.790375892001833 ], [ -122.407562430418224, 37.792258892651368 ], [ -122.40444443016932, 37.792648893372117 ], [ -122.404639430162987, 37.793574893436613 ], [ -122.400175429326666, 37.794143893982607 ] ] ] } },
{ "type": "Feature", "properties": { "TRACTFIPS": "06075011800", "ERQK_RISKS": 99.694385977400003, "ERQK_RISKR": "Very High" }, "geometry": { "type": "Polygon", "coordinates": [ [ [ -122.406331430356829, 37.794273894210967 ], [ -122.40482243046111, 37.794462893665369 ], [ -122.40444443016932, 37.792648893372117 ], [ -122.407562430418224, 37.792258892651368 ], [ -122.407929431737628, 37.794069893400987 ], [ -122.406331430356829, 37.794273894210967 ] ] ] } },
{ "type": "Feature", "properties": { "TRACTFIPS": "06075011901", "ERQK_RISKS": 98.919053904600005, "ERQK_RISKR": "Very High" }, "geometry": { "type": "Polygon", "coordinates": [ [ [ -122.412487431386978, 37.791636892225917 ], [ -122.412102432320822, 37.789749891728064 ], [ -122.415398431946642, 37.789329891207224 ], [ -122.415776434035038, 37.791215891543565 ], [ -122.412487431386978, 37.791636892225917 ] ] ] } },
{ "type": "Feature", "properties": { "TRACTFIPS": "06075011902", "ERQK_RISKS": 99.387582795200004, "ERQK_RISKR": "Very High" }, "geometry": { "type": "Polygon", "coordinates": [ [ [ -122.409197431608959, 37.792052892211579 ], [ -122.407562430418224, 37.792258892651368 ], [ -122.407175430803917, 37.790375892001833 ], [ -122.412102432320822, 37.789749891728064 ], [ -122.412487431386978, 37.791636892225917 ], [ -122.409197431608959, 37.792052892211579 ] ] ] } },
{ "type": "Feature", "properties": { "TRACTFIPS": "06075012001", "ERQK_RISKS": 99.215154650200006, "ERQK_RISKR": "Very High" }, "geometry": { "type": "Polygon", "coordinates": [ [ [ -122.415398431946642, 37.789329891207224 ], [ -122.415211432348897, 37.788397890943344 ], [ -122.421884433587991, 37.787544889693251 ], [ -122.422103434769426, 37.788483889868047 ], [ -122.415398431946642, 37.789329891207224 ] ] ] } },
{ "type": "Feature", "properties": { "TRACTFIPS": "06075012002", "ERQK_RISKS": 98.709761811299998, "ERQK_RISKR": "Very High" }, "geometry": { "type": "Polygon", "coordinates": [ [ [ -122.415211432348897, 37.788397890943344 ], [ -122.415021431479772, 37.787463891834122 ], [ -122.421701434188208, 37.786614890236649 ], [ -122.421884433587991, 37.787544889693251 ], [ -122.415211432348897, 37.788397890943344 ] ] ] } },
{ "type": "Feature", "properties": { "TRACTFIPS": "06075012100", "ERQK_RISKS": 99.919137145799994, "ERQK_RISKR": "Very High" }, "geometry": { "type": "Polygon", "coordinates": [ [ [ -122.412102432320822, 37.789749891728064 ], [ -122.408812430746167, 37.790169891991411 ], [ -122.408428429708295, 37.788302892254286 ], [ -122.415021431479772, 37.787463891834122 ], [ -122.415398431946642, 37.789329891207224 ], [ -122.412102432320822, 37.789749891728064 ] ] ] } },
{ "type": "Feature", "properties": { "TRACTFIPS": "06075012202", "ERQK_RISKS": 99.665846146500002, "ERQK_RISKR": "Very High" }, "geometry": { "type": "Polygon", "coordinates": [ [ [ -122.418297432810718, 37.787047890150333 ], [ -122.417733432746132, 37.784245889995624 ], [ -122.42109543249417, 37.783825889430886 ], [ -122.421701434188208, 37.786614890236649 ], [ -122.418297432810718, 37.787047890150333 ] ] ] } },
{ "type": "Feature", "properties": { "TRACTFIPS": "06075012203", "ERQK_RISKS": 98.419606863799999, "ERQK_RISKR": "Very High" }, "geometry": { "type": "Polygon", "coordinates": [ [ [ -122.416665432891335, 37.787254890637534 ], [ -122.416098432453694, 37.784458890373983 ], [ -122.417733432746132, 37.784245889995624 ], [ -122.418297432810718, 37.787047890150333 ], [ -122.416665432891335, 37.787254890637534 ] ] ] } },
{ "type": "Feature", "properties": { "TRACTFIPS": "06075012204", "ERQK_RISKS": 99.293639185200007, "ERQK_RISKR": "Very High" }, "geometry": { "type": "Polygon", "coordinates": [ [ [ -122.415021431479772, 37.787463891834122 ], [ -122.414456431590239, 37.784666890631016 ], [ -122.416098432453694, 37.784458890373983 ], [ -122.416665432891335, 37.787254890637534 ], [ -122.415021431479772, 37.787463891834122 ] ] ] } },
{ "type": "Feature", "properties": { "TRACTFIPS": "06075012301", "ERQK_RISKS": 99.728871606400006, "ERQK_RISKR": "Very High" }, "geometry": { "type": "Polygon", "coordinates": [ [ [ -122.408253429806123, 37.787368892654293 ], [ -122.40787942971231, 37.785501892433402 ], [ -122.414456431590239, 37.784666890631016 ], [ -122.414643431187983, 37.78559189101869 ], [ -122.411352430686748, 37.78600589176051 ], [ -122.411542429759237, 37.786949892385749 ], [ -122.408253429806123, 37.787368892654293 ] ] ] } },
{ "type": "Feature", "properties": { "TRACTFIPS": "06075012302", "ERQK_RISKS": 99.700331775500004, "ERQK_RISKR": "Very High" }, "geometry": { "type": "Polygon", "coordinates": [ [ [ -122.408428429708295, 37.788302892254286 ], [ -122.408253429806123, 37.787368892654293 ], [ -122.411542429759237, 37.786949892385749 ], [ -122.411352430686748, 37.78600589176051 ], [ -122.414643431187983, 37.78559189101869 ], [ -122.415021431479772, 37.787463891834122 ], [ -122.408428429708295, 37.788302892254286 ] ] ] } },
{ "type": "Feature", "properties": { "TRACTFIPS": "06075012403", "ERQK_RISKS": 99.014186674300007, "ERQK_RISKR": "Very High" }, "geometry": { "type": "Polygon", "coordinates": [ [ [ -122.416098432453694, 37.784458890373983 ], [ -122.415531431117699, 37.78166388977543 ], [ -122.417172431257924, 37.781456889957887 ], [ -122.417733432746132, 37.784245889995624 ], [ -122.416098432453694, 37.784458890373983 ] ] ] } },
{ "type": "Feature", "properties": { "TRACTFIPS": "06075012404", "ERQK_RISKS": 98.842947688899997, "ERQK_RISKR": "Very High" }, "geometry": { "type": "Polygon", "coordinates": [ [ [ -122.414456431590239, 37.784666890631016 ], [ -122.413892429729003, 37.781872890453862 ], [ -122.415531431117699, 37.78166388977543 ], [ -122.416098432453694, 37.784458890373983 ], [ -122.414456431590239, 37.784666890631016 ] ] ] } },
{ "type": "Feature", "properties": { "TRACTFIPS": "06075012405", "ERQK_RISKS": 99.790707906700007, "ERQK_RISKR": "Very High" }, "geometry": { "type": "Polygon", "coordinates": [ [ [ -122.417365431601766, 37.782388890430553 ], [ -122.417172431257924, 37.781456889957887 ], [ -122.413892429729003, 37.781872890453862 ], [ -122.413391429413579, 37.779871890632549 ], [ -122.419360429947673, 37.775219887660143 ], [ -122.420715431654244, 37.781964889926584 ], [ -122.417365431601766, 37.782388890430553 ] ] ] } },
{ "type": "Feature", "properties": { "TRACTFIPS": "06075012406", "ERQK_RISKS": 98.580143412699996, "ERQK_RISKR": "Very High" }, "geometry": { "type": "Polygon", "coordinates": [ [ [ -122.417733432746132, 37.784245889995624 ], [ -122.417365431601766, 37.782388890430553 ], [ -122.420715431654244, 37.781964889926584 ], [ -122.42109543249417, 37.783825889430886 ], [ -122.417733432746132, 37.784245889995624 ] ] ] } },
{ "type": "Feature", "properties": { "TRACTFIPS": "06075012502", "ERQK_RISKS": 99.627793038700005, "ERQK_RISKR": "Very High" }, "geometry": { "type": "Polygon", "coordinates": [ [ [ -122.411166430015598, 37.785084891452499 ], [ -122.410791430096864, 37.783223891700807 ], [ -122.414080430049964, 37.782803890298126 ], [ -122.414456431590239, 37.784666890631016 ], [ -122.411166430015598, 37.785084891452499 ] ] ] } },
{ "type": "Feature", "properties": { "TRACTFIPS": "06075012503", "ERQK_RISKS": 99.644441273400005, "ERQK_RISKR": "Very High" }, "geometry": { "type": "Polygon", "coordinates": [ [ [ -122.40787942971231, 37.785501892433402 ], [ -122.407724429003295, 37.784708891594903 ], [ -122.407477430029402, 37.784613891713356 ], [ -122.412011429389295, 37.780961889988404 ], [ -122.412247429390831, 37.782082890193891 ], [ -122.413892429729003, 37.781872890453862 ], [ -122.414080430049964, 37.782803890298126 ], [ -122.410791430096864, 37.783223891700807 ], [ -122.411166430015598, 37.785084891452499 ], [ -122.40787942971231, 37.785501892433402 ] ] ] } },
{ "type": "Feature", "properties": { "TRACTFIPS": "06075012504", "ERQK_RISKS": 93.108819996899996, "ERQK_RISKR": "Relatively High" }, "geometry": { "type": "Polygon", "coordinates": [ [ [ -122.412011429389295, 37.780961889988404 ], [ -122.413391429413579, 37.779871890632549 ], [ -122.413892429729003, 37.781872890453862 ], [ -122.412247429390831, 37.782082890193891 ], [ -122.412011429389295, 37.780961889988404 ] ] ] } },
{ "type": "Feature", "properties": { "TRACTFIPS": "06075012601", "ERQK_RISKS": 98.341122328899999, "ERQK_RISKR": "Very High" }, "geometry": { "type": "Polygon", "coordinates": [ [ [ -122.436825441565546, 37.802724890465861 ], [ -122.436300441859004, 37.800823889859494 ], [ -122.441203442188154, 37.800199889619137 ], [ -122.441931444080893, 37.803753890663181 ], [ -122.437164441499277, 37.804361890426115 ], [ -122.436825441565546, 37.802724890465861 ] ] ] } },
{ "type": "Feature", "properties": { "TRACTFIPS": "06075012602", "ERQK_RISKS": 96.197067532399998, "ERQK_RISKR": "Relatively High" }, "geometry": { "type": "Polygon", "coordinates": [ [ [ -122.426608440105198, 37.808033892751709 ], [ -122.42628343951688, 37.807194892122119 ], [ -122.425654440053236, 37.806465891991195 ], [ -122.425235437956943, 37.804142892386409 ], [ -122.436646442363724, 37.802682889805617 ], [ -122.436825441565546, 37.802724890465861 ], [ -122.437164441499277, 37.804361890426115 ], [ -122.441931444080893, 37.803753890663181 ], [ -122.442377444144739, 37.806532890581224 ], [ -122.439264443918731, 37.80692889062518 ], [ -122.439299444078841, 37.807148890362875 ], [ -122.435840950896221, 37.807596150593987 ], [ -122.435633044806863, 37.806877958121142 ], [ -122.434208027508731, 37.806970050666216 ], [ -122.43392406016595, 37.805768997439969 ], [ -122.433650957048243, 37.805588990403976 ], [ -122.432636929772343, 37.805729051827122 ], [ -122.432534978174132, 37.80591708226239 ], [ -122.432195019738003, 37.806011013549906 ], [ -122.432634442337317, 37.808514892286112 ], [ -122.432368442198566, 37.80852589233622 ], [ -122.432105442432842, 37.807232892257787 ], [ -122.431412441598468, 37.807323892073512 ], [ -122.431754441905227, 37.809033892154531 ], [ -122.431367441392624, 37.809066892067953 ], [ -122.430942441245179, 37.807329891488045 ], [ -122.430329440776759, 37.807466892064355 ], [ -122.430648441517306, 37.80917689238256 ], [ -122.430204256050331, 37.80921837267362 ], [ -122.429861441869932, 37.807834892395476 ], [ -122.42890106647441, 37.808021013969714 ], [ -122.428208948683974, 37.808373005758533 ], [ -122.427027440404856, 37.808118892230418 ], [ -122.427547082559073, 37.808654967322511 ], [ -122.428027939052541, 37.808617027535583 ], [ -122.428052010308889, 37.808717557956633 ], [ -122.427564637436348, 37.808792097449057 ], [ -122.426936440168248, 37.808160892638064 ], [ -122.426608440105198, 37.808033892751709 ] ] ] } },
{ "type": "Feature", "properties": { "TRACTFIPS": "06075012700", "ERQK_RISKS": 97.311310097200007, "ERQK_RISKR": "Relatively High" }, "geometry": { "type": "MultiPolygon", "coordinates": [ [ [ [ -122.443876264331706, 37.806541656647902 ], [ -122.443875445966455, 37.806537890028672 ], [ -122.443912101721637, 37.806534383885833 ], [ -122.443876264331706, 37.806541656647902 ] ] ], [ [ [ -122.442406195623747, 37.80767013904488 ], [ -122.442440443893929, 37.807738889585224 ], [ -122.442417853061158, 37.807780957633717 ], [ -122.442414997316902, 37.807753593142024 ], [ -122.442406195623747, 37.80767013904488 ] ] ], [ [ [ -122.444162391224424, 37.807688370705307 ], [ -122.44097744492727, 37.808205890209457 ], [ -122.440578443820797, 37.80835488995276 ], [ -122.440123460604113, 37.808787455145342 ], [ -122.439984663706198, 37.808740798592915 ], [ -122.44041001150164, 37.808173945279428 ], [ -122.442347444007524, 37.807941890249872 ], [ -122.442480444076907, 37.807825890141203 ], [ -122.442453482041984, 37.807660226180872 ], [ -122.442680076682493, 37.80762305878438 ], [ -122.442740080550237, 37.807819946126081 ], [ -122.442998977710062, 37.807803065830406 ], [ -122.443698446414444, 37.807607890325038 ], [ -122.44372144508236, 37.807480890197311 ], [ -122.447470916060212, 37.806460949318584 ], [ -122.447181935219831, 37.805401963438648 ], [ -122.442542444001205, 37.805960890238758 ], [ -122.442604030700451, 37.806590981811539 ], [ -122.44403519606837, 37.806464696778576 ], [ -122.442561444267781, 37.806733889535479 ], [ -122.442516951610074, 37.806923207013114 ], [ -122.442423444175503, 37.806831890158385 ], [ -122.442470988410221, 37.807122981313448 ], [ -122.442290445004446, 37.806784889564469 ], [ -122.439299444078841, 37.807148890362875 ], [ -122.439264443918731, 37.80692889062518 ], [ -122.442377444144739, 37.806532890581224 ], [ -122.441203442188154, 37.800199889619137 ], [ -122.447492444186011, 37.799399888042466 ], [ -122.447682444156811, 37.800690888049274 ], [ -122.447852444934426, 37.800927887612524 ], [ -122.447846445984979, 37.80164288780896 ], [ -122.448411445874498, 37.801574888233027 ], [ -122.448829445450926, 37.801781888479987 ], [ -122.449369446124408, 37.802251888004633 ], [ -122.44963044624032, 37.80301788795159 ], [ -122.449414445431913, 37.803720888375501 ], [ -122.449150445841283, 37.804017888560132 ], [ -122.448267446832759, 37.8044878894707 ], [ -122.448518446004613, 37.806097889806082 ], [ -122.447054475959121, 37.807495678264104 ], [ -122.444162391224424, 37.807688370705307 ] ] ] ] } },
{ "type": "Feature", "properties": { "TRACTFIPS": "06075012801", "ERQK_RISKS": 98.638412234100002, "ERQK_RISKR": "Very High" }, "geometry": { "type": "Polygon", "coordinates": [ [ [ -122.441203442188154, 37.800199889619137 ], [ -122.440260442006846, 37.79554288826931 ], [ -122.446754443145792, 37.794715887881424 ], [ -122.447492444186011, 37.799399888042466 ], [ -122.441203442188154, 37.800199889619137 ] ] ] } },
{ "type": "Feature", "properties": { "TRACTFIPS": "06075012802", "ERQK_RISKS": 93.796154257799998, "ERQK_RISKR": "Relatively High" }, "geometry": { "type": "Polygon", "coordinates": [ [ [ -122.436300441859004, 37.800823889859494 ], [ -122.435704441109024, 37.798030890280323 ], [ -122.437352441820238, 37.797820889720569 ], [ -122.436976440279977, 37.795958889687441 ], [ -122.440260442006846, 37.79554288826931 ], [ -122.441203442188154, 37.800199889619137 ], [ -122.436300441859004, 37.800823889859494 ] ] ] } },
{ "type": "Feature", "properties": { "TRACTFIPS": "06075012901", "ERQK_RISKS": 95.482382600199998, "ERQK_RISKR": "Relatively High" }, "geometry": { "type": "Polygon", "coordinates": [ [ [ -122.425235437956943, 37.804142892386409 ], [ -122.424490438142385, 37.80041189216211 ], [ -122.429316440275258, 37.799797891797965 ], [ -122.430071440135578, 37.803527891735271 ], [ -122.425235437956943, 37.804142892386409 ] ] ] } },
{ "type": "Feature", "properties": { "TRACTFIPS": "06075012902", "ERQK_RISKS": 96.468195925900005, "ERQK_RISKR": "Relatively High" }, "geometry": { "type": "Polygon", "coordinates": [ [ [ -122.430071440135578, 37.803527891735271 ], [ -122.429316440275258, 37.799797891797965 ], [ -122.424490438142385, 37.80041189216211 ], [ -122.424301437996505, 37.799481891399267 ], [ -122.435704441109024, 37.798030890280323 ], [ -122.436825441565546, 37.802724890465861 ], [ -122.430071440135578, 37.803527891735271 ] ] ] } },
{ "type": "Feature", "properties": { "TRACTFIPS": "06075013001", "ERQK_RISKS": 98.407715267599997, "ERQK_RISKR": "Very High" }, "geometry": { "type": "Polygon", "coordinates": [ [ [ -122.424301437996505, 37.799481891399267 ], [ -122.423731436287468, 37.796687891311144 ], [ -122.430209437532909, 37.795863890071644 ], [ -122.430773440292469, 37.798657890093011 ], [ -122.424301437996505, 37.799481891399267 ] ] ] } },
{ "type": "Feature", "properties": { "TRACTFIPS": "06075013002", "ERQK_RISKS": 96.156636105299995, "ERQK_RISKR": "Relatively High" }, "geometry": { "type": "Polygon", "coordinates": [ [ [ -122.435704441109024, 37.798030890280323 ], [ -122.430773440292469, 37.798657890093011 ], [ -122.430209437532909, 37.795863890071644 ], [ -122.436787441032394, 37.795025889798211 ], [ -122.437352441820238, 37.797820889720569 ], [ -122.435704441109024, 37.798030890280323 ] ] ] } },
{ "type": "Feature", "properties": { "TRACTFIPS": "06075013101", "ERQK_RISKS": 99.1568858288, "ERQK_RISKR": "Very High" }, "geometry": { "type": "Polygon", "coordinates": [ [ [ -122.423731436287468, 37.796687891311144 ], [ -122.422637436493432, 37.791286890720663 ], [ -122.425828436537273, 37.790883890296797 ], [ -122.426919437754876, 37.796281890732587 ], [ -122.423731436287468, 37.796687891311144 ] ] ] } },
{ "type": "Feature", "properties": { "TRACTFIPS": "06075013102", "ERQK_RISKS": 96.195878372799996, "ERQK_RISKR": "Relatively High" }, "geometry": { "type": "Polygon", "coordinates": [ [ [ -122.426919437754876, 37.796281890732587 ], [ -122.425828436537273, 37.790883890296797 ], [ -122.422637436493432, 37.791286890720663 ], [ -122.422446434901104, 37.790367889999608 ], [ -122.428931436717548, 37.789543889262568 ], [ -122.430209437532909, 37.795863890071644 ], [ -122.426919437754876, 37.796281890732587 ] ] ] } },
{ "type": "Feature", "properties": { "TRACTFIPS": "06075013200", "ERQK_RISKS": 99.741952362299998, "ERQK_RISKR": "Very High" }, "geometry": { "type": "Polygon", "coordinates": [ [ [ -122.440260442006846, 37.79554288826931 ], [ -122.436976440279977, 37.795958889687441 ], [ -122.436787441032394, 37.795025889798211 ], [ -122.430209437532909, 37.795863890071644 ], [ -122.429651438214393, 37.793107889742963 ], [ -122.446143442327227, 37.791008887954199 ], [ -122.446754443145792, 37.794715887881424 ], [ -122.440260442006846, 37.79554288826931 ] ] ] } },
{ "type": "Feature", "properties": { "TRACTFIPS": "06075013300", "ERQK_RISKS": 99.675359423499998, "ERQK_RISKR": "Very High" }, "geometry": { "type": "Polygon", "coordinates": [ [ [ -122.44632644262532, 37.79188888737071 ], [ -122.445428441751545, 37.787447886488188 ], [ -122.459205444224978, 37.785691884821851 ], [ -122.459502446122514, 37.789720884930091 ], [ -122.449452443270133, 37.791646886747984 ], [ -122.449393443718918, 37.791497885952758 ], [ -122.44632644262532, 37.79188888737071 ] ] ] } },
{ "type": "Feature", "properties": { "TRACTFIPS": "06075013401", "ERQK_RISKS": 92.536834219300005, "ERQK_RISKR": "Relatively High" }, "geometry": { "type": "Polygon", "coordinates": [ [ [ -122.436230440640472, 37.792272888697447 ], [ -122.435512438793452, 37.788706888569806 ], [ -122.440514439755134, 37.788070887671331 ], [ -122.441181440650212, 37.791640888189193 ], [ -122.436230440640472, 37.792272888697447 ] ] ] } },
{ "type": "Feature", "properties": { "TRACTFIPS": "06075013402", "ERQK_RISKS": 98.027184188899994, "ERQK_RISKR": "Very High" }, "geometry": { "type": "Polygon", "coordinates": [ [ [ -122.441181440650212, 37.791640888189193 ], [ -122.440514439755134, 37.788070887671331 ], [ -122.445428441751545, 37.787447886488188 ], [ -122.446143442327227, 37.791008887954199 ], [ -122.441181440650212, 37.791640888189193 ] ] ] } },
{ "type": "Feature", "properties": { "TRACTFIPS": "06075013500", "ERQK_RISKS": 97.574114373399993, "ERQK_RISKR": "Very High" }, "geometry": { "type": "Polygon", "coordinates": [ [ [ -122.429651438214393, 37.793107889742963 ], [ -122.428931436717548, 37.789543889262568 ], [ -122.435512438793452, 37.788706888569806 ], [ -122.436230440640472, 37.792272888697447 ], [ -122.429651438214393, 37.793107889742963 ] ] ] } },
{ "type": "Feature", "properties": { "TRACTFIPS": "06075015100", "ERQK_RISKS": 99.382826156799993, "ERQK_RISKR": "Very High" }, "geometry": { "type": "Polygon", "coordinates": [ [ [ -122.422446434901104, 37.790367889999608 ], [ -122.42128243388855, 37.784754890290458 ], [ -122.423066433245566, 37.784562889865704 ], [ -122.424196434821226, 37.785202889578436 ], [ -122.424704434809371, 37.785300889659709 ], [ -122.425642435866095, 37.789961890185189 ], [ -122.422446434901104, 37.790367889999608 ] ] ] } },
{ "type": "Feature", "properties": { "TRACTFIPS": "06075015201", "ERQK_RISKS": 97.954645452099996, "ERQK_RISKR": "Very High" }, "geometry": { "type": "Polygon", "coordinates": [ [ [ -122.425642435866095, 37.789961890185189 ], [ -122.425073434880304, 37.787139889570774 ], [ -122.428362435731742, 37.786722890023036 ], [ -122.428931436717548, 37.789543889262568 ], [ -122.425642435866095, 37.789961890185189 ] ] ] } },
{ "type": "Feature", "properties": { "TRACTFIPS": "06075015202", "ERQK_RISKS": 92.435755651500003, "ERQK_RISKR": "Relatively High" }, "geometry": { "type": "Polygon", "coordinates": [ [ [ -122.428931436717548, 37.789543889262568 ], [ -122.428362435731742, 37.786722890023036 ], [ -122.434944437632566, 37.785885888615148 ], [ -122.435512438793452, 37.788706888569806 ], [ -122.428931436717548, 37.789543889262568 ] ] ] } },
{ "type": "Feature", "properties": { "TRACTFIPS": "06075015300", "ERQK_RISKS": 96.514573151199997, "ERQK_RISKR": "Relatively High" }, "geometry": { "type": "Polygon", "coordinates": [ [ [ -122.440514439755134, 37.788070887671331 ], [ -122.435512438793452, 37.788706888569806 ], [ -122.434944437632566, 37.785885888615148 ], [ -122.443209439506376, 37.784836886474302 ], [ -122.443779441215398, 37.787656886428998 ], [ -122.440514439755134, 37.788070887671331 ] ] ] } },
{ "type": "Feature", "properties": { "TRACTFIPS": "06075015401", "ERQK_RISKS": 97.903511588399994, "ERQK_RISKR": "Very High" }, "geometry": { "type": "Polygon", "coordinates": [ [ [ -122.443396440002445, 37.785768886212757 ], [ -122.442819440417381, 37.782894886130578 ], [ -122.447328440561208, 37.782401885858008 ], [ -122.447392440135317, 37.782564885839648 ], [ -122.448090440992559, 37.782492885025292 ], [ -122.455869442619573, 37.781481883607618 ], [ -122.458904444824427, 37.781335884023591 ], [ -122.459071444330675, 37.783836883928224 ], [ -122.452024442099443, 37.784115884903287 ], [ -122.446448441027428, 37.785379886414098 ], [ -122.443396440002445, 37.785768886212757 ] ] ] } },
{ "type": "Feature", "properties": { "TRACTFIPS": "06075015402", "ERQK_RISKS": 91.766258784900003, "ERQK_RISKR": "Relatively High" }, "geometry": { "type": "Polygon", "coordinates": [ [ [ -122.445428441751545, 37.787447886488188 ], [ -122.443779441215398, 37.787656886428998 ], [ -122.443396440002445, 37.785768886212757 ], [ -122.446448441027428, 37.785379886414098 ], [ -122.452024442099443, 37.784115884903287 ], [ -122.459071444330675, 37.783836883928224 ], [ -122.459205444224978, 37.785691884821851 ], [ -122.445428441751545, 37.787447886488188 ] ] ] } },
{ "type": "Feature", "properties": { "TRACTFIPS": "06075015500", "ERQK_RISKS": 99.511255395800006, "ERQK_RISKR": "Very High" }, "geometry": { "type": "Polygon", "coordinates": [ [ [ -122.434944437632566, 37.785885888615148 ], [ -122.425073434880304, 37.787139889570774 ], [ -122.424730433850328, 37.785427889586174 ], [ -122.438037437767107, 37.783781887286239 ], [ -122.438927439143256, 37.783459886607105 ], [ -122.442836440135807, 37.782980886489341 ], [ -122.443209439506376, 37.784836886474302 ], [ -122.434944437632566, 37.785885888615148 ] ] ] } },
{ "type": "Feature", "properties": { "TRACTFIPS": "06075015600", "ERQK_RISKS": 94.287277181199997, "ERQK_RISKR": "Relatively High" }, "geometry": { "type": "Polygon", "coordinates": [ [ [ -122.454212442585842, 37.781660883701043 ], [ -122.453411441796447, 37.777836884144044 ], [ -122.45524344263066, 37.777608883189394 ], [ -122.454709440906669, 37.774764883567748 ], [ -122.458397441966284, 37.774318881593622 ], [ -122.458904444824427, 37.781335884023591 ], [ -122.454212442585842, 37.781660883701043 ] ] ] } },
{ "type": "Feature", "properties": { "TRACTFIPS": "06075015701", "ERQK_RISKS": 99.517201193899993, "ERQK_RISKR": "Very High" }, "geometry": { "type": "Polygon", "coordinates": [ [ [ -122.447328440561208, 37.782401885858008 ], [ -122.447705440129766, 37.781519885611196 ], [ -122.446497438736273, 37.775811884331212 ], [ -122.454709440906669, 37.774764883567748 ], [ -122.45524344263066, 37.777608883189394 ], [ -122.453411441796447, 37.777836884144044 ], [ -122.454212442585842, 37.781660883701043 ], [ -122.448090440992559, 37.782492885025292 ], [ -122.447392440135317, 37.782564885839648 ], [ -122.447328440561208, 37.782401885858008 ] ] ] } },
{ "type": "Feature", "properties": { "TRACTFIPS": "06075015702", "ERQK_RISKS": 97.214988167900003, "ERQK_RISKR": "Relatively High" }, "geometry": { "type": "Polygon", "coordinates": [ [ [ -122.442819440417381, 37.782894886130578 ], [ -122.442718440135025, 37.782652886581943 ], [ -122.441538438330653, 37.782105885747555 ], [ -122.440984437413462, 37.779373885951422 ], [ -122.442079438829012, 37.779253886237939 ], [ -122.441514437142871, 37.776444885742698 ], [ -122.446497438736273, 37.775811884331212 ], [ -122.447705440129766, 37.781519885611196 ], [ -122.447477440524139, 37.782204885326365 ], [ -122.447328440561208, 37.782401885858008 ], [ -122.442819440417381, 37.782894886130578 ] ] ] } },
{ "type": "Feature", "properties": { "TRACTFIPS": "06075015801", "ERQK_RISKS": 98.538522825900003, "ERQK_RISKR": "Very High" }, "geometry": { "type": "Polygon", "coordinates": [ [ [ -122.434588437980409, 37.78416188751779 ], [ -122.433433435392061, 37.778431885945309 ], [ -122.436723436068405, 37.77801588667409 ], [ -122.437098436885435, 37.779876886204384 ], [ -122.440984437413462, 37.779373885951422 ], [ -122.441538438330653, 37.782105885747555 ], [ -122.442718440135025, 37.782652886581943 ], [ -122.442836440135807, 37.782980886489341 ], [ -122.438927439143256, 37.783459886607105 ], [ -122.438037437767107, 37.783781887286239 ], [ -122.434588437980409, 37.78416188751779 ] ] ] } },
{ "type": "Feature", "properties": { "TRACTFIPS": "06075015802", "ERQK_RISKS": 97.932051419299995, "ERQK_RISKR": "Very High" }, "geometry": { "type": "Polygon", "coordinates": [ [ [ -122.440984437413462, 37.779373885951422 ], [ -122.437098436885435, 37.779876886204384 ], [ -122.436723436068405, 37.77801588667409 ], [ -122.433433435392061, 37.778431885945309 ], [ -122.433245435071072, 37.777499885991084 ], [ -122.441514437142871, 37.776444885742698 ], [ -122.442079438829012, 37.779253886237939 ], [ -122.440984437413462, 37.779373885951422 ] ] ] } },
{ "type": "Feature", "properties": { "TRACTFIPS": "06075015900", "ERQK_RISKS": 99.040348185900001, "ERQK_RISKR": "Very High" }, "geometry": { "type": "Polygon", "coordinates": [ [ [ -122.424730433850328, 37.785427889586174 ], [ -122.424134433998645, 37.782486887853317 ], [ -122.433999436004811, 37.781228888098852 ], [ -122.434588437980409, 37.78416188751779 ], [ -122.434491436997718, 37.784231888169373 ], [ -122.424730433850328, 37.785427889586174 ] ] ] } },
{ "type": "Feature", "properties": { "TRACTFIPS": "06075016000", "ERQK_RISKS": 97.893998311399997, "ERQK_RISKR": "Very High" }, "geometry": { "type": "Polygon", "coordinates": [ [ [ -122.42128243388855, 37.784754890290458 ], [ -122.42038443211645, 37.780081889667592 ], [ -122.423567431764369, 37.779683888332904 ], [ -122.424704434809371, 37.785300889659709 ], [ -122.424196434821226, 37.785202889578436 ], [ -122.423066433245566, 37.784562889865704 ], [ -122.42128243388855, 37.784754890290458 ] ] ] } },
{ "type": "Feature", "properties": { "TRACTFIPS": "06075016101", "ERQK_RISKS": 97.513467232699995, "ERQK_RISKR": "Very High" }, "geometry": { "type": "Polygon", "coordinates": [ [ [ -122.430722435747256, 37.781644887748129 ], [ -122.429955434394728, 37.777918887292557 ], [ -122.433245435071072, 37.777499885991084 ], [ -122.433999436004811, 37.781228888098852 ], [ -122.430722435747256, 37.781644887748129 ] ] ] } },
{ "type": "Feature", "properties": { "TRACTFIPS": "06075016102", "ERQK_RISKS": 92.133709107800001, "ERQK_RISKR": "Relatively High" }, "geometry": { "type": "Polygon", "coordinates": [ [ [ -122.424134433998645, 37.782486887853317 ], [ -122.423380431268299, 37.778756888450914 ], [ -122.429955434394728, 37.777918887292557 ], [ -122.430722435747256, 37.781644887748129 ], [ -122.424134433998645, 37.782486887853317 ] ] ] } },
{ "type": "Feature", "properties": { "TRACTFIPS": "06075016200", "ERQK_RISKS": 99.325746495000004, "ERQK_RISKR": "Very High" }, "geometry": { "type": "Polygon", "coordinates": [ [ [ -122.42038443211645, 37.780081889667592 ], [ -122.419385430960361, 37.775441888298651 ], [ -122.425914432259404, 37.77460888738301 ], [ -122.426667434266548, 37.778338888052325 ], [ -122.423380431268299, 37.778756888450914 ], [ -122.423567431764369, 37.779683888332904 ], [ -122.42038443211645, 37.780081889667592 ] ] ] } },
{ "type": "Feature", "properties": { "TRACTFIPS": "06075016300", "ERQK_RISKS": 97.312499256799995, "ERQK_RISKR": "Relatively High" }, "geometry": { "type": "Polygon", "coordinates": [ [ [ -122.429955434394728, 37.777918887292557 ], [ -122.426667434266548, 37.778338888052325 ], [ -122.425914432259404, 37.77460888738301 ], [ -122.432493433787172, 37.773766886298432 ], [ -122.433245435071072, 37.777499885991084 ], [ -122.429955434394728, 37.777918887292557 ] ] ] } },
{ "type": "Feature", "properties": { "TRACTFIPS": "06075016400", "ERQK_RISKS": 98.988025162599996, "ERQK_RISKR": "Very High" }, "geometry": { "type": "Polygon", "coordinates": [ [ [ -122.433245435071072, 37.777499885991084 ], [ -122.432493433787172, 37.773766886298432 ], [ -122.440761436932391, 37.772722884314568 ], [ -122.441514437142871, 37.776444885742698 ], [ -122.433245435071072, 37.777499885991084 ] ] ] } },
{ "type": "Feature", "properties": { "TRACTFIPS": "06075016500", "ERQK_RISKS": 99.002295078100005, "ERQK_RISKR": "Very High" }, "geometry": { "type": "Polygon", "coordinates": [ [ [ -122.446497438736273, 37.775811884331212 ], [ -122.441514437142871, 37.776444885742698 ], [ -122.440948435631796, 37.773644885050764 ], [ -122.454109439958728, 37.771939882028541 ], [ -122.454709440906669, 37.774764883567748 ], [ -122.446497438736273, 37.775811884331212 ] ] ] } },
{ "type": "Feature", "properties": { "TRACTFIPS": "06075016601", "ERQK_RISKS": 95.163687821799996, "ERQK_RISKR": "Relatively High" }, "geometry": { "type": "Polygon", "coordinates": [ [ [ -122.440761436932391, 37.772722884314568 ], [ -122.440384436465521, 37.770856883902475 ], [ -122.443338436682865, 37.77047988429014 ], [ -122.442869436154496, 37.769614883618615 ], [ -122.448416438710836, 37.768874883776611 ], [ -122.448984438075115, 37.771678883921069 ], [ -122.440761436932391, 37.772722884314568 ] ] ] } },
{ "type": "Feature", "properties": { "TRACTFIPS": "06075016602", "ERQK_RISKS": 89.729228354300005, "ERQK_RISKR": "Relatively High" }, "geometry": { "type": "Polygon", "coordinates": [ [ [ -122.448984438075115, 37.771678883921069 ], [ -122.448416438710836, 37.768874883776611 ], [ -122.453378437692919, 37.768255882058334 ], [ -122.453928439310431, 37.771063882158266 ], [ -122.448984438075115, 37.771678883921069 ] ] ] } },
{ "type": "Feature", "properties": { "TRACTFIPS": "06075016700", "ERQK_RISKS": 90.2798092588, "ERQK_RISKR": "Relatively High" }, "geometry": { "type": "Polygon", "coordinates": [ [ [ -122.432493433787172, 37.773766886298432 ], [ -122.431596432738331, 37.7693168859144 ], [ -122.43836443441198, 37.769016884510478 ], [ -122.438846434460828, 37.768410884708295 ], [ -122.44016343473595, 37.767766884378439 ], [ -122.440630434716169, 37.766964884171784 ], [ -122.442035435753141, 37.765916883952954 ], [ -122.442837435469144, 37.766020883256132 ], [ -122.443559435717518, 37.766700883835561 ], [ -122.443892435803434, 37.767545883268205 ], [ -122.443382436165493, 37.768953883883491 ], [ -122.442410436570185, 37.769609883802879 ], [ -122.443045435881601, 37.769834883698138 ], [ -122.443338436682865, 37.77047988429014 ], [ -122.440384436465521, 37.770856883902475 ], [ -122.440761436932391, 37.772722884314568 ], [ -122.432493433787172, 37.773766886298432 ] ] ] } },
{ "type": "Feature", "properties": { "TRACTFIPS": "06075016801", "ERQK_RISKS": 92.385810947400003, "ERQK_RISKR": "Relatively High" }, "geometry": { "type": "Polygon", "coordinates": [ [ [ -122.430851433822056, 37.773982886337478 ], [ -122.430655433105173, 37.77304888613066 ], [ -122.429016432614773, 37.77325788631444 ], [ -122.428828432293784, 37.772325885748877 ], [ -122.425538432515779, 37.772743887482882 ], [ -122.425162430975519, 37.770878885984644 ], [ -122.424955431286293, 37.770787886722026 ], [ -122.426428431196996, 37.769605886648428 ], [ -122.431596432738331, 37.7693168859144 ], [ -122.432493433787172, 37.773766886298432 ], [ -122.430851433822056, 37.773982886337478 ] ] ] } },
{ "type": "Feature", "properties": { "TRACTFIPS": "06075016802", "ERQK_RISKS": 97.763190753100005, "ERQK_RISKR": "Very High" }, "geometry": { "type": "Polygon", "coordinates": [ [ [ -122.425914432259404, 37.77460888738301 ], [ -122.419385430960361, 37.775441888298651 ], [ -122.419360429947673, 37.775219887660143 ], [ -122.424955431286293, 37.770787886722026 ], [ -122.425162430975519, 37.770878885984644 ], [ -122.425538432515779, 37.772743887482882 ], [ -122.428828432293784, 37.772325885748877 ], [ -122.429016432614773, 37.77325788631444 ], [ -122.430655433105173, 37.77304888613066 ], [ -122.430851433822056, 37.773982886337478 ], [ -122.425914432259404, 37.77460888738301 ] ] ] } },
{ "type": "Feature", "properties": { "TRACTFIPS": "06075016900", "ERQK_RISKS": 95.240983197199995, "ERQK_RISKR": "Relatively High" }, "geometry": { "type": "Polygon", "coordinates": [ [ [ -122.431596432738331, 37.7693168859144 ], [ -122.426428431196996, 37.769605886648428 ], [ -122.435219432602295, 37.762736883933158 ], [ -122.435820434273467, 37.769067885012525 ], [ -122.431596432738331, 37.7693168859144 ] ] ] } },
{ "type": "Feature", "properties": { "TRACTFIPS": "06075017000", "ERQK_RISKS": 91.049195533499997, "ERQK_RISKR": "Relatively High" }, "geometry": { "type": "Polygon", "coordinates": [ [ [ -122.435820434273467, 37.769067885012525 ], [ -122.435219432602295, 37.762736883933158 ], [ -122.436463432184127, 37.762418884294107 ], [ -122.446410436002694, 37.76182588202321 ], [ -122.446418436398616, 37.762241882194296 ], [ -122.445718435891564, 37.762357882145785 ], [ -122.444690436219773, 37.763336882503424 ], [ -122.444327435996627, 37.764316883288409 ], [ -122.444023436222992, 37.764705883854958 ], [ -122.444039436116526, 37.765034883737584 ], [ -122.442601435467594, 37.765937884083492 ], [ -122.441964434709732, 37.765962883690094 ], [ -122.440630434716169, 37.766964884171784 ], [ -122.44016343473595, 37.767766884378439 ], [ -122.438846434460828, 37.768410884708295 ], [ -122.43836443441198, 37.769016884510478 ], [ -122.435820434273467, 37.769067885012525 ] ] ] } },
{ "type": "Feature", "properties": { "TRACTFIPS": "06075017101", "ERQK_RISKS": 90.481966394300002, "ERQK_RISKR": "Relatively High" }, "geometry": { "type": "Polygon", "coordinates": [ [ [ -122.442791436336691, 37.769670884230287 ], [ -122.442532435870589, 37.769695883995126 ], [ -122.442437436334359, 37.769502884398335 ], [ -122.443382436165493, 37.768953883883491 ], [ -122.443892435803434, 37.767545883268205 ], [ -122.443559435717518, 37.766700883835561 ], [ -122.442601435467594, 37.765937884083492 ], [ -122.444039436116526, 37.765034883737584 ], [ -122.444023436222992, 37.764705883854958 ], [ -122.444327435996627, 37.764316883288409 ], [ -122.444690436219773, 37.763336882503424 ], [ -122.445718435891564, 37.762357882145785 ], [ -122.446418436398616, 37.762241882194296 ], [ -122.446410436002694, 37.76182588202321 ], [ -122.449146436660186, 37.761657882124013 ], [ -122.449459436654621, 37.763209881552719 ], [ -122.448135436706821, 37.763376882282344 ], [ -122.448467436069535, 37.765045881739816 ], [ -122.447661436155556, 37.765148882386342 ], [ -122.448416438710836, 37.768874883776611 ], [ -122.442791436336691, 37.769670884230287 ] ] ] } },
{ "type": "Feature", "properties": { "TRACTFIPS": "06075017102", "ERQK_RISKS": 91.397619302400003, "ERQK_RISKR": "Relatively High" }, "geometry": { "type": "Polygon", "coordinates": [ [ [ -122.448416438710836, 37.768874883776611 ], [ -122.447661436155556, 37.765148882386342 ], [ -122.448467436069535, 37.765045881739816 ], [ -122.448135436706821, 37.763376882282344 ], [ -122.449459436654621, 37.763209881552719 ], [ -122.449146436660186, 37.761657882124013 ], [ -122.451984438323208, 37.761487881981346 ], [ -122.453378437692919, 37.768255882058334 ], [ -122.448416438710836, 37.768874883776611 ] ] ] } },
{ "type": "Feature", "properties": { "TRACTFIPS": "06075017602", "ERQK_RISKS": 99.915569666899998, "ERQK_RISKR": "Very High" }, "geometry": { "type": "Polygon", "coordinates": [ [ [ -122.402734426838876, 37.78326889239414 ], [ -122.409413427925756, 37.777986890180848 ], [ -122.410963427829373, 37.779221890446848 ], [ -122.408735428058321, 37.780980890061329 ], [ -122.410362429751459, 37.782254890570982 ], [ -122.406088428885937, 37.785766891977055 ], [ -122.405857428008943, 37.78575389217162 ], [ -122.402734426838876, 37.78326889239414 ] ] ] } },
{ "type": "Feature", "properties": { "TRACTFIPS": "06075017603", "ERQK_RISKS": 99.443473297400004, "ERQK_RISKR": "Very High" }, "geometry": { "type": "Polygon", "coordinates": [ [ [ -122.410963427829373, 37.779221890446848 ], [ -122.409413427925756, 37.777986890180848 ], [ -122.41558742760094, 37.773110888465339 ], [ -122.418730430659153, 37.775654888486123 ], [ -122.414808430146124, 37.778753890068465 ], [ -122.413184428826028, 37.777466889725851 ], [ -122.410963427829373, 37.779221890446848 ] ] ] } },
{ "type": "Feature", "properties": { "TRACTFIPS": "06075017604", "ERQK_RISKS": 97.257797914199998, "ERQK_RISKR": "Relatively High" }, "geometry": { "type": "Polygon", "coordinates": [ [ [ -122.410963427829373, 37.779221890446848 ], [ -122.413184428826028, 37.777466889725851 ], [ -122.414808430146124, 37.778753890068465 ], [ -122.410362429751459, 37.782254890570982 ], [ -122.408735428058321, 37.780980890061329 ], [ -122.410963427829373, 37.779221890446848 ] ] ] } },
{ "type": "Feature", "properties": { "TRACTFIPS": "06075017700", "ERQK_RISKS": 99.736006564199997, "ERQK_RISKR": "Very High" }, "geometry": { "type": "Polygon", "coordinates": [ [ [ -122.41558742760094, 37.773110888465339 ], [ -122.41095742618495, 37.769420888247289 ], [ -122.40976242700691, 37.770358888791328 ], [ -122.408462425551903, 37.76932788896066 ], [ -122.408033426104822, 37.769253889803586 ], [ -122.407027426174352, 37.770059889299645 ], [ -122.406239424905422, 37.769472889713938 ], [ -122.405965425269031, 37.769668889560272 ], [ -122.405016424341653, 37.769724890131087 ], [ -122.404523424422138, 37.764673888869382 ], [ -122.412885426380356, 37.76416888765452 ], [ -122.41374842619571, 37.763788888333984 ], [ -122.417358427437492, 37.763581886757649 ], [ -122.417864427775797, 37.768495887168925 ], [ -122.417746428673311, 37.770366887989255 ], [ -122.418021429931287, 37.770774887832637 ], [ -122.419360429947673, 37.775219887660143 ], [ -122.418730430659153, 37.775654888486123 ], [ -122.41558742760094, 37.773110888465339 ] ] ] } },
{ "type": "Feature", "properties": { "TRACTFIPS": "06075017801", "ERQK_RISKS": 99.026078270499994, "ERQK_RISKR": "Very High" }, "geometry": { "type": "Polygon", "coordinates": [ [ [ -122.397412425311728, 37.782563892583454 ], [ -122.401869426475386, 37.779041891143507 ], [ -122.404959428033493, 37.781509891139436 ], [ -122.400494428270576, 37.785039892574844 ], [ -122.397412425311728, 37.782563892583454 ] ] ] } },
{ "type": "Feature", "properties": { "TRACTFIPS": "06075017803", "ERQK_RISKS": 96.915319943399993, "ERQK_RISKR": "Relatively High" }, "geometry": { "type": "Polygon", "coordinates": [ [ [ -122.408542426816169, 37.773769889143523 ], [ -122.412506427161958, 37.770639887705549 ], [ -122.41558742760094, 37.773110888465339 ], [ -122.41163242837429, 37.776230890229762 ], [ -122.408542426816169, 37.773769889143523 ] ] ] } },
{ "type": "Feature", "properties": { "TRACTFIPS": "06075017804", "ERQK_RISKS": 98.741869121099995, "ERQK_RISKR": "Very High" }, "geometry": { "type": "Polygon", "coordinates": [ [ [ -122.401869426475386, 37.779041891143507 ], [ -122.408542426816169, 37.773769889143523 ], [ -122.41163242837429, 37.776230890229762 ], [ -122.404959428033493, 37.781509891139436 ], [ -122.401869426475386, 37.779041891143507 ] ] ] } },
{ "type": "Feature", "properties": { "TRACTFIPS": "06075017903", "ERQK_RISKS": 94.273007265800004, "ERQK_RISKR": "Relatively High" }, "geometry": { "type": "MultiPolygon", "coordinates": [ [ [ [ -122.359753420854162, 37.814869903710502 ], [ -122.361992421394163, 37.813465903219729 ], [ -122.36166642277756, 37.813251903494084 ], [ -122.359474422093228, 37.814576903571982 ], [ -122.359753420854162, 37.814869903710502 ], [ -122.359295882828832, 37.815009847467373 ], [ -122.359019421808554, 37.814856904058416 ], [ -122.358859421974969, 37.814485903469141 ], [ -122.359276421726491, 37.813494903532799 ], [ -122.359911421037907, 37.813284904361105 ], [ -122.361122421906131, 37.812441903975994 ], [ -122.361351421336678, 37.810784902676204 ], [ -122.361026610292882, 37.808120196004936 ], [ -122.361741066489486, 37.80802301896049 ], [ -122.36216241947686, 37.80704490207922 ], [ -122.362485420415368, 37.807065901881757 ], [ -122.363157056617325, 37.807463943108871 ], [ -122.36734142178716, 37.807731901544415 ], [ -122.368866988413359, 37.80820703713222 ], [ -122.371501423748171, 37.809451901323648 ], [ -122.372651424517031, 37.810667901380597 ], [ -122.372842424312722, 37.811092901797494 ], [ -122.372178991525942, 37.811316972031108 ], [ -122.371864939604308, 37.812070930283909 ], [ -122.371589997635198, 37.813053032878869 ], [ -122.371777025080704, 37.813462769277606 ], [ -122.37146842503455, 37.813589901762121 ], [ -122.371260425520376, 37.814522902058364 ], [ -122.371435425422561, 37.815188901880276 ], [ -122.373365001262982, 37.818242997621205 ], [ -122.376725428060951, 37.822980902476246 ], [ -122.379134610838278, 37.826815581506501 ], [ -122.377691520334935, 37.830396698471709 ], [ -122.37337172605119, 37.832328239318386 ], [ -122.36862096141661, 37.831096065204079 ], [ -122.362917048332989, 37.822546964359717 ], [ -122.363568050232843, 37.820842993855315 ], [ -122.360579533148993, 37.820104022138921 ], [ -122.360660424643726, 37.8198209043342 ], [ -122.363659425066928, 37.820555904355345 ], [ -122.364368061078778, 37.818709764335928 ], [ -122.364806423666082, 37.818428904197347 ], [ -122.364929424588041, 37.818357904142815 ], [ -122.36508242474892, 37.818520904276284 ], [ -122.371109977473239, 37.815993989546506 ], [ -122.370378080485395, 37.81406906395339 ], [ -122.369554927241083, 37.813042001567439 ], [ -122.368896068675738, 37.812612958637189 ], [ -122.367255945291234, 37.812241076690817 ], [ -122.365429964966026, 37.812953919921661 ], [ -122.364520066804658, 37.813774065027815 ], [ -122.36317193092178, 37.813958919056766 ], [ -122.362290947732774, 37.813907943143896 ], [ -122.360868940689144, 37.814641010003932 ], [ -122.359753420854162, 37.814869903710502 ] ], [ [ -122.361556421376079, 37.814129904203718 ], [ -122.361706421163916, 37.813999903438102 ], [ -122.361966421454909, 37.813889903921627 ], [ -122.361862421697836, 37.813785903131247 ], [ -122.361267422569398, 37.814126903708257 ], [ -122.361396422440833, 37.81424990405224 ], [ -122.361556421376079, 37.814129904203718 ] ], [ [ -122.368626423173552, 37.808859901593586 ], [ -122.368296422562338, 37.808819901584513 ], [ -122.370196424066947, 37.809399901014764 ], [ -122.369502423407695, 37.809145901736869 ], [ -122.368626423173552, 37.808859901593586 ] ] ], [ [ [ -122.425056059666076, 37.828385925073022 ], [ -122.424781954028518, 37.828323081490311 ], [ -122.424581053001745, 37.828463978899372 ], [ -122.423218043712694, 37.82799900088952 ], [ -122.422669998625835, 37.827481041144217 ], [ -122.421465938141509, 37.826959069519937 ], [ -122.421628061592401, 37.827209942978961 ], [ -122.421397090359832, 37.827058735569061 ], [ -122.420508441846493, 37.825636896500249 ], [ -122.42170844284405, 37.825136896340155 ], [ -122.422508442910214, 37.825736896409559 ], [ -122.424408444414823, 37.826736895854971 ], [ -122.425355345081101, 37.828346631698153 ], [ -122.425056059666076, 37.828385925073022 ] ] ], [ [ [ -122.42036845198588, 37.863212902127451 ], [ -122.420074727142492, 37.863191196335301 ], [ -122.41889519964856, 37.862289360623933 ], [ -122.418777343378224, 37.862013737956893 ], [ -122.419163340472664, 37.861319194874049 ], [ -122.419482449909339, 37.860957902394574 ], [ -122.419748450048118, 37.860924902989851 ], [ -122.419933449996051, 37.860588902407201 ], [ -122.42036845198588, 37.863212902127451 ] ] ] ] } },
{ "type": "Feature", "properties": { "TRACTFIPS": "06075018000", "ERQK_RISKS": 99.814491099099996, "ERQK_RISKR": "Very High" }, "geometry": { "type": "Polygon", "coordinates": [ [ [ -122.392776424047966, 37.778861892111877 ], [ -122.397232423590054, 37.7753418919892 ], [ -122.39878142456709, 37.776577891437668 ], [ -122.401008424513194, 37.774818891428367 ], [ -122.400465424364995, 37.774122891942874 ], [ -122.39964242383428, 37.773438891659723 ], [ -122.404417424116915, 37.769759890199978 ], [ -122.405965425269031, 37.769668889560272 ], [ -122.406239424905422, 37.769472889713938 ], [ -122.407027426174352, 37.770059889299645 ], [ -122.408033426104822, 37.769253889803586 ], [ -122.408462425551903, 37.76932788896066 ], [ -122.40976242700691, 37.770358888791328 ], [ -122.41095742618495, 37.769420888247289 ], [ -122.412506427161958, 37.770639887705549 ], [ -122.397412425311728, 37.782563892583454 ], [ -122.392776424047966, 37.778861892111877 ] ] ] } },
{ "type": "Feature", "properties": { "TRACTFIPS": "06075020101", "ERQK_RISKS": 97.738218401099999, "ERQK_RISKR": "Very High" }, "geometry": { "type": "Polygon", "coordinates": [ [ [ -122.417671428330252, 37.766814887727676 ], [ -122.422070429767572, 37.766549886283315 ], [ -122.42264643042607, 37.772512887807061 ], [ -122.419360429947673, 37.775219887660143 ], [ -122.418021429931287, 37.770774887832637 ], [ -122.417746428673311, 37.770366887989255 ], [ -122.417883428042373, 37.769203887836305 ], [ -122.417671428330252, 37.766814887727676 ] ] ] } },
{ "type": "Feature", "properties": { "TRACTFIPS": "06075020102", "ERQK_RISKS": 97.747731677999994, "ERQK_RISKR": "Very High" }, "geometry": { "type": "Polygon", "coordinates": [ [ [ -122.417671428330252, 37.766814887727676 ], [ -122.417358427437492, 37.763581886757649 ], [ -122.421758428699718, 37.763309886457471 ], [ -122.422070429767572, 37.766549886283315 ], [ -122.417671428330252, 37.766814887727676 ] ] ] } },
{ "type": "Feature", "properties": { "TRACTFIPS": "06075020201", "ERQK_RISKS": 95.883129392499995, "ERQK_RISKR": "Relatively High" }, "geometry": { "type": "Polygon", "coordinates": [ [ [ -122.422070429767572, 37.766549886283315 ], [ -122.421758428699718, 37.763309886457471 ], [ -122.426163429984825, 37.763045885146873 ], [ -122.42648843057313, 37.76628188642141 ], [ -122.422070429767572, 37.766549886283315 ] ] ] } },
{ "type": "Feature", "properties": { "TRACTFIPS": "06075020202", "ERQK_RISKS": 97.456387570900006, "ERQK_RISKR": "Very High" }, "geometry": { "type": "Polygon", "coordinates": [ [ [ -122.422070429767572, 37.766549886283315 ], [ -122.42648843057313, 37.76628188642141 ], [ -122.426739431541606, 37.768991885936273 ], [ -122.42697443171825, 37.769184886156694 ], [ -122.42264643042607, 37.772512887807061 ], [ -122.422070429767572, 37.766549886283315 ] ] ] } },
{ "type": "Feature", "properties": { "TRACTFIPS": "06075020300", "ERQK_RISKS": 98.935702139300005, "ERQK_RISKR": "Very High" }, "geometry": { "type": "Polygon", "coordinates": [ [ [ -122.42648843057313, 37.76628188642141 ], [ -122.426163429984825, 37.763045885146873 ], [ -122.434966431983995, 37.762511884457297 ], [ -122.4352144325794, 37.762680883751997 ], [ -122.42697443171825, 37.769184886156694 ], [ -122.426739431541606, 37.768991885936273 ], [ -122.42648843057313, 37.76628188642141 ] ] ] } },
{ "type": "Feature", "properties": { "TRACTFIPS": "06075020401", "ERQK_RISKS": 84.662219209699998, "ERQK_RISKR": "Relatively Moderate" }, "geometry": { "type": "Polygon", "coordinates": [ [ [ -122.446410436002694, 37.76182588202321 ], [ -122.439517434655556, 37.762236884010584 ], [ -122.439193432095536, 37.759037882697619 ], [ -122.442201433637891, 37.758948882289054 ], [ -122.442397433456449, 37.757593882817673 ], [ -122.442246432047071, 37.756648881618027 ], [ -122.443214433241067, 37.756048882065492 ], [ -122.443409434133031, 37.756346881383791 ], [ -122.444838434561134, 37.7572628818208 ], [ -122.444990433998797, 37.757282881579762 ], [ -122.445132433390711, 37.756970881883291 ], [ -122.444433433606861, 37.756577881840791 ], [ -122.444511433424694, 37.756363882099947 ], [ -122.445052433923067, 37.756621881710792 ], [ -122.445972434538163, 37.756422882090291 ], [ -122.446976433920497, 37.756559881176237 ], [ -122.447941433843098, 37.757598882025349 ], [ -122.447329434097924, 37.757900881409995 ], [ -122.446421434076726, 37.75886588157212 ], [ -122.446436435043665, 37.761103882635567 ], [ -122.446809435312559, 37.761790882460403 ], [ -122.446410436002694, 37.76182588202321 ] ] ] } },
{ "type": "Feature", "properties": { "TRACTFIPS": "06075020402", "ERQK_RISKS": 88.192834124100003, "ERQK_RISKR": "Relatively Moderate" }, "geometry": { "type": "Polygon", "coordinates": [ [ [ -122.439193432095536, 37.759037882697619 ], [ -122.438890432146835, 37.755443881845075 ], [ -122.44037143245346, 37.75523788249933 ], [ -122.441333432003006, 37.753889882056804 ], [ -122.442519432756882, 37.752616881506214 ], [ -122.442551431645626, 37.752389882392812 ], [ -122.442873432759228, 37.752384882122861 ], [ -122.443579431317403, 37.749452880157904 ], [ -122.44429343206815, 37.748389879524431 ], [ -122.44418443228821, 37.747800880331646 ], [ -122.444318432182513, 37.74731887968958 ], [ -122.444766430997859, 37.747054879557659 ], [ -122.450866433748146, 37.745913879656236 ], [ -122.450753432871934, 37.746196880083197 ], [ -122.450195432655107, 37.746278879959519 ], [ -122.449172432107872, 37.746869879447452 ], [ -122.448675431990409, 37.747997879475122 ], [ -122.447722431763367, 37.749494879817249 ], [ -122.447374431608822, 37.749463879766594 ], [ -122.446172432758075, 37.748742879873973 ], [ -122.445661432396903, 37.748992879690519 ], [ -122.445829432626383, 37.749305880452255 ], [ -122.446950432184607, 37.749971880059356 ], [ -122.447984433500807, 37.75027987981936 ], [ -122.448290433822564, 37.750177879860928 ], [ -122.44907743346991, 37.749192879503916 ], [ -122.449569433564534, 37.74919188011706 ], [ -122.4497434336418, 37.749549879943906 ], [ -122.449331433913173, 37.750556879414972 ], [ -122.448756433079581, 37.750911880229509 ], [ -122.447795434253237, 37.750840879918727 ], [ -122.447060434484399, 37.751668880467953 ], [ -122.447562433726404, 37.752491880012379 ], [ -122.446803433668137, 37.753258880845216 ], [ -122.446760434010429, 37.753582880314916 ], [ -122.447402434791158, 37.754227880592701 ], [ -122.447725433933059, 37.754839880249371 ], [ -122.447969434330517, 37.755541881601452 ], [ -122.447878434992219, 37.755830881475028 ], [ -122.447556433878617, 37.755830881475028 ], [ -122.446835433455192, 37.75535888142948 ], [ -122.445374433240033, 37.755628881827157 ], [ -122.445294433772403, 37.755930882151404 ], [ -122.44615243356489, 37.75581388134659 ], [ -122.446976433920497, 37.756559881176237 ], [ -122.445972434538163, 37.756422882090291 ], [ -122.445052433923067, 37.756621881710792 ], [ -122.444411433865568, 37.756411882095669 ], [ -122.444433433606861, 37.756577881840791 ], [ -122.445132433390711, 37.756970881883291 ], [ -122.444990433998797, 37.757282881579762 ], [ -122.443409434133031, 37.756346881383791 ], [ -122.443214433241067, 37.756048882065492 ], [ -122.442246432047071, 37.756648881618027 ], [ -122.442397433456449, 37.757593882817673 ], [ -122.442201433637891, 37.758948882289054 ], [ -122.439193432095536, 37.759037882697619 ] ] ] } },
{ "type": "Feature", "properties": { "TRACTFIPS": "06075020500", "ERQK_RISKS": 91.945821887700006, "ERQK_RISKR": "Relatively High" }, "geometry": { "type": "Polygon", "coordinates": [ [ [ -122.435219432602295, 37.762736883933158 ], [ -122.434572430002063, 37.75610288370887 ], [ -122.437829431066405, 37.755902882685881 ], [ -122.437795431629539, 37.755550882413218 ], [ -122.438890432146835, 37.755443881845075 ], [ -122.439517434655556, 37.762236884010584 ], [ -122.436340432160492, 37.762432883860328 ], [ -122.435219432602295, 37.762736883933158 ] ] ] } },
{ "type": "Feature", "properties": { "TRACTFIPS": "06075020601", "ERQK_RISKS": 92.073061967100003, "ERQK_RISKR": "Relatively High" }, "geometry": { "type": "Polygon", "coordinates": [ [ [ -122.426163429984825, 37.763045885146873 ], [ -122.425711428276557, 37.758241884272884 ], [ -122.428076429213249, 37.758098884180107 ], [ -122.428228430447547, 37.75970188357114 ], [ -122.434880431770253, 37.759298883517673 ], [ -122.4352144325794, 37.762680883751997 ], [ -122.434966431983995, 37.762511884457297 ], [ -122.426163429984825, 37.763045885146873 ] ] ] } },
{ "type": "Feature", "properties": { "TRACTFIPS": "06075020602", "ERQK_RISKS": 88.965787877699995, "ERQK_RISKR": "Relatively High" }, "geometry": { "type": "Polygon", "coordinates": [ [ [ -122.425711428276557, 37.758241884272884 ], [ -122.425558428115693, 37.756645884469727 ], [ -122.434572430002063, 37.75610288370887 ], [ -122.434880431770253, 37.759298883517673 ], [ -122.428228430447547, 37.75970188357114 ], [ -122.428076429213249, 37.758098884180107 ], [ -122.425711428276557, 37.758241884272884 ] ] ] } },
{ "type": "Feature", "properties": { "TRACTFIPS": "06075020701", "ERQK_RISKS": 91.095572758700001, "ERQK_RISKR": "Relatively High" }, "geometry": { "type": "Polygon", "coordinates": [ [ [ -122.421451428553056, 37.760110886098175 ], [ -122.420990425725662, 37.755304884214731 ], [ -122.425410427977667, 37.755044884236462 ], [ -122.4258624278893, 37.759844884116184 ], [ -122.421451428553056, 37.760110886098175 ] ] ] } },
{ "type": "Feature", "properties": { "TRACTFIPS": "06075020702", "ERQK_RISKS": 94.322951969800002, "ERQK_RISKR": "Relatively High" }, "geometry": { "type": "Polygon", "coordinates": [ [ [ -122.421758428699718, 37.763309886457471 ], [ -122.421451428553056, 37.760110886098175 ], [ -122.4258624278893, 37.759844884116184 ], [ -122.426163429984825, 37.763045885146873 ], [ -122.421758428699718, 37.763309886457471 ] ] ] } },
{ "type": "Feature", "properties": { "TRACTFIPS": "06075020801", "ERQK_RISKS": 96.792836502399993, "ERQK_RISKR": "Relatively High" }, "geometry": { "type": "Polygon", "coordinates": [ [ [ -122.417052426217424, 37.760376886413383 ], [ -122.416593424836492, 37.755577885552292 ], [ -122.420990425725662, 37.755304884214731 ], [ -122.421451428553056, 37.760110886098175 ], [ -122.417052426217424, 37.760376886413383 ] ] ] } },
{ "type": "Feature", "properties": { "TRACTFIPS": "06075020802", "ERQK_RISKS": 96.066259974100007, "ERQK_RISKR": "Relatively High" }, "geometry": { "type": "Polygon", "coordinates": [ [ [ -122.417358427437492, 37.763581886757649 ], [ -122.417052426217424, 37.760376886413383 ], [ -122.421451428553056, 37.760110886098175 ], [ -122.421758428699718, 37.763309886457471 ], [ -122.417358427437492, 37.763581886757649 ] ] ] } },
{ "type": "Feature", "properties": { "TRACTFIPS": "06075020900", "ERQK_RISKS": 97.924916461500004, "ERQK_RISKR": "Very High" }, "geometry": { "type": "Polygon", "coordinates": [ [ [ -122.416593424836492, 37.755577885552292 ], [ -122.415896422905831, 37.748276884280415 ], [ -122.420308424761942, 37.748170883248235 ], [ -122.420990425725662, 37.755304884214731 ], [ -122.416593424836492, 37.755577885552292 ] ] ] } },
{ "type": "Feature", "properties": { "TRACTFIPS": "06075021000", "ERQK_RISKS": 96.034152664299995, "ERQK_RISKR": "Relatively High" }, "geometry": { "type": "Polygon", "coordinates": [ [ [ -122.420990425725662, 37.755304884214731 ], [ -122.420308424761942, 37.748170883248235 ], [ -122.424724426816013, 37.747847883636318 ], [ -122.425410427977667, 37.755044884236462 ], [ -122.420990425725662, 37.755304884214731 ] ] ] } },
{ "type": "Feature", "properties": { "TRACTFIPS": "06075021100", "ERQK_RISKS": 87.666036412099999, "ERQK_RISKR": "Relatively Moderate" }, "geometry": { "type": "Polygon", "coordinates": [ [ [ -122.425558428115693, 37.756645884469727 ], [ -122.425123426125879, 37.751854884268219 ], [ -122.434116429892484, 37.751313881864668 ], [ -122.434572430002063, 37.75610288370887 ], [ -122.425558428115693, 37.756645884469727 ] ] ] } },
{ "type": "Feature", "properties": { "TRACTFIPS": "06075021200", "ERQK_RISKS": 90.879145707700005, "ERQK_RISKR": "Relatively High" }, "geometry": { "type": "Polygon", "coordinates": [ [ [ -122.434572430002063, 37.75610288370887 ], [ -122.434116429892484, 37.751313881864668 ], [ -122.443281431391569, 37.750778880932174 ], [ -122.442873432759228, 37.752384882122861 ], [ -122.442551431645626, 37.752389882392812 ], [ -122.442519432756882, 37.752616881506214 ], [ -122.441333432003006, 37.753889882056804 ], [ -122.44037143245346, 37.75523788249933 ], [ -122.437795431629539, 37.755550882413218 ], [ -122.437829431066405, 37.755902882685881 ], [ -122.434572430002063, 37.75610288370887 ] ] ] } },
{ "type": "Feature", "properties": { "TRACTFIPS": "06075021300", "ERQK_RISKS": 86.184343524400006, "ERQK_RISKR": "Relatively Moderate" }, "geometry": { "type": "Polygon", "coordinates": [ [ [ -122.434116429892484, 37.751313881864668 ], [ -122.433723428633769, 37.747306881770399 ], [ -122.438116429324964, 37.747059881608365 ], [ -122.438272430757209, 37.748674882056456 ], [ -122.441434429590416, 37.748619880569152 ], [ -122.442545430899514, 37.74819288071415 ], [ -122.443987431746407, 37.746774879959915 ], [ -122.444809431553864, 37.746780880028318 ], [ -122.444883432072032, 37.747034879875201 ], [ -122.444452432076815, 37.747183880078786 ], [ -122.444198431633609, 37.747565880407834 ], [ -122.44429343206815, 37.748389879524431 ], [ -122.443579431317403, 37.749452880157904 ], [ -122.443281431391569, 37.750778880932174 ], [ -122.434116429892484, 37.751313881864668 ] ] ] } },
{ "type": "Feature", "properties": { "TRACTFIPS": "06075021400", "ERQK_RISKS": 90.434400009499996, "ERQK_RISKR": "Relatively High" }, "geometry": { "type": "Polygon", "coordinates": [ [ [ -122.425123426125879, 37.751854884268219 ], [ -122.424724426816013, 37.747847883636318 ], [ -122.433723428633769, 37.747306881770399 ], [ -122.434116429892484, 37.751313881864668 ], [ -122.425123426125879, 37.751854884268219 ] ] ] } },
{ "type": "Feature", "properties": { "TRACTFIPS": "06075021500", "ERQK_RISKS": 91.272757542199997, "ERQK_RISKR": "Relatively High" }, "geometry": { "type": "Polygon", "coordinates": [ [ [ -122.424724426816013, 37.747847883636318 ], [ -122.422591425682882, 37.748009883675095 ], [ -122.422319423899694, 37.745193883686028 ], [ -122.423387423754463, 37.742299881797493 ], [ -122.430914426384717, 37.74184288150154 ], [ -122.431503427462005, 37.747443882108733 ], [ -122.424724426816013, 37.747847883636318 ] ] ] } },
{ "type": "Feature", "properties": { "TRACTFIPS": "06075021600", "ERQK_RISKS": 89.1964848442, "ERQK_RISKR": "Relatively High" }, "geometry": { "type": "Polygon", "coordinates": [ [ [ -122.433723428633769, 37.747306881770399 ], [ -122.431503427462005, 37.747443882108733 ], [ -122.430914426384717, 37.74184288150154 ], [ -122.432470426136121, 37.741781881567256 ], [ -122.433285426270899, 37.741912881014791 ], [ -122.433346428166899, 37.743305881004929 ], [ -122.434648427475068, 37.743227880676947 ], [ -122.43558542780859, 37.74317088046724 ], [ -122.435413427381135, 37.741932880660642 ], [ -122.435586426735199, 37.741559880054389 ], [ -122.435826427833021, 37.742114880456967 ], [ -122.436498428750994, 37.74289587987311 ], [ -122.439544429029851, 37.744804879963482 ], [ -122.440075429482519, 37.745308879674646 ], [ -122.441296430396477, 37.745240880122516 ], [ -122.441392428859302, 37.744916879643405 ], [ -122.441736430612508, 37.744638880088004 ], [ -122.442655430504374, 37.744357880421703 ], [ -122.442919429196706, 37.743852879747976 ], [ -122.444174430445841, 37.743306879760894 ], [ -122.445616431292734, 37.743915879733137 ], [ -122.446052432209143, 37.74514387966083 ], [ -122.44687943114117, 37.746132879770059 ], [ -122.447311432757942, 37.746064880264669 ], [ -122.447425432560763, 37.746605879844765 ], [ -122.444883432072032, 37.747034879875201 ], [ -122.444629431628826, 37.746692880633113 ], [ -122.443987431746407, 37.746774879959915 ], [ -122.442545430899514, 37.74819288071415 ], [ -122.441434429590416, 37.748619880569152 ], [ -122.438272430757209, 37.748674882056456 ], [ -122.438116429324964, 37.747059881608365 ], [ -122.433723428633769, 37.747306881770399 ] ] ] } },
{ "type": "Feature", "properties": { "TRACTFIPS": "06075021700", "ERQK_RISKS": 88.199969081800006, "ERQK_RISKR": "Relatively Moderate" }, "geometry": { "type": "Polygon", "coordinates": [ [ [ -122.447425432560763, 37.746605879844765 ], [ -122.447311432757942, 37.746064880264669 ], [ -122.44687943114117, 37.746132879770059 ], [ -122.446052432209143, 37.74514387966083 ], [ -122.445616431292734, 37.743915879733137 ], [ -122.444174430445841, 37.743306879760894 ], [ -122.442919429196706, 37.743852879747976 ], [ -122.442655430504374, 37.744357880421703 ], [ -122.441736430612508, 37.744638880088004 ], [ -122.441392428859302, 37.744916879643405 ], [ -122.441296430396477, 37.745240880122516 ], [ -122.440075429482519, 37.745308879674646 ], [ -122.439544429029851, 37.744804879963482 ], [ -122.436498428750994, 37.74289587987311 ], [ -122.435826427833021, 37.742114880456967 ], [ -122.435586426735199, 37.741559880054389 ], [ -122.435413427381135, 37.741932880660642 ], [ -122.43558542780859, 37.74317088046724 ], [ -122.433346428166899, 37.743305881004929 ], [ -122.433285426270899, 37.741912881014791 ], [ -122.432470426136121, 37.741781881567256 ], [ -122.430914426384717, 37.74184288150154 ], [ -122.430776426292454, 37.740360881647916 ], [ -122.431785425697683, 37.739812880317707 ], [ -122.431334425610956, 37.739287880247375 ], [ -122.431201425541587, 37.739162880392236 ], [ -122.430327425855594, 37.739198880946148 ], [ -122.429274425171101, 37.738991881606779 ], [ -122.428755424414007, 37.738640882114538 ], [ -122.428752424040979, 37.738335881534326 ], [ -122.432561425474418, 37.735863880333667 ], [ -122.432894425560335, 37.735848879725246 ], [ -122.434237425774725, 37.737128879976524 ], [ -122.434723426919845, 37.737265879973336 ], [ -122.434427425745497, 37.736208879990286 ], [ -122.435406425911836, 37.735348879255426 ], [ -122.435878425914922, 37.733846879711109 ], [ -122.438655426580283, 37.734403878857293 ], [ -122.440713427370326, 37.735054878229619 ], [ -122.441146427913679, 37.735636878142422 ], [ -122.441658428099771, 37.735883878061621 ], [ -122.443654428067234, 37.735680878386795 ], [ -122.443914427459902, 37.735920878355337 ], [ -122.44384142766495, 37.736399878530094 ], [ -122.442683427398507, 37.737128878555723 ], [ -122.442447429193592, 37.737447878456877 ], [ -122.442651427611466, 37.738323878606884 ], [ -122.44253042903425, 37.739247880231446 ], [ -122.442623429818994, 37.739557879611922 ], [ -122.442883430110015, 37.739776880062351 ], [ -122.443948429591728, 37.740097879649078 ], [ -122.444708429474915, 37.74080288012297 ], [ -122.446013430952775, 37.741189878184557 ], [ -122.446283430391205, 37.74208187976992 ], [ -122.446684431147503, 37.742451879312057 ], [ -122.448847431519525, 37.74275887892977 ], [ -122.449609431950876, 37.743074878893211 ], [ -122.451718433692847, 37.745638878598747 ], [ -122.447425432560763, 37.746605879844765 ] ] ] } },
{ "type": "Feature", "properties": { "TRACTFIPS": "06075021800", "ERQK_RISKS": 88.2475354667, "ERQK_RISKR": "Relatively Moderate" }, "geometry": { "type": "Polygon", "coordinates": [ [ [ -122.423387423754463, 37.742299881797493 ], [ -122.424074423842754, 37.7406398818556 ], [ -122.424511423685757, 37.73900288205985 ], [ -122.425108424260642, 37.737860882099497 ], [ -122.427900424994576, 37.735546880564264 ], [ -122.429825423918615, 37.734415879578478 ], [ -122.432561424576079, 37.733132880501216 ], [ -122.435878425914922, 37.733846879711109 ], [ -122.435406425911836, 37.735348879255426 ], [ -122.434427425745497, 37.736208879990286 ], [ -122.434723426919845, 37.737265879973336 ], [ -122.434237425774725, 37.737128879976524 ], [ -122.432894425560335, 37.735848879725246 ], [ -122.432561425474418, 37.735863880333667 ], [ -122.428752424040979, 37.738335881534326 ], [ -122.428755424414007, 37.738640882114538 ], [ -122.429274425171101, 37.738991881606779 ], [ -122.430327425855594, 37.739198880946148 ], [ -122.431201425541587, 37.739162880392236 ], [ -122.431785425697683, 37.739812880317707 ], [ -122.430776426292454, 37.740360881647916 ], [ -122.430914426384717, 37.74184288150154 ], [ -122.423387423754463, 37.742299881797493 ] ] ] } },
{ "type": "Feature", "properties": { "TRACTFIPS": "06075022600", "ERQK_RISKS": 90.455804882699994, "ERQK_RISKR": "Relatively High" }, "geometry": { "type": "MultiPolygon", "coordinates": [ [ [ [ -122.383367032282578, 37.767030957073914 ], [ -122.383279954090511, 37.766955075915554 ], [ -122.383568934032553, 37.76687902850972 ], [ -122.383568934032553, 37.766749997705261 ], [ -122.384685081789939, 37.766680968997868 ], [ -122.384088065943686, 37.766802980315553 ], [ -122.38406901177818, 37.766969950918181 ], [ -122.383683925575454, 37.766924990721868 ], [ -122.383598017888204, 37.767099984744547 ], [ -122.383367032282578, 37.767030957073914 ] ] ], [ [ [ -122.388063418299723, 37.765637891696102 ], [ -122.387943418649144, 37.764388891152905 ], [ -122.387632418304506, 37.764492891184439 ], [ -122.38664141844265, 37.765677891650888 ], [ -122.385849418772381, 37.767264892480092 ], [ -122.385256021340112, 37.767255553654877 ], [ -122.385646960066921, 37.767072071170936 ], [ -122.385647962586773, 37.766831059450297 ], [ -122.38578902683247, 37.766814011430867 ], [ -122.385933934070962, 37.766278000577813 ], [ -122.386522928860032, 37.765339020115015 ], [ -122.386426992380962, 37.764449010330239 ], [ -122.38672499769666, 37.764139973079459 ], [ -122.38662906121759, 37.76392001926159 ], [ -122.387081002738711, 37.763570033507165 ], [ -122.386532956753541, 37.763395039653787 ], [ -122.386580924993098, 37.763238933552493 ], [ -122.386331055003566, 37.76314800939776 ], [ -122.386186982299961, 37.76336896541703 ], [ -122.385513083241818, 37.763307960501464 ], [ -122.385483999386182, 37.763163052054239 ], [ -122.385185994968765, 37.763368966837376 ], [ -122.385099082965027, 37.762352935102093 ], [ -122.384723020339308, 37.762140001701653 ], [ -122.384289968591986, 37.762162063191084 ], [ -122.384472984161476, 37.76407896808972 ], [ -122.384319048854366, 37.76407194751318 ], [ -122.384097925852231, 37.762261009227558 ], [ -122.383260065390104, 37.762322014296466 ], [ -122.383288978565858, 37.762542970652774 ], [ -122.383771005564128, 37.762573056208687 ], [ -122.383808945011836, 37.764277026758222 ], [ -122.383288977667519, 37.764147995675039 ], [ -122.383115992686513, 37.762466923681302 ], [ -122.382336961994056, 37.762481965766078 ], [ -122.382518973247016, 37.76464706871802 ], [ -122.382335958575865, 37.764639046886742 ], [ -122.38212503055388, 37.762424971865137 ], [ -122.381894044948268, 37.762424970444826 ], [ -122.381864964685889, 37.762745039481985 ], [ -122.381681948218102, 37.762737017444408 ], [ -122.381643006250528, 37.764851979484092 ], [ -122.381152958195045, 37.764950925472824 ], [ -122.380883029723563, 37.764775932046092 ], [ -122.380874005248216, 37.763307961211645 ], [ -122.380690988780401, 37.763292917874523 ], [ -122.380382953774543, 37.760218918924799 ], [ -122.379506984083108, 37.760279924257567 ], [ -122.379776075324799, 37.763506019104227 ], [ -122.379526037350303, 37.763513039024303 ], [ -122.379218002344402, 37.759968045150508 ], [ -122.381077077502994, 37.759831995513956 ], [ -122.381288005524979, 37.759787034529424 ], [ -122.381335973764536, 37.759588976621288 ], [ -122.381201928954439, 37.759322057315963 ], [ -122.381316918700705, 37.759010011534158 ], [ -122.381182039355735, 37.758994968033065 ], [ -122.381288005524979, 37.758660024563291 ], [ -122.381134070217897, 37.758637962029368 ], [ -122.381250065178961, 37.758318060584834 ], [ -122.381095962785224, 37.758271930386101 ], [ -122.381499935168492, 37.757770015374376 ], [ -122.381288004626668, 37.755936012154052 ], [ -122.380786926157825, 37.755487079112775 ], [ -122.380796954051334, 37.755257933232635 ], [ -122.384108956265621, 37.754969954577966 ], [ -122.384108958062257, 37.75471908075896 ], [ -122.383329926471433, 37.754688996270133 ], [ -122.382867957955114, 37.754383969488202 ], [ -122.382896037494262, 37.753699038736549 ], [ -122.38272305161496, 37.753418079864012 ], [ -122.381705863167596, 37.753197714886333 ], [ -122.391257416021674, 37.752639888355027 ], [ -122.392211417870243, 37.756187888951494 ], [ -122.392295418434145, 37.760457889806275 ], [ -122.392755420538336, 37.764176890362634 ], [ -122.393366420458591, 37.765365890435461 ], [ -122.394499422407307, 37.766591890439727 ], [ -122.388190420317969, 37.76696789155389 ], [ -122.388063418299723, 37.765637891696102 ] ] ] ] } },
{ "type": "Feature", "properties": { "TRACTFIPS": "06075022702", "ERQK_RISKS": 86.507794941300006, "ERQK_RISKR": "Relatively Moderate" }, "geometry": { "type": "Polygon", "coordinates": [ [ [ -122.393536420337895, 37.765594889962919 ], [ -122.392755420538336, 37.764176890362634 ], [ -122.392282418015355, 37.760266890142226 ], [ -122.398242420125229, 37.759918889136898 ], [ -122.398729422891932, 37.765023889994545 ], [ -122.393874420446735, 37.76531688997931 ], [ -122.393536420337895, 37.765594889962919 ] ] ] } },
{ "type": "Feature", "properties": { "TRACTFIPS": "06075022704", "ERQK_RISKS": 93.325247047900007, "ERQK_RISKR": "Relatively High" }, "geometry": { "type": "Polygon", "coordinates": [ [ [ -122.404523424422138, 37.764673888869382 ], [ -122.398729422891932, 37.765023889994545 ], [ -122.397996420077945, 37.757368888294081 ], [ -122.403715422163415, 37.757024887825189 ], [ -122.405929422589082, 37.75894388814401 ], [ -122.406415423734217, 37.759813887691642 ], [ -122.4065194243896, 37.760695887671297 ], [ -122.40630942432729, 37.761402887799989 ], [ -122.405350423354179, 37.76314688805148 ], [ -122.405131423969365, 37.763861888089572 ], [ -122.405116423900736, 37.764637888635377 ], [ -122.404523424422138, 37.764673888869382 ] ] ] } },
{ "type": "Feature", "properties": { "TRACTFIPS": "06075022801", "ERQK_RISKS": 96.753594234999994, "ERQK_RISKR": "Relatively High" }, "geometry": { "type": "Polygon", "coordinates": [ [ [ -122.408450424059708, 37.764436888071941 ], [ -122.407780421893264, 37.757714887837579 ], [ -122.41674642499737, 37.757176886346734 ], [ -122.417358427437492, 37.763581886757649 ], [ -122.41374842619571, 37.763788888333984 ], [ -122.412885426380356, 37.76416888765452 ], [ -122.408450424059708, 37.764436888071941 ] ] ] } },
{ "type": "Feature", "properties": { "TRACTFIPS": "06075022802", "ERQK_RISKS": 95.984207960199996, "ERQK_RISKR": "Relatively High" }, "geometry": { "type": "Polygon", "coordinates": [ [ [ -122.405116423900736, 37.764637888635377 ], [ -122.405229424776948, 37.763487888035918 ], [ -122.40630942432729, 37.761402887799989 ], [ -122.40651842366637, 37.760264888116652 ], [ -122.406288421715971, 37.759461888272845 ], [ -122.405929422589082, 37.75894388814401 ], [ -122.404195422562452, 37.757539887944354 ], [ -122.40357042239846, 37.756813887229228 ], [ -122.403332421848759, 37.756175888208929 ], [ -122.403153419952005, 37.75448788770359 ], [ -122.406479422409987, 37.754286886547973 ], [ -122.406506422174175, 37.754573886303326 ], [ -122.407475421396413, 37.754515886994362 ], [ -122.408450424059708, 37.764436888071941 ], [ -122.405116423900736, 37.764637888635377 ] ] ] } },
{ "type": "Feature", "properties": { "TRACTFIPS": "06075022803", "ERQK_RISKS": 87.359233229899999, "ERQK_RISKR": "Relatively Moderate" }, "geometry": { "type": "Polygon", "coordinates": [ [ [ -122.407780421893264, 37.757714887837579 ], [ -122.407475421396413, 37.754515886994362 ], [ -122.416439424850694, 37.75397788567814 ], [ -122.41674642499737, 37.757176886346734 ], [ -122.407780421893264, 37.757714887837579 ] ] ] } },
{ "type": "Feature", "properties": { "TRACTFIPS": "06075022901", "ERQK_RISKS": 91.017088223800002, "ERQK_RISKR": "Relatively High" }, "geometry": { "type": "Polygon", "coordinates": [ [ [ -122.412073423923687, 37.754239886622969 ], [ -122.411514421186993, 37.748353885571646 ], [ -122.415896422905831, 37.748276884280415 ], [ -122.416439424850694, 37.75397788567814 ], [ -122.412073423923687, 37.754239886622969 ] ] ] } },
{ "type": "Feature", "properties": { "TRACTFIPS": "06075022902", "ERQK_RISKS": 88.327209161300004, "ERQK_RISKR": "Relatively Moderate" }, "geometry": { "type": "Polygon", "coordinates": [ [ [ -122.409279422641561, 37.754407885612899 ], [ -122.408736421595023, 37.748406885620497 ], [ -122.411514421186993, 37.748353885571646 ], [ -122.412073423923687, 37.754239886622969 ], [ -122.409279422641561, 37.754407885612899 ] ] ] } },
{ "type": "Feature", "properties": { "TRACTFIPS": "06075022903", "ERQK_RISKS": 86.708762917200005, "ERQK_RISKR": "Relatively Moderate" }, "geometry": { "type": "Polygon", "coordinates": [ [ [ -122.407475421396413, 37.754515886994362 ], [ -122.406506422174175, 37.754573886303326 ], [ -122.406479422409987, 37.754286886547973 ], [ -122.403153419952005, 37.75448788770359 ], [ -122.403004420887399, 37.752759887223448 ], [ -122.403099419525319, 37.751803886102358 ], [ -122.403810419903039, 37.749442885613441 ], [ -122.406338419249721, 37.748948885938077 ], [ -122.408108420159692, 37.748418885492285 ], [ -122.408736421595023, 37.748406885620497 ], [ -122.409279422641561, 37.754407885612899 ], [ -122.407475421396413, 37.754515886994362 ] ] ] } },
{ "type": "Feature", "properties": { "TRACTFIPS": "06075023001", "ERQK_RISKS": 85.721760431899995, "ERQK_RISKR": "Relatively Moderate" }, "geometry": { "type": "Polygon", "coordinates": [ [ [ -122.39597141440828, 37.737793885191373 ], [ -122.398235414164333, 37.735317884646513 ], [ -122.398611414806311, 37.733648883802218 ], [ -122.400048413833701, 37.732320883814495 ], [ -122.399449413609005, 37.731712883986233 ], [ -122.400319413995362, 37.7314878839504 ], [ -122.399893414023012, 37.730301884015745 ], [ -122.402131413839783, 37.727799883643158 ], [ -122.402778414643379, 37.729366883245604 ], [ -122.404683416170855, 37.732958883178753 ], [ -122.406577416929395, 37.735730883831792 ], [ -122.40703541758711, 37.738011884218452 ], [ -122.400008416345656, 37.739958885159687 ], [ -122.39597141440828, 37.737793885191373 ] ] ] } },
{ "type": "Feature", "properties": { "TRACTFIPS": "06075023003", "ERQK_RISKS": 85.468469432700005, "ERQK_RISKR": "Relatively Moderate" }, "geometry": { "type": "Polygon", "coordinates": [ [ [ -122.391643412217775, 37.73249688541307 ], [ -122.392725412316253, 37.729293884270724 ], [ -122.399893414023012, 37.730301884015745 ], [ -122.400319413995362, 37.7314878839504 ], [ -122.399449413609005, 37.731712883986233 ], [ -122.400048413833701, 37.732320883814495 ], [ -122.398611414806311, 37.733648883802218 ], [ -122.398235414164333, 37.735317884646513 ], [ -122.396541414320694, 37.737165886041737 ], [ -122.392802413207448, 37.735047886158007 ], [ -122.393930414235001, 37.733797886086833 ], [ -122.391643412217775, 37.73249688541307 ] ] ] } },
{ "type": "Feature", "properties": { "TRACTFIPS": "06075023102", "ERQK_RISKS": 82.688214239000004, "ERQK_RISKR": "Relatively Moderate" }, "geometry": { "type": "Polygon", "coordinates": [ [ [ -122.381584410042862, 37.738132887872389 ], [ -122.381833410463187, 37.737741887740114 ], [ -122.38175141044745, 37.737263887981584 ], [ -122.381999411042869, 37.737092888361751 ], [ -122.383420410176754, 37.737561887646386 ], [ -122.384073411726462, 37.737523887207551 ], [ -122.383160409885761, 37.734986887728695 ], [ -122.382386410657176, 37.733724887927835 ], [ -122.381878409770749, 37.733197887394773 ], [ -122.381008410282689, 37.732654887928916 ], [ -122.38035340908317, 37.732434887400416 ], [ -122.379622407715658, 37.732474888255588 ], [ -122.37937440891686, 37.731553887650428 ], [ -122.37980540711547, 37.730808886173911 ], [ -122.380666408179323, 37.730513886664731 ], [ -122.382296409347177, 37.730629885913501 ], [ -122.382914408940138, 37.730351885988796 ], [ -122.383457409986647, 37.729747885642674 ], [ -122.389061411546109, 37.732928885754916 ], [ -122.386838411797925, 37.735501886351912 ], [ -122.388679411954698, 37.73649288582358 ], [ -122.38530841198579, 37.740249887368428 ], [ -122.381584410042862, 37.738132887872389 ] ] ] } },
{ "type": "Feature", "properties": { "TRACTFIPS": "06075023103", "ERQK_RISKS": 89.133459384299996, "ERQK_RISKR": "Relatively High" }, "geometry": { "type": "Polygon", "coordinates": [ [ [ -122.369971405969721, 37.732485888256058 ], [ -122.371004406562747, 37.731018888106895 ], [ -122.373792405302112, 37.728014887499988 ], [ -122.37770740793907, 37.728639886409681 ], [ -122.378304407615644, 37.728973886523463 ], [ -122.378568407206274, 37.728951886187907 ], [ -122.379723407099675, 37.72762788593446 ], [ -122.383457409986647, 37.729747885642674 ], [ -122.382914408940138, 37.730351885988796 ], [ -122.382296409347177, 37.730629885913501 ], [ -122.380666408179323, 37.730513886664731 ], [ -122.38002140792382, 37.730666886701343 ], [ -122.379501408240131, 37.731237887529424 ], [ -122.379372408368724, 37.731846887326626 ], [ -122.379622407715658, 37.732474888255588 ], [ -122.38035340908317, 37.732434887400416 ], [ -122.381008410282689, 37.732654887928916 ], [ -122.381878409770749, 37.733197887394773 ], [ -122.382386410657176, 37.733724887927835 ], [ -122.383160409885761, 37.734986887728695 ], [ -122.384073411726462, 37.737523887207551 ], [ -122.383420410176754, 37.737561887646386 ], [ -122.382898410843239, 37.737287887784419 ], [ -122.381834409389796, 37.737150887828385 ], [ -122.381769410889106, 37.737936887584532 ], [ -122.380913409848119, 37.738837887879569 ], [ -122.37913641016381, 37.737689888121068 ], [ -122.376873410232676, 37.740201888965025 ], [ -122.374789410401647, 37.743852890403161 ], [ -122.372788410411346, 37.745514890325623 ], [ -122.367684058999444, 37.740171685623238 ], [ -122.368307818590011, 37.739929301885041 ], [ -122.373216082148431, 37.73972999026654 ], [ -122.37324051722247, 37.739483547337613 ], [ -122.373388066406193, 37.739520065609227 ], [ -122.37337904193086, 37.73971795701857 ], [ -122.374007980309045, 37.739622020584179 ], [ -122.374065979137058, 37.739462069419517 ], [ -122.373670027810945, 37.738851013148555 ], [ -122.373100408784239, 37.738413889148497 ], [ -122.372096926831489, 37.738232937329947 ], [ -122.370568407442946, 37.738162889581425 ], [ -122.367550858605782, 37.738353287054281 ], [ -122.367579024383161, 37.738218061521849 ], [ -122.369789922926159, 37.737820942407424 ], [ -122.371391939776302, 37.737134005599344 ], [ -122.372448027072096, 37.737083124453001 ], [ -122.373573924245221, 37.737232951717644 ], [ -122.375023008308133, 37.738117945976697 ], [ -122.376208408987395, 37.738465888258993 ], [ -122.376484409171908, 37.738261888315087 ], [ -122.376044408955849, 37.738000888590996 ], [ -122.375293102968001, 37.737896890390644 ], [ -122.375370990496364, 37.736427012980833 ], [ -122.376029011831889, 37.735768991044303 ], [ -122.376156037206343, 37.73512300222923 ], [ -122.376049069415558, 37.73505798707982 ], [ -122.375441022257633, 37.735408975852636 ], [ -122.375127971059186, 37.735275935197386 ], [ -122.374954984281572, 37.734843047008688 ], [ -122.375334051771887, 37.734632954329072 ], [ -122.375052927596997, 37.734363027228341 ], [ -122.375082009655998, 37.733922953967301 ], [ -122.375572057711466, 37.733152949301399 ], [ -122.374908018561882, 37.732769033091401 ], [ -122.374324039067034, 37.732568969715686 ], [ -122.372092406508983, 37.734227888895987 ], [ -122.369881970598385, 37.732612588137364 ], [ -122.369971405969721, 37.732485888256058 ] ] ] } },
{ "type": "Feature", "properties": { "TRACTFIPS": "06075023200", "ERQK_RISKS": 93.959069125799999, "ERQK_RISKR": "Relatively High" }, "geometry": { "type": "Polygon", "coordinates": [ [ [ -122.389061411546109, 37.732928885754916 ], [ -122.387193409828527, 37.731866886139599 ], [ -122.377859406478407, 37.726569885798206 ], [ -122.380175407011308, 37.72396888586681 ], [ -122.382202406940877, 37.722255885354983 ], [ -122.383654285662658, 37.723050558422202 ], [ -122.383940407165483, 37.723453885191311 ], [ -122.384502065322138, 37.72364598102331 ], [ -122.385076408588958, 37.724122885650601 ], [ -122.385551680256313, 37.72415304864397 ], [ -122.386272408490228, 37.724483884382472 ], [ -122.386952408905799, 37.724279884283931 ], [ -122.386886956755887, 37.724123995509146 ], [ -122.384543408486465, 37.72287188402548 ], [ -122.386165407461803, 37.723592884375755 ], [ -122.393310411398957, 37.727773884254731 ], [ -122.391086412724178, 37.734075885862026 ], [ -122.389061411546109, 37.732928885754916 ] ] ] } },
{ "type": "Feature", "properties": { "TRACTFIPS": "06075023300", "ERQK_RISKS": 96.126907114700003, "ERQK_RISKR": "Relatively High" }, "geometry": { "type": "Polygon", "coordinates": [ [ [ -122.392725412316253, 37.729293884270724 ], [ -122.393621412641892, 37.72700388385455 ], [ -122.39705141036535, 37.719524881769644 ], [ -122.398719410269763, 37.717651881823159 ], [ -122.399234411727193, 37.720001881856128 ], [ -122.40120941357489, 37.724597882270196 ], [ -122.402131413839783, 37.727799883643158 ], [ -122.399893414023012, 37.730301884015745 ], [ -122.392725412316253, 37.729293884270724 ] ] ] } },
{ "type": "Feature", "properties": { "TRACTFIPS": "06075023400", "ERQK_RISKS": 98.134208554799997, "ERQK_RISKR": "Very High" }, "geometry": { "type": "Polygon", "coordinates": [ [ [ -122.384543408486465, 37.72287188402548 ], [ -122.382910552472623, 37.721951855405649 ], [ -122.382748764991646, 37.721712033277321 ], [ -122.383396407192365, 37.720621884149978 ], [ -122.383379067910724, 37.720276735840663 ], [ -122.383736406950987, 37.720198884630463 ], [ -122.386291407858494, 37.717188883257805 ], [ -122.386876407839509, 37.717518883879023 ], [ -122.387938406948166, 37.716337883951468 ], [ -122.38815740723129, 37.716307884058892 ], [ -122.391167408423456, 37.718049883653542 ], [ -122.391625408182861, 37.717535882144233 ], [ -122.392639410305904, 37.71796888287404 ], [ -122.39670841113201, 37.720275882441605 ], [ -122.393310411398957, 37.727773884254731 ], [ -122.386165407461803, 37.723592884375755 ], [ -122.384543408486465, 37.72287188402548 ] ] ] } },
{ "type": "Feature", "properties": { "TRACTFIPS": "06075025100", "ERQK_RISKS": 85.550521446499999, "ERQK_RISKR": "Relatively Moderate" }, "geometry": { "type": "Polygon", "coordinates": [ [ [ -122.408736421595023, 37.748406885620497 ], [ -122.408108420159692, 37.748418885492285 ], [ -122.406338419249721, 37.748948885938077 ], [ -122.403810419903039, 37.749442885613441 ], [ -122.404078419691629, 37.748599886281724 ], [ -122.403587419421967, 37.747771886196887 ], [ -122.404090419387217, 37.746262886297046 ], [ -122.404341419457367, 37.745939886171215 ], [ -122.404211417964405, 37.745246885998 ], [ -122.404616418020353, 37.744135885924663 ], [ -122.406861418408155, 37.740864883915243 ], [ -122.407140418067414, 37.73906988426738 ], [ -122.40703541758711, 37.738011884218452 ], [ -122.408491417779402, 37.737498884384372 ], [ -122.40888041794183, 37.736840884051738 ], [ -122.410403418081245, 37.736903883611234 ], [ -122.410141419038737, 37.739764883762085 ], [ -122.410533419574207, 37.739788883464541 ], [ -122.410391419284011, 37.741371884069935 ], [ -122.410758419705118, 37.741390884369771 ], [ -122.410688419384925, 37.742433884445681 ], [ -122.410260420661089, 37.742555883899726 ], [ -122.410015420438668, 37.742781884581305 ], [ -122.409994419623956, 37.743059884008076 ], [ -122.409404419620103, 37.742932883765761 ], [ -122.409387420799973, 37.743272884400653 ], [ -122.409883420194191, 37.743347884152854 ], [ -122.410364420418148, 37.743758884372141 ], [ -122.410645421523853, 37.746950885553844 ], [ -122.410487421340093, 37.747439885887324 ], [ -122.410577420853471, 37.748376885222243 ], [ -122.408736421595023, 37.748406885620497 ] ] ] } },
{ "type": "Feature", "properties": { "TRACTFIPS": "06075025200", "ERQK_RISKS": 87.930029847900002, "ERQK_RISKR": "Relatively Moderate" }, "geometry": { "type": "Polygon", "coordinates": [ [ [ -122.415896422905831, 37.748276884280415 ], [ -122.410577420853471, 37.748376885222243 ], [ -122.410487421340093, 37.747439885887324 ], [ -122.410645421523853, 37.746950885553844 ], [ -122.410364420418148, 37.743758884372141 ], [ -122.409883420194191, 37.743347884152854 ], [ -122.409387420799973, 37.743272884400653 ], [ -122.409404419620103, 37.742932883765761 ], [ -122.409994419623956, 37.743059884008076 ], [ -122.410015420438668, 37.742781884581305 ], [ -122.410260420661089, 37.742555883899726 ], [ -122.410688419384925, 37.742433884445681 ], [ -122.410758419705118, 37.741390884369771 ], [ -122.410391419284011, 37.741371884069935 ], [ -122.410533419574207, 37.739788883464541 ], [ -122.41177441968135, 37.739863883905336 ], [ -122.413212420330296, 37.739007883944339 ], [ -122.414585420681902, 37.738890883376584 ], [ -122.418610422025381, 37.739306882502824 ], [ -122.417796421715522, 37.740573881993058 ], [ -122.418860421372344, 37.740992882941107 ], [ -122.418778422254888, 37.741189882446754 ], [ -122.416129421636043, 37.745262884142015 ], [ -122.417845423915949, 37.745974883998819 ], [ -122.418311424071277, 37.746703884203647 ], [ -122.419147424122443, 37.746784884098865 ], [ -122.418232424428552, 37.748212884345513 ], [ -122.415896422905831, 37.748276884280415 ] ] ] } },
{ "type": "Feature", "properties": { "TRACTFIPS": "06075025300", "ERQK_RISKS": 90.473642276999996, "ERQK_RISKR": "Relatively High" }, "geometry": { "type": "Polygon", "coordinates": [ [ [ -122.420308424761942, 37.748170883248235 ], [ -122.418232424428552, 37.748212884345513 ], [ -122.419147424122443, 37.746784884098865 ], [ -122.418311424071277, 37.746703884203647 ], [ -122.417845423915949, 37.745974883998819 ], [ -122.416129421636043, 37.745262884142015 ], [ -122.418860421372344, 37.740992882941107 ], [ -122.417796421715522, 37.740573881993058 ], [ -122.418610422025381, 37.739306882502824 ], [ -122.422867424070787, 37.741036882133351 ], [ -122.423606423139262, 37.739893882071314 ], [ -122.42429642360058, 37.739875881610345 ], [ -122.422319423899694, 37.745193883686028 ], [ -122.422591425682882, 37.748009883675095 ], [ -122.420308424761942, 37.748170883248235 ] ] ] } },
{ "type": "Feature", "properties": { "TRACTFIPS": "06075025401", "ERQK_RISKS": 88.743415028599998, "ERQK_RISKR": "Relatively High" }, "geometry": { "type": "Polygon", "coordinates": [ [ [ -122.418610422025381, 37.739306882502824 ], [ -122.415827421512247, 37.73895888378977 ], [ -122.415981420599707, 37.737220882543191 ], [ -122.41663942037566, 37.73725788216872 ], [ -122.416786420688766, 37.73561488191779 ], [ -122.420189421342997, 37.735786881677619 ], [ -122.420250422340686, 37.735067881975084 ], [ -122.422628421899532, 37.735186881342862 ], [ -122.42329042187346, 37.735974881899715 ], [ -122.426235423666611, 37.736083881329968 ], [ -122.426748423677608, 37.736381880061217 ], [ -122.425108424260642, 37.737860882099497 ], [ -122.424511423685757, 37.73900288205985 ], [ -122.42429642360058, 37.739875881610345 ], [ -122.423606423139262, 37.739893882071314 ], [ -122.422867424070787, 37.741036882133351 ], [ -122.418610422025381, 37.739306882502824 ] ] ] } },
{ "type": "Feature", "properties": { "TRACTFIPS": "06075025402", "ERQK_RISKS": 83.036638007899995, "ERQK_RISKR": "Relatively Moderate" }, "geometry": { "type": "Polygon", "coordinates": [ [ [ -122.410533419574207, 37.739788883464541 ], [ -122.410141419038737, 37.739764883762085 ], [ -122.410403418081245, 37.736903883611234 ], [ -122.40888041794183, 37.736840884051738 ], [ -122.408710418062498, 37.737243884232633 ], [ -122.408243418980561, 37.737621883700598 ], [ -122.408514417345614, 37.736300883700252 ], [ -122.409531418045063, 37.735053884335315 ], [ -122.410444418089128, 37.734466883332267 ], [ -122.411192419175066, 37.735081883164312 ], [ -122.41185241860083, 37.734647882719322 ], [ -122.416850420262847, 37.734897882546399 ], [ -122.41663942037566, 37.73725788216872 ], [ -122.415981420599707, 37.737220882543191 ], [ -122.415925422319845, 37.739011883462602 ], [ -122.414585420681902, 37.738890883376584 ], [ -122.413212420330296, 37.739007883944339 ], [ -122.41177441968135, 37.739863883905336 ], [ -122.410533419574207, 37.739788883464541 ] ] ] } },
{ "type": "Feature", "properties": { "TRACTFIPS": "06075025403", "ERQK_RISKS": 89.789875495000004, "ERQK_RISKR": "Relatively High" }, "geometry": { "type": "Polygon", "coordinates": [ [ [ -122.416786420688766, 37.73561488191779 ], [ -122.416850420262847, 37.734897882546399 ], [ -122.41185241860083, 37.734647882719322 ], [ -122.411192419175066, 37.735081883164312 ], [ -122.410444418089128, 37.734466883332267 ], [ -122.414414420079353, 37.73242688196941 ], [ -122.415965419807861, 37.732081881740839 ], [ -122.420287420354001, 37.732021881907649 ], [ -122.42458042148607, 37.731558880091661 ], [ -122.426130422287997, 37.73166088013275 ], [ -122.428064423229486, 37.732025879671951 ], [ -122.426184422714698, 37.733980880610375 ], [ -122.428599423880101, 37.735091880358517 ], [ -122.426748423677608, 37.736381880061217 ], [ -122.426235423666611, 37.736083881329968 ], [ -122.42329042187346, 37.735974881899715 ], [ -122.422628421899532, 37.735186881342862 ], [ -122.420250422340686, 37.735067881975084 ], [ -122.420189421342997, 37.735786881677619 ], [ -122.416786420688766, 37.73561488191779 ] ] ] } },
{ "type": "Feature", "properties": { "TRACTFIPS": "06075025501", "ERQK_RISKS": 88.203536560700002, "ERQK_RISKR": "Relatively Moderate" }, "geometry": { "type": "Polygon", "coordinates": [ [ [ -122.434008423649232, 37.725771878356916 ], [ -122.435411424138081, 37.723918877452377 ], [ -122.44451242516476, 37.722983876386259 ], [ -122.447904426846677, 37.723014876157869 ], [ -122.447560427788389, 37.724014876155827 ], [ -122.446890427418566, 37.72522287662175 ], [ -122.445067427703492, 37.727304876257186 ], [ -122.443101426974948, 37.728643877251628 ], [ -122.441256425721917, 37.729432877468405 ], [ -122.434008423649232, 37.725771878356916 ] ] ] } },
{ "type": "Feature", "properties": { "TRACTFIPS": "06075025502", "ERQK_RISKS": 85.961970675299995, "ERQK_RISKR": "Relatively Moderate" }, "geometry": { "type": "Polygon", "coordinates": [ [ [ -122.428064423229486, 37.732025879671951 ], [ -122.432834423489254, 37.72732487842827 ], [ -122.434008423649232, 37.725771878356916 ], [ -122.441256425721917, 37.729432877468405 ], [ -122.435918425199588, 37.731586878110924 ], [ -122.428599423880101, 37.735091880358517 ], [ -122.426184422714698, 37.733980880610375 ], [ -122.428064423229486, 37.732025879671951 ] ] ] } },
{ "type": "Feature", "properties": { "TRACTFIPS": "06075025600", "ERQK_RISKS": 88.650660578200004, "ERQK_RISKR": "Relatively High" }, "geometry": { "type": "Polygon", "coordinates": [ [ [ -122.419270420552849, 37.732069881351791 ], [ -122.419512420402157, 37.729055880611632 ], [ -122.41877042006233, 37.729098880135219 ], [ -122.416890417750878, 37.728805881664044 ], [ -122.415219418371763, 37.729232881811647 ], [ -122.414486418252764, 37.727466882177744 ], [ -122.418430417608761, 37.726434880319573 ], [ -122.417932417666378, 37.725230879989461 ], [ -122.421873420242619, 37.724208879743195 ], [ -122.423766421176197, 37.728769879608926 ], [ -122.428693422693115, 37.728543879491106 ], [ -122.430416422849106, 37.728556880117004 ], [ -122.431320424468964, 37.728739879777592 ], [ -122.428064423229486, 37.732025879671951 ], [ -122.426130422287997, 37.73166088013275 ], [ -122.42458042148607, 37.731558880091661 ], [ -122.419270420552849, 37.732069881351791 ] ] ] } },
{ "type": "Feature", "properties": { "TRACTFIPS": "06075025701", "ERQK_RISKS": 87.988298669299994, "ERQK_RISKR": "Relatively Moderate" }, "geometry": { "type": "Polygon", "coordinates": [ [ [ -122.406321417734659, 37.735316883651485 ], [ -122.407156417960906, 37.735056883779031 ], [ -122.405634415849775, 37.732448883403912 ], [ -122.408535417262016, 37.731561882518825 ], [ -122.407586416334624, 37.729270882242965 ], [ -122.414486418252764, 37.727466882177744 ], [ -122.415219418371763, 37.729232881811647 ], [ -122.416890417750878, 37.728805881664044 ], [ -122.419562420630896, 37.729138880661054 ], [ -122.419270420552849, 37.732069881351791 ], [ -122.416683419858288, 37.73202288152639 ], [ -122.415141420350594, 37.732239882300362 ], [ -122.414414420079353, 37.73242688196941 ], [ -122.41210541832082, 37.733582882680103 ], [ -122.409976418283989, 37.734724883270395 ], [ -122.409167417996997, 37.735384883795383 ], [ -122.408514417345614, 37.736300883700252 ], [ -122.408151418020765, 37.737666883728579 ], [ -122.40703541758711, 37.738011884218452 ], [ -122.406786417166757, 37.736420884197649 ], [ -122.406321417734659, 37.735316883651485 ] ] ] } },
{ "type": "Feature", "properties": { "TRACTFIPS": "06075025702", "ERQK_RISKS": 90.002735067100005, "ERQK_RISKR": "Relatively High" }, "geometry": { "type": "Polygon", "coordinates": [ [ [ -122.402131413839783, 37.727799883643158 ], [ -122.400811412293308, 37.723625881935504 ], [ -122.402087413458858, 37.723929882276479 ], [ -122.40262641430742, 37.725244882328255 ], [ -122.408555415556847, 37.72369788179244 ], [ -122.410545415676523, 37.728497882067437 ], [ -122.407586416334624, 37.729270882242965 ], [ -122.408535417262016, 37.731561882518825 ], [ -122.405634415849775, 37.732448883403912 ], [ -122.407156417960906, 37.735056883779031 ], [ -122.406321417734659, 37.735316883651485 ], [ -122.405122416562023, 37.733725883971289 ], [ -122.40342641617022, 37.73066788349648 ], [ -122.402131413839783, 37.727799883643158 ] ] ] } },
{ "type": "Feature", "properties": { "TRACTFIPS": "06075025800", "ERQK_RISKS": 84.180609563199994, "ERQK_RISKR": "Relatively Moderate" }, "geometry": { "type": "Polygon", "coordinates": [ [ [ -122.400811412293308, 37.723625881935504 ], [ -122.399234411727193, 37.720001881856128 ], [ -122.398696410703522, 37.717517881222115 ], [ -122.39976641020813, 37.716192881397347 ], [ -122.400461411590626, 37.719171882077319 ], [ -122.402129412393336, 37.718730882177844 ], [ -122.403104413259982, 37.721139881784993 ], [ -122.404085413974443, 37.720873881838692 ], [ -122.405598414068137, 37.724470881620498 ], [ -122.40262641430742, 37.725244882328255 ], [ -122.402087413458858, 37.723929882276479 ], [ -122.400811412293308, 37.723625881935504 ] ] ] } },
{ "type": "Feature", "properties": { "TRACTFIPS": "06075025900", "ERQK_RISKS": 94.595269523, "ERQK_RISKR": "Relatively High" }, "geometry": { "type": "Polygon", "coordinates": [ [ [ -122.405598414068137, 37.724470881620498 ], [ -122.404085413974443, 37.720873881838692 ], [ -122.403104413259982, 37.721139881784993 ], [ -122.402129412393336, 37.718730882177844 ], [ -122.403581411489327, 37.718346881253474 ], [ -122.403880412138378, 37.718839882120115 ], [ -122.406126414147735, 37.719846881537741 ], [ -122.406457413685544, 37.719763881733606 ], [ -122.407298414657873, 37.717829880242242 ], [ -122.408281413225524, 37.718099880397133 ], [ -122.408023414380978, 37.718728879739231 ], [ -122.40874141443139, 37.718911880233811 ], [ -122.408947415194007, 37.719376880400461 ], [ -122.409920414614248, 37.719122880875936 ], [ -122.410028413670929, 37.719341880657559 ], [ -122.411016414058082, 37.71908387970803 ], [ -122.412995416103726, 37.723867880644093 ], [ -122.415949417219423, 37.723094880207256 ], [ -122.415584417346437, 37.722235880393789 ], [ -122.416575418106618, 37.721970879874249 ], [ -122.416943418352645, 37.722834880053547 ], [ -122.417940418062301, 37.722636879570295 ], [ -122.418418418811513, 37.723777880130328 ], [ -122.419401418277459, 37.72350788006456 ], [ -122.419901417869653, 37.724719879852728 ], [ -122.417932417666378, 37.725230879989461 ], [ -122.418430417608761, 37.726434880319573 ], [ -122.410545415676523, 37.728497882067437 ], [ -122.408555415556847, 37.72369788179244 ], [ -122.405598414068137, 37.724470881620498 ] ] ] } },
{ "type": "Feature", "properties": { "TRACTFIPS": "06075026001", "ERQK_RISKS": 91.944632728100004, "ERQK_RISKR": "Relatively High" }, "geometry": { "type": "Polygon", "coordinates": [ [ [ -122.428100421417852, 37.723600877971997 ], [ -122.428863422572434, 37.72396487843055 ], [ -122.432411421195013, 37.719307877846155 ], [ -122.437176423228522, 37.721584877751042 ], [ -122.43247342381423, 37.727646879104014 ], [ -122.426938421851773, 37.725160879624362 ], [ -122.428100421417852, 37.723600877971997 ] ] ] } },
{ "type": "Feature", "properties": { "TRACTFIPS": "06075026002", "ERQK_RISKS": 96.670353061499995, "ERQK_RISKR": "Relatively High" }, "geometry": { "type": "Polygon", "coordinates": [ [ [ -122.421873420242619, 37.724208879743195 ], [ -122.423833420225051, 37.723700879564532 ], [ -122.424874419417336, 37.722062878537137 ], [ -122.428100421417852, 37.723600877971997 ], [ -122.426938421851773, 37.725160879624362 ], [ -122.43247342381423, 37.727646879104014 ], [ -122.431320424468964, 37.728739879777592 ], [ -122.430416422849106, 37.728556880117004 ], [ -122.428693422693115, 37.728543879491106 ], [ -122.423766421176197, 37.728769879608926 ], [ -122.421873420242619, 37.724208879743195 ] ] ] } },
{ "type": "Feature", "properties": { "TRACTFIPS": "06075026003", "ERQK_RISKS": 88.632823183900001, "ERQK_RISKR": "Relatively High" }, "geometry": { "type": "Polygon", "coordinates": [ [ [ -122.428100421417852, 37.723600877971997 ], [ -122.424874419417336, 37.722062878537137 ], [ -122.424797420322719, 37.722181878908863 ], [ -122.424368419977341, 37.72195687833765 ], [ -122.426416420721637, 37.71857087806714 ], [ -122.426166420476378, 37.718442877940589 ], [ -122.42724941950145, 37.715558876953139 ], [ -122.431093420196675, 37.716558877408595 ], [ -122.433581421157015, 37.717753876147093 ], [ -122.428863422572434, 37.72396487843055 ], [ -122.428100421417852, 37.723600877971997 ] ] ] } },
{ "type": "Feature", "properties": { "TRACTFIPS": "06075026004", "ERQK_RISKS": 88.906329896700001, "ERQK_RISKR": "Relatively High" }, "geometry": { "type": "Polygon", "coordinates": [ [ [ -122.432411421195013, 37.719307877846155 ], [ -122.433581421157015, 37.717753876147093 ], [ -122.431180420235322, 37.716603877445763 ], [ -122.432803419933862, 37.714446876378943 ], [ -122.440444424163545, 37.717254875540874 ], [ -122.437176423228522, 37.721584877751042 ], [ -122.432411421195013, 37.719307877846155 ] ] ] } },
{ "type": "Feature", "properties": { "TRACTFIPS": "06075026100", "ERQK_RISKS": 95.660756543399998, "ERQK_RISKR": "Relatively High" }, "geometry": { "type": "Polygon", "coordinates": [ [ [ -122.435411424138081, 37.723918877452377 ], [ -122.441922424097157, 37.715317875815586 ], [ -122.443732423393442, 37.713601873917824 ], [ -122.447986425964118, 37.717009874950087 ], [ -122.448753426418335, 37.717459874905074 ], [ -122.447904426846677, 37.723014876157869 ], [ -122.44451242516476, 37.722983876386259 ], [ -122.435411424138081, 37.723918877452377 ] ] ] } },
{ "type": "Feature", "properties": { "TRACTFIPS": "06075026201", "ERQK_RISKS": 87.161832732799994, "ERQK_RISKR": "Relatively Moderate" }, "geometry": { "type": "Polygon", "coordinates": [ [ [ -122.460884427830322, 37.710595872072055 ], [ -122.457338426162679, 37.710657872731311 ], [ -122.456365425844126, 37.710841871746162 ], [ -122.45505442541679, 37.711326872201177 ], [ -122.452910426209669, 37.712838873149991 ], [ -122.449335423331334, 37.709955874247768 ], [ -122.454382425397171, 37.708241872422199 ], [ -122.463609427718865, 37.708341872005597 ], [ -122.466310429114543, 37.708140870630871 ], [ -122.468965430479471, 37.708241870290145 ], [ -122.467744429565514, 37.709291870556413 ], [ -122.466020429584617, 37.710163870096139 ], [ -122.464202428994099, 37.710557871298484 ], [ -122.460884427830322, 37.710595872072055 ] ] ] } },
{ "type": "Feature", "properties": { "TRACTFIPS": "06075026202", "ERQK_RISKS": 88.277264457200005, "ERQK_RISKR": "Relatively Moderate" }, "geometry": { "type": "Polygon", "coordinates": [ [ [ -122.443732423393442, 37.713601873917824 ], [ -122.44555442418195, 37.711896874422237 ], [ -122.449335423331334, 37.709955874247768 ], [ -122.452910426209669, 37.712838873149991 ], [ -122.449653425145272, 37.715748874198333 ], [ -122.449237425218683, 37.716315874177631 ], [ -122.448753426418335, 37.717459874905074 ], [ -122.447986425964118, 37.717009874950087 ], [ -122.443732423393442, 37.713601873917824 ] ] ] } },
{ "type": "Feature", "properties": { "TRACTFIPS": "06075026301", "ERQK_RISKS": 91.7591238272, "ERQK_RISKR": "Relatively High" }, "geometry": { "type": "Polygon", "coordinates": [ [ [ -122.432803419933862, 37.714446876378943 ], [ -122.433708419582004, 37.713190876140175 ], [ -122.436170422399712, 37.71426387622531 ], [ -122.43783742158088, 37.711929875770522 ], [ -122.438085421277975, 37.712030875951072 ], [ -122.443361422774359, 37.710564874210291 ], [ -122.44412342320571, 37.711698874551686 ], [ -122.444597423756932, 37.712792873790448 ], [ -122.441922424097157, 37.715317875815586 ], [ -122.440444424163545, 37.717254875540874 ], [ -122.432803419933862, 37.714446876378943 ] ] ] } },
{ "type": "Feature", "properties": { "TRACTFIPS": "06075026302", "ERQK_RISKS": 89.2095656, "ERQK_RISKR": "Relatively High" }, "geometry": { "type": "Polygon", "coordinates": [ [ [ -122.42724941950145, 37.715558876953139 ], [ -122.427332419342122, 37.715079877700084 ], [ -122.425574419026049, 37.714526878311744 ], [ -122.426684417815309, 37.711444876419577 ], [ -122.427359419106324, 37.711765876591407 ], [ -122.427585418163787, 37.711789876129941 ], [ -122.427674417852245, 37.711625876640923 ], [ -122.425066417241297, 37.710552876020301 ], [ -122.423354416955988, 37.709324877328918 ], [ -122.423916415574155, 37.708245876444842 ], [ -122.42537841651253, 37.708626875905452 ], [ -122.425443416809841, 37.708315875737163 ], [ -122.428108417322221, 37.708440876491856 ], [ -122.434615419778282, 37.708141876257379 ], [ -122.435004419940725, 37.708301875884011 ], [ -122.436202420390131, 37.709416875350286 ], [ -122.43679742041688, 37.710165876319557 ], [ -122.437019420174749, 37.710755875639151 ], [ -122.438396422520952, 37.711142875811944 ], [ -122.436170422399712, 37.71426387622531 ], [ -122.433708419582004, 37.713190876140175 ], [ -122.431180420235322, 37.716603877445763 ], [ -122.42724941950145, 37.715558876953139 ] ] ] } },
{ "type": "Feature", "properties": { "TRACTFIPS": "06075026303", "ERQK_RISKS": 90.712663360799993, "ERQK_RISKR": "Relatively High" }, "geometry": { "type": "Polygon", "coordinates": [ [ [ -122.43783742158088, 37.711929875770522 ], [ -122.438396422520952, 37.711142875811944 ], [ -122.437019420174749, 37.710755875639151 ], [ -122.43679742041688, 37.710165876319557 ], [ -122.436202420390131, 37.709416875350286 ], [ -122.435004419940725, 37.708301875884011 ], [ -122.434615419778282, 37.708141876257379 ], [ -122.44048542237482, 37.708347873767231 ], [ -122.440562422367719, 37.708234874265706 ], [ -122.444508422271838, 37.708341874137652 ], [ -122.452209424081062, 37.708141872703919 ], [ -122.454382425397171, 37.708241872422199 ], [ -122.448957423937884, 37.710083873401992 ], [ -122.44555442418195, 37.711896874422237 ], [ -122.444597423756932, 37.712792873790448 ], [ -122.44412342320571, 37.711698874551686 ], [ -122.443361422774359, 37.710564874210291 ], [ -122.438085421277975, 37.712030875951072 ], [ -122.43783742158088, 37.711929875770522 ] ] ] } },
{ "type": "Feature", "properties": { "TRACTFIPS": "06075026401", "ERQK_RISKS": 90.575910004400001, "ERQK_RISKR": "Relatively High" }, "geometry": { "type": "Polygon", "coordinates": [ [ [ -122.410459414564485, 37.716423879975657 ], [ -122.406215412039572, 37.715253880076013 ], [ -122.407953412264149, 37.711457879336038 ], [ -122.410667414078631, 37.712215879970522 ], [ -122.411375414083295, 37.710614878847558 ], [ -122.416026414517376, 37.71192487774222 ], [ -122.415317414687792, 37.713513878434306 ], [ -122.415832416145221, 37.713703878081034 ], [ -122.416220415584434, 37.714282878506765 ], [ -122.416180415401456, 37.714808878768679 ], [ -122.415685415832129, 37.715501879603231 ], [ -122.41134241357301, 37.714376880035395 ], [ -122.410459414564485, 37.716423879975657 ] ] ] } },
{ "type": "Feature", "properties": { "TRACTFIPS": "06075026402", "ERQK_RISKS": 90.559261769700001, "ERQK_RISKR": "Relatively High" }, "geometry": { "type": "Polygon", "coordinates": [ [ [ -122.402129412393336, 37.718730882177844 ], [ -122.400461411590626, 37.719171882077319 ], [ -122.39976641020813, 37.716192881397347 ], [ -122.398696410703522, 37.717517881222115 ], [ -122.398525410999312, 37.716553881824396 ], [ -122.39868240956153, 37.715889881828744 ], [ -122.399393410837547, 37.714607881433132 ], [ -122.400996409546295, 37.7128788803251 ], [ -122.401633410304143, 37.712523880471096 ], [ -122.402641409884467, 37.712359880474658 ], [ -122.402139409744123, 37.712721880979814 ], [ -122.402122411822333, 37.71351788075085 ], [ -122.402467410705512, 37.714445880786776 ], [ -122.402214411883833, 37.714740880339207 ], [ -122.403719411581605, 37.714350880199085 ], [ -122.40554941186771, 37.715068880088658 ], [ -122.410459414564485, 37.716423879975657 ], [ -122.410329413969819, 37.71682187987583 ], [ -122.408976413709695, 37.71646788026613 ], [ -122.408587413547281, 37.716421880317171 ], [ -122.40850241405677, 37.716607880305951 ], [ -122.408046413947204, 37.716518880037214 ], [ -122.407975413802106, 37.716680879704022 ], [ -122.408780414789447, 37.716888880125467 ], [ -122.408281413225524, 37.718099880397133 ], [ -122.407298414657873, 37.717829880242242 ], [ -122.406457413685544, 37.719763881733606 ], [ -122.406126414147735, 37.719846881537741 ], [ -122.405345413449822, 37.719588881636405 ], [ -122.403880412138378, 37.718839882120115 ], [ -122.403581411489327, 37.718346881253474 ], [ -122.402129412393336, 37.718730882177844 ] ] ] } },
{ "type": "Feature", "properties": { "TRACTFIPS": "06075026403", "ERQK_RISKS": 93.022011344600003, "ERQK_RISKR": "Relatively High" }, "geometry": { "type": "Polygon", "coordinates": [ [ [ -122.402572410287476, 37.712275880214605 ], [ -122.403135409628874, 37.712007879932692 ], [ -122.404374410984488, 37.710452880131058 ], [ -122.405129410844808, 37.709189880218737 ], [ -122.405469410603445, 37.70836487911123 ], [ -122.405391410785626, 37.708264879558925 ], [ -122.412406412331507, 37.708312878763891 ], [ -122.410667414078631, 37.712215879970522 ], [ -122.407953412264149, 37.711457879336038 ], [ -122.406215412039572, 37.715253880076013 ], [ -122.403643411413626, 37.714336880064778 ], [ -122.402214411883833, 37.714740880339207 ], [ -122.402467410705512, 37.714445880786776 ], [ -122.402122411822333, 37.71351788075085 ], [ -122.402125410398753, 37.712804880145548 ], [ -122.402641409884467, 37.712359880474658 ], [ -122.402572410287476, 37.712275880214605 ] ] ] } },
{ "type": "Feature", "properties": { "TRACTFIPS": "06075026404", "ERQK_RISKS": 85.577872117799998, "ERQK_RISKR": "Relatively Moderate" }, "geometry": { "type": "Polygon", "coordinates": [ [ [ -122.411375414083295, 37.710614878847558 ], [ -122.412406412331507, 37.708312878763891 ], [ -122.420108415762243, 37.708240877457357 ], [ -122.419374415818325, 37.709956877717687 ], [ -122.417709414490361, 37.709487877723468 ], [ -122.417477414686772, 37.710124877714804 ], [ -122.416910414249088, 37.70995987746717 ], [ -122.416026414517376, 37.71192487774222 ], [ -122.411375414083295, 37.710614878847558 ] ] ] } },
{ "type": "Feature", "properties": { "TRACTFIPS": "06075030101", "ERQK_RISKS": 96.758350873400005, "ERQK_RISKR": "Relatively High" }, "geometry": { "type": "Polygon", "coordinates": [ [ [ -122.452973438535253, 37.766383881931056 ], [ -122.452595438243506, 37.764518881227382 ], [ -122.455492438559432, 37.76417088176273 ], [ -122.461927440147164, 37.762372880222244 ], [ -122.462998440374989, 37.762325879752943 ], [ -122.462818440449936, 37.759745879452488 ], [ -122.463276440209341, 37.759488879331414 ], [ -122.463412439753455, 37.759231879737882 ], [ -122.463252439919899, 37.758571880208855 ], [ -122.463808439588576, 37.758547879495211 ], [ -122.464338442012945, 37.766081879542789 ], [ -122.459794440810697, 37.766332881708344 ], [ -122.458580440467742, 37.766299881879675 ], [ -122.456939440327517, 37.765883881808271 ], [ -122.452973438535253, 37.766383881931056 ] ] ] } },
{ "type": "Feature", "properties": { "TRACTFIPS": "06075030102", "ERQK_RISKS": 93.194439489600001, "ERQK_RISKR": "Relatively High" }, "geometry": { "type": "Polygon", "coordinates": [ [ [ -122.452595438243506, 37.764518881227382 ], [ -122.451984438323208, 37.761487881981346 ], [ -122.446809435312559, 37.761790882460403 ], [ -122.446436435043665, 37.761103882635567 ], [ -122.446421434076726, 37.75886588157212 ], [ -122.447329434097924, 37.757900881409995 ], [ -122.447941433843098, 37.757598882025349 ], [ -122.448321435581335, 37.758038881997749 ], [ -122.448561435780832, 37.759054882085159 ], [ -122.450955436131551, 37.758734880884326 ], [ -122.452861436585636, 37.758106880442895 ], [ -122.453620435745592, 37.75763188076462 ], [ -122.454053436288959, 37.757189879813794 ], [ -122.454276435871719, 37.756356879967285 ], [ -122.455078436486005, 37.755125879973356 ], [ -122.455201436509682, 37.754346880409436 ], [ -122.456058436477235, 37.752895879550209 ], [ -122.456117436028478, 37.75181387961765 ], [ -122.45647443640388, 37.751492879702653 ], [ -122.457058435661622, 37.751411879278365 ], [ -122.459011436869687, 37.751955879014119 ], [ -122.460694437741026, 37.751823878103515 ], [ -122.461496437457001, 37.751531878007533 ], [ -122.462134437141472, 37.751981877723622 ], [ -122.463387438740796, 37.753048878076697 ], [ -122.463799438469437, 37.753824878418882 ], [ -122.463581439807868, 37.755307877866159 ], [ -122.463808439588576, 37.758547879495211 ], [ -122.463252439919899, 37.758571880208855 ], [ -122.463412439753455, 37.759231879737882 ], [ -122.463276440209341, 37.759488879331414 ], [ -122.462818440449936, 37.759745879452488 ], [ -122.462998440374989, 37.762325879752943 ], [ -122.461927440147164, 37.762372880222244 ], [ -122.455492438559432, 37.76417088176273 ], [ -122.452595438243506, 37.764518881227382 ] ] ] } },
{ "type": "Feature", "properties": { "TRACTFIPS": "06075030201", "ERQK_RISKS": 94.374085833500004, "ERQK_RISKR": "Relatively High" }, "geometry": { "type": "Polygon", "coordinates": [ [ [ -122.470756443882237, 37.765788879748186 ], [ -122.470361442075415, 37.76013387783312 ], [ -122.476788443267225, 37.759846878340966 ], [ -122.477287445729445, 37.765495878082618 ], [ -122.470756443882237, 37.765788879748186 ] ] ] } },
{ "type": "Feature", "properties": { "TRACTFIPS": "06075030202", "ERQK_RISKS": 95.650054106799999, "ERQK_RISKR": "Relatively High" }, "geometry": { "type": "Polygon", "coordinates": [ [ [ -122.464338442012945, 37.766081879542789 ], [ -122.463938440183242, 37.760414880090138 ], [ -122.470361442075415, 37.76013387783312 ], [ -122.470756443882237, 37.765788879748186 ], [ -122.464338442012945, 37.766081879542789 ] ] ] } },
{ "type": "Feature", "properties": { "TRACTFIPS": "06075030301", "ERQK_RISKS": 90.889848144300004, "ERQK_RISKR": "Relatively High" }, "geometry": { "type": "Polygon", "coordinates": [ [ [ -122.476788443267225, 37.759846878340966 ], [ -122.463938440183242, 37.760414880090138 ], [ -122.463581439807868, 37.755307877866159 ], [ -122.463799438469437, 37.753824878418882 ], [ -122.463387438740796, 37.753048878076697 ], [ -122.467830439660702, 37.752732877373788 ], [ -122.468057439441438, 37.752796877661126 ], [ -122.468361439215059, 37.753253877792979 ], [ -122.469808439186508, 37.752684877832223 ], [ -122.4699204402378, 37.752786877886187 ], [ -122.470706440060255, 37.752385877205022 ], [ -122.471200440703001, 37.753365877470792 ], [ -122.471042441417566, 37.754226877722608 ], [ -122.471194441753525, 37.755108878262419 ], [ -122.472170442445105, 37.755652877805957 ], [ -122.472743440933911, 37.756291877786609 ], [ -122.476626443783815, 37.756117875951269 ], [ -122.47689644412057, 37.759841877864837 ], [ -122.476788443267225, 37.759846878340966 ] ] ] } },
{ "type": "Feature", "properties": { "TRACTFIPS": "06075030302", "ERQK_RISKS": 89.255942825199995, "ERQK_RISKR": "Relatively High" }, "geometry": { "type": "Polygon", "coordinates": [ [ [ -122.464488438207511, 37.752908878030702 ], [ -122.464444438724911, 37.752328878366512 ], [ -122.463356437880321, 37.75159187765427 ], [ -122.463434438596437, 37.751213878499271 ], [ -122.464303438259577, 37.750990877504051 ], [ -122.464212438022997, 37.75072687839689 ], [ -122.464926438773759, 37.751017878045701 ], [ -122.466495438943923, 37.750948877273203 ], [ -122.46636243887454, 37.749084877455694 ], [ -122.476157441458838, 37.748652876210166 ], [ -122.476626443783815, 37.756117875951269 ], [ -122.472743440933911, 37.756291877786609 ], [ -122.472170442445105, 37.755652877805957 ], [ -122.471194441753525, 37.755108878262419 ], [ -122.471042441417566, 37.754226877722608 ], [ -122.471200440703001, 37.753365877470792 ], [ -122.470706440060255, 37.752385877205022 ], [ -122.4699204402378, 37.752786877886187 ], [ -122.469808439186508, 37.752684877832223 ], [ -122.468361439215059, 37.753253877792979 ], [ -122.468057439441438, 37.752796877661126 ], [ -122.467830439660702, 37.752732877373788 ], [ -122.464488438207511, 37.752908878030702 ] ] ] } },
{ "type": "Feature", "properties": { "TRACTFIPS": "06075030400", "ERQK_RISKS": 90.945738646500004, "ERQK_RISKR": "Relatively High" }, "geometry": { "type": "Polygon", "coordinates": [ [ [ -122.463387438740796, 37.753048878076697 ], [ -122.461496437457001, 37.751531878007533 ], [ -122.46037843647521, 37.74979287783173 ], [ -122.458688435931194, 37.748047878730844 ], [ -122.458738435261594, 37.747614877705992 ], [ -122.459043435758431, 37.747315877901428 ], [ -122.463712436634168, 37.743758875847966 ], [ -122.468099437477591, 37.743393875903138 ], [ -122.475752439606225, 37.74305887459343 ], [ -122.476157441458838, 37.748652876210166 ], [ -122.46636243887454, 37.749084877455694 ], [ -122.466495438943923, 37.750948877273203 ], [ -122.464926438773759, 37.751017878045701 ], [ -122.464212438022997, 37.75072687839689 ], [ -122.464303438259577, 37.750990877504051 ], [ -122.463434438596437, 37.751213878499271 ], [ -122.463356437880321, 37.75159187765427 ], [ -122.464444438724911, 37.752328878366512 ], [ -122.464488438207511, 37.752908878030702 ], [ -122.463387438740796, 37.753048878076697 ] ] ] } },
{ "type": "Feature", "properties": { "TRACTFIPS": "06075030500", "ERQK_RISKS": 90.081219602100006, "ERQK_RISKR": "Relatively High" }, "geometry": { "type": "Polygon", "coordinates": [ [ [ -122.447941433843098, 37.757598882025349 ], [ -122.446365434000214, 37.755920881379659 ], [ -122.44615243356489, 37.75581388134659 ], [ -122.445490434489315, 37.755993881797913 ], [ -122.445248433741639, 37.755746881512636 ], [ -122.446586433933149, 37.755355881387977 ], [ -122.447030434347184, 37.755447881895691 ], [ -122.447709434039496, 37.755877881099529 ], [ -122.447988434597093, 37.755682881646415 ], [ -122.447402434791158, 37.754227880592701 ], [ -122.446760434010429, 37.753582880314916 ], [ -122.446803433668137, 37.753258880845216 ], [ -122.447562433726404, 37.752491880012379 ], [ -122.447060434484399, 37.751668880467953 ], [ -122.447795434253237, 37.750840879918727 ], [ -122.448756433079581, 37.750911880229509 ], [ -122.449331433913173, 37.750556879414972 ], [ -122.4497434336418, 37.749549879943906 ], [ -122.449569433564534, 37.74919188011706 ], [ -122.44907743346991, 37.749192879503916 ], [ -122.448290433822564, 37.750177879860928 ], [ -122.447984433500807, 37.75027987981936 ], [ -122.446950432184607, 37.749971880059356 ], [ -122.445829432626383, 37.749305880452255 ], [ -122.445684431963116, 37.749146879992487 ], [ -122.445723432321174, 37.748864880293432 ], [ -122.446347431761922, 37.748791879944356 ], [ -122.447374431608822, 37.749463879766594 ], [ -122.447722431763367, 37.749494879817249 ], [ -122.448675431990409, 37.747997879475122 ], [ -122.449172432107872, 37.746869879447452 ], [ -122.450195432655107, 37.746278879959519 ], [ -122.450753432871934, 37.746196880083197 ], [ -122.450866433748146, 37.745913879656236 ], [ -122.451718433692847, 37.745638878598747 ], [ -122.453855435023925, 37.745733878834208 ], [ -122.454841434862914, 37.746226878523842 ], [ -122.456250434301225, 37.746567878366108 ], [ -122.458769436122068, 37.746885877950952 ], [ -122.459200436117257, 37.747295877579234 ], [ -122.458738435261594, 37.747614877705992 ], [ -122.458688435931194, 37.748047878730844 ], [ -122.46037843647521, 37.74979287783173 ], [ -122.461496437457001, 37.751531878007533 ], [ -122.460694437741026, 37.751823878103515 ], [ -122.459011436869687, 37.751955879014119 ], [ -122.457058435661622, 37.751411879278365 ], [ -122.45647443640388, 37.751492879702653 ], [ -122.456117436028478, 37.75181387961765 ], [ -122.456058436477235, 37.752895879550209 ], [ -122.455262435710736, 37.754214880213183 ], [ -122.455078436486005, 37.755125879973356 ], [ -122.454276435871719, 37.756356879967285 ], [ -122.454053436288959, 37.757189879813794 ], [ -122.452861436585636, 37.758106880442895 ], [ -122.450955436131551, 37.758734880884326 ], [ -122.448561435780832, 37.759054882085159 ], [ -122.448321435581335, 37.758038881997749 ], [ -122.447941433843098, 37.757598882025349 ] ] ] } },
{ "type": "Feature", "properties": { "TRACTFIPS": "06075030600", "ERQK_RISKS": 82.821400116500001, "ERQK_RISKR": "Relatively Moderate" }, "geometry": { "type": "Polygon", "coordinates": [ [ [ -122.451718433692847, 37.745638878598747 ], [ -122.449887431785214, 37.743274878361753 ], [ -122.449960431580138, 37.742979878086146 ], [ -122.45233243218955, 37.742828878287135 ], [ -122.452966433472668, 37.743034878082227 ], [ -122.453471433087742, 37.743417877980754 ], [ -122.454264433481214, 37.742844877664169 ], [ -122.45540043400635, 37.741260877809346 ], [ -122.457751432902725, 37.74007587693562 ], [ -122.457904433961929, 37.739271876549537 ], [ -122.458311433667717, 37.739050876267896 ], [ -122.458875433732317, 37.739167875872376 ], [ -122.459137433673149, 37.739605876301752 ], [ -122.459210434366383, 37.739880877042431 ], [ -122.459149434267019, 37.740147876427571 ], [ -122.45888443305482, 37.7403438765446 ], [ -122.458949434250471, 37.74060787646183 ], [ -122.459412434032728, 37.740580876384335 ], [ -122.461393435728212, 37.742698876383471 ], [ -122.463712436634168, 37.743758875847966 ], [ -122.459200436117257, 37.747295877579234 ], [ -122.458769436122068, 37.746885877950952 ], [ -122.456250434301225, 37.746567878366108 ], [ -122.454841434862914, 37.746226878523842 ], [ -122.453855435023925, 37.745733878834208 ], [ -122.451718433692847, 37.745638878598747 ] ] ] } },
{ "type": "Feature", "properties": { "TRACTFIPS": "06075030700", "ERQK_RISKS": 92.997038992499995, "ERQK_RISKR": "Relatively High" }, "geometry": { "type": "Polygon", "coordinates": [ [ [ -122.449887431785214, 37.743274878361753 ], [ -122.44916343188703, 37.742838877986983 ], [ -122.446684431147503, 37.742451879312057 ], [ -122.446283430391205, 37.74208187976992 ], [ -122.446126430032351, 37.741367878996222 ], [ -122.445924430366006, 37.741126878720571 ], [ -122.444708429474915, 37.74080288012297 ], [ -122.443948429591728, 37.740097879649078 ], [ -122.442744429294507, 37.739691879409797 ], [ -122.442551428950679, 37.739457879541149 ], [ -122.442651427611466, 37.738323878606884 ], [ -122.442447429193592, 37.737447878456877 ], [ -122.442683427398507, 37.737128878555723 ], [ -122.44384142766495, 37.736399878530094 ], [ -122.443914427459902, 37.735920878355337 ], [ -122.443328428552292, 37.73562087791791 ], [ -122.442030427645449, 37.735939877922974 ], [ -122.441658428099771, 37.735883878061621 ], [ -122.441146427913679, 37.735636878142422 ], [ -122.440713427370326, 37.735054878229619 ], [ -122.438434425749037, 37.734350878727327 ], [ -122.438842426178041, 37.733096878418394 ], [ -122.454078431911753, 37.73299987625181 ], [ -122.454299430946378, 37.733034875934926 ], [ -122.455016432070167, 37.733905875630398 ], [ -122.456542431684326, 37.73427687655218 ], [ -122.456819431693788, 37.734548876311187 ], [ -122.458406432305623, 37.734590875902818 ], [ -122.459531432061809, 37.73430087590247 ], [ -122.459422433180166, 37.734947875732452 ], [ -122.460010433534237, 37.736265875615096 ], [ -122.460405433544452, 37.736771876455187 ], [ -122.460456434496379, 37.737664876118664 ], [ -122.460105433968778, 37.737913876164789 ], [ -122.459740434095792, 37.737814876255321 ], [ -122.459618432998766, 37.738542876314355 ], [ -122.459275433765399, 37.739096876371242 ], [ -122.45810843417641, 37.739108877042128 ], [ -122.457819433573107, 37.739447876542975 ], [ -122.457751432902725, 37.74007587693562 ], [ -122.45540043400635, 37.741260877809346 ], [ -122.454264433481214, 37.742844877664169 ], [ -122.453471433087742, 37.743417877980754 ], [ -122.452648432557041, 37.742899877760571 ], [ -122.452008432324448, 37.742806877806196 ], [ -122.451161432402614, 37.743002877986164 ], [ -122.449960431580138, 37.742979878086146 ], [ -122.449887431785214, 37.743274878361753 ] ] ] } },
{ "type": "Feature", "properties": { "TRACTFIPS": "06075030800", "ERQK_RISKS": 95.861724519299997, "ERQK_RISKR": "Relatively High" }, "geometry": { "type": "Polygon", "coordinates": [ [ [ -122.463712436634168, 37.743758875847966 ], [ -122.461393435728212, 37.742698876383471 ], [ -122.459412434032728, 37.740580876384335 ], [ -122.458949434250471, 37.74060787646183 ], [ -122.45888443305482, 37.7403438765446 ], [ -122.459149434267019, 37.740147876427571 ], [ -122.459210434366383, 37.739880877042431 ], [ -122.458875433732317, 37.739167875872376 ], [ -122.459354433408109, 37.739020876339552 ], [ -122.459618432998766, 37.738542876314355 ], [ -122.459740434095792, 37.737814876255321 ], [ -122.460105433968778, 37.737913876164789 ], [ -122.460456434496379, 37.737664876118664 ], [ -122.460405433544452, 37.736771876455187 ], [ -122.460010433534237, 37.736265875615096 ], [ -122.459422433180166, 37.734947875732452 ], [ -122.459531432061809, 37.73430087590247 ], [ -122.461268434258116, 37.735791875964701 ], [ -122.463162434118317, 37.737032876249749 ], [ -122.462905434200366, 37.736221875718343 ], [ -122.463103433668778, 37.735854875706444 ], [ -122.4642304339731, 37.735717875229824 ], [ -122.464916434236414, 37.736054876211469 ], [ -122.464514434553521, 37.735482875305046 ], [ -122.464488433715928, 37.735144875695454 ], [ -122.471595436221634, 37.734716873824389 ], [ -122.471781435994458, 37.734831874012464 ], [ -122.475215437509164, 37.734771874276369 ], [ -122.475752439606225, 37.74305887459343 ], [ -122.468099437477591, 37.743393875903138 ], [ -122.463712436634168, 37.743758875847966 ] ] ] } },
{ "type": "Feature", "properties": { "TRACTFIPS": "06075030900", "ERQK_RISKS": 95.903345106000003, "ERQK_RISKR": "Relatively High" }, "geometry": { "type": "Polygon", "coordinates": [ [ [ -122.459531432061809, 37.73430087590247 ], [ -122.45909043291914, 37.733654875698896 ], [ -122.459488432404115, 37.733017876253321 ], [ -122.460455431976527, 37.732638876403129 ], [ -122.460585431672854, 37.731928875391837 ], [ -122.461318431791881, 37.731335875291528 ], [ -122.461405431830528, 37.730698875789066 ], [ -122.461774432799785, 37.730073874363249 ], [ -122.461550432493766, 37.729328874337767 ], [ -122.46183243252608, 37.728729874620868 ], [ -122.460842432489144, 37.728690874248279 ], [ -122.461850432069454, 37.728128874268862 ], [ -122.462914431726261, 37.728065874347877 ], [ -122.462573432142719, 37.727234873589197 ], [ -122.46281243251731, 37.725558873795045 ], [ -122.462225431988159, 37.725302874023079 ], [ -122.462291431212094, 37.721757873618486 ], [ -122.472466433737964, 37.721612871724936 ], [ -122.472698432643242, 37.717257871441888 ], [ -122.472947433063581, 37.717359871993061 ], [ -122.475055434082336, 37.719554871121957 ], [ -122.475396433665892, 37.720284871909541 ], [ -122.47537343409968, 37.720923871702453 ], [ -122.476100434370892, 37.72076487138839 ], [ -122.475379434845749, 37.72103787151643 ], [ -122.474883436349828, 37.729019872283658 ], [ -122.475215437509164, 37.734771874276369 ], [ -122.471781435994458, 37.734831874012464 ], [ -122.471595436221634, 37.734716873824389 ], [ -122.464488433715928, 37.735144875695454 ], [ -122.464514434553521, 37.735482875305046 ], [ -122.464916434236414, 37.736054876211469 ], [ -122.4642304339731, 37.735717875229824 ], [ -122.463103433668778, 37.735854875706444 ], [ -122.462905434200366, 37.736221875718343 ], [ -122.463162434118317, 37.737032876249749 ], [ -122.461268434258116, 37.735791875964701 ], [ -122.459531432061809, 37.73430087590247 ] ] ] } },
{ "type": "Feature", "properties": { "TRACTFIPS": "06075031000", "ERQK_RISKS": 88.322452522800006, "ERQK_RISKR": "Relatively Moderate" }, "geometry": { "type": "Polygon", "coordinates": [ [ [ -122.453451431199625, 37.733049876403022 ], [ -122.453420430339179, 37.72984687573495 ], [ -122.454098430206599, 37.729843876080231 ], [ -122.454017430015725, 37.728521876185823 ], [ -122.452468429038746, 37.728511875973098 ], [ -122.452354430134235, 37.728312876076821 ], [ -122.452361428010292, 37.723189875266911 ], [ -122.461228431380192, 37.7249838736657 ], [ -122.46281243251731, 37.725558873795045 ], [ -122.462573432142719, 37.727234873589197 ], [ -122.462914431726261, 37.728065874347877 ], [ -122.461850432069454, 37.728128874268862 ], [ -122.460842432489144, 37.728690874248279 ], [ -122.46183243252608, 37.728729874620868 ], [ -122.461550432493766, 37.729328874337767 ], [ -122.461774432799785, 37.730073874363249 ], [ -122.461405431830528, 37.730698875789066 ], [ -122.461318431791881, 37.731335875291528 ], [ -122.460585431672854, 37.731928875391837 ], [ -122.460455431976527, 37.732638876403129 ], [ -122.459488432404115, 37.733017876253321 ], [ -122.45909043291914, 37.733654875698896 ], [ -122.459531432061809, 37.73430087590247 ], [ -122.458406432305623, 37.734590875902818 ], [ -122.456819431693788, 37.734548876311187 ], [ -122.456542431684326, 37.73427687655218 ], [ -122.455016432070167, 37.733905875630398 ], [ -122.454299430946378, 37.733034875934926 ], [ -122.453451431199625, 37.733049876403022 ] ] ] } },
{ "type": "Feature", "properties": { "TRACTFIPS": "06075031100", "ERQK_RISKS": 97.121044557800005, "ERQK_RISKR": "Relatively High" }, "geometry": { "type": "Polygon", "coordinates": [ [ [ -122.438434425749037, 37.734350878727327 ], [ -122.432561424576079, 37.733132880501216 ], [ -122.436476425416416, 37.731342878370725 ], [ -122.439827426192139, 37.730110878270871 ], [ -122.44381742647721, 37.728242877914184 ], [ -122.445067427703492, 37.727304876257186 ], [ -122.44633442685155, 37.725987876433145 ], [ -122.447227426804147, 37.72464787601551 ], [ -122.447904426846677, 37.723014876157869 ], [ -122.451622428941803, 37.723042875275702 ], [ -122.452361428010292, 37.723189875266911 ], [ -122.452354430134235, 37.728312876076821 ], [ -122.452468429038746, 37.728511875973098 ], [ -122.454017430015725, 37.728521876185823 ], [ -122.454098430206599, 37.729843876080231 ], [ -122.453420430339179, 37.72984687573495 ], [ -122.453451431199625, 37.733049876403022 ], [ -122.438842426178041, 37.733096878418394 ], [ -122.438434425749037, 37.734350878727327 ] ] ] } },
{ "type": "Feature", "properties": { "TRACTFIPS": "06075031201", "ERQK_RISKS": 89.660257096300001, "ERQK_RISKR": "Relatively High" }, "geometry": { "type": "Polygon", "coordinates": [ [ [ -122.452361428010292, 37.723189875266911 ], [ -122.451622428941803, 37.723042875275702 ], [ -122.449572427649372, 37.723020875309899 ], [ -122.451672427373893, 37.719695874350869 ], [ -122.452601428209803, 37.720051874440109 ], [ -122.459224430118525, 37.720033873418743 ], [ -122.459213429349546, 37.718239873800016 ], [ -122.462271430222302, 37.718229872199004 ], [ -122.462225431988159, 37.725302874023079 ], [ -122.461228431380192, 37.7249838736657 ], [ -122.452361428010292, 37.723189875266911 ] ] ] } },
{ "type": "Feature", "properties": { "TRACTFIPS": "06075031202", "ERQK_RISKS": 82.534812647899997, "ERQK_RISKR": "Relatively Moderate" }, "geometry": { "type": "Polygon", "coordinates": [ [ [ -122.447904426846677, 37.723014876157869 ], [ -122.44860842575504, 37.718420874476834 ], [ -122.450404425705955, 37.716178874504998 ], [ -122.45421542858584, 37.718248873463281 ], [ -122.459213429349546, 37.718239873800016 ], [ -122.459224430118525, 37.720033873418743 ], [ -122.452601428209803, 37.720051874440109 ], [ -122.451672427373893, 37.719695874350869 ], [ -122.449572427649372, 37.723020875309899 ], [ -122.447904426846677, 37.723014876157869 ] ] ] } },
{ "type": "Feature", "properties": { "TRACTFIPS": "06075031301", "ERQK_RISKS": 87.608956750299996, "ERQK_RISKR": "Relatively Moderate" }, "geometry": { "type": "Polygon", "coordinates": [ [ [ -122.462291431212094, 37.721757873618486 ], [ -122.462271430222302, 37.718229872199004 ], [ -122.462665430407583, 37.718220872533379 ], [ -122.462666430232517, 37.717945872354839 ], [ -122.468062432277776, 37.717909872126739 ], [ -122.468043431112875, 37.716112872025462 ], [ -122.471483431577042, 37.716094872178843 ], [ -122.472698432643242, 37.717257871441888 ], [ -122.472466433737964, 37.721612871724936 ], [ -122.462291431212094, 37.721757873618486 ] ] ] } },
{ "type": "Feature", "properties": { "TRACTFIPS": "06075031302", "ERQK_RISKS": 89.969438597700005, "ERQK_RISKR": "Relatively High" }, "geometry": { "type": "Polygon", "coordinates": [ [ [ -122.462666430232517, 37.717945872354839 ], [ -122.462582427871951, 37.711263871492136 ], [ -122.460884427830322, 37.710595872072055 ], [ -122.464793428822901, 37.710491871629124 ], [ -122.466020429584617, 37.710163870096139 ], [ -122.467188429896808, 37.709643870497217 ], [ -122.468965430479471, 37.708241870290145 ], [ -122.471355430632229, 37.708242870229775 ], [ -122.471241429931084, 37.708948869736652 ], [ -122.471363431926463, 37.712698870252261 ], [ -122.472698432643242, 37.717257871441888 ], [ -122.471483431577042, 37.716094872178843 ], [ -122.468043431112875, 37.716112872025462 ], [ -122.468062432277776, 37.717909872126739 ], [ -122.462666430232517, 37.717945872354839 ] ] ] } },
{ "type": "Feature", "properties": { "TRACTFIPS": "06075031401", "ERQK_RISKS": 87.215344915700001, "ERQK_RISKR": "Relatively Moderate" }, "geometry": { "type": "Polygon", "coordinates": [ [ [ -122.448753426418335, 37.717459874905074 ], [ -122.449237425218683, 37.716315874177631 ], [ -122.450261426489135, 37.715141873896862 ], [ -122.452977426156806, 37.712781873707662 ], [ -122.45505442541679, 37.711326872201177 ], [ -122.456365425844126, 37.710841871746162 ], [ -122.45833342712082, 37.710609872202525 ], [ -122.460884427830322, 37.710595872072055 ], [ -122.462582427871951, 37.711263871492136 ], [ -122.462615430178872, 37.71403987207465 ], [ -122.452200425656855, 37.714113873863404 ], [ -122.44860842575504, 37.718420874476834 ], [ -122.448753426418335, 37.717459874905074 ] ] ] } },
{ "type": "Feature", "properties": { "TRACTFIPS": "06075031402", "ERQK_RISKS": 82.940316078600006, "ERQK_RISKR": "Relatively Moderate" }, "geometry": { "type": "Polygon", "coordinates": [ [ [ -122.462271430222302, 37.718229872199004 ], [ -122.45421542858584, 37.718248873463281 ], [ -122.450404425705955, 37.716178874504998 ], [ -122.452200425656855, 37.714113873863404 ], [ -122.462615430178872, 37.71403987207465 ], [ -122.462665430407583, 37.718220872533379 ], [ -122.462271430222302, 37.718229872199004 ] ] ] } },
{ "type": "Feature", "properties": { "TRACTFIPS": "06075032601", "ERQK_RISKS": 96.750026756099999, "ERQK_RISKR": "Relatively High" }, "geometry": { "type": "Polygon", "coordinates": [ [ [ -122.477287445729445, 37.765495878082618 ], [ -122.476788443267225, 37.759846878340966 ], [ -122.484391446065459, 37.759510875563201 ], [ -122.484789448245337, 37.765169877053815 ], [ -122.477287445729445, 37.765495878082618 ] ] ] } },
{ "type": "Feature", "properties": { "TRACTFIPS": "06075032602", "ERQK_RISKS": 96.456304329700004, "ERQK_RISKR": "Relatively High" }, "geometry": { "type": "Polygon", "coordinates": [ [ [ -122.484789448245337, 37.765169877053815 ], [ -122.484391446065459, 37.759510875563201 ], [ -122.47689644412057, 37.759841877864837 ], [ -122.476626443783815, 37.756117875951269 ], [ -122.486274446953317, 37.755692876058227 ], [ -122.486932448525891, 37.765063876078571 ], [ -122.484789448245337, 37.765169877053815 ] ] ] } },
{ "type": "Feature", "properties": { "TRACTFIPS": "06075032700", "ERQK_RISKS": 97.481359922899998, "ERQK_RISKR": "Very High" }, "geometry": { "type": "Polygon", "coordinates": [ [ [ -122.486932448525891, 37.765063876078571 ], [ -122.486274446953317, 37.755692876058227 ], [ -122.495459447645587, 37.755282873948055 ], [ -122.496111450268685, 37.764684875562956 ], [ -122.486932448525891, 37.765063876078571 ] ] ] } },
{ "type": "Feature", "properties": { "TRACTFIPS": "06075032801", "ERQK_RISKS": 95.9521006505, "ERQK_RISKR": "Relatively High" }, "geometry": { "type": "Polygon", "coordinates": [ [ [ -122.476247441870498, 37.750518875703449 ], [ -122.475752439606225, 37.74305887459343 ], [ -122.48536144241767, 37.742635873941687 ], [ -122.485753444749776, 37.748229874145153 ], [ -122.479322441563383, 37.748513875766442 ], [ -122.479452442158021, 37.750377876471624 ], [ -122.476247441870498, 37.750518875703449 ] ] ] } },
{ "type": "Feature", "properties": { "TRACTFIPS": "06075032802", "ERQK_RISKS": 93.563078972100001, "ERQK_RISKR": "Relatively High" }, "geometry": { "type": "Polygon", "coordinates": [ [ [ -122.476626443783815, 37.756117875951269 ], [ -122.476247441870498, 37.750518875703449 ], [ -122.479452442158021, 37.750377876471624 ], [ -122.479322441563383, 37.748513875766442 ], [ -122.485753444749776, 37.748229874145153 ], [ -122.486274446953317, 37.755692876058227 ], [ -122.476626443783815, 37.756117875951269 ] ] ] } },
{ "type": "Feature", "properties": { "TRACTFIPS": "06075032901", "ERQK_RISKS": 94.629755152000001, "ERQK_RISKR": "Relatively High" }, "geometry": { "type": "Polygon", "coordinates": [ [ [ -122.485883444446131, 37.750094874275824 ], [ -122.48536144241767, 37.742635873941687 ], [ -122.494530445911366, 37.742231871666839 ], [ -122.495072447132983, 37.749690874360859 ], [ -122.485883444446131, 37.750094874275824 ] ] ] } },
{ "type": "Feature", "properties": { "TRACTFIPS": "06075032902", "ERQK_RISKS": 94.842614724200004, "ERQK_RISKR": "Relatively High" }, "geometry": { "type": "Polygon", "coordinates": [ [ [ -122.486274446953317, 37.755692876058227 ], [ -122.485883444446131, 37.750094874275824 ], [ -122.495072447132983, 37.749690874360859 ], [ -122.495459447645587, 37.755282873948055 ], [ -122.486274446953317, 37.755692876058227 ] ] ] } },
{ "type": "Feature", "properties": { "TRACTFIPS": "06075033001", "ERQK_RISKS": 95.440762013500006, "ERQK_RISKR": "Relatively High" }, "geometry": { "type": "Polygon", "coordinates": [ [ [ -122.48536144241767, 37.742635873941687 ], [ -122.485100442301757, 37.738909872946884 ], [ -122.490458442915596, 37.738672872019599 ], [ -122.490390443143511, 37.737939871992971 ], [ -122.491311443583498, 37.7373128722082 ], [ -122.490712442460477, 37.73655187181992 ], [ -122.490487442329595, 37.735851871322055 ], [ -122.490296442533875, 37.735615872252431 ], [ -122.488961441817082, 37.735202872425582 ], [ -122.486348441183267, 37.735012871796876 ], [ -122.48279844021593, 37.735469872342968 ], [ -122.479573439836898, 37.734628873584526 ], [ -122.493968442801616, 37.733990870138413 ], [ -122.494530445911366, 37.742231871666839 ], [ -122.48536144241767, 37.742635873941687 ] ] ] } },
{ "type": "Feature", "properties": { "TRACTFIPS": "06075033002", "ERQK_RISKS": 97.280391946999998, "ERQK_RISKR": "Relatively High" }, "geometry": { "type": "Polygon", "coordinates": [ [ [ -122.475752439606225, 37.74305887459343 ], [ -122.475215437509164, 37.734771874276369 ], [ -122.479573439836898, 37.734628873584526 ], [ -122.48279844021593, 37.735469872342968 ], [ -122.486001441751952, 37.735003872039215 ], [ -122.488961441817082, 37.735202872425582 ], [ -122.490296442533875, 37.735615872252431 ], [ -122.490712442460477, 37.73655187181992 ], [ -122.491311443583498, 37.7373128722082 ], [ -122.490390443143511, 37.737939871992971 ], [ -122.490458442915596, 37.738672872019599 ], [ -122.485100442301757, 37.738909872946884 ], [ -122.48536144241767, 37.742635873941687 ], [ -122.475752439606225, 37.74305887459343 ] ] ] } },
{ "type": "Feature", "properties": { "TRACTFIPS": "06075033100", "ERQK_RISKS": 95.864102838500003, "ERQK_RISKR": "Relatively High" }, "geometry": { "type": "Polygon", "coordinates": [ [ [ -122.493968442801616, 37.733990870138413 ], [ -122.475215437509164, 37.734771874276369 ], [ -122.474998435977568, 37.731081873437638 ], [ -122.481956438520342, 37.73118187203378 ], [ -122.486205440169812, 37.73088887185758 ], [ -122.486632439967082, 37.729564871421353 ], [ -122.488916440712927, 37.730266870252201 ], [ -122.489606441174246, 37.730295870533404 ], [ -122.490161441018017, 37.73001287041528 ], [ -122.491000441442267, 37.729121870138151 ], [ -122.491786442163033, 37.728824870268568 ], [ -122.492426441497315, 37.728914870333305 ], [ -122.493555441451448, 37.729603870623166 ], [ -122.496061441955135, 37.729021869470614 ], [ -122.497043444291123, 37.729312869908171 ], [ -122.497380442778379, 37.729677869653365 ], [ -122.498170443697134, 37.731383869496625 ], [ -122.498133444785523, 37.732277869821218 ], [ -122.496590444554613, 37.733865869864758 ], [ -122.493968442801616, 37.733990870138413 ] ] ] } },
{ "type": "Feature", "properties": { "TRACTFIPS": "06075033201", "ERQK_RISKS": 99.991675882699994, "ERQK_RISKR": "Very High" }, "geometry": { "type": "Polygon", "coordinates": [ [ [ -122.474998435977568, 37.731081873437638 ], [ -122.474883436349828, 37.729019872283658 ], [ -122.475379434845749, 37.72103787151643 ], [ -122.476100434370892, 37.72076487138839 ], [ -122.48058343547379, 37.720909869967947 ], [ -122.480895435643319, 37.720736869988365 ], [ -122.482122436405064, 37.721698870863285 ], [ -122.482136436648744, 37.721857869883067 ], [ -122.482636438037602, 37.722082870755081 ], [ -122.483428437707843, 37.722781870222164 ], [ -122.483438437753549, 37.722954870399555 ], [ -122.485118438251831, 37.724143869932206 ], [ -122.48398343844994, 37.727099871454328 ], [ -122.484079438709387, 37.727421871687405 ], [ -122.48543143914462, 37.729028872058201 ], [ -122.485748439337016, 37.729301872278285 ], [ -122.486632439967082, 37.729564871421353 ], [ -122.486205440169812, 37.73088887185758 ], [ -122.481956438520342, 37.73118187203378 ], [ -122.474998435977568, 37.731081873437638 ] ] ] } },
{ "type": "Feature", "properties": { "TRACTFIPS": "06075033203", "ERQK_RISKS": 97.465900847900002, "ERQK_RISKR": "Very High" }, "geometry": { "type": "Polygon", "coordinates": [ [ [ -122.474687433836309, 37.719160872282799 ], [ -122.472698432643242, 37.717257871441888 ], [ -122.471381432368119, 37.712811870764057 ], [ -122.472610431881364, 37.712941869712083 ], [ -122.475933433966318, 37.714407869906886 ], [ -122.476650433293472, 37.714576869615918 ], [ -122.485301435855007, 37.714832868083498 ], [ -122.485150437140604, 37.718584869584873 ], [ -122.483169436343431, 37.718526869787965 ], [ -122.483231435369376, 37.717594869739671 ], [ -122.480742435482455, 37.717513870594523 ], [ -122.480007435713617, 37.716951869656427 ], [ -122.478700433687607, 37.717912870133041 ], [ -122.478139434894345, 37.717493870748058 ], [ -122.477748434183795, 37.717420870729825 ], [ -122.477266434134947, 37.717718870663226 ], [ -122.47584443337955, 37.716900870183451 ], [ -122.475279433490016, 37.717424869992911 ], [ -122.47440943400197, 37.717516870748625 ], [ -122.474622433538983, 37.718803871667554 ], [ -122.474889433502668, 37.719045871918162 ], [ -122.474687433836309, 37.719160872282799 ] ] ] } },
{ "type": "Feature", "properties": { "TRACTFIPS": "06075033204", "ERQK_RISKS": 96.687001296199995, "ERQK_RISKR": "Relatively High" }, "geometry": { "type": "Polygon", "coordinates": [ [ [ -122.476100434370892, 37.72076487138839 ], [ -122.47537343409968, 37.720923871702453 ], [ -122.475396433665892, 37.720284871909541 ], [ -122.475055434082336, 37.719554871121957 ], [ -122.474687433836309, 37.719160872282799 ], [ -122.474889433502668, 37.719045871918162 ], [ -122.474622433538983, 37.718803871667554 ], [ -122.47440943400197, 37.717516870748625 ], [ -122.475279433490016, 37.717424869992911 ], [ -122.47584443337955, 37.716900870183451 ], [ -122.477266434134947, 37.717718870663226 ], [ -122.477748434183795, 37.717420870729825 ], [ -122.478139434894345, 37.717493870748058 ], [ -122.478700433687607, 37.717912870133041 ], [ -122.480007435713617, 37.716951869656427 ], [ -122.480742435482455, 37.717513870594523 ], [ -122.483231435369376, 37.717594869739671 ], [ -122.483169436343431, 37.718526869787965 ], [ -122.485150437140604, 37.718584869584873 ], [ -122.485122438449807, 37.724133870549409 ], [ -122.483438437753549, 37.722954870399555 ], [ -122.483428437707843, 37.722781870222164 ], [ -122.482636438037602, 37.722082870755081 ], [ -122.482136436648744, 37.721857869883067 ], [ -122.482122436405064, 37.721698870863285 ], [ -122.480895435643319, 37.720736869988365 ], [ -122.48058343547379, 37.720909869967947 ], [ -122.476100434370892, 37.72076487138839 ] ] ] } },
{ "type": "Feature", "properties": { "TRACTFIPS": "06075035101", "ERQK_RISKS": 91.826905925600002, "ERQK_RISKR": "Relatively High" }, "geometry": { "type": "Polygon", "coordinates": [ [ [ -122.496111450268685, 37.764684875562956 ], [ -122.495718449908324, 37.75901087442962 ], [ -122.502608451780716, 37.758709873863204 ], [ -122.503005452339053, 37.764353874338923 ], [ -122.496111450268685, 37.764684875562956 ] ] ] } },
{ "type": "Feature", "properties": { "TRACTFIPS": "06075035102", "ERQK_RISKS": 95.602487721900005, "ERQK_RISKR": "Relatively High" }, "geometry": { "type": "Polygon", "coordinates": [ [ [ -122.495718449908324, 37.75901087442962 ], [ -122.495191447856996, 37.751552873698827 ], [ -122.499940448200334, 37.751343872548887 ], [ -122.499810448504007, 37.749481872213501 ], [ -122.501956449157618, 37.749386871817123 ], [ -122.502608451780716, 37.758709873863204 ], [ -122.495718449908324, 37.75901087442962 ] ] ] } },
{ "type": "Feature", "properties": { "TRACTFIPS": "06075035201", "ERQK_RISKS": 95.023366986599996, "ERQK_RISKR": "Relatively High" }, "geometry": { "type": "Polygon", "coordinates": [ [ [ -122.509896454036351, 37.764099873581571 ], [ -122.509137453079745, 37.75842387236964 ], [ -122.502608451780716, 37.758709873863204 ], [ -122.501956449157618, 37.749386871817123 ], [ -122.507968450247716, 37.74912087105298 ], [ -122.508905450581224, 37.748839871356751 ], [ -122.509616260516069, 37.748854465172222 ], [ -122.509921975173597, 37.750200007422983 ], [ -122.510421050399344, 37.750955972254026 ], [ -122.510752984185046, 37.752401045636219 ], [ -122.510918954221978, 37.752597934517084 ], [ -122.511003023956178, 37.754535062191259 ], [ -122.511209940102077, 37.755586024844817 ], [ -122.510918953323696, 37.756635984646522 ], [ -122.511874981771527, 37.760314020464115 ], [ -122.511958048985861, 37.762154041090277 ], [ -122.512331937688586, 37.763006944753137 ], [ -122.512210067745556, 37.763641532205661 ], [ -122.509896454036351, 37.764099873581571 ] ] ] } },
{ "type": "Feature", "properties": { "TRACTFIPS": "06075035202", "ERQK_RISKS": 93.538106620099995, "ERQK_RISKR": "Relatively High" }, "geometry": { "type": "Polygon", "coordinates": [ [ [ -122.503005452339053, 37.764353874338923 ], [ -122.502608451780716, 37.758709873863204 ], [ -122.509137453079745, 37.75842387236964 ], [ -122.509896454036351, 37.764099873581571 ], [ -122.503005452339053, 37.764353874338923 ] ] ] } },
{ "type": "Feature", "properties": { "TRACTFIPS": "06075035300", "ERQK_RISKS": 97.17693506000001, "ERQK_RISKR": "Relatively High" }, "geometry": { "type": "Polygon", "coordinates": [ [ [ -122.495191447856996, 37.751552873698827 ], [ -122.493968442801616, 37.733990870138413 ], [ -122.497513443746101, 37.733934870934206 ], [ -122.498632444552797, 37.734195870073457 ], [ -122.50106744580971, 37.73530987029163 ], [ -122.501956449157618, 37.749386871817123 ], [ -122.499810448504007, 37.749481872213501 ], [ -122.499940448200334, 37.751343872548887 ], [ -122.495191447856996, 37.751552873698827 ] ] ] } },
{ "type": "Feature", "properties": { "TRACTFIPS": "06075035400", "ERQK_RISKS": 97.764379912699994, "ERQK_RISKR": "Very High" }, "geometry": { "type": "Polygon", "coordinates": [ [ [ -122.501956449157618, 37.749386871817123 ], [ -122.500985446692283, 37.735480870477616 ], [ -122.50106744580971, 37.73530987029163 ], [ -122.502584446101366, 37.735566869852732 ], [ -122.5065474484189, 37.735581869807852 ], [ -122.508434667795328, 37.735423565922552 ], [ -122.508534785932071, 37.73572939477998 ], [ -122.508170035790741, 37.736602006682951 ], [ -122.508420076460183, 37.739586920298237 ], [ -122.508233049014635, 37.740380992532479 ], [ -122.509088961122401, 37.744559940673653 ], [ -122.508879035620282, 37.745569955209099 ], [ -122.509589037071422, 37.747897014996113 ], [ -122.509616260516069, 37.748854465172222 ], [ -122.508905450581224, 37.748839871356751 ], [ -122.507968450247716, 37.74912087105298 ], [ -122.501956449157618, 37.749386871817123 ] ] ] } },
{ "type": "Feature", "properties": { "TRACTFIPS": "06075040100", "ERQK_RISKS": 98.583710891500004, "ERQK_RISKR": "Very High" }, "geometry": { "type": "Polygon", "coordinates": [ [ [ -122.459205444224978, 37.785691884821851 ], [ -122.458904444824427, 37.781335884023591 ], [ -122.464310445118784, 37.781098881959672 ], [ -122.464807447931193, 37.78857388411182 ], [ -122.459502446122514, 37.789720884930091 ], [ -122.459205444224978, 37.785691884821851 ] ] ] } },
{ "type": "Feature", "properties": { "TRACTFIPS": "06075040200", "ERQK_RISKS": 99.652765390699997, "ERQK_RISKR": "Very High" }, "geometry": { "type": "Polygon", "coordinates": [ [ [ -122.464807447931193, 37.78857388411182 ], [ -122.464310445118784, 37.781098881959672 ], [ -122.472290448383902, 37.780756881865827 ], [ -122.472622447746602, 37.785501881784221 ], [ -122.472609449124448, 37.786326882461992 ], [ -122.472378449145779, 37.787243882450028 ], [ -122.470938447948697, 37.787230882194464 ], [ -122.464807447931193, 37.78857388411182 ] ] ] } },
{ "type": "Feature", "properties": { "TRACTFIPS": "06075042601", "ERQK_RISKS": 93.471513681299996, "ERQK_RISKR": "Relatively High" }, "geometry": { "type": "Polygon", "coordinates": [ [ [ -122.478740450040263, 37.786040881992058 ], [ -122.478336449809206, 37.780458880078754 ], [ -122.483693450598125, 37.780216879654375 ], [ -122.484106452846632, 37.785804880418354 ], [ -122.478740450040263, 37.786040881992058 ] ] ] } },
{ "type": "Feature", "properties": { "TRACTFIPS": "06075042602", "ERQK_RISKS": 91.691341728799998, "ERQK_RISKR": "Relatively High" }, "geometry": { "type": "Polygon", "coordinates": [ [ [ -122.472609449124448, 37.786326882461992 ], [ -122.472290448383902, 37.780756881865827 ], [ -122.478336449809206, 37.780458880078754 ], [ -122.478740450040263, 37.786040881992058 ], [ -122.472609449124448, 37.786326882461992 ] ] ] } },
{ "type": "Feature", "properties": { "TRACTFIPS": "06075042700", "ERQK_RISKS": 95.878372753999997, "ERQK_RISKR": "Relatively High" }, "geometry": { "type": "Polygon", "coordinates": [ [ [ -122.484106452846632, 37.785804880418354 ], [ -122.483693450598125, 37.780216879654375 ], [ -122.493331453721851, 37.779761877917011 ], [ -122.493517454393, 37.783507878956819 ], [ -122.487177452341541, 37.783794880338895 ], [ -122.487312453857385, 37.78565888014441 ], [ -122.484106452846632, 37.785804880418354 ] ] ] } },
{ "type": "Feature", "properties": { "TRACTFIPS": "06075042800", "ERQK_RISKS": 95.3432509246, "ERQK_RISKR": "Relatively High" }, "geometry": { "type": "Polygon", "coordinates": [ [ [ -122.472378449145779, 37.787243882450028 ], [ -122.472609449124448, 37.786326882461992 ], [ -122.487312453857385, 37.78565888014441 ], [ -122.487177452341541, 37.783794880338895 ], [ -122.493517454393, 37.783507878956819 ], [ -122.493766437745379, 37.787546827086729 ], [ -122.492856456040656, 37.787892879958676 ], [ -122.492337068109691, 37.787781956278309 ], [ -122.491732029409647, 37.787996059625627 ], [ -122.48984504179856, 37.789479073851616 ], [ -122.489017454469987, 37.789292879995969 ], [ -122.487050998295615, 37.78952804622638 ], [ -122.485821478657812, 37.790721537632209 ], [ -122.484756453124959, 37.78973988133145 ], [ -122.484032453226774, 37.789440882135146 ], [ -122.483930452221216, 37.789003882389444 ], [ -122.484176453166825, 37.78845788198182 ], [ -122.484172452070553, 37.787674881654368 ], [ -122.483825451740927, 37.787749881117492 ], [ -122.479871451440843, 37.786805881482174 ], [ -122.478806451060819, 37.786909881930796 ], [ -122.475573449387554, 37.786791882270762 ], [ -122.472378449145779, 37.787243882450028 ] ] ] } },
{ "type": "Feature", "properties": { "TRACTFIPS": "06075045100", "ERQK_RISKS": 98.542090304799999, "ERQK_RISKR": "Very High" }, "geometry": { "type": "Polygon", "coordinates": [ [ [ -122.458904444824427, 37.781335884023591 ], [ -122.458397441966284, 37.774318881593622 ], [ -122.463775442671562, 37.773633881936824 ], [ -122.464310445118784, 37.781098881959672 ], [ -122.458904444824427, 37.781335884023591 ] ] ] } },
{ "type": "Feature", "properties": { "TRACTFIPS": "06075045201", "ERQK_RISKS": 95.173201098800007, "ERQK_RISKR": "Relatively High" }, "geometry": { "type": "Polygon", "coordinates": [ [ [ -122.467518446677687, 37.780947881860037 ], [ -122.466978444207584, 37.773360881913703 ], [ -122.471732445472142, 37.773150880117605 ], [ -122.472290448383902, 37.780756881865827 ], [ -122.467518446677687, 37.780947881860037 ] ] ] } },
{ "type": "Feature", "properties": { "TRACTFIPS": "06075045202", "ERQK_RISKS": 95.973505523599997, "ERQK_RISKR": "Relatively High" }, "geometry": { "type": "Polygon", "coordinates": [ [ [ -122.464310445118784, 37.781098881959672 ], [ -122.463775442671562, 37.773633881936824 ], [ -122.466978444207584, 37.773360881913703 ], [ -122.467518446677687, 37.780947881860037 ], [ -122.464310445118784, 37.781098881959672 ] ] ] } },
{ "type": "Feature", "properties": { "TRACTFIPS": "06075047600", "ERQK_RISKS": 96.160203584100003, "ERQK_RISKR": "Relatively High" }, "geometry": { "type": "Polygon", "coordinates": [ [ [ -122.478336449809206, 37.780458880078754 ], [ -122.472290448383902, 37.780756881865827 ], [ -122.471732445472142, 37.773150880117605 ], [ -122.478863448267276, 37.772824879461311 ], [ -122.479414449709736, 37.780412880129475 ], [ -122.478336449809206, 37.780458880078754 ] ] ] } },
{ "type": "Feature", "properties": { "TRACTFIPS": "06075047701", "ERQK_RISKS": 95.318278572500006, "ERQK_RISKR": "Relatively High" }, "geometry": { "type": "Polygon", "coordinates": [ [ [ -122.483693450598125, 37.780216879654375 ], [ -122.479414449709736, 37.780412880129475 ], [ -122.479132447880787, 37.776555880400835 ], [ -122.48876745152981, 37.776116878133259 ], [ -122.489045451364149, 37.779986879578729 ], [ -122.483693450598125, 37.780216879654375 ] ] ] } },
{ "type": "Feature", "properties": { "TRACTFIPS": "06075047702", "ERQK_RISKS": 96.443223573899999, "ERQK_RISKR": "Relatively High" }, "geometry": { "type": "Polygon", "coordinates": [ [ [ -122.479132447880787, 37.776555880400835 ], [ -122.478863448267276, 37.772824879461311 ], [ -122.488497450294744, 37.772383877484053 ], [ -122.48876745152981, 37.776116878133259 ], [ -122.479132447880787, 37.776555880400835 ] ] ] } },
{ "type": "Feature", "properties": { "TRACTFIPS": "06075047801", "ERQK_RISKS": 95.1874710142, "ERQK_RISKR": "Relatively High" }, "geometry": { "type": "Polygon", "coordinates": [ [ [ -122.489045451364149, 37.779986879578729 ], [ -122.488497450294744, 37.772383877484053 ], [ -122.494929452407732, 37.772090876385796 ], [ -122.495201453292623, 37.77582287789054 ], [ -122.497345453398069, 37.775724878023169 ], [ -122.497481454738818, 37.777588877566281 ], [ -122.493194453454535, 37.777783877488751 ], [ -122.493331453721851, 37.779761877917011 ], [ -122.489045451364149, 37.779986879578729 ] ] ] } },
{ "type": "Feature", "properties": { "TRACTFIPS": "06075047802", "ERQK_RISKS": 88.869465948400006, "ERQK_RISKR": "Relatively High" }, "geometry": { "type": "Polygon", "coordinates": [ [ [ -122.493472454187184, 37.781636878410623 ], [ -122.493194453454535, 37.777783877488751 ], [ -122.497481454738818, 37.777588877566281 ], [ -122.497345453398069, 37.775724878023169 ], [ -122.495201453292623, 37.77582287789054 ], [ -122.494929452407732, 37.772090876385796 ], [ -122.498140453441366, 37.771943876216525 ], [ -122.49882745532625, 37.781386877448249 ], [ -122.493472454187184, 37.781636878410623 ] ] ] } },
{ "type": "Feature", "properties": { "TRACTFIPS": "06075047902", "ERQK_RISKS": 92.516618505699995, "ERQK_RISKR": "Relatively High" }, "geometry": { "type": "Polygon", "coordinates": [ [ [ -122.49882745532625, 37.781386877448249 ], [ -122.498547454943761, 37.77754087782327 ], [ -122.509254457747204, 37.77705387566543 ], [ -122.50945945868493, 37.779860876375352 ], [ -122.510143458400165, 37.781015875571974 ], [ -122.506342457362649, 37.781128876187545 ], [ -122.50632645836744, 37.781005876062096 ], [ -122.49882745532625, 37.781386877448249 ] ] ] } },
{ "type": "Feature", "properties": { "TRACTFIPS": "06075047903", "ERQK_RISKS": 93.076712687099999, "ERQK_RISKR": "Relatively High" }, "geometry": { "type": "Polygon", "coordinates": [ [ [ -122.498547454943761, 37.77754087782327 ], [ -122.49827645388379, 37.773809876179016 ], [ -122.508984456512152, 37.773318875921689 ], [ -122.509254457747204, 37.77705387566543 ], [ -122.498547454943761, 37.77754087782327 ] ] ] } },
{ "type": "Feature", "properties": { "TRACTFIPS": "06075047904", "ERQK_RISKS": 92.165816417499997, "ERQK_RISKR": "Relatively High" }, "geometry": { "type": "Polygon", "coordinates": [ [ [ -122.509880321192185, 37.784801718184134 ], [ -122.509809459387611, 37.7840388761105 ], [ -122.507510458573151, 37.782194876037629 ], [ -122.508506459356198, 37.782288876538907 ], [ -122.508950457973597, 37.782022876230812 ], [ -122.509863459814298, 37.782204876096642 ], [ -122.510241459207748, 37.782039876724895 ], [ -122.510807458922187, 37.782068875888143 ], [ -122.50945945868493, 37.779860876375352 ], [ -122.508984456512152, 37.773318875921689 ], [ -122.49827645388379, 37.773809876179016 ], [ -122.498140453441366, 37.771943876216525 ], [ -122.510972456083664, 37.771352874644364 ], [ -122.513173457887191, 37.770770874409095 ], [ -122.513026061417037, 37.77494894482485 ], [ -122.513142053683154, 37.77518193567127 ], [ -122.513194032900444, 37.777452001214272 ], [ -122.51406799665385, 37.778184065968418 ], [ -122.514288952569331, 37.778184065258394 ], [ -122.514373023201841, 37.779439939955239 ], [ -122.514925916496267, 37.779652037568681 ], [ -122.514888981365033, 37.779863505511962 ], [ -122.514398929716279, 37.780002023179911 ], [ -122.514177972902502, 37.780542046840893 ], [ -122.514598994411543, 37.780866962679745 ], [ -122.514700778024817, 37.781203836854495 ], [ -122.514205050820095, 37.781327927901671 ], [ -122.514268460201066, 37.78147487533316 ], [ -122.513721019680403, 37.781502921916832 ], [ -122.513825195507266, 37.781765486356001 ], [ -122.513426021025936, 37.782118991271695 ], [ -122.513563075192181, 37.782342956290357 ], [ -122.513394932130581, 37.782525972763906 ], [ -122.513484364807027, 37.782770651459515 ], [ -122.512868948768784, 37.782851055955135 ], [ -122.512785046121252, 37.783407958875188 ], [ -122.512405978630937, 37.783756942691852 ], [ -122.512670055476676, 37.784012998002879 ], [ -122.512138459441019, 37.783802876663216 ], [ -122.511810967824388, 37.783944971549928 ], [ -122.511674547868708, 37.784344111433128 ], [ -122.511328459329093, 37.784293876155296 ], [ -122.511273327923462, 37.784590754238735 ], [ -122.510833042941456, 37.784452069100666 ], [ -122.510254077842546, 37.784735033562093 ], [ -122.510064041939131, 37.78460199213734 ], [ -122.509880321192185, 37.784801718184134 ] ] ] } },
{ "type": "Feature", "properties": { "TRACTFIPS": "06075060100", "ERQK_RISKS": 89.8778733069, "ERQK_RISKR": "Relatively High" }, "geometry": { "type": "Polygon", "coordinates": [ [ [ -122.448172446398189, 37.806359889902716 ], [ -122.448518446004613, 37.806097889806082 ], [ -122.448267446832759, 37.8044878894707 ], [ -122.449150445841283, 37.804017888560132 ], [ -122.449414445431913, 37.803720888375501 ], [ -122.44963044624032, 37.80301788795159 ], [ -122.449369446124408, 37.802251888004633 ], [ -122.448829445450926, 37.801781888479987 ], [ -122.448411445874498, 37.801574888233027 ], [ -122.447846445984979, 37.80164288780896 ], [ -122.447852444934426, 37.800927887612524 ], [ -122.447682444156811, 37.800690888049274 ], [ -122.44632644262532, 37.79188888737071 ], [ -122.449393443718918, 37.791497885952758 ], [ -122.449452443270133, 37.791646886747984 ], [ -122.459502446122514, 37.789720884930091 ], [ -122.470938447948697, 37.787230882194464 ], [ -122.473347449266313, 37.787202881800127 ], [ -122.475573449387554, 37.786791882270762 ], [ -122.478806451060819, 37.786909881930796 ], [ -122.479871451440843, 37.786805881482174 ], [ -122.483825451740927, 37.787749881117492 ], [ -122.484172452070553, 37.787674881654368 ], [ -122.484176453166825, 37.78845788198182 ], [ -122.483930452221216, 37.789003882389444 ], [ -122.484032453226774, 37.789440882135146 ], [ -122.484756453124959, 37.78973988133145 ], [ -122.485821478657812, 37.790721537632209 ], [ -122.484504986829165, 37.792230999224913 ], [ -122.484065082732855, 37.79301905527862 ], [ -122.483941681162278, 37.793562456512113 ], [ -122.483353075343715, 37.794435045792305 ], [ -122.483324995804551, 37.794888992498826 ], [ -122.482635050140473, 37.79641295551226 ], [ -122.482554990485724, 37.796943952214868 ], [ -122.481766936216189, 37.79854697121624 ], [ -122.481900981026286, 37.798759069360223 ], [ -122.481809454376929, 37.798695883264109 ], [ -122.481724453988107, 37.798866883879185 ], [ -122.481580454048057, 37.798757883250595 ], [ -122.481711454467614, 37.798939883780427 ], [ -122.481378007020695, 37.798989050762877 ], [ -122.481507037434838, 37.79913997708892 ], [ -122.481250981646269, 37.79923607980416 ], [ -122.481442020967805, 37.799308953703289 ], [ -122.481414453468403, 37.799459883634562 ], [ -122.481040054522595, 37.799590079644105 ], [ -122.480692073232689, 37.800557973305274 ], [ -122.480116951126519, 37.801247918437014 ], [ -122.480151046683119, 37.80155094051667 ], [ -122.479960009158177, 37.801576011125817 ], [ -122.480035053518705, 37.801997030848213 ], [ -122.479842009157409, 37.802017922068842 ], [ -122.479971039571552, 37.802126061882532 ], [ -122.47982596524642, 37.802248071481493 ], [ -122.479928921161132, 37.802342002467071 ], [ -122.479771383609773, 37.803192407575565 ], [ -122.479363994933479, 37.803543056064242 ], [ -122.478763970629345, 37.805037936995276 ], [ -122.478452954115028, 37.808024160917995 ], [ -122.477802927785561, 37.808620035352234 ], [ -122.477764455636873, 37.810952886032958 ], [ -122.477340456212659, 37.811034885788693 ], [ -122.476571957368577, 37.810891940257562 ], [ -122.476111993891976, 37.809656959002623 ], [ -122.475769027896263, 37.809457061679304 ], [ -122.474462008802277, 37.809102060163866 ], [ -122.473112035864673, 37.809073982182312 ], [ -122.471376978520937, 37.808790014409595 ], [ -122.470305959428515, 37.808357963784793 ], [ -122.469432455612534, 37.807818633829484 ], [ -122.468859046593636, 37.807031056457944 ], [ -122.467901118208943, 37.806538232835734 ], [ -122.467253017867463, 37.806002991238913 ], [ -122.463984972914986, 37.804916929219409 ], [ -122.461734962622813, 37.804943002287814 ], [ -122.460127931376746, 37.805202066662737 ], [ -122.456250447775972, 37.805947888308374 ], [ -122.454509448076649, 37.806478888152427 ], [ -122.453872965646696, 37.806290969158525 ], [ -122.452002025539855, 37.806297989274348 ], [ -122.449426446025811, 37.806831889448624 ], [ -122.448754446006163, 37.806711889609481 ], [ -122.448153446131613, 37.80690589002117 ], [ -122.448172446398189, 37.806359889902716 ] ] ] } },
{ "type": "Feature", "properties": { "TRACTFIPS": "06075060400", "ERQK_RISKS": 93.9138810603, "ERQK_RISKR": "Relatively High" }, "geometry": { "type": "Polygon", "coordinates": [ [ [ -122.50106744580971, 37.73530987029163 ], [ -122.498632444552797, 37.734195870073457 ], [ -122.496590444554613, 37.733865869864758 ], [ -122.498133444785523, 37.732277869821218 ], [ -122.49821944410094, 37.731921869526161 ], [ -122.498170443697134, 37.731383869496625 ], [ -122.497380442778379, 37.729677869653365 ], [ -122.496725442477185, 37.729133870294405 ], [ -122.49571444252382, 37.729068869779844 ], [ -122.493555441451448, 37.729603870623166 ], [ -122.492426441497315, 37.728914870333305 ], [ -122.491786442163033, 37.728824870268568 ], [ -122.491000441442267, 37.729121870138151 ], [ -122.489927441564603, 37.730174869701415 ], [ -122.489231440357216, 37.730328870080086 ], [ -122.485748439337016, 37.729301872278285 ], [ -122.48543143914462, 37.729028872058201 ], [ -122.484079438709387, 37.727421871687405 ], [ -122.483979438251964, 37.727034871285987 ], [ -122.485153437513631, 37.723957870390393 ], [ -122.485301435855007, 37.714832868083498 ], [ -122.476650433293472, 37.714576869615918 ], [ -122.475933433966318, 37.714407869906886 ], [ -122.472610431881364, 37.712941869712083 ], [ -122.471381432368119, 37.712811870764057 ], [ -122.471241429931084, 37.708948869736652 ], [ -122.471355430632229, 37.708242870229775 ], [ -122.485616433702631, 37.708240867507762 ], [ -122.485716434160054, 37.70807586804009 ], [ -122.502845173129444, 37.708142865538036 ], [ -122.503880945025074, 37.712655998362642 ], [ -122.505058932806605, 37.71609502780332 ], [ -122.505394043933421, 37.71803198802445 ], [ -122.506117369196858, 37.720109178100358 ], [ -122.506222045385329, 37.721235017911923 ], [ -122.506472917894726, 37.721615924294596 ], [ -122.50668702325784, 37.723114984413009 ], [ -122.506844119736414, 37.723295692513013 ], [ -122.507497748310186, 37.727235965638442 ], [ -122.507223033614849, 37.728620003956671 ], [ -122.508061079129945, 37.731175811021501 ], [ -122.507950918726621, 37.732437933840409 ], [ -122.508327750310215, 37.733161262989249 ], [ -122.508172042627081, 37.734430049975245 ], [ -122.508434667795328, 37.735423565922552 ], [ -122.5065474484189, 37.735581869807852 ], [ -122.502584446101366, 37.735566869852732 ], [ -122.50106744580971, 37.73530987029163 ] ] ] } },
{ "type": "Feature", "properties": { "TRACTFIPS": "06075060502", "ERQK_RISKS": 87.574471121299993, "ERQK_RISKR": "Relatively Moderate" }, "geometry": { "type": "Polygon", "coordinates": [ [ [ -122.415661414644376, 37.712742878440046 ], [ -122.416910414249088, 37.70995987746717 ], [ -122.417477414686772, 37.710124877714804 ], [ -122.417709414490361, 37.709487877723468 ], [ -122.419374415818325, 37.709956877717687 ], [ -122.420108415762243, 37.708240877457357 ], [ -122.423916415574155, 37.708245876444842 ], [ -122.423354416955988, 37.709324877328918 ], [ -122.425066417241297, 37.710552876020301 ], [ -122.427674417852245, 37.711625876640923 ], [ -122.427585418163787, 37.711789876129941 ], [ -122.427359419106324, 37.711765876591407 ], [ -122.426684417815309, 37.711444876419577 ], [ -122.42661841859136, 37.711622876248263 ], [ -122.424061416237407, 37.710572877740319 ], [ -122.422988416359772, 37.710844877145114 ], [ -122.422856416115323, 37.710960877350523 ], [ -122.423219416338455, 37.711137877730557 ], [ -122.422641416030146, 37.712268878175095 ], [ -122.424267417898363, 37.71275587757556 ], [ -122.423780417826649, 37.714084877905556 ], [ -122.422200417785803, 37.713649878193628 ], [ -122.42150241692859, 37.714259877502229 ], [ -122.415661414644376, 37.712742878440046 ] ] ] } },
{ "type": "Feature", "properties": { "TRACTFIPS": "06075060701", "ERQK_RISKS": 95.323035211000004, "ERQK_RISKR": "Relatively High" }, "geometry": { "type": "MultiPolygon", "coordinates": [ [ [ [ -122.384650417599744, 37.768084892268412 ], [ -122.383907821676857, 37.768126130759654 ], [ -122.383869417800156, 37.76775489261555 ], [ -122.38248269837753, 37.767836928960207 ], [ -122.382467045233696, 37.767707096683068 ], [ -122.384906037705434, 37.767555936437496 ], [ -122.385031056243491, 37.767441947890156 ], [ -122.385031057141816, 37.767663071451402 ], [ -122.383933964448275, 37.76781499982512 ], [ -122.383973074400814, 37.768073061043047 ], [ -122.384781017370685, 37.768005036253946 ], [ -122.384650417599744, 37.768084892268412 ] ] ], [ [ [ -122.385052419977583, 37.776284894179305 ], [ -122.384903912291449, 37.775347169044991 ], [ -122.386974034049629, 37.775138980670746 ], [ -122.386949420210854, 37.774337894024846 ], [ -122.381840420017383, 37.774624893379141 ], [ -122.381483412455481, 37.771934386025507 ], [ -122.38460903401122, 37.773338070386515 ], [ -122.386786420004242, 37.773282892677265 ], [ -122.386599419508144, 37.772848891873764 ], [ -122.386754916985524, 37.772786013803362 ], [ -122.386740420871789, 37.772449892998992 ], [ -122.386465420512195, 37.771952892784448 ], [ -122.386410420260574, 37.771468892259342 ], [ -122.385945970597447, 37.771005995900829 ], [ -122.385866419389146, 37.770692892381987 ], [ -122.385580420057209, 37.772163892089175 ], [ -122.385707420278791, 37.771453892477112 ], [ -122.385312419370266, 37.77164389328145 ], [ -122.385750419038189, 37.770601892180423 ], [ -122.383181417887002, 37.769718892633399 ], [ -122.383413068245929, 37.769347005640157 ], [ -122.385321040502063, 37.770245016759439 ], [ -122.385609019720903, 37.770210920870412 ], [ -122.384974061731995, 37.768728073913955 ], [ -122.385348952954558, 37.767867982382526 ], [ -122.385256021340112, 37.767255553654877 ], [ -122.385849418772381, 37.767264892480092 ], [ -122.38664141844265, 37.765677891650888 ], [ -122.387632418304506, 37.764492891184439 ], [ -122.387943418649144, 37.764388891152905 ], [ -122.388190420317969, 37.76696789155389 ], [ -122.395087421863053, 37.766554890566745 ], [ -122.396679421599487, 37.767834890923574 ], [ -122.396544422778589, 37.767914890565365 ], [ -122.397471422168024, 37.76881288996168 ], [ -122.39794642254418, 37.769893890696203 ], [ -122.397322422205107, 37.770049890438059 ], [ -122.397384889253345, 37.770806066416974 ], [ -122.390465041753941, 37.776075955805211 ], [ -122.390126923067541, 37.776497978562141 ], [ -122.387665984753411, 37.776740997276448 ], [ -122.38739505555867, 37.776684003004021 ], [ -122.387083007778429, 37.776140971130886 ], [ -122.385052419977583, 37.776284894179305 ] ] ], [ [ [ -122.384756422396507, 37.782935894140302 ], [ -122.384708088542652, 37.782559013629275 ], [ -122.387814422370965, 37.782284894269459 ], [ -122.387781422759019, 37.781805894346611 ], [ -122.385578422203992, 37.781944894712112 ], [ -122.385520937212334, 37.781607049105347 ], [ -122.387737019034532, 37.781453949903835 ], [ -122.387429985650158, 37.778402013455761 ], [ -122.385362421395612, 37.778489894191601 ], [ -122.385339747917854, 37.778441075675822 ], [ -122.387470935352425, 37.778321953448611 ], [ -122.389642056494623, 37.777478074745702 ], [ -122.390444941051143, 37.777005250749284 ], [ -122.392776424047966, 37.778861892111877 ], [ -122.389416422153147, 37.781518893760961 ], [ -122.388784422316462, 37.781807893659106 ], [ -122.388138421337729, 37.781815893748316 ], [ -122.38809642150494, 37.782458893471357 ], [ -122.387654421639098, 37.782835894478353 ], [ -122.384756422396507, 37.782935894140302 ] ] ] ] } },
{ "type": "Feature", "properties": { "TRACTFIPS": "06075060702", "ERQK_RISKS": 96.354036602299999, "ERQK_RISKR": "Relatively High" }, "geometry": { "type": "Polygon", "coordinates": [ [ [ -122.398042558449262, 37.770974826631928 ], [ -122.398642931299705, 37.770500069359869 ], [ -122.398544987984295, 37.770137046153607 ], [ -122.398380022263837, 37.770032919851026 ], [ -122.398006552176042, 37.770310586114945 ], [ -122.397915422582031, 37.769750890407039 ], [ -122.397471422168024, 37.76881288996168 ], [ -122.396544422778589, 37.767914890565365 ], [ -122.396679421599487, 37.767834890923574 ], [ -122.395087421863053, 37.766554890566745 ], [ -122.394499422407307, 37.766591890439727 ], [ -122.393536420337895, 37.765594889962919 ], [ -122.393874420446735, 37.76531688997931 ], [ -122.404523424422138, 37.764673888869382 ], [ -122.405016424341653, 37.769724890131087 ], [ -122.404417424116915, 37.769759890199978 ], [ -122.403904424105932, 37.770072889734891 ], [ -122.39964242383428, 37.773438891659723 ], [ -122.398424423293378, 37.77235889140934 ], [ -122.398154423854962, 37.77181589096498 ], [ -122.398042558449262, 37.770974826631928 ] ] ] } },
{ "type": "Feature", "properties": { "TRACTFIPS": "06075060703", "ERQK_RISKS": 97.507521434599994, "ERQK_RISKR": "Very High" }, "geometry": { "type": "MultiPolygon", "coordinates": [ [ [ [ -122.397322422205107, 37.770049890438059 ], [ -122.39794642254418, 37.769893890696203 ], [ -122.398002421722367, 37.770216889924413 ], [ -122.397384889253345, 37.770806066416974 ], [ -122.397322422205107, 37.770049890438059 ] ] ], [ [ [ -122.390820044276126, 37.776665952560165 ], [ -122.392584015693913, 37.775199986477467 ], [ -122.393205937331388, 37.774957970967002 ], [ -122.396269072075995, 37.77228694101035 ], [ -122.398042558449262, 37.770974826631928 ], [ -122.398154423854962, 37.77181589096498 ], [ -122.398424423293378, 37.77235889140934 ], [ -122.400465424364995, 37.774122891942874 ], [ -122.401008424513194, 37.774818891428367 ], [ -122.39878142456709, 37.776577891437668 ], [ -122.397232423590054, 37.7753418919892 ], [ -122.392776424047966, 37.778861892111877 ], [ -122.390454422768983, 37.777017892108709 ], [ -122.390820044276126, 37.776665952560165 ] ] ] ] } },
{ "type": "Feature", "properties": { "TRACTFIPS": "06075061000", "ERQK_RISKS": 93.888908708200006, "ERQK_RISKR": "Relatively High" }, "geometry": { "type": "Polygon", "coordinates": [ [ [ -122.383379067910724, 37.720276735840663 ], [ -122.381775406245325, 37.719359884689396 ], [ -122.381353021093673, 37.718784943025625 ], [ -122.380469433688617, 37.718735604749305 ], [ -122.379723928122573, 37.718319966145991 ], [ -122.379914967444108, 37.717969980034056 ], [ -122.379806996235189, 37.717842955229685 ], [ -122.379216998926253, 37.717818051640172 ], [ -122.376186957218394, 37.71610305063318 ], [ -122.37739904055654, 37.714410946224199 ], [ -122.378918404315698, 37.713103884306477 ], [ -122.379746403072645, 37.711777884534186 ], [ -122.380043403173559, 37.711563883898165 ], [ -122.380067404361327, 37.710614883822203 ], [ -122.379002403981275, 37.709986883735063 ], [ -122.378480401952842, 37.709283883944359 ], [ -122.378384402591706, 37.708877883903419 ], [ -122.377968401766779, 37.708617884312346 ], [ -122.376893402239304, 37.708908883892221 ], [ -122.37642040241127, 37.709647883682898 ], [ -122.376048401967296, 37.709700883724139 ], [ -122.374648401851516, 37.709065884209402 ], [ -122.374446049147252, 37.708677950720634 ], [ -122.375658401979948, 37.708414883811592 ], [ -122.379426403405489, 37.708429883580564 ], [ -122.380428078846208, 37.708794947143382 ], [ -122.384541405243397, 37.70930488166816 ], [ -122.386010405854464, 37.710007882680983 ], [ -122.386842405707668, 37.709765882757523 ], [ -122.388135107452669, 37.708683196286295 ], [ -122.388745405788725, 37.708925882000706 ], [ -122.389744406046503, 37.70962988226573 ], [ -122.390646407118226, 37.709214881939459 ], [ -122.391505405837322, 37.709707881742233 ], [ -122.39337423849652, 37.7082803192746 ], [ -122.405469410603445, 37.70836487911123 ], [ -122.404847410812522, 37.709756879931788 ], [ -122.403135409628874, 37.712007879932692 ], [ -122.401181410392525, 37.712736880587606 ], [ -122.399393410837547, 37.714607881433132 ], [ -122.398577409979524, 37.716191881564995 ], [ -122.398719410269763, 37.717651881823159 ], [ -122.397553410505708, 37.718863882209703 ], [ -122.39670841113201, 37.720275882441605 ], [ -122.392639410305904, 37.71796888287404 ], [ -122.391625408182861, 37.717535882144233 ], [ -122.391167408423456, 37.718049883653542 ], [ -122.38815740723129, 37.716307884058892 ], [ -122.387938406948166, 37.716337883951468 ], [ -122.386876407839509, 37.717518883879023 ], [ -122.386291407858494, 37.717188883257805 ], [ -122.383736406950987, 37.720198884630463 ], [ -122.383379067910724, 37.720276735840663 ] ] ] } },
{ "type": "Feature", "properties": { "TRACTFIPS": "06075061101", "ERQK_RISKS": 99.922704624600001, "ERQK_RISKR": "Very High" }, "geometry": { "type": "Polygon", "coordinates": [ [ [ -122.405539431584899, 37.79707489443787 ], [ -122.400889430077427, 37.797663894485886 ], [ -122.400175429326666, 37.794143893982607 ], [ -122.404639430162987, 37.793574893436613 ], [ -122.40482243046111, 37.794462893665369 ], [ -122.406331430356829, 37.794273894210967 ], [ -122.406854431311857, 37.796911893808286 ], [ -122.405539431584899, 37.79707489443787 ] ] ] } },
{ "type": "Feature", "properties": { "TRACTFIPS": "06075061102", "ERQK_RISKS": 99.504120438100003, "ERQK_RISKR": "Very High" }, "geometry": { "type": "Polygon", "coordinates": [ [ [ -122.406854431311857, 37.796911893808286 ], [ -122.406331430356829, 37.794273894210967 ], [ -122.407929431737628, 37.794069893400987 ], [ -122.408457432715565, 37.796713893461117 ], [ -122.406854431311857, 37.796911893808286 ] ] ] } },
{ "type": "Feature", "properties": { "TRACTFIPS": "06075061200", "ERQK_RISKS": 90.433210849899993, "ERQK_RISKR": "Relatively High" }, "geometry": { "type": "Polygon", "coordinates": [ [ [ -122.38530841198579, 37.740249887368428 ], [ -122.388679411954698, 37.73649288582358 ], [ -122.386838411797925, 37.735501886351912 ], [ -122.389061411546109, 37.732928885754916 ], [ -122.391086412724178, 37.734075885862026 ], [ -122.391643412217775, 37.73249688541307 ], [ -122.393930414235001, 37.733797886086833 ], [ -122.392802413207448, 37.735047886158007 ], [ -122.396541414320694, 37.737165886041737 ], [ -122.39597141440828, 37.737793885191373 ], [ -122.394119413482557, 37.736738886173605 ], [ -122.391294414034931, 37.739862886523646 ], [ -122.389451413330065, 37.738812886210582 ], [ -122.388025414173327, 37.742766888216082 ], [ -122.38652641252672, 37.742020887846579 ], [ -122.387169412234059, 37.741306887905324 ], [ -122.38530841198579, 37.740249887368428 ] ] ] } },
{ "type": "Feature", "properties": { "TRACTFIPS": "06075061401", "ERQK_RISKS": 88.249913785900006, "ERQK_RISKR": "Relatively Moderate" }, "geometry": { "type": "Polygon", "coordinates": [ [ [ -122.397996420077945, 37.757368888294081 ], [ -122.397755420053514, 37.75483688799946 ], [ -122.396701418645833, 37.754716888238114 ], [ -122.394613418616885, 37.752436888464764 ], [ -122.39653941826414, 37.752320887871619 ], [ -122.396434417783837, 37.751188888113411 ], [ -122.399440417879717, 37.750999887392844 ], [ -122.400498419485373, 37.750682887806157 ], [ -122.402631420618505, 37.750567886672641 ], [ -122.402810420718652, 37.75039588574316 ], [ -122.402887419813197, 37.749552885903213 ], [ -122.403810419903039, 37.749442885613441 ], [ -122.403201419632595, 37.751290885968004 ], [ -122.403004420887399, 37.752759887223448 ], [ -122.403332421848759, 37.756175888208929 ], [ -122.403715422163415, 37.757024887825189 ], [ -122.397996420077945, 37.757368888294081 ] ] ] } },
{ "type": "Feature", "properties": { "TRACTFIPS": "06075061402", "ERQK_RISKS": 83.938021000600003, "ERQK_RISKR": "Relatively Moderate" }, "geometry": { "type": "Polygon", "coordinates": [ [ [ -122.392282418015355, 37.760266890142226 ], [ -122.392211417870243, 37.756187888951494 ], [ -122.391257416021674, 37.752639888355027 ], [ -122.394613418616885, 37.752436888464764 ], [ -122.396701418645833, 37.754716888238114 ], [ -122.397755420053514, 37.75483688799946 ], [ -122.398242420125229, 37.759918889136898 ], [ -122.392282418015355, 37.760266890142226 ] ] ] } },
{ "type": "Feature", "properties": { "TRACTFIPS": "06075061501", "ERQK_RISKS": 99.885840676399994, "ERQK_RISKR": "Very High" }, "geometry": { "type": "Polygon", "coordinates": [ [ [ -122.395177426766324, 37.789244894242572 ], [ -122.402734426838876, 37.78326889239414 ], [ -122.405857428008943, 37.78575389217162 ], [ -122.406088428885937, 37.785766891977055 ], [ -122.402092428753065, 37.788730893693632 ], [ -122.397454427839492, 37.792451893889648 ], [ -122.3943024263571, 37.789935894177674 ], [ -122.395177426766324, 37.789244894242572 ] ] ] } },
{ "type": "Feature", "properties": { "TRACTFIPS": "06075061502", "ERQK_RISKS": 98.314960817200003, "ERQK_RISKR": "Very High" }, "geometry": { "type": "Polygon", "coordinates": [ [ [ -122.393644424784526, 37.783087894077305 ], [ -122.392103423305102, 37.781855893471302 ], [ -122.389872424059334, 37.783618894248349 ], [ -122.388582421751764, 37.782567894007222 ], [ -122.388405422199753, 37.782249894449926 ], [ -122.388449422580706, 37.781807893659106 ], [ -122.389416422153147, 37.781518893760961 ], [ -122.392776424047966, 37.778861892111877 ], [ -122.397412425311728, 37.782563892583454 ], [ -122.395187425015436, 37.784320893648697 ], [ -122.393644424784526, 37.783087894077305 ] ] ] } },
{ "type": "Feature", "properties": { "TRACTFIPS": "06075061503", "ERQK_RISKS": 98.205558132099995, "ERQK_RISKR": "Very High" }, "geometry": { "type": "Polygon", "coordinates": [ [ [ -122.393623426664746, 37.788005894197418 ], [ -122.394507426396515, 37.787307894050628 ], [ -122.392963425442346, 37.78607789412218 ], [ -122.397412425311728, 37.782563892583454 ], [ -122.400494428270576, 37.785039892574844 ], [ -122.395177426766324, 37.789244894242572 ], [ -122.393623426664746, 37.788005894197418 ] ] ] } },
{ "type": "Feature", "properties": { "TRACTFIPS": "06075061504", "ERQK_RISKS": 89.3641563507, "ERQK_RISKR": "Relatively High" }, "geometry": { "type": "Polygon", "coordinates": [ [ [ -122.389663423821943, 37.786233894502075 ], [ -122.393644424784526, 37.783087894077305 ], [ -122.395187425015436, 37.784320893648697 ], [ -122.391206424052882, 37.787464894253525 ], [ -122.389663423821943, 37.786233894502075 ] ] ] } },
{ "type": "Feature", "properties": { "TRACTFIPS": "06075061505", "ERQK_RISKS": 82.065094597599995, "ERQK_RISKR": "Relatively Moderate" }, "geometry": { "type": "Polygon", "coordinates": [ [ [ -122.389455424307798, 37.788847895665967 ], [ -122.390345424785664, 37.788144894261251 ], [ -122.391884425716924, 37.789378894206969 ], [ -122.390997424713817, 37.790079895431937 ], [ -122.389455424307798, 37.788847895665967 ] ] ] } },
{ "type": "Feature", "properties": { "TRACTFIPS": "06075061506", "ERQK_RISKS": 87.908624974700004, "ERQK_RISKR": "Relatively Moderate" }, "geometry": { "type": "Polygon", "coordinates": [ [ [ -122.389455424307798, 37.788847895665967 ], [ -122.388599424165164, 37.788163896037261 ], [ -122.387920424472824, 37.788810895571977 ], [ -122.387725423580804, 37.787107895773488 ], [ -122.388614424233765, 37.78705889481742 ], [ -122.389663423821943, 37.786233894502075 ], [ -122.391206424052882, 37.787464894253525 ], [ -122.392963425442346, 37.78607789412218 ], [ -122.394507426396515, 37.787307894050628 ], [ -122.391884425716924, 37.789378894206969 ], [ -122.390345424785664, 37.788144894261251 ], [ -122.389455424307798, 37.788847895665967 ] ] ] } },
{ "type": "Feature", "properties": { "TRACTFIPS": "06075061507", "ERQK_RISKS": 96.464628447099997, "ERQK_RISKR": "Relatively High" }, "geometry": { "type": "MultiPolygon", "coordinates": [ [ [ [ -122.385496034116031, 37.790558951763984 ], [ -122.385538911602865, 37.790546233921596 ], [ -122.385602394645673, 37.790704461756334 ], [ -122.385496034116031, 37.790558951763984 ] ] ], [ [ [ -122.393845427320912, 37.793747895666883 ], [ -122.393207426738158, 37.793239895766575 ], [ -122.39244042628394, 37.793820896367478 ], [ -122.392008426463804, 37.793881895273636 ], [ -122.391631172672035, 37.793551678552326 ], [ -122.391750425822622, 37.793438895695132 ], [ -122.388836648570432, 37.790989765517764 ], [ -122.388956424540524, 37.790889895306115 ], [ -122.388638423624897, 37.790322895758592 ], [ -122.388075832118645, 37.790517754181593 ], [ -122.388395424848966, 37.790317895213654 ], [ -122.388270424277167, 37.790016895716377 ], [ -122.388449424377328, 37.789952895691108 ], [ -122.38817542474095, 37.789664895956449 ], [ -122.387578439437405, 37.789815926520255 ], [ -122.387275049619873, 37.789322967446417 ], [ -122.385302990653059, 37.789837919410381 ], [ -122.385119973286962, 37.789312939244155 ], [ -122.387173931658211, 37.78880701304216 ], [ -122.387032031979317, 37.788254956972352 ], [ -122.385261038430954, 37.788536918666587 ], [ -122.385136019892869, 37.788156011642549 ], [ -122.387390040264435, 37.787735993543251 ], [ -122.387414945157374, 37.787269010449478 ], [ -122.384498364263166, 37.787418660128381 ], [ -122.387696424166805, 37.787184895688931 ], [ -122.387920424472824, 37.788810895571977 ], [ -122.388599424165164, 37.788163896037261 ], [ -122.390997424713817, 37.790079895431937 ], [ -122.393623426664746, 37.788005894197418 ], [ -122.395177426766324, 37.789244894242572 ], [ -122.3943024263571, 37.789935894177674 ], [ -122.397454427839492, 37.792451893889648 ], [ -122.394886427411492, 37.794468895544362 ], [ -122.393845427320912, 37.793747895666883 ] ] ] ] } },
{ "type": "Feature", "properties": { "TRACTFIPS": "06075061508", "ERQK_RISKS": 92.778233622299993, "ERQK_RISKR": "Relatively High" }, "geometry": { "type": "Polygon", "coordinates": [ [ [ -122.387696424166805, 37.787184895688931 ], [ -122.384570422623682, 37.78740989534186 ], [ -122.38436842205904, 37.785744895745495 ], [ -122.38757706860828, 37.785484980769226 ], [ -122.387657423808776, 37.7848748945624 ], [ -122.385543403179284, 37.785000453307489 ], [ -122.385454917327166, 37.784710965374103 ], [ -122.38770042346647, 37.784405894146992 ], [ -122.387736421654836, 37.783885894120289 ], [ -122.386314421797763, 37.783968894445046 ], [ -122.386264314669504, 37.78342557104272 ], [ -122.387778421487653, 37.78325589427925 ], [ -122.387803422500312, 37.782877894352872 ], [ -122.387654421639098, 37.782835894478353 ], [ -122.38809642150494, 37.782458893471357 ], [ -122.388138421337729, 37.781815893748316 ], [ -122.388449422580706, 37.781807893659106 ], [ -122.388405422199753, 37.782249894449926 ], [ -122.388582421751764, 37.782567894007222 ], [ -122.389872424059334, 37.783618894248349 ], [ -122.392103423305102, 37.781855893471302 ], [ -122.393644424784526, 37.783087894077305 ], [ -122.388614424233765, 37.78705889481742 ], [ -122.387696424166805, 37.787184895688931 ] ] ] } },
{ "type": "Feature", "properties": { "TRACTFIPS": "06075980200", "ERQK_RISKS": 72.985860892100007, "ERQK_RISKR": "Relatively Low" }, "geometry": { "type": "Polygon", "coordinates": [ [ [ -122.493766437745379, 37.787546827086729 ], [ -122.49342045430862, 37.781638878437633 ], [ -122.50632645836744, 37.781005876062096 ], [ -122.506342457362649, 37.781128876187545 ], [ -122.510143458400165, 37.781015875571974 ], [ -122.510807458922187, 37.782068875888143 ], [ -122.510241459207748, 37.782039876724895 ], [ -122.509863459814298, 37.782204876096642 ], [ -122.508950457973597, 37.782022876230812 ], [ -122.508506459356198, 37.782288876538907 ], [ -122.507510458573151, 37.782194876037629 ], [ -122.509809459387611, 37.7840388761105 ], [ -122.509880321192185, 37.784801718184134 ], [ -122.50906205298638, 37.78554398095622 ], [ -122.508124074387524, 37.785907004474552 ], [ -122.506903967297262, 37.787203993552545 ], [ -122.506210011553776, 37.787596935206174 ], [ -122.50602198158839, 37.787796998182877 ], [ -122.506092011553008, 37.788193951290978 ], [ -122.505795958276394, 37.788253747266658 ], [ -122.504844995428414, 37.787919009440763 ], [ -122.504094045173389, 37.788081968857725 ], [ -122.503577923516787, 37.787970990087146 ], [ -122.502921260434007, 37.788144130384964 ], [ -122.502731458990851, 37.788049878208824 ], [ -122.500674070851872, 37.788287046822269 ], [ -122.500120087002657, 37.788511346689148 ], [ -122.499835038986603, 37.788445995093376 ], [ -122.499561477728079, 37.788668956993803 ], [ -122.499459457857881, 37.788471878747949 ], [ -122.499036956823559, 37.788298078281791 ], [ -122.498627484055802, 37.788291766376055 ], [ -122.498167456798811, 37.78789287924873 ], [ -122.497888457139553, 37.7878258793694 ], [ -122.497647457115121, 37.787956879638287 ], [ -122.497485456733415, 37.787596879121914 ], [ -122.496572455791039, 37.787296879481637 ], [ -122.494830456266811, 37.787841879663958 ], [ -122.494651720271349, 37.788130066824088 ], [ -122.494518456097282, 37.78781387950113 ], [ -122.494383341393714, 37.787902637162425 ], [ -122.493766437745379, 37.787546827086729 ] ] ] } },
{ "type": "Feature", "properties": { "TRACTFIPS": "06075980300", "ERQK_RISKS": 87.441285243699994, "ERQK_RISKR": "Relatively Moderate" }, "geometry": { "type": "Polygon", "coordinates": [ [ [ -122.498140453441366, 37.771943876216525 ], [ -122.465358443983789, 37.773432881682126 ], [ -122.454709440906669, 37.774764883567748 ], [ -122.454109439958728, 37.771939882028541 ], [ -122.440948435631796, 37.773644885050764 ], [ -122.440761436932391, 37.772722884314568 ], [ -122.453928439310431, 37.771063882158266 ], [ -122.452973438535253, 37.766383881931056 ], [ -122.456939440327517, 37.765883881808271 ], [ -122.458580440467742, 37.766299881879675 ], [ -122.459794440810697, 37.766332881708344 ], [ -122.510323455630257, 37.764082873933113 ], [ -122.512210067745556, 37.763641532205661 ], [ -122.512194048987425, 37.764109052310722 ], [ -122.512489045845257, 37.764633030512726 ], [ -122.513173457887191, 37.770770874409095 ], [ -122.510972456083664, 37.771352874644364 ], [ -122.498140453441366, 37.771943876216525 ] ] ] } },
{ "type": "Feature", "properties": { "TRACTFIPS": "06075980501", "ERQK_RISKS": 80.004280974599993, "ERQK_RISKR": "Relatively Moderate" }, "geometry": { "type": "Polygon", "coordinates": [ [ [ -122.408281413225524, 37.718099880397133 ], [ -122.408780414789447, 37.716888880125467 ], [ -122.407975413802106, 37.716680879704022 ], [ -122.408046413947204, 37.716518880037214 ], [ -122.40850241405677, 37.716607880305951 ], [ -122.408587413547281, 37.716421880317171 ], [ -122.408976413709695, 37.71646788026613 ], [ -122.410329413969819, 37.71682187987583 ], [ -122.41134241357301, 37.714376880035395 ], [ -122.415685415832129, 37.715501879603231 ], [ -122.416081414768954, 37.715023879829815 ], [ -122.41623641637625, 37.714540878410155 ], [ -122.415975415362055, 37.71383187857824 ], [ -122.415317414687792, 37.713513878434306 ], [ -122.415661414644376, 37.712742878440046 ], [ -122.42150241692859, 37.714259877502229 ], [ -122.422200417785803, 37.713649878193628 ], [ -122.423780417826649, 37.714084877905556 ], [ -122.424267417898363, 37.71275587757556 ], [ -122.422641416030146, 37.712268878175095 ], [ -122.423219416338455, 37.711137877730557 ], [ -122.422856416115323, 37.710960877350523 ], [ -122.422988416359772, 37.710844877145114 ], [ -122.423276417138183, 37.710671877824758 ], [ -122.42439941724453, 37.710630878078646 ], [ -122.42661841859136, 37.711622876248263 ], [ -122.425574419026049, 37.714526878311744 ], [ -122.427332419342122, 37.715079877700084 ], [ -122.427215419166259, 37.715757878427915 ], [ -122.426166420476378, 37.718442877940589 ], [ -122.426416420721637, 37.71857087806714 ], [ -122.424368419977341, 37.72195687833765 ], [ -122.424797420322719, 37.722181878908863 ], [ -122.423833420225051, 37.723700879564532 ], [ -122.419901417869653, 37.724719879852728 ], [ -122.419401418277459, 37.72350788006456 ], [ -122.418418418811513, 37.723777880130328 ], [ -122.417940418062301, 37.722636879570295 ], [ -122.416943418352645, 37.722834880053547 ], [ -122.416575418106618, 37.721970879874249 ], [ -122.415584417346437, 37.722235880393789 ], [ -122.415949417219423, 37.723094880207256 ], [ -122.412995416103726, 37.723867880644093 ], [ -122.411016414058082, 37.71908387970803 ], [ -122.410028413670929, 37.719341880657559 ], [ -122.409920414614248, 37.719122880875936 ], [ -122.408947415194007, 37.719376880400461 ], [ -122.40874141443139, 37.718911880233811 ], [ -122.408023414380978, 37.718728879739231 ], [ -122.408281413225524, 37.718099880397133 ] ] ] } },
{ "type": "Feature", "properties": { "TRACTFIPS": "06075980600", "ERQK_RISKS": 81.185116478200001, "ERQK_RISKR": "Relatively Moderate" }, "geometry": { "type": "MultiPolygon", "coordinates": [ [ [ [ -122.383380254585234, 37.720349088555039 ], [ -122.383396407192365, 37.720621884149978 ], [ -122.383193406802761, 37.720927884987766 ], [ -122.383108022833355, 37.720995607012732 ], [ -122.38338107025551, 37.72062697041288 ], [ -122.383380254585234, 37.720349088555039 ] ] ], [ [ [ -122.382765000243765, 37.721547063806568 ], [ -122.382778709433325, 37.721523190355668 ], [ -122.382748764991646, 37.721712033277321 ], [ -122.382746951293086, 37.721708017902827 ], [ -122.382765000243765, 37.721547063806568 ] ] ], [ [ [ -122.38278756502541, 37.721797937796218 ], [ -122.382770599442935, 37.721760374787969 ], [ -122.382910552472623, 37.721951855405649 ], [ -122.382843055757121, 37.721920951114463 ], [ -122.38278756502541, 37.721797937796218 ] ] ], [ [ [ -122.383311332243366, 37.722136251996872 ], [ -122.383188691545854, 37.722079231285008 ], [ -122.383330085473247, 37.722144971227806 ], [ -122.383311332243366, 37.722136251996872 ] ] ], [ [ [ -122.382202406940877, 37.722255885354983 ], [ -122.382304036942244, 37.722272943640988 ], [ -122.38255472080543, 37.722390797552492 ], [ -122.382477407300499, 37.722381885790504 ], [ -122.382202406940877, 37.722255885354983 ] ] ], [ [ [ -122.382612407918046, 37.722431885294831 ], [ -122.382598596320562, 37.72241478512283 ], [ -122.383615797344305, 37.723026895067335 ], [ -122.382789408368339, 37.722584884975433 ], [ -122.382612407918046, 37.722431885294831 ] ] ], [ [ [ -122.383377563232642, 37.722172668688394 ], [ -122.384265407753816, 37.722694883965374 ], [ -122.384627462949297, 37.722944476501965 ], [ -122.383704985678975, 37.722419022151598 ], [ -122.383377563232642, 37.722172668688394 ] ] ], [ [ [ -122.384647250140063, 37.722955264753672 ], [ -122.38464179646796, 37.722952291110055 ], [ -122.384669125913845, 37.722967192012213 ], [ -122.384652028279049, 37.722957871043867 ], [ -122.384647250140063, 37.722955264753672 ] ] ], [ [ [ -122.383674407925014, 37.723067885111945 ], [ -122.383654285662658, 37.723050558422202 ], [ -122.383777019784972, 37.723126015646741 ], [ -122.383819576573231, 37.723197564082511 ], [ -122.383674407925014, 37.723067885111945 ] ] ], [ [ [ -122.383899408055925, 37.723357885760826 ], [ -122.38389572855651, 37.723339243210788 ], [ -122.383964649101742, 37.723462230521463 ], [ -122.383920407972298, 37.72343088490242 ], [ -122.383899408055925, 37.723357885760826 ] ] ], [ [ [ -122.384621407405945, 37.723737885235451 ], [ -122.384594840629759, 37.723707776074072 ], [ -122.384902789397358, 37.723912885478441 ], [ -122.384816408297937, 37.723884885268376 ], [ -122.384621407405945, 37.723737885235451 ] ] ], [ [ [ -122.385172740326766, 37.724110964973043 ], [ -122.385050408649661, 37.724107885505774 ], [ -122.384921800443692, 37.723925547279833 ], [ -122.385166940803259, 37.72410995530003 ], [ -122.385172740326766, 37.724110964973043 ] ] ], [ [ [ -122.385926065727404, 37.723618824835867 ], [ -122.385178306288239, 37.723237644534606 ], [ -122.386456111270888, 37.723885665440349 ], [ -122.385926065727404, 37.723618824835867 ] ] ], [ [ [ -122.385358408621244, 37.724154885380955 ], [ -122.385308011337187, 37.724134411978355 ], [ -122.385551680256313, 37.72415304864397 ], [ -122.385423408918584, 37.724164884050424 ], [ -122.385358408621244, 37.724154885380955 ] ] ], [ [ [ -122.386900610249867, 37.724137648473103 ], [ -122.386954408555624, 37.724180884618754 ], [ -122.386962408053222, 37.724254884093874 ], [ -122.38686126673538, 37.724309250703584 ], [ -122.386900610249867, 37.724137648473103 ] ] ], [ [ [ -122.386414408780453, 37.72448788397481 ], [ -122.386211408390849, 37.724472884614435 ], [ -122.385677586329919, 37.724191924220214 ], [ -122.386227931103889, 37.724455931283536 ], [ -122.386778230962094, 37.724359673806617 ], [ -122.386414408780453, 37.72448788397481 ] ] ], [ [ [ -122.382202406940877, 37.722255885354983 ], [ -122.380175407011308, 37.72396888586681 ], [ -122.377859406478407, 37.726569885798206 ], [ -122.379723407099675, 37.72762788593446 ], [ -122.378568407206274, 37.728951886187907 ], [ -122.378304407615644, 37.728973886523463 ], [ -122.37770740793907, 37.728639886409681 ], [ -122.373792405302112, 37.728014887499988 ], [ -122.371004406562747, 37.731018888106895 ], [ -122.369971405969721, 37.732485888256058 ], [ -122.369577992384336, 37.732404004534395 ], [ -122.369374918332895, 37.732033960455183 ], [ -122.368788404690633, 37.731949888011556 ], [ -122.368336994073829, 37.732254082242406 ], [ -122.367411050204836, 37.731931004646263 ], [ -122.366888404084307, 37.732303888942106 ], [ -122.366704404859618, 37.732224889483241 ], [ -122.365349404949669, 37.733806889543366 ], [ -122.365218404530111, 37.733739889677004 ], [ -122.36656840441718, 37.732193889303851 ], [ -122.366216404064687, 37.731925889320188 ], [ -122.36563805161677, 37.731616952808629 ], [ -122.36485440358372, 37.73255288996755 ], [ -122.364766971455424, 37.732500430590981 ], [ -122.365134403966209, 37.73207588971686 ], [ -122.363727404177737, 37.731293889483851 ], [ -122.362902403997182, 37.732152890100856 ], [ -122.362649403378896, 37.732015889878859 ], [ -122.363430403178484, 37.731124889546578 ], [ -122.362879403532673, 37.730810889706881 ], [ -122.362087403862432, 37.731684889566985 ], [ -122.361802403457077, 37.731548890235565 ], [ -122.362594403127318, 37.730652889650543 ], [ -122.3620024025753, 37.730338889940839 ], [ -122.362053946109668, 37.730154997607237 ], [ -122.361184402067479, 37.730077889994696 ], [ -122.360905401509896, 37.729915889785914 ], [ -122.360767402315943, 37.730242889487812 ], [ -122.359941402310511, 37.73034188957557 ], [ -122.358869971789687, 37.729814036542479 ], [ -122.358962063479353, 37.729580043819212 ], [ -122.362149048952162, 37.728811041966665 ], [ -122.362309401823637, 37.728530889520307 ], [ -122.361475401422283, 37.728533889938724 ], [ -122.357757402022074, 37.729452889722047 ], [ -122.357523672063238, 37.729269245279824 ], [ -122.357845917518603, 37.729007931079536 ], [ -122.360059993402743, 37.728502004358525 ], [ -122.360440064311248, 37.72833403040098 ], [ -122.360430402032051, 37.728197889920864 ], [ -122.359989401991101, 37.728162890082956 ], [ -122.357258263914261, 37.728817155038413 ], [ -122.357030952418128, 37.728693042672965 ], [ -122.357734938750099, 37.726303974271843 ], [ -122.358026928946671, 37.726113938019289 ], [ -122.361677052542319, 37.725257023086336 ], [ -122.361296979837178, 37.724209068745736 ], [ -122.357944027920681, 37.724992944983597 ], [ -122.357848925078187, 37.724678057268953 ], [ -122.361434033105141, 37.723925937365578 ], [ -122.364857016782892, 37.726094049203986 ], [ -122.365156027313404, 37.725974044759425 ], [ -122.365009947773473, 37.725725008822756 ], [ -122.362286938551662, 37.723914069946687 ], [ -122.362706955744201, 37.72349806533704 ], [ -122.360005004829276, 37.721673921672966 ], [ -122.360272927362757, 37.72138794829786 ], [ -122.363043069390912, 37.723030077608911 ], [ -122.363835970071392, 37.722157953081442 ], [ -122.359152936612588, 37.719359062545415 ], [ -122.359930962988599, 37.718501979218935 ], [ -122.36271999209562, 37.720107003739756 ], [ -122.363654960439945, 37.719095988078472 ], [ -122.362575919392029, 37.718466044635399 ], [ -122.36267804077184, 37.718311943556138 ], [ -122.358611074629835, 37.71590900236604 ], [ -122.358749967647483, 37.715776964179035 ], [ -122.362668011979991, 37.718056055171722 ], [ -122.363892400440903, 37.71673688627039 ], [ -122.35998563086352, 37.714458767344006 ], [ -122.360096931228924, 37.714369997580384 ], [ -122.36398806742541, 37.716611984072415 ], [ -122.365264400967618, 37.715310886144145 ], [ -122.361134275176298, 37.712866674290865 ], [ -122.361225947352722, 37.712794054172676 ], [ -122.365397267188001, 37.715265834156916 ], [ -122.364442400261822, 37.716321885952631 ], [ -122.364642076884849, 37.716517050217 ], [ -122.364891947772705, 37.716451029562862 ], [ -122.36525340019864, 37.716017886366245 ], [ -122.365560400345288, 37.715999885785983 ], [ -122.36636640205586, 37.716819885912891 ], [ -122.367799401783643, 37.717682886668548 ], [ -122.36953002414478, 37.717857996436607 ], [ -122.369938401866222, 37.718118886668933 ], [ -122.370353009404127, 37.718688003830167 ], [ -122.371825403850352, 37.719016885706957 ], [ -122.374028404405365, 37.718919886415193 ], [ -122.374530954314636, 37.71987802544826 ], [ -122.375593518463617, 37.720494429022793 ], [ -122.375909403846762, 37.721278886022318 ], [ -122.375967405369693, 37.722687885752777 ], [ -122.376207405569232, 37.723072885941313 ], [ -122.376709504524229, 37.723431999745117 ], [ -122.376818069519587, 37.724031066470175 ], [ -122.37710740609279, 37.724250885910116 ], [ -122.379023405694298, 37.723770885572769 ], [ -122.379289035727211, 37.723154929195459 ], [ -122.379779406277862, 37.722857886211955 ], [ -122.38001340573129, 37.722259885778136 ], [ -122.380600406260442, 37.721807884913005 ], [ -122.380936406719414, 37.721785886001534 ], [ -122.38175398501906, 37.722207927156994 ], [ -122.382202406940877, 37.722255885354983 ] ] ] ] } },
{ "type": "Feature", "properties": { "TRACTFIPS": "06075980900", "ERQK_RISKS": 99.042726505199994, "ERQK_RISKR": "Very High" }, "geometry": { "type": "Polygon", "coordinates": [ [ [ -122.394613418616885, 37.752436888464764 ], [ -122.381705863167596, 37.753197714886333 ], [ -122.381269953879368, 37.752968980258828 ], [ -122.380094974555703, 37.75292301718725 ], [ -122.379986413153617, 37.752039889672986 ], [ -122.376155794661187, 37.752256493684719 ], [ -122.375797411778592, 37.74871689068091 ], [ -122.384940413536398, 37.748154889284386 ], [ -122.38467741377066, 37.748211889207226 ], [ -122.384770413657094, 37.748312889635613 ], [ -122.385155413621547, 37.748117888712812 ], [ -122.386130414488221, 37.748094888271403 ], [ -122.386341413477098, 37.747766889166435 ], [ -122.387279414533822, 37.747605888004053 ], [ -122.387297414975492, 37.74778288818635 ], [ -122.387438413644176, 37.747774887966536 ], [ -122.3874174146261, 37.747541888199137 ], [ -122.39024241497205, 37.747513887689927 ], [ -122.39250741545132, 37.748439887749257 ], [ -122.39280741592529, 37.747639887766944 ], [ -122.390154416006794, 37.747060888127187 ], [ -122.390133416090407, 37.746827888242763 ], [ -122.387219413361066, 37.747016888253995 ], [ -122.387236413977817, 37.747181887643606 ], [ -122.386260414184548, 37.747219888096708 ], [ -122.386273413705041, 37.746868887842766 ], [ -122.376489411889722, 37.747502889922366 ], [ -122.376355934814896, 37.747158933792129 ], [ -122.375609692630292, 37.747068485674653 ], [ -122.374957409732829, 37.746661890063507 ], [ -122.374841410280183, 37.746327890185199 ], [ -122.374965012175096, 37.745817987479008 ], [ -122.374157068306857, 37.74504798293431 ], [ -122.373928924970798, 37.745014054435003 ], [ -122.373374026636611, 37.745414015359145 ], [ -122.372788410411346, 37.745514890325623 ], [ -122.374789410401647, 37.743852890403161 ], [ -122.376873410232676, 37.740201888965025 ], [ -122.37913641016381, 37.737689888121068 ], [ -122.380913409848119, 37.738837887879569 ], [ -122.381584410042862, 37.738132887872389 ], [ -122.387169412234059, 37.741306887905324 ], [ -122.38652641252672, 37.742020887846579 ], [ -122.388025414173327, 37.742766888216082 ], [ -122.389451413330065, 37.738812886210582 ], [ -122.391294414034931, 37.739862886523646 ], [ -122.394119413482557, 37.736738886173605 ], [ -122.399874415553057, 37.739946886047406 ], [ -122.40703541758711, 37.738011884218452 ], [ -122.407140418067414, 37.73906988426738 ], [ -122.406861418408155, 37.740864883915243 ], [ -122.404616418020353, 37.744135885924663 ], [ -122.404211417964405, 37.745246885998 ], [ -122.404341419457367, 37.745939886171215 ], [ -122.404090419387217, 37.746262886297046 ], [ -122.403587419421967, 37.747771886196887 ], [ -122.404078419691629, 37.748599886281724 ], [ -122.403810419903039, 37.749442885613441 ], [ -122.402887419813197, 37.749552885903213 ], [ -122.402810420718652, 37.75039588574316 ], [ -122.402631420618505, 37.750567886672641 ], [ -122.400498419485373, 37.750682887806157 ], [ -122.399440417879717, 37.750999887392844 ], [ -122.396434417783837, 37.751188888113411 ], [ -122.39653941826414, 37.752320887871619 ], [ -122.394613418616885, 37.752436888464764 ] ] ] } }
]
}
